"section_key","section_label","action_key","action_label","ui_state","enforced_by_client","enforced_by_server","verdict","rendered_in_permission_groups","tooltip","actual_control","label_mismatch"
"dashboard","Home Dashboard","view","View","tickable","","","DEAD","true","No normal active-cell tooltip; when grant restricted: ""You cannot change this grant"". Notify header when disabled: ""Push notifications are disabled for this user"".","No resolved feature reader.","Tick has no resolved feature effect"
"dashboard","Home Dashboard","create","Create","grey","","","CORRECTLY-OFF","true","Not used for this section","No resolved feature reader.","Tick has no resolved feature effect"
"dashboard","Home Dashboard","edit","Edit","tickable","","server/routes.ts:1758 [assertEdit; PATCH ""/api/notifications/:id/read""] ; server/routes.ts:1768 [assertEdit; PATCH ""/api/notifications/read-all""] ; server/routes.ts:1797 [assertEdit; POST ""/api/push/subscribe""] ; server/routes.ts:1837 [assertEdit; DELETE ""/api/push/unsubscribe""]","LIVE","true","No normal active-cell tooltip; when grant restricted: ""You cannot change this grant"". Notify header when disabled: ""Push notifications are disabled for this user"".","Read by assertEdit. May also authorize delete/cancel via edit-tier gates; see evidence.",""
"dashboard","Home Dashboard","delete","Delete","grey","","","CORRECTLY-OFF","true","Not used for this section","No resolved feature reader.","Tick has no resolved feature effect"
"dashboard","Home Dashboard","view_reports","Reports","grey","","","CORRECTLY-OFF","true","Not used for this section","No resolved feature reader.","Tick has no resolved feature effect"
"dashboard","Home Dashboard","export","Export","grey","","","CORRECTLY-OFF","true","Not used for this section","No resolved feature reader.","Tick has no resolved feature effect"
"dashboard","Home Dashboard","approve","Approve","grey","","","CORRECTLY-OFF","true","Not used for this section","No resolved feature reader.","Tick has no resolved feature effect"
"dashboard","Home Dashboard","notify","Notify","grey","","","CORRECTLY-OFF","true","Not used for this section","No resolved feature reader.","Tick has no resolved feature effect"
"hmp_hub","HMP Hub (entry page)","view","Access","tickable","","","DEAD","true","No normal active-cell tooltip; when grant restricted: ""You cannot change this grant"". Notify header when disabled: ""Push notifications are disabled for this user"".","No resolved feature reader.","Tick has no resolved feature effect"
"hmp_hub","HMP Hub (entry page)","create","Create","grey","","","CORRECTLY-OFF","true","Not used for this section","No resolved feature reader.","Tick has no resolved feature effect"
"hmp_hub","HMP Hub (entry page)","edit","Edit","grey","","","CORRECTLY-OFF","true","Not used for this section","No resolved feature reader.","Tick has no resolved feature effect"
"hmp_hub","HMP Hub (entry page)","delete","Delete","grey","","","CORRECTLY-OFF","true","Not used for this section","No resolved feature reader.","Tick has no resolved feature effect"
"hmp_hub","HMP Hub (entry page)","view_reports","Reports","grey","","","CORRECTLY-OFF","true","Not used for this section","No resolved feature reader.","Tick has no resolved feature effect"
"hmp_hub","HMP Hub (entry page)","export","Export","grey","","","CORRECTLY-OFF","true","Not used for this section","No resolved feature reader.","Tick has no resolved feature effect"
"hmp_hub","HMP Hub (entry page)","approve","Approve","grey","","","CORRECTLY-OFF","true","Not used for this section","No resolved feature reader.","Tick has no resolved feature effect"
"hmp_hub","HMP Hub (entry page)","notify","Notify","grey","","","CORRECTLY-OFF","true","Not used for this section","No resolved feature reader.","Tick has no resolved feature effect"
"site_hub","Site Operations Hub (entry page)","view","Access","tickable","client/src/App.tsx:237 [gated; path=""/site/hub"" component={gated(SiteHub, ""site_hub"")}] ; client/src/components/HubShell.tsx:129 [sectionVisible; shared helper/component (see caller inventory)]","","LIVE","true","No normal active-cell tooltip; when grant restricted: ""You cannot change this grant"". Notify header when disabled: ""Push notifications are disabled for this user"".","Page/tile access ONLY through the seven-action visibility OR; no resolved action-specific operation. The action's name does not describe this effect.","Not exclusive: six other actions also grant visibility"
"site_hub","Site Operations Hub (entry page)","create","Create","grey","client/src/App.tsx:237 [gated; path=""/site/hub"" component={gated(SiteHub, ""site_hub"")}] ; client/src/components/HubShell.tsx:129 [sectionVisible; shared helper/component (see caller inventory)]","","HIDDEN","true","Not used for this section","Page/tile access ONLY through the seven-action visibility OR; no resolved action-specific operation. The action's name does not describe this effect.","Named action only grants visibility"
"site_hub","Site Operations Hub (entry page)","edit","Edit","grey","client/src/App.tsx:237 [gated; path=""/site/hub"" component={gated(SiteHub, ""site_hub"")}] ; client/src/components/HubShell.tsx:129 [sectionVisible; shared helper/component (see caller inventory)]","","HIDDEN","true","Not used for this section","Page/tile access ONLY through the seven-action visibility OR; no resolved action-specific operation. The action's name does not describe this effect.","Named action only grants visibility"
"site_hub","Site Operations Hub (entry page)","delete","Delete","grey","client/src/App.tsx:237 [gated; path=""/site/hub"" component={gated(SiteHub, ""site_hub"")}] ; client/src/components/HubShell.tsx:129 [sectionVisible; shared helper/component (see caller inventory)]","","HIDDEN","true","Not used for this section","Page/tile access ONLY through the seven-action visibility OR; no resolved action-specific operation. The action's name does not describe this effect.","Named action only grants visibility"
"site_hub","Site Operations Hub (entry page)","view_reports","Reports","grey","client/src/App.tsx:237 [gated; path=""/site/hub"" component={gated(SiteHub, ""site_hub"")}] ; client/src/components/HubShell.tsx:129 [sectionVisible; shared helper/component (see caller inventory)]","","HIDDEN","true","Not used for this section","Page/tile access ONLY through the seven-action visibility OR; no resolved action-specific operation. The action's name does not describe this effect.","Named action only grants visibility"
"site_hub","Site Operations Hub (entry page)","export","Export","grey","client/src/App.tsx:237 [gated; path=""/site/hub"" component={gated(SiteHub, ""site_hub"")}] ; client/src/components/HubShell.tsx:129 [sectionVisible; shared helper/component (see caller inventory)]","","HIDDEN","true","Not used for this section","Page/tile access ONLY through the seven-action visibility OR; no resolved action-specific operation. The action's name does not describe this effect.","Named action only grants visibility"
"site_hub","Site Operations Hub (entry page)","approve","Approve","grey","client/src/App.tsx:237 [gated; path=""/site/hub"" component={gated(SiteHub, ""site_hub"")}] ; client/src/components/HubShell.tsx:129 [sectionVisible; shared helper/component (see caller inventory)]","","HIDDEN","true","Not used for this section","Page/tile access ONLY through the seven-action visibility OR; no resolved action-specific operation. The action's name does not describe this effect.","Named action only grants visibility"
"site_hub","Site Operations Hub (entry page)","notify","Notify","grey","","","CORRECTLY-OFF","true","Not used for this section","No resolved feature reader.","Tick has no resolved feature effect"
"equipment_hub","Equipment & Fleet Hub (entry page)","view","Access","tickable","client/src/App.tsx:235 [gatedEither; path=""/equipment/hub"" component={gatedEither(EquipmentHub, ""equipment_hub"", ""equipment_performance_report"", ""plant_equipment"")}] ; client/src/App.tsx:276 [gatedEither; path=""/equipment/status"" component={gatedEither(EquipmentStatus, ""equipment_hub"", ""plant_equipment"", ""equipment_performance_report"")}] ; client/src/components/HubShell.tsx:132 [sectionVisible; shared helper/component (see caller inventory)] ; client/src/pages/EquipmentHub.tsx:32 [sectionVisible; shared helper/component (see caller inventory)]","server/routes.ts:5482 [direct matrix read; GET ""/api/reports/equipment-status""]","LIVE","true","No normal active-cell tooltip; when grant restricted: ""You cannot change this grant"". Notify header when disabled: ""Push notifications are disabled for this user"".","Read by gatedEither, sectionVisible, direct matrix read. ","Not exclusive: six other actions also grant visibility"
"equipment_hub","Equipment & Fleet Hub (entry page)","create","Create","grey","client/src/App.tsx:235 [gatedEither; path=""/equipment/hub"" component={gatedEither(EquipmentHub, ""equipment_hub"", ""equipment_performance_report"", ""plant_equipment"")}] ; client/src/App.tsx:276 [gatedEither; path=""/equipment/status"" component={gatedEither(EquipmentStatus, ""equipment_hub"", ""plant_equipment"", ""equipment_performance_report"")}] ; client/src/components/HubShell.tsx:132 [sectionVisible; shared helper/component (see caller inventory)] ; client/src/pages/EquipmentHub.tsx:32 [sectionVisible; shared helper/component (see caller inventory)]","","HIDDEN","true","Not used for this section","Page/tile access ONLY through the seven-action visibility OR; no resolved action-specific operation. The action's name does not describe this effect.","Named action only grants visibility"
"equipment_hub","Equipment & Fleet Hub (entry page)","edit","Edit","grey","client/src/App.tsx:235 [gatedEither; path=""/equipment/hub"" component={gatedEither(EquipmentHub, ""equipment_hub"", ""equipment_performance_report"", ""plant_equipment"")}] ; client/src/App.tsx:276 [gatedEither; path=""/equipment/status"" component={gatedEither(EquipmentStatus, ""equipment_hub"", ""plant_equipment"", ""equipment_performance_report"")}] ; client/src/components/HubShell.tsx:132 [sectionVisible; shared helper/component (see caller inventory)] ; client/src/pages/EquipmentHub.tsx:32 [sectionVisible; shared helper/component (see caller inventory)]","","HIDDEN","true","Not used for this section","Page/tile access ONLY through the seven-action visibility OR; no resolved action-specific operation. The action's name does not describe this effect.","Named action only grants visibility"
"equipment_hub","Equipment & Fleet Hub (entry page)","delete","Delete","grey","client/src/App.tsx:235 [gatedEither; path=""/equipment/hub"" component={gatedEither(EquipmentHub, ""equipment_hub"", ""equipment_performance_report"", ""plant_equipment"")}] ; client/src/App.tsx:276 [gatedEither; path=""/equipment/status"" component={gatedEither(EquipmentStatus, ""equipment_hub"", ""plant_equipment"", ""equipment_performance_report"")}] ; client/src/components/HubShell.tsx:132 [sectionVisible; shared helper/component (see caller inventory)] ; client/src/pages/EquipmentHub.tsx:32 [sectionVisible; shared helper/component (see caller inventory)]","","HIDDEN","true","Not used for this section","Page/tile access ONLY through the seven-action visibility OR; no resolved action-specific operation. The action's name does not describe this effect.","Named action only grants visibility"
"equipment_hub","Equipment & Fleet Hub (entry page)","view_reports","Reports","grey","client/src/App.tsx:235 [gatedEither; path=""/equipment/hub"" component={gatedEither(EquipmentHub, ""equipment_hub"", ""equipment_performance_report"", ""plant_equipment"")}] ; client/src/App.tsx:276 [gatedEither; path=""/equipment/status"" component={gatedEither(EquipmentStatus, ""equipment_hub"", ""plant_equipment"", ""equipment_performance_report"")}] ; client/src/components/HubShell.tsx:132 [sectionVisible; shared helper/component (see caller inventory)] ; client/src/pages/EquipmentHub.tsx:32 [sectionVisible; shared helper/component (see caller inventory)]","","HIDDEN","true","Not used for this section","Page/tile access ONLY through the seven-action visibility OR; no resolved action-specific operation. The action's name does not describe this effect.","Named action only grants visibility"
"equipment_hub","Equipment & Fleet Hub (entry page)","export","Export","grey","client/src/App.tsx:235 [gatedEither; path=""/equipment/hub"" component={gatedEither(EquipmentHub, ""equipment_hub"", ""equipment_performance_report"", ""plant_equipment"")}] ; client/src/App.tsx:276 [gatedEither; path=""/equipment/status"" component={gatedEither(EquipmentStatus, ""equipment_hub"", ""plant_equipment"", ""equipment_performance_report"")}] ; client/src/components/HubShell.tsx:132 [sectionVisible; shared helper/component (see caller inventory)] ; client/src/pages/EquipmentHub.tsx:32 [sectionVisible; shared helper/component (see caller inventory)]","","HIDDEN","true","Not used for this section","Page/tile access ONLY through the seven-action visibility OR; no resolved action-specific operation. The action's name does not describe this effect.","Named action only grants visibility"
"equipment_hub","Equipment & Fleet Hub (entry page)","approve","Approve","grey","client/src/App.tsx:235 [gatedEither; path=""/equipment/hub"" component={gatedEither(EquipmentHub, ""equipment_hub"", ""equipment_performance_report"", ""plant_equipment"")}] ; client/src/App.tsx:276 [gatedEither; path=""/equipment/status"" component={gatedEither(EquipmentStatus, ""equipment_hub"", ""plant_equipment"", ""equipment_performance_report"")}] ; client/src/components/HubShell.tsx:132 [sectionVisible; shared helper/component (see caller inventory)] ; client/src/pages/EquipmentHub.tsx:32 [sectionVisible; shared helper/component (see caller inventory)]","","HIDDEN","true","Not used for this section","Page/tile access ONLY through the seven-action visibility OR; no resolved action-specific operation. The action's name does not describe this effect.","Named action only grants visibility"
"equipment_hub","Equipment & Fleet Hub (entry page)","notify","Notify","grey","","","CORRECTLY-OFF","true","Not used for this section","No resolved feature reader.","Tick has no resolved feature effect"
"reports_hub","Reports Hub (entry page)","view","Access","tickable","client/src/App.tsx:236 [gated; path=""/reports/hub"" component={gated(ReportsHub, ""reports_hub"")}] ; client/src/components/HubShell.tsx:138 [sectionVisible; shared helper/component (see caller inventory)]","","LIVE","true","No normal active-cell tooltip; when grant restricted: ""You cannot change this grant"". Notify header when disabled: ""Push notifications are disabled for this user"".","Page/tile access ONLY through the seven-action visibility OR; no resolved action-specific operation. The action's name does not describe this effect.","Not exclusive: six other actions also grant visibility"
"reports_hub","Reports Hub (entry page)","create","Create","grey","client/src/App.tsx:236 [gated; path=""/reports/hub"" component={gated(ReportsHub, ""reports_hub"")}] ; client/src/components/HubShell.tsx:138 [sectionVisible; shared helper/component (see caller inventory)]","","HIDDEN","true","Not used for this section","Page/tile access ONLY through the seven-action visibility OR; no resolved action-specific operation. The action's name does not describe this effect.","Named action only grants visibility"
"reports_hub","Reports Hub (entry page)","edit","Edit","grey","client/src/App.tsx:236 [gated; path=""/reports/hub"" component={gated(ReportsHub, ""reports_hub"")}] ; client/src/components/HubShell.tsx:138 [sectionVisible; shared helper/component (see caller inventory)]","","HIDDEN","true","Not used for this section","Page/tile access ONLY through the seven-action visibility OR; no resolved action-specific operation. The action's name does not describe this effect.","Named action only grants visibility"
"reports_hub","Reports Hub (entry page)","delete","Delete","grey","client/src/App.tsx:236 [gated; path=""/reports/hub"" component={gated(ReportsHub, ""reports_hub"")}] ; client/src/components/HubShell.tsx:138 [sectionVisible; shared helper/component (see caller inventory)]","","HIDDEN","true","Not used for this section","Page/tile access ONLY through the seven-action visibility OR; no resolved action-specific operation. The action's name does not describe this effect.","Named action only grants visibility"
"reports_hub","Reports Hub (entry page)","view_reports","Reports","grey","client/src/App.tsx:236 [gated; path=""/reports/hub"" component={gated(ReportsHub, ""reports_hub"")}] ; client/src/components/HubShell.tsx:138 [sectionVisible; shared helper/component (see caller inventory)]","","HIDDEN","true","Not used for this section","Page/tile access ONLY through the seven-action visibility OR; no resolved action-specific operation. The action's name does not describe this effect.","Named action only grants visibility"
"reports_hub","Reports Hub (entry page)","export","Export","grey","client/src/App.tsx:236 [gated; path=""/reports/hub"" component={gated(ReportsHub, ""reports_hub"")}] ; client/src/components/HubShell.tsx:138 [sectionVisible; shared helper/component (see caller inventory)]","","HIDDEN","true","Not used for this section","Page/tile access ONLY through the seven-action visibility OR; no resolved action-specific operation. The action's name does not describe this effect.","Named action only grants visibility"
"reports_hub","Reports Hub (entry page)","approve","Approve","grey","client/src/App.tsx:236 [gated; path=""/reports/hub"" component={gated(ReportsHub, ""reports_hub"")}] ; client/src/components/HubShell.tsx:138 [sectionVisible; shared helper/component (see caller inventory)]","","HIDDEN","true","Not used for this section","Page/tile access ONLY through the seven-action visibility OR; no resolved action-specific operation. The action's name does not describe this effect.","Named action only grants visibility"
"reports_hub","Reports Hub (entry page)","notify","Notify","grey","","","CORRECTLY-OFF","true","Not used for this section","No resolved feature reader.","Tick has no resolved feature effect"
"stores_hub","Stores & Inventory Hub (entry page)","view","Access","tickable","client/src/App.tsx:248 [gatedEither; path=""/stores/hub"" component={gatedEither(StoresHub, ""stores_hub"", ""stores_inventory"")}] ; client/src/components/HubShell.tsx:133 [sectionVisible; shared helper/component (see caller inventory)]","","LIVE","true","No normal active-cell tooltip; when grant restricted: ""You cannot change this grant"". Notify header when disabled: ""Push notifications are disabled for this user"".","Page/tile access ONLY through the seven-action visibility OR; no resolved action-specific operation. The action's name does not describe this effect.","Not exclusive: six other actions also grant visibility"
"stores_hub","Stores & Inventory Hub (entry page)","create","Create","grey","client/src/App.tsx:248 [gatedEither; path=""/stores/hub"" component={gatedEither(StoresHub, ""stores_hub"", ""stores_inventory"")}] ; client/src/components/HubShell.tsx:133 [sectionVisible; shared helper/component (see caller inventory)]","","HIDDEN","true","Not used for this section","Page/tile access ONLY through the seven-action visibility OR; no resolved action-specific operation. The action's name does not describe this effect.","Named action only grants visibility"
"stores_hub","Stores & Inventory Hub (entry page)","edit","Edit","grey","client/src/App.tsx:248 [gatedEither; path=""/stores/hub"" component={gatedEither(StoresHub, ""stores_hub"", ""stores_inventory"")}] ; client/src/components/HubShell.tsx:133 [sectionVisible; shared helper/component (see caller inventory)]","","HIDDEN","true","Not used for this section","Page/tile access ONLY through the seven-action visibility OR; no resolved action-specific operation. The action's name does not describe this effect.","Named action only grants visibility"
"stores_hub","Stores & Inventory Hub (entry page)","delete","Delete","grey","client/src/App.tsx:248 [gatedEither; path=""/stores/hub"" component={gatedEither(StoresHub, ""stores_hub"", ""stores_inventory"")}] ; client/src/components/HubShell.tsx:133 [sectionVisible; shared helper/component (see caller inventory)]","","HIDDEN","true","Not used for this section","Page/tile access ONLY through the seven-action visibility OR; no resolved action-specific operation. The action's name does not describe this effect.","Named action only grants visibility"
"stores_hub","Stores & Inventory Hub (entry page)","view_reports","Reports","grey","client/src/App.tsx:248 [gatedEither; path=""/stores/hub"" component={gatedEither(StoresHub, ""stores_hub"", ""stores_inventory"")}] ; client/src/components/HubShell.tsx:133 [sectionVisible; shared helper/component (see caller inventory)]","","HIDDEN","true","Not used for this section","Page/tile access ONLY through the seven-action visibility OR; no resolved action-specific operation. The action's name does not describe this effect.","Named action only grants visibility"
"stores_hub","Stores & Inventory Hub (entry page)","export","Export","grey","client/src/App.tsx:248 [gatedEither; path=""/stores/hub"" component={gatedEither(StoresHub, ""stores_hub"", ""stores_inventory"")}] ; client/src/components/HubShell.tsx:133 [sectionVisible; shared helper/component (see caller inventory)]","","HIDDEN","true","Not used for this section","Page/tile access ONLY through the seven-action visibility OR; no resolved action-specific operation. The action's name does not describe this effect.","Named action only grants visibility"
"stores_hub","Stores & Inventory Hub (entry page)","approve","Approve","grey","client/src/App.tsx:248 [gatedEither; path=""/stores/hub"" component={gatedEither(StoresHub, ""stores_hub"", ""stores_inventory"")}] ; client/src/components/HubShell.tsx:133 [sectionVisible; shared helper/component (see caller inventory)]","","HIDDEN","true","Not used for this section","Page/tile access ONLY through the seven-action visibility OR; no resolved action-specific operation. The action's name does not describe this effect.","Named action only grants visibility"
"stores_hub","Stores & Inventory Hub (entry page)","notify","Notify","grey","","","CORRECTLY-OFF","true","Not used for this section","No resolved feature reader.","Tick has no resolved feature effect"
"finance_hub","Procurement & Billing Hub (entry page)","view","Access","tickable","client/src/App.tsx:249 [gated; path=""/finance/hub"" component={gated(FinanceHub, ""finance_hub"")}] ; client/src/components/HubShell.tsx:134 [sectionVisible; shared helper/component (see caller inventory)]","","LIVE","true","No normal active-cell tooltip; when grant restricted: ""You cannot change this grant"". Notify header when disabled: ""Push notifications are disabled for this user"".","Page/tile access ONLY through the seven-action visibility OR; no resolved action-specific operation. The action's name does not describe this effect.","Not exclusive: six other actions also grant visibility"
"finance_hub","Procurement & Billing Hub (entry page)","create","Create","grey","client/src/App.tsx:249 [gated; path=""/finance/hub"" component={gated(FinanceHub, ""finance_hub"")}] ; client/src/components/HubShell.tsx:134 [sectionVisible; shared helper/component (see caller inventory)]","","HIDDEN","true","Not used for this section","Page/tile access ONLY through the seven-action visibility OR; no resolved action-specific operation. The action's name does not describe this effect.","Named action only grants visibility"
"finance_hub","Procurement & Billing Hub (entry page)","edit","Edit","grey","client/src/App.tsx:249 [gated; path=""/finance/hub"" component={gated(FinanceHub, ""finance_hub"")}] ; client/src/components/HubShell.tsx:134 [sectionVisible; shared helper/component (see caller inventory)]","","HIDDEN","true","Not used for this section","Page/tile access ONLY through the seven-action visibility OR; no resolved action-specific operation. The action's name does not describe this effect.","Named action only grants visibility"
"finance_hub","Procurement & Billing Hub (entry page)","delete","Delete","grey","client/src/App.tsx:249 [gated; path=""/finance/hub"" component={gated(FinanceHub, ""finance_hub"")}] ; client/src/components/HubShell.tsx:134 [sectionVisible; shared helper/component (see caller inventory)]","","HIDDEN","true","Not used for this section","Page/tile access ONLY through the seven-action visibility OR; no resolved action-specific operation. The action's name does not describe this effect.","Named action only grants visibility"
"finance_hub","Procurement & Billing Hub (entry page)","view_reports","Reports","grey","client/src/App.tsx:249 [gated; path=""/finance/hub"" component={gated(FinanceHub, ""finance_hub"")}] ; client/src/components/HubShell.tsx:134 [sectionVisible; shared helper/component (see caller inventory)]","","HIDDEN","true","Not used for this section","Page/tile access ONLY through the seven-action visibility OR; no resolved action-specific operation. The action's name does not describe this effect.","Named action only grants visibility"
"finance_hub","Procurement & Billing Hub (entry page)","export","Export","grey","client/src/App.tsx:249 [gated; path=""/finance/hub"" component={gated(FinanceHub, ""finance_hub"")}] ; client/src/components/HubShell.tsx:134 [sectionVisible; shared helper/component (see caller inventory)]","","HIDDEN","true","Not used for this section","Page/tile access ONLY through the seven-action visibility OR; no resolved action-specific operation. The action's name does not describe this effect.","Named action only grants visibility"
"finance_hub","Procurement & Billing Hub (entry page)","approve","Approve","grey","client/src/App.tsx:249 [gated; path=""/finance/hub"" component={gated(FinanceHub, ""finance_hub"")}] ; client/src/components/HubShell.tsx:134 [sectionVisible; shared helper/component (see caller inventory)]","","HIDDEN","true","Not used for this section","Page/tile access ONLY through the seven-action visibility OR; no resolved action-specific operation. The action's name does not describe this effect.","Named action only grants visibility"
"finance_hub","Procurement & Billing Hub (entry page)","notify","Notify","grey","","","CORRECTLY-OFF","true","Not used for this section","No resolved feature reader.","Tick has no resolved feature effect"
"masters_hub","Masters Hub (entry page)","view","Access","tickable","","","DEAD","true","No normal active-cell tooltip; when grant restricted: ""You cannot change this grant"". Notify header when disabled: ""Push notifications are disabled for this user"".","No resolved feature reader.","Tick has no resolved feature effect"
"masters_hub","Masters Hub (entry page)","create","Create","grey","","","CORRECTLY-OFF","true","Not used for this section","No resolved feature reader.","Tick has no resolved feature effect"
"masters_hub","Masters Hub (entry page)","edit","Edit","grey","","","CORRECTLY-OFF","true","Not used for this section","No resolved feature reader.","Tick has no resolved feature effect"
"masters_hub","Masters Hub (entry page)","delete","Delete","grey","","","CORRECTLY-OFF","true","Not used for this section","No resolved feature reader.","Tick has no resolved feature effect"
"masters_hub","Masters Hub (entry page)","view_reports","Reports","grey","","","CORRECTLY-OFF","true","Not used for this section","No resolved feature reader.","Tick has no resolved feature effect"
"masters_hub","Masters Hub (entry page)","export","Export","grey","","","CORRECTLY-OFF","true","Not used for this section","No resolved feature reader.","Tick has no resolved feature effect"
"masters_hub","Masters Hub (entry page)","approve","Approve","grey","","","CORRECTLY-OFF","true","Not used for this section","No resolved feature reader.","Tick has no resolved feature effect"
"masters_hub","Masters Hub (entry page)","notify","Notify","grey","","","CORRECTLY-OFF","true","Not used for this section","No resolved feature reader.","Tick has no resolved feature effect"
"admin_hub","Admin Hub (entry page)","view","Access","tickable","","","DEAD","true","No normal active-cell tooltip; when grant restricted: ""You cannot change this grant"". Notify header when disabled: ""Push notifications are disabled for this user"".","No resolved feature reader.","Tick has no resolved feature effect"
"admin_hub","Admin Hub (entry page)","create","Create","grey","","","CORRECTLY-OFF","true","Not used for this section","No resolved feature reader.","Tick has no resolved feature effect"
"admin_hub","Admin Hub (entry page)","edit","Edit","grey","","","CORRECTLY-OFF","true","Not used for this section","No resolved feature reader.","Tick has no resolved feature effect"
"admin_hub","Admin Hub (entry page)","delete","Delete","grey","","","CORRECTLY-OFF","true","Not used for this section","No resolved feature reader.","Tick has no resolved feature effect"
"admin_hub","Admin Hub (entry page)","view_reports","Reports","grey","","","CORRECTLY-OFF","true","Not used for this section","No resolved feature reader.","Tick has no resolved feature effect"
"admin_hub","Admin Hub (entry page)","export","Export","grey","","","CORRECTLY-OFF","true","Not used for this section","No resolved feature reader.","Tick has no resolved feature effect"
"admin_hub","Admin Hub (entry page)","approve","Approve","grey","","","CORRECTLY-OFF","true","Not used for this section","No resolved feature reader.","Tick has no resolved feature effect"
"admin_hub","Admin Hub (entry page)","notify","Notify","grey","","","CORRECTLY-OFF","true","Not used for this section","No resolved feature reader.","Tick has no resolved feature effect"
"rmc_hub","RMC Hub (entry page)","view","Access","tickable","","","DEAD","true","No normal active-cell tooltip; when grant restricted: ""You cannot change this grant"". Notify header when disabled: ""Push notifications are disabled for this user"".","No resolved feature reader.","Tick has no resolved feature effect"
"rmc_hub","RMC Hub (entry page)","create","Create","grey","","","CORRECTLY-OFF","true","Not used for this section","No resolved feature reader.","Tick has no resolved feature effect"
"rmc_hub","RMC Hub (entry page)","edit","Edit","grey","","","CORRECTLY-OFF","true","Not used for this section","No resolved feature reader.","Tick has no resolved feature effect"
"rmc_hub","RMC Hub (entry page)","delete","Delete","grey","","","CORRECTLY-OFF","true","Not used for this section","No resolved feature reader.","Tick has no resolved feature effect"
"rmc_hub","RMC Hub (entry page)","view_reports","Reports","grey","","","CORRECTLY-OFF","true","Not used for this section","No resolved feature reader.","Tick has no resolved feature effect"
"rmc_hub","RMC Hub (entry page)","export","Export","grey","","","CORRECTLY-OFF","true","Not used for this section","No resolved feature reader.","Tick has no resolved feature effect"
"rmc_hub","RMC Hub (entry page)","approve","Approve","grey","","","CORRECTLY-OFF","true","Not used for this section","No resolved feature reader.","Tick has no resolved feature effect"
"rmc_hub","RMC Hub (entry page)","notify","Notify","grey","","","CORRECTLY-OFF","true","Not used for this section","No resolved feature reader.","Tick has no resolved feature effect"
"site_dprs","Site DPRs — File & View","view","View","tickable","client/src/App.tsx:279 [gated; path=""/site/dashboard"" component={gated(SiteDashboard, ""site_dprs"")}] ; client/src/App.tsx:280 [gated; path=""/site/new"" component={gated(DprSections, ""site_dprs"")}] ; client/src/App.tsx:281 [gated; path=""/site/guided"" component={gated(DprSections, ""site_dprs"")}] ; client/src/App.tsx:282 [gated; path=""/site/combined"" component={gated(SiteEntry, ""site_dprs"")}] ; client/src/App.tsx:283 [gated; path=""/site/guided/combined"" component={gated(GuidedDpr, ""site_dprs"")}] ; client/src/App.tsx:284 [gated; path=""/site/work/:id"" component={gated(DprWorkEntry, ""site_dprs"")}] ; client/src/App.tsx:285 [gated; path=""/site/edit/:id"" component={gated(DprEditEntry, ""site_dprs"")}] ; client/src/App.tsx:286 [gated; path=""/site/success/:id"" component={gated(SiteSuccess, ""site_dprs"")}] ; client/src/App.tsx:287 [gated; path=""/site/report/:id"" component={gated(SiteReport, ""site_dprs"")}] ; client/src/App.tsx:288 [gated; path=""/reports/progress"" component={gated(ProgressReport, ""site_dprs"")}] ; client/src/App.tsx:293 [gated; path=""/site/requirements/new"" component={gated(SiteRequirementNew, ""site_dprs"")}] ; client/src/App.tsx:294 [gatedEither; path=""/site/requirements"" component={gatedEither(SiteRequirementsList, ""site_dprs"", ""stores_inventory"", ""plant_equipment"", ""labour_management"")}] ; client/src/App.tsx:295 [gated; path=""/my-plans"" component={gated(MyPlans, ""site_dprs"")}] ; client/src/pages/FieldHome.tsx:867 [sectionVisible; shared helper/component (see caller inventory)] ; client/src/pages/FieldHome.tsx:875 [sectionVisible; shared helper/component (see caller inventory)] ; client/src/pages/FieldHome.tsx:1252 [sectionVisible; shared helper/component (see caller inventory)] ; client/src/pages/FieldHome.tsx:1253 [sectionVisible; shared helper/component (see caller inventory)] ; client/src/pages/FieldHome.tsx:1590 [sectionVisible; shared helper/component (see caller inventory)] ; client/src/pages/FieldHome.tsx:1602 [sectionVisible; shared helper/component (see caller inventory)] ; client/src/pages/FieldHome.tsx:1654 [sectionVisible; shared helper/component (see caller inventory)] ; client/src/pages/FieldHome.tsx:1691 [sectionVisible; shared helper/component (see caller inventory)] ; client/src/pages/Home.tsx:98 [sectionVisible; shared helper/component (see caller inventory)] ; client/src/pages/Home.tsx:199 [sectionVisible; shared helper/component (see caller inventory)] ; client/src/pages/ReportsHub.tsx:27 [sectionVisible; shared helper/component (see caller inventory)] ; client/src/pages/SiteHome.tsx:42 [sectionVisible; shared helper/component (see caller inventory)] ; client/src/pages/SiteHub.tsx:54 [sectionVisible; shared helper/component (see caller inventory)] ; client/src/pages/SiteHub.tsx:76 [sectionVisible; shared helper/component (see caller inventory)] ; client/src/pages/SiteHub.tsx:81 [sectionVisible; shared helper/component (see caller inventory)] ; client/src/pages/SiteHub.tsx:87 [sectionVisible; shared helper/component (see caller inventory)] ; client/src/pages/SiteHub.tsx:111 [sectionVisible; HubActionTile navigation: href={roadDprHref(HUB)}] ; client/src/pages/SiteHub.tsx:112 [sectionVisible; HubActionTile navigation: href={roadDprHref(HUB)}] ; client/src/pages/SiteHub.tsx:121 [sectionVisible; HubActionTile navigation: href={`/site/new?type=structure&returnTo=${HUB}`}] ; client/src/pages/SiteHub.tsx:130 [sectionVisible; HubActionTile navigation: href={`/site/dashboard?returnTo=${HUB}`}] ; client/src/pages/SiteHub.tsx:227 [sectionVisible; HubActionTile navigation: href=""/site/requirements?returnTo=/site/hub""]","server/routes.ts:557 [direct matrix read; GET ""/api/dprs/labour-contractors""] ; server/routes.ts:1917 [assertView; shared helper/component (see caller inventory)] ; server/routes.ts:2559 [assertView; POST ""/api/dpr-sections/resolve""] ; server/routes.ts:2574 [assertView; GET ""/api/dpr-sections/:id""] ; server/routes.ts:5643 [assertView; GET ""/api/equipment/:equipmentId/latest-closing""] ; server/routes.ts:5674 [assertView; GET ""/api/equipment/:equipmentId/latest-confirmed-diesel-tank""] ; server/routes.ts:5865 [assertView; GET ""/api/equipment-usage/lifecycle""] ; server/routes.ts:16508 [assertView; GET ""/api/dpr/programme-bar-outcomes""] ; server/routes.ts:16531 [assertView; GET ""/api/dpr/programme-bars""] ; server/routes.ts:16830 [assertView; GET ""/api/reports/progress""] ; server/routes.ts:16849 [assertView; GET ""/api/reports/progress/export""]","LIVE","true","No normal active-cell tooltip; when grant restricted: ""You cannot change this grant"". Notify header when disabled: ""Push notifications are disabled for this user"".","Read by gated, gatedEither, sectionVisible, direct matrix read, assertView. ","Not exclusive: six other actions also grant visibility"
"site_dprs","Site DPRs — File & View","create","Create","tickable","client/src/App.tsx:279 [gated; path=""/site/dashboard"" component={gated(SiteDashboard, ""site_dprs"")}] ; client/src/App.tsx:280 [gated; path=""/site/new"" component={gated(DprSections, ""site_dprs"")}] ; client/src/App.tsx:281 [gated; path=""/site/guided"" component={gated(DprSections, ""site_dprs"")}] ; client/src/App.tsx:282 [gated; path=""/site/combined"" component={gated(SiteEntry, ""site_dprs"")}] ; client/src/App.tsx:283 [gated; path=""/site/guided/combined"" component={gated(GuidedDpr, ""site_dprs"")}] ; client/src/App.tsx:284 [gated; path=""/site/work/:id"" component={gated(DprWorkEntry, ""site_dprs"")}] ; client/src/App.tsx:285 [gated; path=""/site/edit/:id"" component={gated(DprEditEntry, ""site_dprs"")}] ; client/src/App.tsx:286 [gated; path=""/site/success/:id"" component={gated(SiteSuccess, ""site_dprs"")}] ; client/src/App.tsx:287 [gated; path=""/site/report/:id"" component={gated(SiteReport, ""site_dprs"")}] ; client/src/App.tsx:288 [gated; path=""/reports/progress"" component={gated(ProgressReport, ""site_dprs"")}] ; client/src/App.tsx:293 [gated; path=""/site/requirements/new"" component={gated(SiteRequirementNew, ""site_dprs"")}] ; client/src/App.tsx:294 [gatedEither; path=""/site/requirements"" component={gatedEither(SiteRequirementsList, ""site_dprs"", ""stores_inventory"", ""plant_equipment"", ""labour_management"")}] ; client/src/App.tsx:295 [gated; path=""/my-plans"" component={gated(MyPlans, ""site_dprs"")}] ; client/src/pages/FieldHome.tsx:867 [sectionVisible; shared helper/component (see caller inventory)] ; client/src/pages/FieldHome.tsx:875 [sectionVisible; shared helper/component (see caller inventory)] ; client/src/pages/FieldHome.tsx:1252 [sectionVisible; shared helper/component (see caller inventory)] ; client/src/pages/FieldHome.tsx:1253 [sectionVisible; shared helper/component (see caller inventory)] ; client/src/pages/FieldHome.tsx:1590 [sectionVisible; shared helper/component (see caller inventory)] ; client/src/pages/FieldHome.tsx:1602 [sectionVisible; shared helper/component (see caller inventory)] ; client/src/pages/FieldHome.tsx:1654 [sectionVisible; shared helper/component (see caller inventory)] ; client/src/pages/FieldHome.tsx:1691 [sectionVisible; shared helper/component (see caller inventory)] ; client/src/pages/Home.tsx:98 [sectionVisible; shared helper/component (see caller inventory)] ; client/src/pages/Home.tsx:199 [sectionVisible; shared helper/component (see caller inventory)] ; client/src/pages/ReportsHub.tsx:27 [sectionVisible; shared helper/component (see caller inventory)] ; client/src/pages/SiteDashboard.tsx:82 [sectionCan; shared helper/component (see caller inventory)] ; client/src/pages/SiteHome.tsx:42 [sectionVisible; shared helper/component (see caller inventory)] ; client/src/pages/SiteHub.tsx:54 [sectionVisible; shared helper/component (see caller inventory)] ; client/src/pages/SiteHub.tsx:76 [sectionVisible; shared helper/component (see caller inventory)] ; client/src/pages/SiteHub.tsx:81 [sectionVisible; shared helper/component (see caller inventory)] ; client/src/pages/SiteHub.tsx:87 [sectionVisible; shared helper/component (see caller inventory)] ; client/src/pages/SiteHub.tsx:111 [sectionVisible; HubActionTile navigation: href={roadDprHref(HUB)}] ; client/src/pages/SiteHub.tsx:112 [sectionVisible; HubActionTile navigation: href={roadDprHref(HUB)}] ; client/src/pages/SiteHub.tsx:121 [sectionVisible; HubActionTile navigation: href={`/site/new?type=structure&returnTo=${HUB}`}] ; client/src/pages/SiteHub.tsx:130 [sectionVisible; HubActionTile navigation: href={`/site/dashboard?returnTo=${HUB}`}] ; client/src/pages/SiteHub.tsx:227 [sectionVisible; HubActionTile navigation: href=""/site/requirements?returnTo=/site/hub""]","server/routes.ts:557 [direct matrix read; GET ""/api/dprs/labour-contractors""] ; server/routes.ts:1515 [direct matrix read; POST ""/api/personnel""] ; server/routes.ts:1879 [assertCreate; GET ""/api/dprs/chainage-overlap-context""] ; server/routes.ts:2585 [assertCreate; PUT ""/api/dpr-sections/:section""] ; server/routes.ts:2613 [assertCreate; shared helper/component (see caller inventory)] ; server/routes.ts:2704 [assertCreate; PATCH ""/api/dprs/:id/draft""] ; server/routes.ts:2807 [assertCreate; shared helper/component (see caller inventory)]","LIVE","true","No normal active-cell tooltip; when grant restricted: ""You cannot change this grant"". Notify header when disabled: ""Push notifications are disabled for this user"".","Read by gated, gatedEither, sectionVisible, sectionCan, direct matrix read, assertCreate. ",""
"site_dprs","Site DPRs — File & View","edit","Edit","tickable","client/src/App.tsx:279 [gated; path=""/site/dashboard"" component={gated(SiteDashboard, ""site_dprs"")}] ; client/src/App.tsx:280 [gated; path=""/site/new"" component={gated(DprSections, ""site_dprs"")}] ; client/src/App.tsx:281 [gated; path=""/site/guided"" component={gated(DprSections, ""site_dprs"")}] ; client/src/App.tsx:282 [gated; path=""/site/combined"" component={gated(SiteEntry, ""site_dprs"")}] ; client/src/App.tsx:283 [gated; path=""/site/guided/combined"" component={gated(GuidedDpr, ""site_dprs"")}] ; client/src/App.tsx:284 [gated; path=""/site/work/:id"" component={gated(DprWorkEntry, ""site_dprs"")}] ; client/src/App.tsx:285 [gated; path=""/site/edit/:id"" component={gated(DprEditEntry, ""site_dprs"")}] ; client/src/App.tsx:286 [gated; path=""/site/success/:id"" component={gated(SiteSuccess, ""site_dprs"")}] ; client/src/App.tsx:287 [gated; path=""/site/report/:id"" component={gated(SiteReport, ""site_dprs"")}] ; client/src/App.tsx:288 [gated; path=""/reports/progress"" component={gated(ProgressReport, ""site_dprs"")}] ; client/src/App.tsx:293 [gated; path=""/site/requirements/new"" component={gated(SiteRequirementNew, ""site_dprs"")}] ; client/src/App.tsx:294 [gatedEither; path=""/site/requirements"" component={gatedEither(SiteRequirementsList, ""site_dprs"", ""stores_inventory"", ""plant_equipment"", ""labour_management"")}] ; client/src/App.tsx:295 [gated; path=""/my-plans"" component={gated(MyPlans, ""site_dprs"")}] ; client/src/pages/DprDetails.tsx:36 [sectionCan; shared helper/component (see caller inventory)] ; client/src/pages/FieldHome.tsx:867 [sectionVisible; shared helper/component (see caller inventory)] ; client/src/pages/FieldHome.tsx:875 [sectionVisible; shared helper/component (see caller inventory)] ; client/src/pages/FieldHome.tsx:1252 [sectionVisible; shared helper/component (see caller inventory)] ; client/src/pages/FieldHome.tsx:1253 [sectionVisible; shared helper/component (see caller inventory)] ; client/src/pages/FieldHome.tsx:1590 [sectionVisible; shared helper/component (see caller inventory)] ; client/src/pages/FieldHome.tsx:1602 [sectionVisible; shared helper/component (see caller inventory)] ; client/src/pages/FieldHome.tsx:1654 [sectionVisible; shared helper/component (see caller inventory)] ; client/src/pages/FieldHome.tsx:1691 [sectionVisible; shared helper/component (see caller inventory)] ; client/src/pages/Home.tsx:98 [sectionVisible; shared helper/component (see caller inventory)] ; client/src/pages/Home.tsx:199 [sectionVisible; shared helper/component (see caller inventory)] ; client/src/pages/ReportsHub.tsx:27 [sectionVisible; shared helper/component (see caller inventory)] ; client/src/pages/SiteDashboard.tsx:83 [sectionCan; shared helper/component (see caller inventory)] ; client/src/pages/SiteEdit.tsx:443 [sectionCan; shared helper/component (see caller inventory)] ; client/src/pages/SiteEdit.tsx:1763 [EditPermissionButton mapped record type; shared helper/component (see caller inventory)] ; client/src/pages/SiteHome.tsx:42 [sectionVisible; shared helper/component (see caller inventory)] ; client/src/pages/SiteHub.tsx:54 [sectionVisible; shared helper/component (see caller inventory)] ; client/src/pages/SiteHub.tsx:76 [sectionVisible; shared helper/component (see caller inventory)] ; client/src/pages/SiteHub.tsx:81 [sectionVisible; shared helper/component (see caller inventory)] ; client/src/pages/SiteHub.tsx:87 [sectionVisible; shared helper/component (see caller inventory)] ; client/src/pages/SiteHub.tsx:111 [sectionVisible; HubActionTile navigation: href={roadDprHref(HUB)}] ; client/src/pages/SiteHub.tsx:112 [sectionVisible; HubActionTile navigation: href={roadDprHref(HUB)}] ; client/src/pages/SiteHub.tsx:121 [sectionVisible; HubActionTile navigation: href={`/site/new?type=structure&returnTo=${HUB}`}] ; client/src/pages/SiteHub.tsx:130 [sectionVisible; HubActionTile navigation: href={`/site/dashboard?returnTo=${HUB}`}] ; client/src/pages/SiteHub.tsx:227 [sectionVisible; HubActionTile navigation: href=""/site/requirements?returnTo=/site/hub""] ; client/src/pages/SiteReport.tsx:41 [sectionCan; shared helper/component (see caller inventory)] ; client/src/pages/SiteReport.tsx:175 [EditPermissionButton mapped record type; shared helper/component (see caller inventory)]","server/routes.ts:557 [direct matrix read; GET ""/api/dprs/labour-contractors""] ; server/routes.ts:2199 [assertEdit; PATCH ""/api/progress-entries/:id/overlap-resolution""] ; server/routes.ts:3325 [assertEdit; POST ""/api/dprs/:id/version""] ; server/routes.ts:3650 [assertEdit; POST ""/api/dprs/:id/clone""] ; server/routes.ts:3741 [assertDeleteOrCancel; POST ""/api/dprs/:id/cancel""] ; server/routes.ts:5827 [assertEdit; POST ""/api/equipment-usage/:id/move""]","LIVE","true","No normal active-cell tooltip; when grant restricted: ""You cannot change this grant"". Notify header when disabled: ""Push notifications are disabled for this user"".","Read by gated, gatedEither, sectionCan, sectionVisible, EditPermissionButton mapped record type, direct matrix read, assertEdit, assertDeleteOrCancel. May also authorize delete/cancel via edit-tier gates; see evidence.","Edit also controls Delete/Cancel"
"site_dprs","Site DPRs — File & View","delete","Delete","grey","client/src/App.tsx:279 [gated; path=""/site/dashboard"" component={gated(SiteDashboard, ""site_dprs"")}] ; client/src/App.tsx:280 [gated; path=""/site/new"" component={gated(DprSections, ""site_dprs"")}] ; client/src/App.tsx:281 [gated; path=""/site/guided"" component={gated(DprSections, ""site_dprs"")}] ; client/src/App.tsx:282 [gated; path=""/site/combined"" component={gated(SiteEntry, ""site_dprs"")}] ; client/src/App.tsx:283 [gated; path=""/site/guided/combined"" component={gated(GuidedDpr, ""site_dprs"")}] ; client/src/App.tsx:284 [gated; path=""/site/work/:id"" component={gated(DprWorkEntry, ""site_dprs"")}] ; client/src/App.tsx:285 [gated; path=""/site/edit/:id"" component={gated(DprEditEntry, ""site_dprs"")}] ; client/src/App.tsx:286 [gated; path=""/site/success/:id"" component={gated(SiteSuccess, ""site_dprs"")}] ; client/src/App.tsx:287 [gated; path=""/site/report/:id"" component={gated(SiteReport, ""site_dprs"")}] ; client/src/App.tsx:288 [gated; path=""/reports/progress"" component={gated(ProgressReport, ""site_dprs"")}] ; client/src/App.tsx:293 [gated; path=""/site/requirements/new"" component={gated(SiteRequirementNew, ""site_dprs"")}] ; client/src/App.tsx:294 [gatedEither; path=""/site/requirements"" component={gatedEither(SiteRequirementsList, ""site_dprs"", ""stores_inventory"", ""plant_equipment"", ""labour_management"")}] ; client/src/App.tsx:295 [gated; path=""/my-plans"" component={gated(MyPlans, ""site_dprs"")}] ; client/src/pages/FieldHome.tsx:867 [sectionVisible; shared helper/component (see caller inventory)] ; client/src/pages/FieldHome.tsx:875 [sectionVisible; shared helper/component (see caller inventory)] ; client/src/pages/FieldHome.tsx:1252 [sectionVisible; shared helper/component (see caller inventory)] ; client/src/pages/FieldHome.tsx:1253 [sectionVisible; shared helper/component (see caller inventory)] ; client/src/pages/FieldHome.tsx:1590 [sectionVisible; shared helper/component (see caller inventory)] ; client/src/pages/FieldHome.tsx:1602 [sectionVisible; shared helper/component (see caller inventory)] ; client/src/pages/FieldHome.tsx:1654 [sectionVisible; shared helper/component (see caller inventory)] ; client/src/pages/FieldHome.tsx:1691 [sectionVisible; shared helper/component (see caller inventory)] ; client/src/pages/Home.tsx:98 [sectionVisible; shared helper/component (see caller inventory)] ; client/src/pages/Home.tsx:199 [sectionVisible; shared helper/component (see caller inventory)] ; client/src/pages/ReportsHub.tsx:27 [sectionVisible; shared helper/component (see caller inventory)] ; client/src/pages/SiteHome.tsx:42 [sectionVisible; shared helper/component (see caller inventory)] ; client/src/pages/SiteHub.tsx:54 [sectionVisible; shared helper/component (see caller inventory)] ; client/src/pages/SiteHub.tsx:76 [sectionVisible; shared helper/component (see caller inventory)] ; client/src/pages/SiteHub.tsx:81 [sectionVisible; shared helper/component (see caller inventory)] ; client/src/pages/SiteHub.tsx:87 [sectionVisible; shared helper/component (see caller inventory)] ; client/src/pages/SiteHub.tsx:111 [sectionVisible; HubActionTile navigation: href={roadDprHref(HUB)}] ; client/src/pages/SiteHub.tsx:112 [sectionVisible; HubActionTile navigation: href={roadDprHref(HUB)}] ; client/src/pages/SiteHub.tsx:121 [sectionVisible; HubActionTile navigation: href={`/site/new?type=structure&returnTo=${HUB}`}] ; client/src/pages/SiteHub.tsx:130 [sectionVisible; HubActionTile navigation: href={`/site/dashboard?returnTo=${HUB}`}] ; client/src/pages/SiteHub.tsx:227 [sectionVisible; HubActionTile navigation: href=""/site/requirements?returnTo=/site/hub""]","","HIDDEN","true","Not used for this section","Page/tile access ONLY through the seven-action visibility OR; no resolved action-specific operation. The action's name does not describe this effect.","Named action only grants visibility"
"site_dprs","Site DPRs — File & View","view_reports","Reports","tickable","client/src/App.tsx:279 [gated; path=""/site/dashboard"" component={gated(SiteDashboard, ""site_dprs"")}] ; client/src/App.tsx:280 [gated; path=""/site/new"" component={gated(DprSections, ""site_dprs"")}] ; client/src/App.tsx:281 [gated; path=""/site/guided"" component={gated(DprSections, ""site_dprs"")}] ; client/src/App.tsx:282 [gated; path=""/site/combined"" component={gated(SiteEntry, ""site_dprs"")}] ; client/src/App.tsx:283 [gated; path=""/site/guided/combined"" component={gated(GuidedDpr, ""site_dprs"")}] ; client/src/App.tsx:284 [gated; path=""/site/work/:id"" component={gated(DprWorkEntry, ""site_dprs"")}] ; client/src/App.tsx:285 [gated; path=""/site/edit/:id"" component={gated(DprEditEntry, ""site_dprs"")}] ; client/src/App.tsx:286 [gated; path=""/site/success/:id"" component={gated(SiteSuccess, ""site_dprs"")}] ; client/src/App.tsx:287 [gated; path=""/site/report/:id"" component={gated(SiteReport, ""site_dprs"")}] ; client/src/App.tsx:288 [gated; path=""/reports/progress"" component={gated(ProgressReport, ""site_dprs"")}] ; client/src/App.tsx:293 [gated; path=""/site/requirements/new"" component={gated(SiteRequirementNew, ""site_dprs"")}] ; client/src/App.tsx:294 [gatedEither; path=""/site/requirements"" component={gatedEither(SiteRequirementsList, ""site_dprs"", ""stores_inventory"", ""plant_equipment"", ""labour_management"")}] ; client/src/App.tsx:295 [gated; path=""/my-plans"" component={gated(MyPlans, ""site_dprs"")}] ; client/src/pages/FieldHome.tsx:867 [sectionVisible; shared helper/component (see caller inventory)] ; client/src/pages/FieldHome.tsx:875 [sectionVisible; shared helper/component (see caller inventory)] ; client/src/pages/FieldHome.tsx:1252 [sectionVisible; shared helper/component (see caller inventory)] ; client/src/pages/FieldHome.tsx:1253 [sectionVisible; shared helper/component (see caller inventory)] ; client/src/pages/FieldHome.tsx:1590 [sectionVisible; shared helper/component (see caller inventory)] ; client/src/pages/FieldHome.tsx:1602 [sectionVisible; shared helper/component (see caller inventory)] ; client/src/pages/FieldHome.tsx:1654 [sectionVisible; shared helper/component (see caller inventory)] ; client/src/pages/FieldHome.tsx:1691 [sectionVisible; shared helper/component (see caller inventory)] ; client/src/pages/Home.tsx:98 [sectionVisible; shared helper/component (see caller inventory)] ; client/src/pages/Home.tsx:199 [sectionVisible; shared helper/component (see caller inventory)] ; client/src/pages/ProgressReport.tsx:182 [ReportExportGate; shared helper/component (see caller inventory)] ; client/src/pages/ReportsHub.tsx:27 [sectionVisible; shared helper/component (see caller inventory)] ; client/src/pages/SiteDashboard.tsx:84 [sectionCan; shared helper/component (see caller inventory)] ; client/src/pages/SiteHome.tsx:42 [sectionVisible; shared helper/component (see caller inventory)] ; client/src/pages/SiteHub.tsx:54 [sectionVisible; shared helper/component (see caller inventory)] ; client/src/pages/SiteHub.tsx:76 [sectionVisible; shared helper/component (see caller inventory)] ; client/src/pages/SiteHub.tsx:81 [sectionVisible; shared helper/component (see caller inventory)] ; client/src/pages/SiteHub.tsx:87 [sectionVisible; shared helper/component (see caller inventory)] ; client/src/pages/SiteHub.tsx:111 [sectionVisible; HubActionTile navigation: href={roadDprHref(HUB)}] ; client/src/pages/SiteHub.tsx:112 [sectionVisible; HubActionTile navigation: href={roadDprHref(HUB)}] ; client/src/pages/SiteHub.tsx:121 [sectionVisible; HubActionTile navigation: href={`/site/new?type=structure&returnTo=${HUB}`}] ; client/src/pages/SiteHub.tsx:130 [sectionVisible; HubActionTile navigation: href={`/site/dashboard?returnTo=${HUB}`}] ; client/src/pages/SiteHub.tsx:227 [sectionVisible; HubActionTile navigation: href=""/site/requirements?returnTo=/site/hub""] ; client/src/pages/SiteReport.tsx:171 [sectionCan; shared helper/component (see caller inventory)]","","LIVE","true","No normal active-cell tooltip; when grant restricted: ""You cannot change this grant"". Notify header when disabled: ""Push notifications are disabled for this user"".","Read by gated, gatedEither, sectionVisible, ReportExportGate, sectionCan. Reports controls export affordances/endpoints, not just viewing.","Reports also controls exports"
"site_dprs","Site DPRs — File & View","export","Export","grey","client/src/App.tsx:279 [gated; path=""/site/dashboard"" component={gated(SiteDashboard, ""site_dprs"")}] ; client/src/App.tsx:280 [gated; path=""/site/new"" component={gated(DprSections, ""site_dprs"")}] ; client/src/App.tsx:281 [gated; path=""/site/guided"" component={gated(DprSections, ""site_dprs"")}] ; client/src/App.tsx:282 [gated; path=""/site/combined"" component={gated(SiteEntry, ""site_dprs"")}] ; client/src/App.tsx:283 [gated; path=""/site/guided/combined"" component={gated(GuidedDpr, ""site_dprs"")}] ; client/src/App.tsx:284 [gated; path=""/site/work/:id"" component={gated(DprWorkEntry, ""site_dprs"")}] ; client/src/App.tsx:285 [gated; path=""/site/edit/:id"" component={gated(DprEditEntry, ""site_dprs"")}] ; client/src/App.tsx:286 [gated; path=""/site/success/:id"" component={gated(SiteSuccess, ""site_dprs"")}] ; client/src/App.tsx:287 [gated; path=""/site/report/:id"" component={gated(SiteReport, ""site_dprs"")}] ; client/src/App.tsx:288 [gated; path=""/reports/progress"" component={gated(ProgressReport, ""site_dprs"")}] ; client/src/App.tsx:293 [gated; path=""/site/requirements/new"" component={gated(SiteRequirementNew, ""site_dprs"")}] ; client/src/App.tsx:294 [gatedEither; path=""/site/requirements"" component={gatedEither(SiteRequirementsList, ""site_dprs"", ""stores_inventory"", ""plant_equipment"", ""labour_management"")}] ; client/src/App.tsx:295 [gated; path=""/my-plans"" component={gated(MyPlans, ""site_dprs"")}] ; client/src/pages/FieldHome.tsx:867 [sectionVisible; shared helper/component (see caller inventory)] ; client/src/pages/FieldHome.tsx:875 [sectionVisible; shared helper/component (see caller inventory)] ; client/src/pages/FieldHome.tsx:1252 [sectionVisible; shared helper/component (see caller inventory)] ; client/src/pages/FieldHome.tsx:1253 [sectionVisible; shared helper/component (see caller inventory)] ; client/src/pages/FieldHome.tsx:1590 [sectionVisible; shared helper/component (see caller inventory)] ; client/src/pages/FieldHome.tsx:1602 [sectionVisible; shared helper/component (see caller inventory)] ; client/src/pages/FieldHome.tsx:1654 [sectionVisible; shared helper/component (see caller inventory)] ; client/src/pages/FieldHome.tsx:1691 [sectionVisible; shared helper/component (see caller inventory)] ; client/src/pages/Home.tsx:98 [sectionVisible; shared helper/component (see caller inventory)] ; client/src/pages/Home.tsx:199 [sectionVisible; shared helper/component (see caller inventory)] ; client/src/pages/ReportsHub.tsx:27 [sectionVisible; shared helper/component (see caller inventory)] ; client/src/pages/SiteHome.tsx:42 [sectionVisible; shared helper/component (see caller inventory)] ; client/src/pages/SiteHub.tsx:54 [sectionVisible; shared helper/component (see caller inventory)] ; client/src/pages/SiteHub.tsx:76 [sectionVisible; shared helper/component (see caller inventory)] ; client/src/pages/SiteHub.tsx:81 [sectionVisible; shared helper/component (see caller inventory)] ; client/src/pages/SiteHub.tsx:87 [sectionVisible; shared helper/component (see caller inventory)] ; client/src/pages/SiteHub.tsx:111 [sectionVisible; HubActionTile navigation: href={roadDprHref(HUB)}] ; client/src/pages/SiteHub.tsx:112 [sectionVisible; HubActionTile navigation: href={roadDprHref(HUB)}] ; client/src/pages/SiteHub.tsx:121 [sectionVisible; HubActionTile navigation: href={`/site/new?type=structure&returnTo=${HUB}`}] ; client/src/pages/SiteHub.tsx:130 [sectionVisible; HubActionTile navigation: href={`/site/dashboard?returnTo=${HUB}`}] ; client/src/pages/SiteHub.tsx:227 [sectionVisible; HubActionTile navigation: href=""/site/requirements?returnTo=/site/hub""]","","HIDDEN","true","Not used for this section","Page/tile access ONLY through the seven-action visibility OR; no resolved action-specific operation. The action's name does not describe this effect.","Named action only grants visibility"
"site_dprs","Site DPRs — File & View","approve","Approve","grey","client/src/App.tsx:279 [gated; path=""/site/dashboard"" component={gated(SiteDashboard, ""site_dprs"")}] ; client/src/App.tsx:280 [gated; path=""/site/new"" component={gated(DprSections, ""site_dprs"")}] ; client/src/App.tsx:281 [gated; path=""/site/guided"" component={gated(DprSections, ""site_dprs"")}] ; client/src/App.tsx:282 [gated; path=""/site/combined"" component={gated(SiteEntry, ""site_dprs"")}] ; client/src/App.tsx:283 [gated; path=""/site/guided/combined"" component={gated(GuidedDpr, ""site_dprs"")}] ; client/src/App.tsx:284 [gated; path=""/site/work/:id"" component={gated(DprWorkEntry, ""site_dprs"")}] ; client/src/App.tsx:285 [gated; path=""/site/edit/:id"" component={gated(DprEditEntry, ""site_dprs"")}] ; client/src/App.tsx:286 [gated; path=""/site/success/:id"" component={gated(SiteSuccess, ""site_dprs"")}] ; client/src/App.tsx:287 [gated; path=""/site/report/:id"" component={gated(SiteReport, ""site_dprs"")}] ; client/src/App.tsx:288 [gated; path=""/reports/progress"" component={gated(ProgressReport, ""site_dprs"")}] ; client/src/App.tsx:293 [gated; path=""/site/requirements/new"" component={gated(SiteRequirementNew, ""site_dprs"")}] ; client/src/App.tsx:294 [gatedEither; path=""/site/requirements"" component={gatedEither(SiteRequirementsList, ""site_dprs"", ""stores_inventory"", ""plant_equipment"", ""labour_management"")}] ; client/src/App.tsx:295 [gated; path=""/my-plans"" component={gated(MyPlans, ""site_dprs"")}] ; client/src/pages/FieldHome.tsx:867 [sectionVisible; shared helper/component (see caller inventory)] ; client/src/pages/FieldHome.tsx:875 [sectionVisible; shared helper/component (see caller inventory)] ; client/src/pages/FieldHome.tsx:1252 [sectionVisible; shared helper/component (see caller inventory)] ; client/src/pages/FieldHome.tsx:1253 [sectionVisible; shared helper/component (see caller inventory)] ; client/src/pages/FieldHome.tsx:1590 [sectionVisible; shared helper/component (see caller inventory)] ; client/src/pages/FieldHome.tsx:1602 [sectionVisible; shared helper/component (see caller inventory)] ; client/src/pages/FieldHome.tsx:1654 [sectionVisible; shared helper/component (see caller inventory)] ; client/src/pages/FieldHome.tsx:1691 [sectionVisible; shared helper/component (see caller inventory)] ; client/src/pages/Home.tsx:98 [sectionVisible; shared helper/component (see caller inventory)] ; client/src/pages/Home.tsx:199 [sectionVisible; shared helper/component (see caller inventory)] ; client/src/pages/ReportsHub.tsx:27 [sectionVisible; shared helper/component (see caller inventory)] ; client/src/pages/SiteHome.tsx:42 [sectionVisible; shared helper/component (see caller inventory)] ; client/src/pages/SiteHub.tsx:54 [sectionVisible; shared helper/component (see caller inventory)] ; client/src/pages/SiteHub.tsx:76 [sectionVisible; shared helper/component (see caller inventory)] ; client/src/pages/SiteHub.tsx:81 [sectionVisible; shared helper/component (see caller inventory)] ; client/src/pages/SiteHub.tsx:87 [sectionVisible; shared helper/component (see caller inventory)] ; client/src/pages/SiteHub.tsx:111 [sectionVisible; HubActionTile navigation: href={roadDprHref(HUB)}] ; client/src/pages/SiteHub.tsx:112 [sectionVisible; HubActionTile navigation: href={roadDprHref(HUB)}] ; client/src/pages/SiteHub.tsx:121 [sectionVisible; HubActionTile navigation: href={`/site/new?type=structure&returnTo=${HUB}`}] ; client/src/pages/SiteHub.tsx:130 [sectionVisible; HubActionTile navigation: href={`/site/dashboard?returnTo=${HUB}`}] ; client/src/pages/SiteHub.tsx:227 [sectionVisible; HubActionTile navigation: href=""/site/requirements?returnTo=/site/hub""]","","HIDDEN","true","Not used for this section","Page/tile access ONLY through the seven-action visibility OR; no resolved action-specific operation. The action's name does not describe this effect.","Named action only grants visibility"
"site_dprs","Site DPRs — File & View","notify","Notify","tickable","","server/routes.ts:2662 [sendPushToSection; shared helper/component (see caller inventory)] ; server/routes.ts:2899 [sendPushToSection; shared helper/component (see caller inventory)] ; server/routes.ts:3605 [sendPushToSection; POST ""/api/dprs/:id/version""] ; server/routes.ts:3685 [sendPushToSection; POST ""/api/dprs/:id/clone""] ; server/routes.ts:3725 [sendPushToSection; DELETE ""/api/dprs/:id""] ; server/routes.ts:3759 [sendPushToSection; POST ""/api/dprs/:id/cancel""]","LIVE","true","No normal active-cell tooltip; when grant restricted: ""You cannot change this grant"". Notify header when disabled: ""Push notifications are disabled for this user"".","Recipient eligibility for concrete sendPushToSection events; also requires user notifications and subscription.",""
"site_materials","Site Materials Received","view","View","tickable","client/src/App.tsx:289 [gated; path=""/site/material-trips"" component={gated(SiteMaterialTrips, ""site_materials"")}] ; client/src/App.tsx:290 [gated; path=""/site/materials-received"" component={gated(SiteMaterialsReceived, ""site_materials"")}] ; client/src/App.tsx:291 [gated; path=""/site/material-stock"" component={gated(SiteMaterialStock, ""site_materials"")}] ; client/src/pages/FieldHome.tsx:883 [sectionVisible; shared helper/component (see caller inventory)] ; client/src/pages/FieldHome.tsx:888 [sectionVisible; shared helper/component (see caller inventory)] ; client/src/pages/FieldHome.tsx:1250 [sectionVisible; shared helper/component (see caller inventory)] ; client/src/pages/FieldHome.tsx:1590 [sectionVisible; shared helper/component (see caller inventory)] ; client/src/pages/FieldHome.tsx:1631 [sectionVisible; shared helper/component (see caller inventory)] ; client/src/pages/FieldHome.tsx:1786 [sectionVisible; shared helper/component (see caller inventory)] ; client/src/pages/Home.tsx:199 [sectionVisible; shared helper/component (see caller inventory)] ; client/src/pages/ReportsHub.tsx:32 [sectionVisible; shared helper/component (see caller inventory)] ; client/src/pages/SiteHome.tsx:43 [sectionVisible; shared helper/component (see caller inventory)] ; client/src/pages/SiteHub.tsx:139 [sectionVisible; HubActionTile navigation: href={`/site/material-trips?returnTo=${HUB}`}] ; client/src/pages/SiteHub.tsx:148 [sectionVisible; HubActionTile navigation: href={`/site/materials-received?returnTo=${HUB}`}] ; client/src/pages/SiteHub.tsx:157 [sectionVisible; HubActionTile navigation: href={`/site/material-stock?returnTo=${HUB}`}]","server/routes.ts:527 [direct matrix read; shared helper/component (see caller inventory)] ; server/routes.ts:712 [assertSiteMaterialSuggestionsAccess -> server/routes.ts:520; GET ""/api/site-material-trips/suggestions""]","LIVE","true","No normal active-cell tooltip; when grant restricted: ""You cannot change this grant"". Notify header when disabled: ""Push notifications are disabled for this user"".","Read by gated, sectionVisible, direct matrix read, assertSiteMaterialSuggestionsAccess -> server/routes.ts:520. ","Not exclusive: six other actions also grant visibility"
"site_materials","Site Materials Received","create","Create","tickable","client/src/App.tsx:289 [gated; path=""/site/material-trips"" component={gated(SiteMaterialTrips, ""site_materials"")}] ; client/src/App.tsx:290 [gated; path=""/site/materials-received"" component={gated(SiteMaterialsReceived, ""site_materials"")}] ; client/src/App.tsx:291 [gated; path=""/site/material-stock"" component={gated(SiteMaterialStock, ""site_materials"")}] ; client/src/pages/FieldHome.tsx:883 [sectionVisible; shared helper/component (see caller inventory)] ; client/src/pages/FieldHome.tsx:888 [sectionVisible; shared helper/component (see caller inventory)] ; client/src/pages/FieldHome.tsx:1250 [sectionVisible; shared helper/component (see caller inventory)] ; client/src/pages/FieldHome.tsx:1590 [sectionVisible; shared helper/component (see caller inventory)] ; client/src/pages/FieldHome.tsx:1631 [sectionVisible; shared helper/component (see caller inventory)] ; client/src/pages/FieldHome.tsx:1786 [sectionVisible; shared helper/component (see caller inventory)] ; client/src/pages/Home.tsx:199 [sectionVisible; shared helper/component (see caller inventory)] ; client/src/pages/ReportsHub.tsx:32 [sectionVisible; shared helper/component (see caller inventory)] ; client/src/pages/SiteHome.tsx:43 [sectionVisible; shared helper/component (see caller inventory)] ; client/src/pages/SiteHub.tsx:139 [sectionVisible; HubActionTile navigation: href={`/site/material-trips?returnTo=${HUB}`}] ; client/src/pages/SiteHub.tsx:148 [sectionVisible; HubActionTile navigation: href={`/site/materials-received?returnTo=${HUB}`}] ; client/src/pages/SiteHub.tsx:157 [sectionVisible; HubActionTile navigation: href={`/site/material-stock?returnTo=${HUB}`}]","server/routes.ts:527 [direct matrix read; shared helper/component (see caller inventory)] ; server/routes.ts:986 [assertCreate; POST ""/api/site-material-trips""] ; server/routes.ts:712 [assertSiteMaterialSuggestionsAccess -> server/routes.ts:520; GET ""/api/site-material-trips/suggestions""]","LIVE","true","No normal active-cell tooltip; when grant restricted: ""You cannot change this grant"". Notify header when disabled: ""Push notifications are disabled for this user"".","Read by gated, sectionVisible, direct matrix read, assertCreate, assertSiteMaterialSuggestionsAccess -> server/routes.ts:520. ",""
"site_materials","Site Materials Received","edit","Edit","tickable","client/src/App.tsx:289 [gated; path=""/site/material-trips"" component={gated(SiteMaterialTrips, ""site_materials"")}] ; client/src/App.tsx:290 [gated; path=""/site/materials-received"" component={gated(SiteMaterialsReceived, ""site_materials"")}] ; client/src/App.tsx:291 [gated; path=""/site/material-stock"" component={gated(SiteMaterialStock, ""site_materials"")}] ; client/src/pages/FieldHome.tsx:883 [sectionVisible; shared helper/component (see caller inventory)] ; client/src/pages/FieldHome.tsx:888 [sectionVisible; shared helper/component (see caller inventory)] ; client/src/pages/FieldHome.tsx:1250 [sectionVisible; shared helper/component (see caller inventory)] ; client/src/pages/FieldHome.tsx:1590 [sectionVisible; shared helper/component (see caller inventory)] ; client/src/pages/FieldHome.tsx:1631 [sectionVisible; shared helper/component (see caller inventory)] ; client/src/pages/FieldHome.tsx:1786 [sectionVisible; shared helper/component (see caller inventory)] ; client/src/pages/Home.tsx:199 [sectionVisible; shared helper/component (see caller inventory)] ; client/src/pages/ReportsHub.tsx:32 [sectionVisible; shared helper/component (see caller inventory)] ; client/src/pages/SiteHome.tsx:43 [sectionVisible; shared helper/component (see caller inventory)] ; client/src/pages/SiteHub.tsx:139 [sectionVisible; HubActionTile navigation: href={`/site/material-trips?returnTo=${HUB}`}] ; client/src/pages/SiteHub.tsx:148 [sectionVisible; HubActionTile navigation: href={`/site/materials-received?returnTo=${HUB}`}] ; client/src/pages/SiteHub.tsx:157 [sectionVisible; HubActionTile navigation: href={`/site/material-stock?returnTo=${HUB}`}] ; client/src/pages/SiteMaterialTrips.tsx:49 [sectionCan; shared helper/component (see caller inventory)] ; client/src/pages/SiteMaterialsReceived.tsx:499 [EditPermissionButton mapped record type; shared helper/component (see caller inventory)]","server/routes.ts:527 [direct matrix read; shared helper/component (see caller inventory)] ; server/routes.ts:727 [direct matrix read; GET ""/api/site-material-trips/suggestions""] ; server/routes.ts:745 [assertEdit; PATCH ""/api/site-material-trips/vehicle-supplier""] ; server/routes.ts:836 [assertEdit; POST ""/api/site-material-trips/material-source/bulk""] ; server/routes.ts:1012 [assertEdit; PATCH ""/api/site-material-trips/:id""] ; server/routes.ts:1084 [assertDeleteOrCancel; POST ""/api/site-material-trips/:id/cancel""] ; server/routes.ts:1655 [assertDeleteOrCancel; POST ""/api/site-purchases/:id/cancel""] ; server/routes.ts:1684 [assertEdit; POST ""/api/site-purchases/:id/final-submit""] ; server/routes.ts:712 [assertSiteMaterialSuggestionsAccess -> server/routes.ts:520; GET ""/api/site-material-trips/suggestions""]","LIVE","true","No normal active-cell tooltip; when grant restricted: ""You cannot change this grant"". Notify header when disabled: ""Push notifications are disabled for this user"".","Read by gated, sectionVisible, sectionCan, EditPermissionButton mapped record type, direct matrix read, assertEdit, assertDeleteOrCancel, assertSiteMaterialSuggestionsAccess -> server/routes.ts:520. May also authorize delete/cancel via edit-tier gates; see evidence.","Edit also controls Delete/Cancel"
"site_materials","Site Materials Received","delete","Delete","grey","client/src/App.tsx:289 [gated; path=""/site/material-trips"" component={gated(SiteMaterialTrips, ""site_materials"")}] ; client/src/App.tsx:290 [gated; path=""/site/materials-received"" component={gated(SiteMaterialsReceived, ""site_materials"")}] ; client/src/App.tsx:291 [gated; path=""/site/material-stock"" component={gated(SiteMaterialStock, ""site_materials"")}] ; client/src/pages/FieldHome.tsx:883 [sectionVisible; shared helper/component (see caller inventory)] ; client/src/pages/FieldHome.tsx:888 [sectionVisible; shared helper/component (see caller inventory)] ; client/src/pages/FieldHome.tsx:1250 [sectionVisible; shared helper/component (see caller inventory)] ; client/src/pages/FieldHome.tsx:1590 [sectionVisible; shared helper/component (see caller inventory)] ; client/src/pages/FieldHome.tsx:1631 [sectionVisible; shared helper/component (see caller inventory)] ; client/src/pages/FieldHome.tsx:1786 [sectionVisible; shared helper/component (see caller inventory)] ; client/src/pages/Home.tsx:199 [sectionVisible; shared helper/component (see caller inventory)] ; client/src/pages/ReportsHub.tsx:32 [sectionVisible; shared helper/component (see caller inventory)] ; client/src/pages/SiteHome.tsx:43 [sectionVisible; shared helper/component (see caller inventory)] ; client/src/pages/SiteHub.tsx:139 [sectionVisible; HubActionTile navigation: href={`/site/material-trips?returnTo=${HUB}`}] ; client/src/pages/SiteHub.tsx:148 [sectionVisible; HubActionTile navigation: href={`/site/materials-received?returnTo=${HUB}`}] ; client/src/pages/SiteHub.tsx:157 [sectionVisible; HubActionTile navigation: href={`/site/material-stock?returnTo=${HUB}`}]","","HIDDEN","true","Not used for this section","Page/tile access ONLY through the seven-action visibility OR; no resolved action-specific operation. The action's name does not describe this effect.","Named action only grants visibility"
"site_materials","Site Materials Received","view_reports","Reports","grey","client/src/App.tsx:289 [gated; path=""/site/material-trips"" component={gated(SiteMaterialTrips, ""site_materials"")}] ; client/src/App.tsx:290 [gated; path=""/site/materials-received"" component={gated(SiteMaterialsReceived, ""site_materials"")}] ; client/src/App.tsx:291 [gated; path=""/site/material-stock"" component={gated(SiteMaterialStock, ""site_materials"")}] ; client/src/pages/FieldHome.tsx:883 [sectionVisible; shared helper/component (see caller inventory)] ; client/src/pages/FieldHome.tsx:888 [sectionVisible; shared helper/component (see caller inventory)] ; client/src/pages/FieldHome.tsx:1250 [sectionVisible; shared helper/component (see caller inventory)] ; client/src/pages/FieldHome.tsx:1590 [sectionVisible; shared helper/component (see caller inventory)] ; client/src/pages/FieldHome.tsx:1631 [sectionVisible; shared helper/component (see caller inventory)] ; client/src/pages/FieldHome.tsx:1786 [sectionVisible; shared helper/component (see caller inventory)] ; client/src/pages/Home.tsx:199 [sectionVisible; shared helper/component (see caller inventory)] ; client/src/pages/ReportsHub.tsx:32 [sectionVisible; shared helper/component (see caller inventory)] ; client/src/pages/SiteHome.tsx:43 [sectionVisible; shared helper/component (see caller inventory)] ; client/src/pages/SiteHub.tsx:139 [sectionVisible; HubActionTile navigation: href={`/site/material-trips?returnTo=${HUB}`}] ; client/src/pages/SiteHub.tsx:148 [sectionVisible; HubActionTile navigation: href={`/site/materials-received?returnTo=${HUB}`}] ; client/src/pages/SiteHub.tsx:157 [sectionVisible; HubActionTile navigation: href={`/site/material-stock?returnTo=${HUB}`}]","","HIDDEN","true","Not used for this section","Page/tile access ONLY through the seven-action visibility OR; no resolved action-specific operation. The action's name does not describe this effect.","Named action only grants visibility"
"site_materials","Site Materials Received","export","Export","grey","client/src/App.tsx:289 [gated; path=""/site/material-trips"" component={gated(SiteMaterialTrips, ""site_materials"")}] ; client/src/App.tsx:290 [gated; path=""/site/materials-received"" component={gated(SiteMaterialsReceived, ""site_materials"")}] ; client/src/App.tsx:291 [gated; path=""/site/material-stock"" component={gated(SiteMaterialStock, ""site_materials"")}] ; client/src/pages/FieldHome.tsx:883 [sectionVisible; shared helper/component (see caller inventory)] ; client/src/pages/FieldHome.tsx:888 [sectionVisible; shared helper/component (see caller inventory)] ; client/src/pages/FieldHome.tsx:1250 [sectionVisible; shared helper/component (see caller inventory)] ; client/src/pages/FieldHome.tsx:1590 [sectionVisible; shared helper/component (see caller inventory)] ; client/src/pages/FieldHome.tsx:1631 [sectionVisible; shared helper/component (see caller inventory)] ; client/src/pages/FieldHome.tsx:1786 [sectionVisible; shared helper/component (see caller inventory)] ; client/src/pages/Home.tsx:199 [sectionVisible; shared helper/component (see caller inventory)] ; client/src/pages/ReportsHub.tsx:32 [sectionVisible; shared helper/component (see caller inventory)] ; client/src/pages/SiteHome.tsx:43 [sectionVisible; shared helper/component (see caller inventory)] ; client/src/pages/SiteHub.tsx:139 [sectionVisible; HubActionTile navigation: href={`/site/material-trips?returnTo=${HUB}`}] ; client/src/pages/SiteHub.tsx:148 [sectionVisible; HubActionTile navigation: href={`/site/materials-received?returnTo=${HUB}`}] ; client/src/pages/SiteHub.tsx:157 [sectionVisible; HubActionTile navigation: href={`/site/material-stock?returnTo=${HUB}`}]","","HIDDEN","true","Not used for this section","Page/tile access ONLY through the seven-action visibility OR; no resolved action-specific operation. The action's name does not describe this effect.","Named action only grants visibility"
"site_materials","Site Materials Received","approve","Approve","grey","client/src/App.tsx:289 [gated; path=""/site/material-trips"" component={gated(SiteMaterialTrips, ""site_materials"")}] ; client/src/App.tsx:290 [gated; path=""/site/materials-received"" component={gated(SiteMaterialsReceived, ""site_materials"")}] ; client/src/App.tsx:291 [gated; path=""/site/material-stock"" component={gated(SiteMaterialStock, ""site_materials"")}] ; client/src/pages/FieldHome.tsx:883 [sectionVisible; shared helper/component (see caller inventory)] ; client/src/pages/FieldHome.tsx:888 [sectionVisible; shared helper/component (see caller inventory)] ; client/src/pages/FieldHome.tsx:1250 [sectionVisible; shared helper/component (see caller inventory)] ; client/src/pages/FieldHome.tsx:1590 [sectionVisible; shared helper/component (see caller inventory)] ; client/src/pages/FieldHome.tsx:1631 [sectionVisible; shared helper/component (see caller inventory)] ; client/src/pages/FieldHome.tsx:1786 [sectionVisible; shared helper/component (see caller inventory)] ; client/src/pages/Home.tsx:199 [sectionVisible; shared helper/component (see caller inventory)] ; client/src/pages/ReportsHub.tsx:32 [sectionVisible; shared helper/component (see caller inventory)] ; client/src/pages/SiteHome.tsx:43 [sectionVisible; shared helper/component (see caller inventory)] ; client/src/pages/SiteHub.tsx:139 [sectionVisible; HubActionTile navigation: href={`/site/material-trips?returnTo=${HUB}`}] ; client/src/pages/SiteHub.tsx:148 [sectionVisible; HubActionTile navigation: href={`/site/materials-received?returnTo=${HUB}`}] ; client/src/pages/SiteHub.tsx:157 [sectionVisible; HubActionTile navigation: href={`/site/material-stock?returnTo=${HUB}`}]","","HIDDEN","true","Not used for this section","Page/tile access ONLY through the seven-action visibility OR; no resolved action-specific operation. The action's name does not describe this effect.","Named action only grants visibility"
"site_materials","Site Materials Received","notify","Notify","tickable","","server/routes.ts:1001 [sendPushToSection; POST ""/api/site-material-trips""] ; server/routes.ts:1052 [sendPushToSection; PATCH ""/api/site-material-trips/:id""] ; server/routes.ts:1642 [sendPushToSection; PUT ""/api/site-purchases/:id""] ; server/routes.ts:1671 [sendPushToSection; POST ""/api/site-purchases/:id/cancel""] ; server/routes.ts:1709 [sendPushToSection; POST ""/api/site-purchases/:id/final-submit""]","LIVE","true","No normal active-cell tooltip; when grant restricted: ""You cannot change this grant"". Notify header when disabled: ""Push notifications are disabled for this user"".","Recipient eligibility for concrete sendPushToSection events; also requires user notifications and subscription.",""
"site_procurement","Purchase Indents (legacy)","view","View","tickable","client/src/App.tsx:292 [gatedEither; path=""/site/purchases"" component={gatedEither(SitePurchasesReport, ""report_site_purchases"", ""site_procurement"")}] ; client/src/App.tsx:343 [gatedEither; path=""/plant/purchase-indents"" component={gatedEither(PurchaseIndents, ""purchase_indents_view"", ""site_procurement"", ""purchase_indents_raise"")}] ; client/src/pages/EquipmentHub.tsx:198 [sectionVisible; HubActionTile navigation: href=""/plant/purchase-indents?returnTo=/equipment/hub&from=equipment""] ; client/src/pages/FieldHome.tsx:849 [sectionVisible; shared helper/component (see caller inventory)] ; client/src/pages/FinanceHub.tsx:30 [sectionVisible; shared helper/component (see caller inventory)] ; client/src/pages/HmpHub.tsx:63 [sectionVisible; shared helper/component (see caller inventory)] ; client/src/pages/Home.tsx:197 [sectionVisible; shared helper/component (see caller inventory)] ; client/src/pages/Plant.tsx:175 [sectionVisible; shared helper/component (see caller inventory)] ; client/src/pages/Plant.tsx:357 [sectionVisible; shared helper/component (see caller inventory)] ; client/src/pages/Plant.tsx:587 [sectionVisible; shared helper/component (see caller inventory)] ; client/src/pages/ReportsHub.tsx:33 [sectionVisible; shared helper/component (see caller inventory)] ; client/src/pages/RmcHub.tsx:79 [sectionVisible; shared helper/component (see caller inventory)] ; client/src/pages/SiteHome.tsx:44 [sectionVisible; shared helper/component (see caller inventory)] ; client/src/pages/SiteHub.tsx:167 [sectionVisible; HubActionTile navigation: href={`/site/purchases?returnTo=${HUB}`}] ; client/src/pages/SiteHub.tsx:181 [sectionVisible; HubActionTile navigation: href=""/plant/purchase-indents?returnTo=/site/hub&from=site&context=site""] ; client/src/pages/StoresHub.tsx:36 [sectionVisible; shared helper/component (see caller inventory)]","server/routes.ts:8983 [direct matrix read; shared helper/component (see caller inventory)] ; server/routes.ts:8991 [assertPiRaiserRead -> server/routes.ts:8975; GET ""/api/purchase-indents""] ; server/routes.ts:9070 [assertPiRaiserRead -> server/routes.ts:8975; GET ""/api/purchase-indents/route-corrections""] ; server/routes.ts:9082 [assertPiRaiserRead -> server/routes.ts:8975; POST ""/api/purchase-indents/route-corrections/apply""] ; server/routes.ts:9147 [assertPiRaiserRead -> server/routes.ts:8975; GET ""/api/purchase-indents/:id""] ; server/routes.ts:9242 [assertPiRaiserRead -> server/routes.ts:8975; GET ""/api/purchase-indents/:id/items/:itemId/purchase-order""] ; server/routes.ts:9375 [assertPiRaiserRead -> server/routes.ts:8975; GET ""/api/purchase-indents/:id/items/:itemId/purchase-order.pdf""] ; server/routes.ts:10308 [assertPiRaiserRead -> server/routes.ts:8975; GET ""/api/purchase-indent-items/recent-items""]","LIVE","true","No normal active-cell tooltip; when grant restricted: ""You cannot change this grant"". Notify header when disabled: ""Push notifications are disabled for this user"".","Read by gatedEither, sectionVisible, direct matrix read, assertPiRaiserRead -> server/routes.ts:8975. ","Not exclusive: six other actions also grant visibility"
"site_procurement","Purchase Indents (legacy)","create","Create","tickable","client/src/App.tsx:292 [gatedEither; path=""/site/purchases"" component={gatedEither(SitePurchasesReport, ""report_site_purchases"", ""site_procurement"")}] ; client/src/App.tsx:343 [gatedEither; path=""/plant/purchase-indents"" component={gatedEither(PurchaseIndents, ""purchase_indents_view"", ""site_procurement"", ""purchase_indents_raise"")}] ; client/src/pages/EquipmentHub.tsx:198 [sectionVisible; HubActionTile navigation: href=""/plant/purchase-indents?returnTo=/equipment/hub&from=equipment""] ; client/src/pages/FieldHome.tsx:849 [sectionVisible; shared helper/component (see caller inventory)] ; client/src/pages/FinanceHub.tsx:30 [sectionVisible; shared helper/component (see caller inventory)] ; client/src/pages/HmpHub.tsx:63 [sectionVisible; shared helper/component (see caller inventory)] ; client/src/pages/Home.tsx:197 [sectionVisible; shared helper/component (see caller inventory)] ; client/src/pages/Plant.tsx:175 [sectionVisible; shared helper/component (see caller inventory)] ; client/src/pages/Plant.tsx:357 [sectionVisible; shared helper/component (see caller inventory)] ; client/src/pages/Plant.tsx:587 [sectionVisible; shared helper/component (see caller inventory)] ; client/src/pages/PurchaseIndents.tsx:677 [sectionCan; shared helper/component (see caller inventory)] ; client/src/pages/ReportsHub.tsx:33 [sectionVisible; shared helper/component (see caller inventory)] ; client/src/pages/RmcHub.tsx:79 [sectionVisible; shared helper/component (see caller inventory)] ; client/src/pages/SiteHome.tsx:44 [sectionVisible; shared helper/component (see caller inventory)] ; client/src/pages/SiteHub.tsx:167 [sectionVisible; HubActionTile navigation: href={`/site/purchases?returnTo=${HUB}`}] ; client/src/pages/SiteHub.tsx:181 [sectionVisible; HubActionTile navigation: href=""/plant/purchase-indents?returnTo=/site/hub&from=site&context=site""] ; client/src/pages/StoresHub.tsx:36 [sectionVisible; shared helper/component (see caller inventory)] ; client/src/pages/irn/IrnListPage.tsx:86 [sectionCan; shared helper/component (see caller inventory)]","server/routes.ts:8983 [direct matrix read; shared helper/component (see caller inventory)] ; server/routes.ts:9267 [assertCreateEither; POST ""/api/purchase-indents/:id/items/:itemId/purchase-order""] ; server/routes.ts:9313 [assertCreateEither; PATCH ""/api/purchase-indents/:id/items/:itemId/purchase-order""] ; server/routes.ts:9337 [assertCreateEither; POST ""/api/purchase-indents/:id/items/:itemId/purchase-order/submit""] ; server/routes.ts:9394 [assertCreateEither; POST ""/api/purchase-indents""] ; server/routes.ts:9534 [assertCreateEither; POST ""/api/purchase-indents/:id/place-order""] ; server/routes.ts:9550 [assertCreateEither; POST ""/api/purchase-indents/:id/record-material-receipt""] ; server/routes.ts:9586 [direct matrix read; PATCH ""/api/purchase-indents/items/:itemId/link-receipt""] ; server/routes.ts:9686 [assertCreateEither; POST ""/api/irn/:id/raise-pi""] ; server/routes.ts:20250 [assertCreate; POST ""/api/material-requirements""] ; server/routes.ts:8991 [assertPiRaiserRead -> server/routes.ts:8975; GET ""/api/purchase-indents""] ; server/routes.ts:9070 [assertPiRaiserRead -> server/routes.ts:8975; GET ""/api/purchase-indents/route-corrections""] ; server/routes.ts:9082 [assertPiRaiserRead -> server/routes.ts:8975; POST ""/api/purchase-indents/route-corrections/apply""] ; server/routes.ts:9147 [assertPiRaiserRead -> server/routes.ts:8975; GET ""/api/purchase-indents/:id""] ; server/routes.ts:9242 [assertPiRaiserRead -> server/routes.ts:8975; GET ""/api/purchase-indents/:id/items/:itemId/purchase-order""] ; server/routes.ts:9375 [assertPiRaiserRead -> server/routes.ts:8975; GET ""/api/purchase-indents/:id/items/:itemId/purchase-order.pdf""] ; server/routes.ts:10308 [assertPiRaiserRead -> server/routes.ts:8975; GET ""/api/purchase-indent-items/recent-items""]","LIVE","true","No normal active-cell tooltip; when grant restricted: ""You cannot change this grant"". Notify header when disabled: ""Push notifications are disabled for this user"".","Read by gatedEither, sectionVisible, sectionCan, direct matrix read, assertCreateEither, assertCreate, assertPiRaiserRead -> server/routes.ts:8975. ",""
"site_procurement","Purchase Indents (legacy)","edit","Edit","tickable","client/src/App.tsx:292 [gatedEither; path=""/site/purchases"" component={gatedEither(SitePurchasesReport, ""report_site_purchases"", ""site_procurement"")}] ; client/src/App.tsx:343 [gatedEither; path=""/plant/purchase-indents"" component={gatedEither(PurchaseIndents, ""purchase_indents_view"", ""site_procurement"", ""purchase_indents_raise"")}] ; client/src/pages/EquipmentHub.tsx:198 [sectionVisible; HubActionTile navigation: href=""/plant/purchase-indents?returnTo=/equipment/hub&from=equipment""] ; client/src/pages/FieldHome.tsx:849 [sectionVisible; shared helper/component (see caller inventory)] ; client/src/pages/FinanceHub.tsx:30 [sectionVisible; shared helper/component (see caller inventory)] ; client/src/pages/HmpHub.tsx:63 [sectionVisible; shared helper/component (see caller inventory)] ; client/src/pages/Home.tsx:197 [sectionVisible; shared helper/component (see caller inventory)] ; client/src/pages/Plant.tsx:175 [sectionVisible; shared helper/component (see caller inventory)] ; client/src/pages/Plant.tsx:357 [sectionVisible; shared helper/component (see caller inventory)] ; client/src/pages/Plant.tsx:587 [sectionVisible; shared helper/component (see caller inventory)] ; client/src/pages/PurchaseIndents.tsx:678 [sectionCan; shared helper/component (see caller inventory)] ; client/src/pages/PurchaseIndents.tsx:3518 [EditPermissionButton mapped record type; shared helper/component (see caller inventory)] ; client/src/pages/ReportsHub.tsx:33 [sectionVisible; shared helper/component (see caller inventory)] ; client/src/pages/RmcHub.tsx:79 [sectionVisible; shared helper/component (see caller inventory)] ; client/src/pages/SiteHome.tsx:44 [sectionVisible; shared helper/component (see caller inventory)] ; client/src/pages/SiteHub.tsx:167 [sectionVisible; HubActionTile navigation: href={`/site/purchases?returnTo=${HUB}`}] ; client/src/pages/SiteHub.tsx:181 [sectionVisible; HubActionTile navigation: href=""/plant/purchase-indents?returnTo=/site/hub&from=site&context=site""] ; client/src/pages/StoresHub.tsx:36 [sectionVisible; shared helper/component (see caller inventory)]","server/routes.ts:8983 [direct matrix read; shared helper/component (see caller inventory)] ; server/routes.ts:9083 [assertEditEither; POST ""/api/purchase-indents/route-corrections/apply""] ; server/routes.ts:9134 [assertEditEither; PATCH ""/api/purchase-indents/:id/items/:itemId/destination""] ; server/routes.ts:10240 [assertEditEither; PATCH ""/api/purchase-indent-items/:id/procure""] ; server/routes.ts:10270 [assertEditEither; POST ""/api/purchase-indents/:id/notify""] ; server/routes.ts:10320 [assertEditEither; PATCH ""/api/purchase-indent-items/:id/purchase-update""] ; server/routes.ts:10382 [assertEditEither; PATCH ""/api/purchase-indent-items/:id/reviewer-note""] ; server/routes.ts:10429 [assertEditEither; PUT ""/api/purchase-indents/:id""] ; server/routes.ts:10486 [assertEditEither; POST ""/api/purchase-indents/:id/purchaser-action""] ; server/routes.ts:10537 [assertEditEither; POST ""/api/purchase-indent-items/:id/record-delivery""] ; server/routes.ts:10654 [assertEditEither; POST ""/api/purchase-indents/:id/bulk-receipt""] ; server/routes.ts:8991 [assertPiRaiserRead -> server/routes.ts:8975; GET ""/api/purchase-indents""] ; server/routes.ts:9070 [assertPiRaiserRead -> server/routes.ts:8975; GET ""/api/purchase-indents/route-corrections""] ; server/routes.ts:9082 [assertPiRaiserRead -> server/routes.ts:8975; POST ""/api/purchase-indents/route-corrections/apply""] ; server/routes.ts:9147 [assertPiRaiserRead -> server/routes.ts:8975; GET ""/api/purchase-indents/:id""] ; server/routes.ts:9242 [assertPiRaiserRead -> server/routes.ts:8975; GET ""/api/purchase-indents/:id/items/:itemId/purchase-order""] ; server/routes.ts:9375 [assertPiRaiserRead -> server/routes.ts:8975; GET ""/api/purchase-indents/:id/items/:itemId/purchase-order.pdf""] ; server/routes.ts:10308 [assertPiRaiserRead -> server/routes.ts:8975; GET ""/api/purchase-indent-items/recent-items""]","LIVE","true","No normal active-cell tooltip; when grant restricted: ""You cannot change this grant"". Notify header when disabled: ""Push notifications are disabled for this user"".","Read by gatedEither, sectionVisible, sectionCan, EditPermissionButton mapped record type, direct matrix read, assertEditEither, assertPiRaiserRead -> server/routes.ts:8975. May also authorize delete/cancel via edit-tier gates; see evidence.",""
"site_procurement","Purchase Indents (legacy)","delete","Delete","grey","client/src/App.tsx:292 [gatedEither; path=""/site/purchases"" component={gatedEither(SitePurchasesReport, ""report_site_purchases"", ""site_procurement"")}] ; client/src/App.tsx:343 [gatedEither; path=""/plant/purchase-indents"" component={gatedEither(PurchaseIndents, ""purchase_indents_view"", ""site_procurement"", ""purchase_indents_raise"")}] ; client/src/pages/EquipmentHub.tsx:198 [sectionVisible; HubActionTile navigation: href=""/plant/purchase-indents?returnTo=/equipment/hub&from=equipment""] ; client/src/pages/FieldHome.tsx:849 [sectionVisible; shared helper/component (see caller inventory)] ; client/src/pages/FinanceHub.tsx:30 [sectionVisible; shared helper/component (see caller inventory)] ; client/src/pages/HmpHub.tsx:63 [sectionVisible; shared helper/component (see caller inventory)] ; client/src/pages/Home.tsx:197 [sectionVisible; shared helper/component (see caller inventory)] ; client/src/pages/Plant.tsx:175 [sectionVisible; shared helper/component (see caller inventory)] ; client/src/pages/Plant.tsx:357 [sectionVisible; shared helper/component (see caller inventory)] ; client/src/pages/Plant.tsx:587 [sectionVisible; shared helper/component (see caller inventory)] ; client/src/pages/ReportsHub.tsx:33 [sectionVisible; shared helper/component (see caller inventory)] ; client/src/pages/RmcHub.tsx:79 [sectionVisible; shared helper/component (see caller inventory)] ; client/src/pages/SiteHome.tsx:44 [sectionVisible; shared helper/component (see caller inventory)] ; client/src/pages/SiteHub.tsx:167 [sectionVisible; HubActionTile navigation: href={`/site/purchases?returnTo=${HUB}`}] ; client/src/pages/SiteHub.tsx:181 [sectionVisible; HubActionTile navigation: href=""/plant/purchase-indents?returnTo=/site/hub&from=site&context=site""] ; client/src/pages/StoresHub.tsx:36 [sectionVisible; shared helper/component (see caller inventory)]","","HIDDEN","true","Not used for this section","Page/tile access ONLY through the seven-action visibility OR; no resolved action-specific operation. The action's name does not describe this effect.","Named action only grants visibility"
"site_procurement","Purchase Indents (legacy)","view_reports","Reports","grey","client/src/App.tsx:292 [gatedEither; path=""/site/purchases"" component={gatedEither(SitePurchasesReport, ""report_site_purchases"", ""site_procurement"")}] ; client/src/App.tsx:343 [gatedEither; path=""/plant/purchase-indents"" component={gatedEither(PurchaseIndents, ""purchase_indents_view"", ""site_procurement"", ""purchase_indents_raise"")}] ; client/src/pages/EquipmentHub.tsx:198 [sectionVisible; HubActionTile navigation: href=""/plant/purchase-indents?returnTo=/equipment/hub&from=equipment""] ; client/src/pages/FieldHome.tsx:849 [sectionVisible; shared helper/component (see caller inventory)] ; client/src/pages/FinanceHub.tsx:30 [sectionVisible; shared helper/component (see caller inventory)] ; client/src/pages/HmpHub.tsx:63 [sectionVisible; shared helper/component (see caller inventory)] ; client/src/pages/Home.tsx:197 [sectionVisible; shared helper/component (see caller inventory)] ; client/src/pages/Plant.tsx:175 [sectionVisible; shared helper/component (see caller inventory)] ; client/src/pages/Plant.tsx:357 [sectionVisible; shared helper/component (see caller inventory)] ; client/src/pages/Plant.tsx:587 [sectionVisible; shared helper/component (see caller inventory)] ; client/src/pages/ReportsHub.tsx:33 [sectionVisible; shared helper/component (see caller inventory)] ; client/src/pages/RmcHub.tsx:79 [sectionVisible; shared helper/component (see caller inventory)] ; client/src/pages/SiteHome.tsx:44 [sectionVisible; shared helper/component (see caller inventory)] ; client/src/pages/SiteHub.tsx:167 [sectionVisible; HubActionTile navigation: href={`/site/purchases?returnTo=${HUB}`}] ; client/src/pages/SiteHub.tsx:181 [sectionVisible; HubActionTile navigation: href=""/plant/purchase-indents?returnTo=/site/hub&from=site&context=site""] ; client/src/pages/StoresHub.tsx:36 [sectionVisible; shared helper/component (see caller inventory)]","","HIDDEN","true","Not used for this section","Page/tile access ONLY through the seven-action visibility OR; no resolved action-specific operation. The action's name does not describe this effect.","Named action only grants visibility"
"site_procurement","Purchase Indents (legacy)","export","Export","grey","client/src/App.tsx:292 [gatedEither; path=""/site/purchases"" component={gatedEither(SitePurchasesReport, ""report_site_purchases"", ""site_procurement"")}] ; client/src/App.tsx:343 [gatedEither; path=""/plant/purchase-indents"" component={gatedEither(PurchaseIndents, ""purchase_indents_view"", ""site_procurement"", ""purchase_indents_raise"")}] ; client/src/pages/EquipmentHub.tsx:198 [sectionVisible; HubActionTile navigation: href=""/plant/purchase-indents?returnTo=/equipment/hub&from=equipment""] ; client/src/pages/FieldHome.tsx:849 [sectionVisible; shared helper/component (see caller inventory)] ; client/src/pages/FinanceHub.tsx:30 [sectionVisible; shared helper/component (see caller inventory)] ; client/src/pages/HmpHub.tsx:63 [sectionVisible; shared helper/component (see caller inventory)] ; client/src/pages/Home.tsx:197 [sectionVisible; shared helper/component (see caller inventory)] ; client/src/pages/Plant.tsx:175 [sectionVisible; shared helper/component (see caller inventory)] ; client/src/pages/Plant.tsx:357 [sectionVisible; shared helper/component (see caller inventory)] ; client/src/pages/Plant.tsx:587 [sectionVisible; shared helper/component (see caller inventory)] ; client/src/pages/ReportsHub.tsx:33 [sectionVisible; shared helper/component (see caller inventory)] ; client/src/pages/RmcHub.tsx:79 [sectionVisible; shared helper/component (see caller inventory)] ; client/src/pages/SiteHome.tsx:44 [sectionVisible; shared helper/component (see caller inventory)] ; client/src/pages/SiteHub.tsx:167 [sectionVisible; HubActionTile navigation: href={`/site/purchases?returnTo=${HUB}`}] ; client/src/pages/SiteHub.tsx:181 [sectionVisible; HubActionTile navigation: href=""/plant/purchase-indents?returnTo=/site/hub&from=site&context=site""] ; client/src/pages/StoresHub.tsx:36 [sectionVisible; shared helper/component (see caller inventory)]","","HIDDEN","true","Not used for this section","Page/tile access ONLY through the seven-action visibility OR; no resolved action-specific operation. The action's name does not describe this effect.","Named action only grants visibility"
"site_procurement","Purchase Indents (legacy)","approve","Approve","grey","client/src/App.tsx:292 [gatedEither; path=""/site/purchases"" component={gatedEither(SitePurchasesReport, ""report_site_purchases"", ""site_procurement"")}] ; client/src/App.tsx:343 [gatedEither; path=""/plant/purchase-indents"" component={gatedEither(PurchaseIndents, ""purchase_indents_view"", ""site_procurement"", ""purchase_indents_raise"")}] ; client/src/pages/EquipmentHub.tsx:198 [sectionVisible; HubActionTile navigation: href=""/plant/purchase-indents?returnTo=/equipment/hub&from=equipment""] ; client/src/pages/FieldHome.tsx:849 [sectionVisible; shared helper/component (see caller inventory)] ; client/src/pages/FinanceHub.tsx:30 [sectionVisible; shared helper/component (see caller inventory)] ; client/src/pages/HmpHub.tsx:63 [sectionVisible; shared helper/component (see caller inventory)] ; client/src/pages/Home.tsx:197 [sectionVisible; shared helper/component (see caller inventory)] ; client/src/pages/Plant.tsx:175 [sectionVisible; shared helper/component (see caller inventory)] ; client/src/pages/Plant.tsx:357 [sectionVisible; shared helper/component (see caller inventory)] ; client/src/pages/Plant.tsx:587 [sectionVisible; shared helper/component (see caller inventory)] ; client/src/pages/ReportsHub.tsx:33 [sectionVisible; shared helper/component (see caller inventory)] ; client/src/pages/RmcHub.tsx:79 [sectionVisible; shared helper/component (see caller inventory)] ; client/src/pages/SiteHome.tsx:44 [sectionVisible; shared helper/component (see caller inventory)] ; client/src/pages/SiteHub.tsx:167 [sectionVisible; HubActionTile navigation: href={`/site/purchases?returnTo=${HUB}`}] ; client/src/pages/SiteHub.tsx:181 [sectionVisible; HubActionTile navigation: href=""/plant/purchase-indents?returnTo=/site/hub&from=site&context=site""] ; client/src/pages/StoresHub.tsx:36 [sectionVisible; shared helper/component (see caller inventory)]","","HIDDEN","true","Not used for this section","Page/tile access ONLY through the seven-action visibility OR; no resolved action-specific operation. The action's name does not describe this effect.","Named action only grants visibility"
"site_procurement","Purchase Indents (legacy)","notify","Notify","grey","","","CORRECTLY-OFF","true","Not used for this section","No resolved feature reader.","Tick has no resolved feature effect"
"purchase_indents_view","Purchase Indents — View List","view","View","tickable","client/src/App.tsx:343 [gatedEither; path=""/plant/purchase-indents"" component={gatedEither(PurchaseIndents, ""purchase_indents_view"", ""site_procurement"", ""purchase_indents_raise"")}] ; client/src/pages/EquipmentHub.tsx:199 [sectionVisible; HubActionTile navigation: href=""/plant/purchase-indents?returnTo=/equipment/hub&from=equipment""] ; client/src/pages/FieldHome.tsx:849 [sectionVisible; shared helper/component (see caller inventory)] ; client/src/pages/FinanceHub.tsx:30 [sectionVisible; shared helper/component (see caller inventory)] ; client/src/pages/HmpHub.tsx:63 [sectionVisible; shared helper/component (see caller inventory)] ; client/src/pages/Home.tsx:197 [sectionVisible; shared helper/component (see caller inventory)] ; client/src/pages/Plant.tsx:175 [sectionVisible; shared helper/component (see caller inventory)] ; client/src/pages/Plant.tsx:357 [sectionVisible; shared helper/component (see caller inventory)] ; client/src/pages/Plant.tsx:587 [sectionVisible; shared helper/component (see caller inventory)] ; client/src/pages/ReportsHub.tsx:33 [sectionVisible; shared helper/component (see caller inventory)] ; client/src/pages/RmcHub.tsx:79 [sectionVisible; shared helper/component (see caller inventory)] ; client/src/pages/SiteHome.tsx:44 [sectionVisible; shared helper/component (see caller inventory)] ; client/src/pages/SiteHub.tsx:168 [sectionVisible; HubActionTile navigation: href={`/site/purchases?returnTo=${HUB}`}] ; client/src/pages/SiteHub.tsx:182 [sectionVisible; HubActionTile navigation: href=""/plant/purchase-indents?returnTo=/site/hub&from=site&context=site""] ; client/src/pages/StoresHub.tsx:36 [sectionVisible; shared helper/component (see caller inventory)]","server/routes.ts:8982 [direct matrix read; shared helper/component (see caller inventory)] ; server/routes.ts:8991 [assertPiRaiserRead -> server/routes.ts:8975; GET ""/api/purchase-indents""] ; server/routes.ts:9070 [assertPiRaiserRead -> server/routes.ts:8975; GET ""/api/purchase-indents/route-corrections""] ; server/routes.ts:9082 [assertPiRaiserRead -> server/routes.ts:8975; POST ""/api/purchase-indents/route-corrections/apply""] ; server/routes.ts:9147 [assertPiRaiserRead -> server/routes.ts:8975; GET ""/api/purchase-indents/:id""] ; server/routes.ts:9242 [assertPiRaiserRead -> server/routes.ts:8975; GET ""/api/purchase-indents/:id/items/:itemId/purchase-order""] ; server/routes.ts:9375 [assertPiRaiserRead -> server/routes.ts:8975; GET ""/api/purchase-indents/:id/items/:itemId/purchase-order.pdf""] ; server/routes.ts:10308 [assertPiRaiserRead -> server/routes.ts:8975; GET ""/api/purchase-indent-items/recent-items""]","LIVE","true","No normal active-cell tooltip; when grant restricted: ""You cannot change this grant"". Notify header when disabled: ""Push notifications are disabled for this user"".","Read by gatedEither, sectionVisible, direct matrix read, assertPiRaiserRead -> server/routes.ts:8975. ","Not exclusive: six other actions also grant visibility"
"purchase_indents_view","Purchase Indents — View List","create","Create","grey","client/src/App.tsx:343 [gatedEither; path=""/plant/purchase-indents"" component={gatedEither(PurchaseIndents, ""purchase_indents_view"", ""site_procurement"", ""purchase_indents_raise"")}] ; client/src/pages/EquipmentHub.tsx:199 [sectionVisible; HubActionTile navigation: href=""/plant/purchase-indents?returnTo=/equipment/hub&from=equipment""] ; client/src/pages/FieldHome.tsx:849 [sectionVisible; shared helper/component (see caller inventory)] ; client/src/pages/FinanceHub.tsx:30 [sectionVisible; shared helper/component (see caller inventory)] ; client/src/pages/HmpHub.tsx:63 [sectionVisible; shared helper/component (see caller inventory)] ; client/src/pages/Home.tsx:197 [sectionVisible; shared helper/component (see caller inventory)] ; client/src/pages/Plant.tsx:175 [sectionVisible; shared helper/component (see caller inventory)] ; client/src/pages/Plant.tsx:357 [sectionVisible; shared helper/component (see caller inventory)] ; client/src/pages/Plant.tsx:587 [sectionVisible; shared helper/component (see caller inventory)] ; client/src/pages/ReportsHub.tsx:33 [sectionVisible; shared helper/component (see caller inventory)] ; client/src/pages/RmcHub.tsx:79 [sectionVisible; shared helper/component (see caller inventory)] ; client/src/pages/SiteHome.tsx:44 [sectionVisible; shared helper/component (see caller inventory)] ; client/src/pages/SiteHub.tsx:168 [sectionVisible; HubActionTile navigation: href={`/site/purchases?returnTo=${HUB}`}] ; client/src/pages/SiteHub.tsx:182 [sectionVisible; HubActionTile navigation: href=""/plant/purchase-indents?returnTo=/site/hub&from=site&context=site""] ; client/src/pages/StoresHub.tsx:36 [sectionVisible; shared helper/component (see caller inventory)]","","HIDDEN","true","Not used for this section","Page/tile access ONLY through the seven-action visibility OR; no resolved action-specific operation. The action's name does not describe this effect.","Named action only grants visibility"
"purchase_indents_view","Purchase Indents — View List","edit","Edit","grey","client/src/App.tsx:343 [gatedEither; path=""/plant/purchase-indents"" component={gatedEither(PurchaseIndents, ""purchase_indents_view"", ""site_procurement"", ""purchase_indents_raise"")}] ; client/src/pages/EquipmentHub.tsx:199 [sectionVisible; HubActionTile navigation: href=""/plant/purchase-indents?returnTo=/equipment/hub&from=equipment""] ; client/src/pages/FieldHome.tsx:849 [sectionVisible; shared helper/component (see caller inventory)] ; client/src/pages/FinanceHub.tsx:30 [sectionVisible; shared helper/component (see caller inventory)] ; client/src/pages/HmpHub.tsx:63 [sectionVisible; shared helper/component (see caller inventory)] ; client/src/pages/Home.tsx:197 [sectionVisible; shared helper/component (see caller inventory)] ; client/src/pages/Plant.tsx:175 [sectionVisible; shared helper/component (see caller inventory)] ; client/src/pages/Plant.tsx:357 [sectionVisible; shared helper/component (see caller inventory)] ; client/src/pages/Plant.tsx:587 [sectionVisible; shared helper/component (see caller inventory)] ; client/src/pages/ReportsHub.tsx:33 [sectionVisible; shared helper/component (see caller inventory)] ; client/src/pages/RmcHub.tsx:79 [sectionVisible; shared helper/component (see caller inventory)] ; client/src/pages/SiteHome.tsx:44 [sectionVisible; shared helper/component (see caller inventory)] ; client/src/pages/SiteHub.tsx:168 [sectionVisible; HubActionTile navigation: href={`/site/purchases?returnTo=${HUB}`}] ; client/src/pages/SiteHub.tsx:182 [sectionVisible; HubActionTile navigation: href=""/plant/purchase-indents?returnTo=/site/hub&from=site&context=site""] ; client/src/pages/StoresHub.tsx:36 [sectionVisible; shared helper/component (see caller inventory)]","","HIDDEN","true","Not used for this section","Page/tile access ONLY through the seven-action visibility OR; no resolved action-specific operation. The action's name does not describe this effect.","Named action only grants visibility"
"purchase_indents_view","Purchase Indents — View List","delete","Delete","grey","client/src/App.tsx:343 [gatedEither; path=""/plant/purchase-indents"" component={gatedEither(PurchaseIndents, ""purchase_indents_view"", ""site_procurement"", ""purchase_indents_raise"")}] ; client/src/pages/EquipmentHub.tsx:199 [sectionVisible; HubActionTile navigation: href=""/plant/purchase-indents?returnTo=/equipment/hub&from=equipment""] ; client/src/pages/FieldHome.tsx:849 [sectionVisible; shared helper/component (see caller inventory)] ; client/src/pages/FinanceHub.tsx:30 [sectionVisible; shared helper/component (see caller inventory)] ; client/src/pages/HmpHub.tsx:63 [sectionVisible; shared helper/component (see caller inventory)] ; client/src/pages/Home.tsx:197 [sectionVisible; shared helper/component (see caller inventory)] ; client/src/pages/Plant.tsx:175 [sectionVisible; shared helper/component (see caller inventory)] ; client/src/pages/Plant.tsx:357 [sectionVisible; shared helper/component (see caller inventory)] ; client/src/pages/Plant.tsx:587 [sectionVisible; shared helper/component (see caller inventory)] ; client/src/pages/ReportsHub.tsx:33 [sectionVisible; shared helper/component (see caller inventory)] ; client/src/pages/RmcHub.tsx:79 [sectionVisible; shared helper/component (see caller inventory)] ; client/src/pages/SiteHome.tsx:44 [sectionVisible; shared helper/component (see caller inventory)] ; client/src/pages/SiteHub.tsx:168 [sectionVisible; HubActionTile navigation: href={`/site/purchases?returnTo=${HUB}`}] ; client/src/pages/SiteHub.tsx:182 [sectionVisible; HubActionTile navigation: href=""/plant/purchase-indents?returnTo=/site/hub&from=site&context=site""] ; client/src/pages/StoresHub.tsx:36 [sectionVisible; shared helper/component (see caller inventory)]","","HIDDEN","true","Not used for this section","Page/tile access ONLY through the seven-action visibility OR; no resolved action-specific operation. The action's name does not describe this effect.","Named action only grants visibility"
"purchase_indents_view","Purchase Indents — View List","view_reports","Reports","grey","client/src/App.tsx:343 [gatedEither; path=""/plant/purchase-indents"" component={gatedEither(PurchaseIndents, ""purchase_indents_view"", ""site_procurement"", ""purchase_indents_raise"")}] ; client/src/pages/EquipmentHub.tsx:199 [sectionVisible; HubActionTile navigation: href=""/plant/purchase-indents?returnTo=/equipment/hub&from=equipment""] ; client/src/pages/FieldHome.tsx:849 [sectionVisible; shared helper/component (see caller inventory)] ; client/src/pages/FinanceHub.tsx:30 [sectionVisible; shared helper/component (see caller inventory)] ; client/src/pages/HmpHub.tsx:63 [sectionVisible; shared helper/component (see caller inventory)] ; client/src/pages/Home.tsx:197 [sectionVisible; shared helper/component (see caller inventory)] ; client/src/pages/Plant.tsx:175 [sectionVisible; shared helper/component (see caller inventory)] ; client/src/pages/Plant.tsx:357 [sectionVisible; shared helper/component (see caller inventory)] ; client/src/pages/Plant.tsx:587 [sectionVisible; shared helper/component (see caller inventory)] ; client/src/pages/ReportsHub.tsx:33 [sectionVisible; shared helper/component (see caller inventory)] ; client/src/pages/RmcHub.tsx:79 [sectionVisible; shared helper/component (see caller inventory)] ; client/src/pages/SiteHome.tsx:44 [sectionVisible; shared helper/component (see caller inventory)] ; client/src/pages/SiteHub.tsx:168 [sectionVisible; HubActionTile navigation: href={`/site/purchases?returnTo=${HUB}`}] ; client/src/pages/SiteHub.tsx:182 [sectionVisible; HubActionTile navigation: href=""/plant/purchase-indents?returnTo=/site/hub&from=site&context=site""] ; client/src/pages/StoresHub.tsx:36 [sectionVisible; shared helper/component (see caller inventory)]","","HIDDEN","true","Not used for this section","Page/tile access ONLY through the seven-action visibility OR; no resolved action-specific operation. The action's name does not describe this effect.","Named action only grants visibility"
"purchase_indents_view","Purchase Indents — View List","export","Export","grey","client/src/App.tsx:343 [gatedEither; path=""/plant/purchase-indents"" component={gatedEither(PurchaseIndents, ""purchase_indents_view"", ""site_procurement"", ""purchase_indents_raise"")}] ; client/src/pages/EquipmentHub.tsx:199 [sectionVisible; HubActionTile navigation: href=""/plant/purchase-indents?returnTo=/equipment/hub&from=equipment""] ; client/src/pages/FieldHome.tsx:849 [sectionVisible; shared helper/component (see caller inventory)] ; client/src/pages/FinanceHub.tsx:30 [sectionVisible; shared helper/component (see caller inventory)] ; client/src/pages/HmpHub.tsx:63 [sectionVisible; shared helper/component (see caller inventory)] ; client/src/pages/Home.tsx:197 [sectionVisible; shared helper/component (see caller inventory)] ; client/src/pages/Plant.tsx:175 [sectionVisible; shared helper/component (see caller inventory)] ; client/src/pages/Plant.tsx:357 [sectionVisible; shared helper/component (see caller inventory)] ; client/src/pages/Plant.tsx:587 [sectionVisible; shared helper/component (see caller inventory)] ; client/src/pages/ReportsHub.tsx:33 [sectionVisible; shared helper/component (see caller inventory)] ; client/src/pages/RmcHub.tsx:79 [sectionVisible; shared helper/component (see caller inventory)] ; client/src/pages/SiteHome.tsx:44 [sectionVisible; shared helper/component (see caller inventory)] ; client/src/pages/SiteHub.tsx:168 [sectionVisible; HubActionTile navigation: href={`/site/purchases?returnTo=${HUB}`}] ; client/src/pages/SiteHub.tsx:182 [sectionVisible; HubActionTile navigation: href=""/plant/purchase-indents?returnTo=/site/hub&from=site&context=site""] ; client/src/pages/StoresHub.tsx:36 [sectionVisible; shared helper/component (see caller inventory)]","","HIDDEN","true","Not used for this section","Page/tile access ONLY through the seven-action visibility OR; no resolved action-specific operation. The action's name does not describe this effect.","Named action only grants visibility"
"purchase_indents_view","Purchase Indents — View List","approve","Approve","grey","client/src/App.tsx:343 [gatedEither; path=""/plant/purchase-indents"" component={gatedEither(PurchaseIndents, ""purchase_indents_view"", ""site_procurement"", ""purchase_indents_raise"")}] ; client/src/pages/EquipmentHub.tsx:199 [sectionVisible; HubActionTile navigation: href=""/plant/purchase-indents?returnTo=/equipment/hub&from=equipment""] ; client/src/pages/FieldHome.tsx:849 [sectionVisible; shared helper/component (see caller inventory)] ; client/src/pages/FinanceHub.tsx:30 [sectionVisible; shared helper/component (see caller inventory)] ; client/src/pages/HmpHub.tsx:63 [sectionVisible; shared helper/component (see caller inventory)] ; client/src/pages/Home.tsx:197 [sectionVisible; shared helper/component (see caller inventory)] ; client/src/pages/Plant.tsx:175 [sectionVisible; shared helper/component (see caller inventory)] ; client/src/pages/Plant.tsx:357 [sectionVisible; shared helper/component (see caller inventory)] ; client/src/pages/Plant.tsx:587 [sectionVisible; shared helper/component (see caller inventory)] ; client/src/pages/ReportsHub.tsx:33 [sectionVisible; shared helper/component (see caller inventory)] ; client/src/pages/RmcHub.tsx:79 [sectionVisible; shared helper/component (see caller inventory)] ; client/src/pages/SiteHome.tsx:44 [sectionVisible; shared helper/component (see caller inventory)] ; client/src/pages/SiteHub.tsx:168 [sectionVisible; HubActionTile navigation: href={`/site/purchases?returnTo=${HUB}`}] ; client/src/pages/SiteHub.tsx:182 [sectionVisible; HubActionTile navigation: href=""/plant/purchase-indents?returnTo=/site/hub&from=site&context=site""] ; client/src/pages/StoresHub.tsx:36 [sectionVisible; shared helper/component (see caller inventory)]","","HIDDEN","true","Not used for this section","Page/tile access ONLY through the seven-action visibility OR; no resolved action-specific operation. The action's name does not describe this effect.","Named action only grants visibility"
"purchase_indents_view","Purchase Indents — View List","notify","Notify","tickable","","server/routes.ts:9397 [sendPushToSection; POST ""/api/purchase-indents""] ; server/routes.ts:9442 [sendPushToSection; PATCH ""/api/purchase-indents/:id/approve""] ; server/routes.ts:9470 [sendPushToSection; PATCH ""/api/purchase-indents/:id/reject""] ; server/routes.ts:9499 [sendPushToSection; PATCH ""/api/purchase-indents/:id/stores-verify""] ; server/routes.ts:9520 [sendPushToSection; PATCH ""/api/purchase-indents/:id/stores-bypass""] ; server/routes.ts:9734 [sendPushToSection; POST ""/api/irn/:id/raise-pi""] ; server/routes.ts:10258 [sendPushToSection; PATCH ""/api/purchase-indent-items/:id/procure""] ; server/routes.ts:10292 [sendPushToSection; POST ""/api/purchase-indents/:id/notify""] ; server/routes.ts:10341 [sendPushToSection; PATCH ""/api/purchase-indent-items/:id/purchase-update""] ; server/routes.ts:10369 [sendPushToSection; PATCH ""/api/purchase-indent-items/:id/cancel""] ; server/routes.ts:10408 [sendPushToSection; PATCH ""/api/purchase-indents/:id/force-close""]","LIVE","true","No normal active-cell tooltip; when grant restricted: ""You cannot change this grant"". Notify header when disabled: ""Push notifications are disabled for this user"".","Recipient eligibility for concrete sendPushToSection events; also requires user notifications and subscription.",""
"purchase_indents_raise","Purchase Indents — Raise / Submit","view","View","tickable","client/src/App.tsx:343 [gatedEither; path=""/plant/purchase-indents"" component={gatedEither(PurchaseIndents, ""purchase_indents_view"", ""site_procurement"", ""purchase_indents_raise"")}] ; client/src/pages/EquipmentHub.tsx:200 [sectionVisible; HubActionTile navigation: href=""/plant/purchase-indents?returnTo=/equipment/hub&from=equipment""] ; client/src/pages/FieldHome.tsx:849 [sectionVisible; shared helper/component (see caller inventory)] ; client/src/pages/FinanceHub.tsx:30 [sectionVisible; shared helper/component (see caller inventory)] ; client/src/pages/HmpHub.tsx:63 [sectionVisible; shared helper/component (see caller inventory)] ; client/src/pages/Home.tsx:197 [sectionVisible; shared helper/component (see caller inventory)] ; client/src/pages/Plant.tsx:175 [sectionVisible; shared helper/component (see caller inventory)] ; client/src/pages/Plant.tsx:357 [sectionVisible; shared helper/component (see caller inventory)] ; client/src/pages/Plant.tsx:587 [sectionVisible; shared helper/component (see caller inventory)] ; client/src/pages/ReportsHub.tsx:33 [sectionVisible; shared helper/component (see caller inventory)] ; client/src/pages/RmcHub.tsx:79 [sectionVisible; shared helper/component (see caller inventory)] ; client/src/pages/SiteHome.tsx:44 [sectionVisible; shared helper/component (see caller inventory)] ; client/src/pages/SiteHub.tsx:169 [sectionVisible; HubActionTile navigation: href={`/site/purchases?returnTo=${HUB}`}] ; client/src/pages/SiteHub.tsx:183 [sectionVisible; HubActionTile navigation: href=""/plant/purchase-indents?returnTo=/site/hub&from=site&context=site""] ; client/src/pages/StoresHub.tsx:36 [sectionVisible; shared helper/component (see caller inventory)]","server/routes.ts:8984 [direct matrix read; shared helper/component (see caller inventory)] ; server/routes.ts:8991 [assertPiRaiserRead -> server/routes.ts:8975; GET ""/api/purchase-indents""] ; server/routes.ts:9070 [assertPiRaiserRead -> server/routes.ts:8975; GET ""/api/purchase-indents/route-corrections""] ; server/routes.ts:9082 [assertPiRaiserRead -> server/routes.ts:8975; POST ""/api/purchase-indents/route-corrections/apply""] ; server/routes.ts:9147 [assertPiRaiserRead -> server/routes.ts:8975; GET ""/api/purchase-indents/:id""] ; server/routes.ts:9242 [assertPiRaiserRead -> server/routes.ts:8975; GET ""/api/purchase-indents/:id/items/:itemId/purchase-order""] ; server/routes.ts:9375 [assertPiRaiserRead -> server/routes.ts:8975; GET ""/api/purchase-indents/:id/items/:itemId/purchase-order.pdf""] ; server/routes.ts:10308 [assertPiRaiserRead -> server/routes.ts:8975; GET ""/api/purchase-indent-items/recent-items""]","LIVE","true","No normal active-cell tooltip; when grant restricted: ""You cannot change this grant"". Notify header when disabled: ""Push notifications are disabled for this user"".","Read by gatedEither, sectionVisible, direct matrix read, assertPiRaiserRead -> server/routes.ts:8975. ","Not exclusive: six other actions also grant visibility"
"purchase_indents_raise","Purchase Indents — Raise / Submit","create","Create","tickable","client/src/App.tsx:343 [gatedEither; path=""/plant/purchase-indents"" component={gatedEither(PurchaseIndents, ""purchase_indents_view"", ""site_procurement"", ""purchase_indents_raise"")}] ; client/src/pages/EquipmentHub.tsx:200 [sectionVisible; HubActionTile navigation: href=""/plant/purchase-indents?returnTo=/equipment/hub&from=equipment""] ; client/src/pages/FieldHome.tsx:849 [sectionVisible; shared helper/component (see caller inventory)] ; client/src/pages/FinanceHub.tsx:30 [sectionVisible; shared helper/component (see caller inventory)] ; client/src/pages/HmpHub.tsx:63 [sectionVisible; shared helper/component (see caller inventory)] ; client/src/pages/Home.tsx:197 [sectionVisible; shared helper/component (see caller inventory)] ; client/src/pages/Plant.tsx:175 [sectionVisible; shared helper/component (see caller inventory)] ; client/src/pages/Plant.tsx:357 [sectionVisible; shared helper/component (see caller inventory)] ; client/src/pages/Plant.tsx:587 [sectionVisible; shared helper/component (see caller inventory)] ; client/src/pages/PurchaseIndents.tsx:677 [sectionCan; shared helper/component (see caller inventory)] ; client/src/pages/ReportsHub.tsx:33 [sectionVisible; shared helper/component (see caller inventory)] ; client/src/pages/RmcHub.tsx:79 [sectionVisible; shared helper/component (see caller inventory)] ; client/src/pages/SiteHome.tsx:44 [sectionVisible; shared helper/component (see caller inventory)] ; client/src/pages/SiteHub.tsx:169 [sectionVisible; HubActionTile navigation: href={`/site/purchases?returnTo=${HUB}`}] ; client/src/pages/SiteHub.tsx:183 [sectionVisible; HubActionTile navigation: href=""/plant/purchase-indents?returnTo=/site/hub&from=site&context=site""] ; client/src/pages/StoresHub.tsx:36 [sectionVisible; shared helper/component (see caller inventory)] ; client/src/pages/irn/IrnListPage.tsx:86 [sectionCan; shared helper/component (see caller inventory)]","server/routes.ts:8984 [direct matrix read; shared helper/component (see caller inventory)] ; server/routes.ts:9267 [assertCreateEither; POST ""/api/purchase-indents/:id/items/:itemId/purchase-order""] ; server/routes.ts:9313 [assertCreateEither; PATCH ""/api/purchase-indents/:id/items/:itemId/purchase-order""] ; server/routes.ts:9337 [assertCreateEither; POST ""/api/purchase-indents/:id/items/:itemId/purchase-order/submit""] ; server/routes.ts:9394 [assertCreateEither; POST ""/api/purchase-indents""] ; server/routes.ts:9534 [assertCreateEither; POST ""/api/purchase-indents/:id/place-order""] ; server/routes.ts:9550 [assertCreateEither; POST ""/api/purchase-indents/:id/record-material-receipt""] ; server/routes.ts:9587 [direct matrix read; PATCH ""/api/purchase-indents/items/:itemId/link-receipt""] ; server/routes.ts:9686 [assertCreateEither; POST ""/api/irn/:id/raise-pi""] ; server/routes.ts:8991 [assertPiRaiserRead -> server/routes.ts:8975; GET ""/api/purchase-indents""] ; server/routes.ts:9070 [assertPiRaiserRead -> server/routes.ts:8975; GET ""/api/purchase-indents/route-corrections""] ; server/routes.ts:9082 [assertPiRaiserRead -> server/routes.ts:8975; POST ""/api/purchase-indents/route-corrections/apply""] ; server/routes.ts:9147 [assertPiRaiserRead -> server/routes.ts:8975; GET ""/api/purchase-indents/:id""] ; server/routes.ts:9242 [assertPiRaiserRead -> server/routes.ts:8975; GET ""/api/purchase-indents/:id/items/:itemId/purchase-order""] ; server/routes.ts:9375 [assertPiRaiserRead -> server/routes.ts:8975; GET ""/api/purchase-indents/:id/items/:itemId/purchase-order.pdf""] ; server/routes.ts:10308 [assertPiRaiserRead -> server/routes.ts:8975; GET ""/api/purchase-indent-items/recent-items""]","LIVE","true","No normal active-cell tooltip; when grant restricted: ""You cannot change this grant"". Notify header when disabled: ""Push notifications are disabled for this user"".","Read by gatedEither, sectionVisible, sectionCan, direct matrix read, assertCreateEither, assertPiRaiserRead -> server/routes.ts:8975. ",""
"purchase_indents_raise","Purchase Indents — Raise / Submit","edit","Edit","tickable","client/src/App.tsx:343 [gatedEither; path=""/plant/purchase-indents"" component={gatedEither(PurchaseIndents, ""purchase_indents_view"", ""site_procurement"", ""purchase_indents_raise"")}] ; client/src/pages/EquipmentHub.tsx:200 [sectionVisible; HubActionTile navigation: href=""/plant/purchase-indents?returnTo=/equipment/hub&from=equipment""] ; client/src/pages/FieldHome.tsx:849 [sectionVisible; shared helper/component (see caller inventory)] ; client/src/pages/FinanceHub.tsx:30 [sectionVisible; shared helper/component (see caller inventory)] ; client/src/pages/HmpHub.tsx:63 [sectionVisible; shared helper/component (see caller inventory)] ; client/src/pages/Home.tsx:197 [sectionVisible; shared helper/component (see caller inventory)] ; client/src/pages/Plant.tsx:175 [sectionVisible; shared helper/component (see caller inventory)] ; client/src/pages/Plant.tsx:357 [sectionVisible; shared helper/component (see caller inventory)] ; client/src/pages/Plant.tsx:587 [sectionVisible; shared helper/component (see caller inventory)] ; client/src/pages/PurchaseIndents.tsx:678 [sectionCan; shared helper/component (see caller inventory)] ; client/src/pages/ReportsHub.tsx:33 [sectionVisible; shared helper/component (see caller inventory)] ; client/src/pages/RmcHub.tsx:79 [sectionVisible; shared helper/component (see caller inventory)] ; client/src/pages/SiteHome.tsx:44 [sectionVisible; shared helper/component (see caller inventory)] ; client/src/pages/SiteHub.tsx:169 [sectionVisible; HubActionTile navigation: href={`/site/purchases?returnTo=${HUB}`}] ; client/src/pages/SiteHub.tsx:183 [sectionVisible; HubActionTile navigation: href=""/plant/purchase-indents?returnTo=/site/hub&from=site&context=site""] ; client/src/pages/StoresHub.tsx:36 [sectionVisible; shared helper/component (see caller inventory)]","server/routes.ts:8984 [direct matrix read; shared helper/component (see caller inventory)] ; server/routes.ts:9083 [assertEditEither; POST ""/api/purchase-indents/route-corrections/apply""] ; server/routes.ts:9134 [assertEditEither; PATCH ""/api/purchase-indents/:id/items/:itemId/destination""] ; server/routes.ts:10240 [assertEditEither; PATCH ""/api/purchase-indent-items/:id/procure""] ; server/routes.ts:10270 [assertEditEither; POST ""/api/purchase-indents/:id/notify""] ; server/routes.ts:10320 [assertEditEither; PATCH ""/api/purchase-indent-items/:id/purchase-update""] ; server/routes.ts:10382 [assertEditEither; PATCH ""/api/purchase-indent-items/:id/reviewer-note""] ; server/routes.ts:10429 [assertEditEither; PUT ""/api/purchase-indents/:id""] ; server/routes.ts:10486 [assertEditEither; POST ""/api/purchase-indents/:id/purchaser-action""] ; server/routes.ts:10537 [assertEditEither; POST ""/api/purchase-indent-items/:id/record-delivery""] ; server/routes.ts:10654 [assertEditEither; POST ""/api/purchase-indents/:id/bulk-receipt""] ; server/routes.ts:8991 [assertPiRaiserRead -> server/routes.ts:8975; GET ""/api/purchase-indents""] ; server/routes.ts:9070 [assertPiRaiserRead -> server/routes.ts:8975; GET ""/api/purchase-indents/route-corrections""] ; server/routes.ts:9082 [assertPiRaiserRead -> server/routes.ts:8975; POST ""/api/purchase-indents/route-corrections/apply""] ; server/routes.ts:9147 [assertPiRaiserRead -> server/routes.ts:8975; GET ""/api/purchase-indents/:id""] ; server/routes.ts:9242 [assertPiRaiserRead -> server/routes.ts:8975; GET ""/api/purchase-indents/:id/items/:itemId/purchase-order""] ; server/routes.ts:9375 [assertPiRaiserRead -> server/routes.ts:8975; GET ""/api/purchase-indents/:id/items/:itemId/purchase-order.pdf""] ; server/routes.ts:10308 [assertPiRaiserRead -> server/routes.ts:8975; GET ""/api/purchase-indent-items/recent-items""]","LIVE","true","No normal active-cell tooltip; when grant restricted: ""You cannot change this grant"". Notify header when disabled: ""Push notifications are disabled for this user"".","Read by gatedEither, sectionVisible, sectionCan, direct matrix read, assertEditEither, assertPiRaiserRead -> server/routes.ts:8975. May also authorize delete/cancel via edit-tier gates; see evidence.",""
"purchase_indents_raise","Purchase Indents — Raise / Submit","delete","Delete","grey","client/src/App.tsx:343 [gatedEither; path=""/plant/purchase-indents"" component={gatedEither(PurchaseIndents, ""purchase_indents_view"", ""site_procurement"", ""purchase_indents_raise"")}] ; client/src/pages/EquipmentHub.tsx:200 [sectionVisible; HubActionTile navigation: href=""/plant/purchase-indents?returnTo=/equipment/hub&from=equipment""] ; client/src/pages/FieldHome.tsx:849 [sectionVisible; shared helper/component (see caller inventory)] ; client/src/pages/FinanceHub.tsx:30 [sectionVisible; shared helper/component (see caller inventory)] ; client/src/pages/HmpHub.tsx:63 [sectionVisible; shared helper/component (see caller inventory)] ; client/src/pages/Home.tsx:197 [sectionVisible; shared helper/component (see caller inventory)] ; client/src/pages/Plant.tsx:175 [sectionVisible; shared helper/component (see caller inventory)] ; client/src/pages/Plant.tsx:357 [sectionVisible; shared helper/component (see caller inventory)] ; client/src/pages/Plant.tsx:587 [sectionVisible; shared helper/component (see caller inventory)] ; client/src/pages/ReportsHub.tsx:33 [sectionVisible; shared helper/component (see caller inventory)] ; client/src/pages/RmcHub.tsx:79 [sectionVisible; shared helper/component (see caller inventory)] ; client/src/pages/SiteHome.tsx:44 [sectionVisible; shared helper/component (see caller inventory)] ; client/src/pages/SiteHub.tsx:169 [sectionVisible; HubActionTile navigation: href={`/site/purchases?returnTo=${HUB}`}] ; client/src/pages/SiteHub.tsx:183 [sectionVisible; HubActionTile navigation: href=""/plant/purchase-indents?returnTo=/site/hub&from=site&context=site""] ; client/src/pages/StoresHub.tsx:36 [sectionVisible; shared helper/component (see caller inventory)]","","HIDDEN","true","Not used for this section","Page/tile access ONLY through the seven-action visibility OR; no resolved action-specific operation. The action's name does not describe this effect.","Named action only grants visibility"
"purchase_indents_raise","Purchase Indents — Raise / Submit","view_reports","Reports","grey","client/src/App.tsx:343 [gatedEither; path=""/plant/purchase-indents"" component={gatedEither(PurchaseIndents, ""purchase_indents_view"", ""site_procurement"", ""purchase_indents_raise"")}] ; client/src/pages/EquipmentHub.tsx:200 [sectionVisible; HubActionTile navigation: href=""/plant/purchase-indents?returnTo=/equipment/hub&from=equipment""] ; client/src/pages/FieldHome.tsx:849 [sectionVisible; shared helper/component (see caller inventory)] ; client/src/pages/FinanceHub.tsx:30 [sectionVisible; shared helper/component (see caller inventory)] ; client/src/pages/HmpHub.tsx:63 [sectionVisible; shared helper/component (see caller inventory)] ; client/src/pages/Home.tsx:197 [sectionVisible; shared helper/component (see caller inventory)] ; client/src/pages/Plant.tsx:175 [sectionVisible; shared helper/component (see caller inventory)] ; client/src/pages/Plant.tsx:357 [sectionVisible; shared helper/component (see caller inventory)] ; client/src/pages/Plant.tsx:587 [sectionVisible; shared helper/component (see caller inventory)] ; client/src/pages/ReportsHub.tsx:33 [sectionVisible; shared helper/component (see caller inventory)] ; client/src/pages/RmcHub.tsx:79 [sectionVisible; shared helper/component (see caller inventory)] ; client/src/pages/SiteHome.tsx:44 [sectionVisible; shared helper/component (see caller inventory)] ; client/src/pages/SiteHub.tsx:169 [sectionVisible; HubActionTile navigation: href={`/site/purchases?returnTo=${HUB}`}] ; client/src/pages/SiteHub.tsx:183 [sectionVisible; HubActionTile navigation: href=""/plant/purchase-indents?returnTo=/site/hub&from=site&context=site""] ; client/src/pages/StoresHub.tsx:36 [sectionVisible; shared helper/component (see caller inventory)]","","HIDDEN","true","Not used for this section","Page/tile access ONLY through the seven-action visibility OR; no resolved action-specific operation. The action's name does not describe this effect.","Named action only grants visibility"
"purchase_indents_raise","Purchase Indents — Raise / Submit","export","Export","grey","client/src/App.tsx:343 [gatedEither; path=""/plant/purchase-indents"" component={gatedEither(PurchaseIndents, ""purchase_indents_view"", ""site_procurement"", ""purchase_indents_raise"")}] ; client/src/pages/EquipmentHub.tsx:200 [sectionVisible; HubActionTile navigation: href=""/plant/purchase-indents?returnTo=/equipment/hub&from=equipment""] ; client/src/pages/FieldHome.tsx:849 [sectionVisible; shared helper/component (see caller inventory)] ; client/src/pages/FinanceHub.tsx:30 [sectionVisible; shared helper/component (see caller inventory)] ; client/src/pages/HmpHub.tsx:63 [sectionVisible; shared helper/component (see caller inventory)] ; client/src/pages/Home.tsx:197 [sectionVisible; shared helper/component (see caller inventory)] ; client/src/pages/Plant.tsx:175 [sectionVisible; shared helper/component (see caller inventory)] ; client/src/pages/Plant.tsx:357 [sectionVisible; shared helper/component (see caller inventory)] ; client/src/pages/Plant.tsx:587 [sectionVisible; shared helper/component (see caller inventory)] ; client/src/pages/ReportsHub.tsx:33 [sectionVisible; shared helper/component (see caller inventory)] ; client/src/pages/RmcHub.tsx:79 [sectionVisible; shared helper/component (see caller inventory)] ; client/src/pages/SiteHome.tsx:44 [sectionVisible; shared helper/component (see caller inventory)] ; client/src/pages/SiteHub.tsx:169 [sectionVisible; HubActionTile navigation: href={`/site/purchases?returnTo=${HUB}`}] ; client/src/pages/SiteHub.tsx:183 [sectionVisible; HubActionTile navigation: href=""/plant/purchase-indents?returnTo=/site/hub&from=site&context=site""] ; client/src/pages/StoresHub.tsx:36 [sectionVisible; shared helper/component (see caller inventory)]","","HIDDEN","true","Not used for this section","Page/tile access ONLY through the seven-action visibility OR; no resolved action-specific operation. The action's name does not describe this effect.","Named action only grants visibility"
"purchase_indents_raise","Purchase Indents — Raise / Submit","approve","Approve","grey","client/src/App.tsx:343 [gatedEither; path=""/plant/purchase-indents"" component={gatedEither(PurchaseIndents, ""purchase_indents_view"", ""site_procurement"", ""purchase_indents_raise"")}] ; client/src/pages/EquipmentHub.tsx:200 [sectionVisible; HubActionTile navigation: href=""/plant/purchase-indents?returnTo=/equipment/hub&from=equipment""] ; client/src/pages/FieldHome.tsx:849 [sectionVisible; shared helper/component (see caller inventory)] ; client/src/pages/FinanceHub.tsx:30 [sectionVisible; shared helper/component (see caller inventory)] ; client/src/pages/HmpHub.tsx:63 [sectionVisible; shared helper/component (see caller inventory)] ; client/src/pages/Home.tsx:197 [sectionVisible; shared helper/component (see caller inventory)] ; client/src/pages/Plant.tsx:175 [sectionVisible; shared helper/component (see caller inventory)] ; client/src/pages/Plant.tsx:357 [sectionVisible; shared helper/component (see caller inventory)] ; client/src/pages/Plant.tsx:587 [sectionVisible; shared helper/component (see caller inventory)] ; client/src/pages/ReportsHub.tsx:33 [sectionVisible; shared helper/component (see caller inventory)] ; client/src/pages/RmcHub.tsx:79 [sectionVisible; shared helper/component (see caller inventory)] ; client/src/pages/SiteHome.tsx:44 [sectionVisible; shared helper/component (see caller inventory)] ; client/src/pages/SiteHub.tsx:169 [sectionVisible; HubActionTile navigation: href={`/site/purchases?returnTo=${HUB}`}] ; client/src/pages/SiteHub.tsx:183 [sectionVisible; HubActionTile navigation: href=""/plant/purchase-indents?returnTo=/site/hub&from=site&context=site""] ; client/src/pages/StoresHub.tsx:36 [sectionVisible; shared helper/component (see caller inventory)]","","HIDDEN","true","Not used for this section","Page/tile access ONLY through the seven-action visibility OR; no resolved action-specific operation. The action's name does not describe this effect.","Named action only grants visibility"
"purchase_indents_raise","Purchase Indents — Raise / Submit","notify","Notify","grey","","","CORRECTLY-OFF","true","Not used for this section","No resolved feature reader.","Tick has no resolved feature effect"
"purchase_indents_approve","Purchase Indents — Approve / Reject","view","View","tickable","client/src/pages/EquipmentHub.tsx:201 [sectionVisible; HubActionTile navigation: href=""/plant/purchase-indents?returnTo=/equipment/hub&from=equipment""] ; client/src/pages/FieldHome.tsx:849 [sectionVisible; shared helper/component (see caller inventory)] ; client/src/pages/FinanceHub.tsx:30 [sectionVisible; shared helper/component (see caller inventory)] ; client/src/pages/HmpHub.tsx:63 [sectionVisible; shared helper/component (see caller inventory)] ; client/src/pages/Home.tsx:197 [sectionVisible; shared helper/component (see caller inventory)] ; client/src/pages/Plant.tsx:175 [sectionVisible; shared helper/component (see caller inventory)] ; client/src/pages/Plant.tsx:357 [sectionVisible; shared helper/component (see caller inventory)] ; client/src/pages/Plant.tsx:587 [sectionVisible; shared helper/component (see caller inventory)] ; client/src/pages/ReportsHub.tsx:33 [sectionVisible; shared helper/component (see caller inventory)] ; client/src/pages/RmcHub.tsx:79 [sectionVisible; shared helper/component (see caller inventory)] ; client/src/pages/SiteHome.tsx:44 [sectionVisible; shared helper/component (see caller inventory)] ; client/src/pages/SiteHub.tsx:170 [sectionVisible; HubActionTile navigation: href={`/site/purchases?returnTo=${HUB}`}] ; client/src/pages/SiteHub.tsx:184 [sectionVisible; HubActionTile navigation: href=""/plant/purchase-indents?returnTo=/site/hub&from=site&context=site""]","","LIVE","true","No normal active-cell tooltip; when grant restricted: ""You cannot change this grant"". Notify header when disabled: ""Push notifications are disabled for this user"".","Page/tile access ONLY through the seven-action visibility OR; no resolved action-specific operation. The action's name does not describe this effect.","Not exclusive: six other actions also grant visibility"
"purchase_indents_approve","Purchase Indents — Approve / Reject","create","Create","grey","client/src/pages/EquipmentHub.tsx:201 [sectionVisible; HubActionTile navigation: href=""/plant/purchase-indents?returnTo=/equipment/hub&from=equipment""] ; client/src/pages/FieldHome.tsx:849 [sectionVisible; shared helper/component (see caller inventory)] ; client/src/pages/FinanceHub.tsx:30 [sectionVisible; shared helper/component (see caller inventory)] ; client/src/pages/HmpHub.tsx:63 [sectionVisible; shared helper/component (see caller inventory)] ; client/src/pages/Home.tsx:197 [sectionVisible; shared helper/component (see caller inventory)] ; client/src/pages/Plant.tsx:175 [sectionVisible; shared helper/component (see caller inventory)] ; client/src/pages/Plant.tsx:357 [sectionVisible; shared helper/component (see caller inventory)] ; client/src/pages/Plant.tsx:587 [sectionVisible; shared helper/component (see caller inventory)] ; client/src/pages/ReportsHub.tsx:33 [sectionVisible; shared helper/component (see caller inventory)] ; client/src/pages/RmcHub.tsx:79 [sectionVisible; shared helper/component (see caller inventory)] ; client/src/pages/SiteHome.tsx:44 [sectionVisible; shared helper/component (see caller inventory)] ; client/src/pages/SiteHub.tsx:170 [sectionVisible; HubActionTile navigation: href={`/site/purchases?returnTo=${HUB}`}] ; client/src/pages/SiteHub.tsx:184 [sectionVisible; HubActionTile navigation: href=""/plant/purchase-indents?returnTo=/site/hub&from=site&context=site""]","","HIDDEN","true","Not used for this section","Page/tile access ONLY through the seven-action visibility OR; no resolved action-specific operation. The action's name does not describe this effect.","Named action only grants visibility"
"purchase_indents_approve","Purchase Indents — Approve / Reject","edit","Edit","grey","client/src/pages/EquipmentHub.tsx:201 [sectionVisible; HubActionTile navigation: href=""/plant/purchase-indents?returnTo=/equipment/hub&from=equipment""] ; client/src/pages/FieldHome.tsx:849 [sectionVisible; shared helper/component (see caller inventory)] ; client/src/pages/FinanceHub.tsx:30 [sectionVisible; shared helper/component (see caller inventory)] ; client/src/pages/HmpHub.tsx:63 [sectionVisible; shared helper/component (see caller inventory)] ; client/src/pages/Home.tsx:197 [sectionVisible; shared helper/component (see caller inventory)] ; client/src/pages/Plant.tsx:175 [sectionVisible; shared helper/component (see caller inventory)] ; client/src/pages/Plant.tsx:357 [sectionVisible; shared helper/component (see caller inventory)] ; client/src/pages/Plant.tsx:587 [sectionVisible; shared helper/component (see caller inventory)] ; client/src/pages/ReportsHub.tsx:33 [sectionVisible; shared helper/component (see caller inventory)] ; client/src/pages/RmcHub.tsx:79 [sectionVisible; shared helper/component (see caller inventory)] ; client/src/pages/SiteHome.tsx:44 [sectionVisible; shared helper/component (see caller inventory)] ; client/src/pages/SiteHub.tsx:170 [sectionVisible; HubActionTile navigation: href={`/site/purchases?returnTo=${HUB}`}] ; client/src/pages/SiteHub.tsx:184 [sectionVisible; HubActionTile navigation: href=""/plant/purchase-indents?returnTo=/site/hub&from=site&context=site""]","","HIDDEN","true","Not used for this section","Page/tile access ONLY through the seven-action visibility OR; no resolved action-specific operation. The action's name does not describe this effect.","Named action only grants visibility"
"purchase_indents_approve","Purchase Indents — Approve / Reject","delete","Delete","grey","client/src/pages/EquipmentHub.tsx:201 [sectionVisible; HubActionTile navigation: href=""/plant/purchase-indents?returnTo=/equipment/hub&from=equipment""] ; client/src/pages/FieldHome.tsx:849 [sectionVisible; shared helper/component (see caller inventory)] ; client/src/pages/FinanceHub.tsx:30 [sectionVisible; shared helper/component (see caller inventory)] ; client/src/pages/HmpHub.tsx:63 [sectionVisible; shared helper/component (see caller inventory)] ; client/src/pages/Home.tsx:197 [sectionVisible; shared helper/component (see caller inventory)] ; client/src/pages/Plant.tsx:175 [sectionVisible; shared helper/component (see caller inventory)] ; client/src/pages/Plant.tsx:357 [sectionVisible; shared helper/component (see caller inventory)] ; client/src/pages/Plant.tsx:587 [sectionVisible; shared helper/component (see caller inventory)] ; client/src/pages/ReportsHub.tsx:33 [sectionVisible; shared helper/component (see caller inventory)] ; client/src/pages/RmcHub.tsx:79 [sectionVisible; shared helper/component (see caller inventory)] ; client/src/pages/SiteHome.tsx:44 [sectionVisible; shared helper/component (see caller inventory)] ; client/src/pages/SiteHub.tsx:170 [sectionVisible; HubActionTile navigation: href={`/site/purchases?returnTo=${HUB}`}] ; client/src/pages/SiteHub.tsx:184 [sectionVisible; HubActionTile navigation: href=""/plant/purchase-indents?returnTo=/site/hub&from=site&context=site""]","","HIDDEN","true","Not used for this section","Page/tile access ONLY through the seven-action visibility OR; no resolved action-specific operation. The action's name does not describe this effect.","Named action only grants visibility"
"purchase_indents_approve","Purchase Indents — Approve / Reject","view_reports","Reports","grey","client/src/pages/EquipmentHub.tsx:201 [sectionVisible; HubActionTile navigation: href=""/plant/purchase-indents?returnTo=/equipment/hub&from=equipment""] ; client/src/pages/FieldHome.tsx:849 [sectionVisible; shared helper/component (see caller inventory)] ; client/src/pages/FinanceHub.tsx:30 [sectionVisible; shared helper/component (see caller inventory)] ; client/src/pages/HmpHub.tsx:63 [sectionVisible; shared helper/component (see caller inventory)] ; client/src/pages/Home.tsx:197 [sectionVisible; shared helper/component (see caller inventory)] ; client/src/pages/Plant.tsx:175 [sectionVisible; shared helper/component (see caller inventory)] ; client/src/pages/Plant.tsx:357 [sectionVisible; shared helper/component (see caller inventory)] ; client/src/pages/Plant.tsx:587 [sectionVisible; shared helper/component (see caller inventory)] ; client/src/pages/ReportsHub.tsx:33 [sectionVisible; shared helper/component (see caller inventory)] ; client/src/pages/RmcHub.tsx:79 [sectionVisible; shared helper/component (see caller inventory)] ; client/src/pages/SiteHome.tsx:44 [sectionVisible; shared helper/component (see caller inventory)] ; client/src/pages/SiteHub.tsx:170 [sectionVisible; HubActionTile navigation: href={`/site/purchases?returnTo=${HUB}`}] ; client/src/pages/SiteHub.tsx:184 [sectionVisible; HubActionTile navigation: href=""/plant/purchase-indents?returnTo=/site/hub&from=site&context=site""]","","HIDDEN","true","Not used for this section","Page/tile access ONLY through the seven-action visibility OR; no resolved action-specific operation. The action's name does not describe this effect.","Named action only grants visibility"
"purchase_indents_approve","Purchase Indents — Approve / Reject","export","Export","grey","client/src/pages/EquipmentHub.tsx:201 [sectionVisible; HubActionTile navigation: href=""/plant/purchase-indents?returnTo=/equipment/hub&from=equipment""] ; client/src/pages/FieldHome.tsx:849 [sectionVisible; shared helper/component (see caller inventory)] ; client/src/pages/FinanceHub.tsx:30 [sectionVisible; shared helper/component (see caller inventory)] ; client/src/pages/HmpHub.tsx:63 [sectionVisible; shared helper/component (see caller inventory)] ; client/src/pages/Home.tsx:197 [sectionVisible; shared helper/component (see caller inventory)] ; client/src/pages/Plant.tsx:175 [sectionVisible; shared helper/component (see caller inventory)] ; client/src/pages/Plant.tsx:357 [sectionVisible; shared helper/component (see caller inventory)] ; client/src/pages/Plant.tsx:587 [sectionVisible; shared helper/component (see caller inventory)] ; client/src/pages/ReportsHub.tsx:33 [sectionVisible; shared helper/component (see caller inventory)] ; client/src/pages/RmcHub.tsx:79 [sectionVisible; shared helper/component (see caller inventory)] ; client/src/pages/SiteHome.tsx:44 [sectionVisible; shared helper/component (see caller inventory)] ; client/src/pages/SiteHub.tsx:170 [sectionVisible; HubActionTile navigation: href={`/site/purchases?returnTo=${HUB}`}] ; client/src/pages/SiteHub.tsx:184 [sectionVisible; HubActionTile navigation: href=""/plant/purchase-indents?returnTo=/site/hub&from=site&context=site""]","","HIDDEN","true","Not used for this section","Page/tile access ONLY through the seven-action visibility OR; no resolved action-specific operation. The action's name does not describe this effect.","Named action only grants visibility"
"purchase_indents_approve","Purchase Indents — Approve / Reject","approve","Approve","tickable","client/src/pages/EquipmentHub.tsx:201 [sectionVisible; HubActionTile navigation: href=""/plant/purchase-indents?returnTo=/equipment/hub&from=equipment""] ; client/src/pages/FieldHome.tsx:849 [sectionVisible; shared helper/component (see caller inventory)] ; client/src/pages/FinanceHub.tsx:30 [sectionVisible; shared helper/component (see caller inventory)] ; client/src/pages/HmpHub.tsx:63 [sectionVisible; shared helper/component (see caller inventory)] ; client/src/pages/Home.tsx:197 [sectionVisible; shared helper/component (see caller inventory)] ; client/src/pages/Plant.tsx:175 [sectionVisible; shared helper/component (see caller inventory)] ; client/src/pages/Plant.tsx:357 [sectionVisible; shared helper/component (see caller inventory)] ; client/src/pages/Plant.tsx:587 [sectionVisible; shared helper/component (see caller inventory)] ; client/src/pages/PurchaseIndents.tsx:681 [canApprove; shared helper/component (see caller inventory)] ; client/src/pages/ReportsHub.tsx:33 [sectionVisible; shared helper/component (see caller inventory)] ; client/src/pages/RmcHub.tsx:79 [sectionVisible; shared helper/component (see caller inventory)] ; client/src/pages/SiteHome.tsx:44 [sectionVisible; shared helper/component (see caller inventory)] ; client/src/pages/SiteHub.tsx:170 [sectionVisible; HubActionTile navigation: href={`/site/purchases?returnTo=${HUB}`}] ; client/src/pages/SiteHub.tsx:184 [sectionVisible; HubActionTile navigation: href=""/plant/purchase-indents?returnTo=/site/hub&from=site&context=site""] ; client/src/pages/WorkDemand.tsx:1783 [direct matrix read; shared helper/component (see caller inventory)]","server/routes.ts:9225 [assertApprove; GET ""/api/purchase-orders/pending""] ; server/routes.ts:9349 [assertApprove; POST ""/api/purchase-indents/:id/items/:itemId/purchase-order/decision""] ; server/routes.ts:9413 [assertApprove; PATCH ""/api/purchase-indents/:id/approve""] ; server/routes.ts:9459 [assertApprove; PATCH ""/api/purchase-indents/:id/reject""] ; server/routes.ts:10363 [assertApprove; PATCH ""/api/purchase-indent-items/:id/cancel""] ; server/routes.ts:10574 [assertApprove; POST ""/api/purchase-indents/:id/service-completion""] ; server/routes.ts:20109 [assertApprove; POST ""/api/boq/projects/:id/material-mappings""] ; server/routes.ts:20344 [assertApprove; POST ""/api/material-requirements/:id/allocations""]","LIVE","true","No normal active-cell tooltip; when grant restricted: ""You cannot change this grant"". Notify header when disabled: ""Push notifications are disabled for this user"".","Read by sectionVisible, canApprove, direct matrix read, assertApprove. ","Check route verbs: approval can mean verify/issue/reject/close/reopen"
"purchase_indents_approve","Purchase Indents — Approve / Reject","notify","Notify","grey","","","CORRECTLY-OFF","true","Not used for this section","No resolved feature reader.","Tick has no resolved feature effect"
"site_diesel","Diesel Requirements (legacy)","view","View","tickable","client/src/App.tsx:344 [gatedEither; path=""/plant/diesel-requirements"" component={gatedEither(DieselRequirements, ""diesel_req_view"", ""site_diesel"", ""diesel_req_raise"")}] ; client/src/App.tsx:382 [gatedEither; path=""/stores/diesel-register"" component={gatedEither(StoresDieselRegister, ""diesel_req_view"", ""site_diesel"", ""stores_inventory"")}] ; client/src/pages/DieselRequirements.tsx:1159 [sectionCan; shared helper/component (see caller inventory)] ; client/src/pages/EquipmentHub.tsx:184 [sectionVisible; HubActionTile navigation: href={`/plant/diesel-requirements?returnTo=${HUB}`}] ; client/src/pages/FinanceHub.tsx:31 [sectionVisible; shared helper/component (see caller inventory)] ; client/src/pages/HmpHub.tsx:64 [sectionVisible; shared helper/component (see caller inventory)] ; client/src/pages/Home.tsx:198 [sectionVisible; shared helper/component (see caller inventory)] ; client/src/pages/Plant.tsx:176 [sectionVisible; shared helper/component (see caller inventory)] ; client/src/pages/Plant.tsx:178 [sectionVisible; shared helper/component (see caller inventory)] ; client/src/pages/Plant.tsx:374 [sectionVisible; shared helper/component (see caller inventory)] ; client/src/pages/Plant.tsx:449 [sectionVisible; shared helper/component (see caller inventory)] ; client/src/pages/Plant.tsx:641 [sectionVisible; shared helper/component (see caller inventory)] ; client/src/pages/ReportsHub.tsx:38 [sectionVisible; shared helper/component (see caller inventory)] ; client/src/pages/RmcHub.tsx:80 [sectionVisible; shared helper/component (see caller inventory)] ; client/src/pages/SiteHome.tsx:45 [sectionVisible; shared helper/component (see caller inventory)] ; client/src/pages/SiteHub.tsx:195 [sectionVisible; HubActionTile navigation: href=""/plant/diesel-requirements?returnTo=/site/hub""] ; client/src/pages/StoresDieselRegister.tsx:129 [sectionVisible; shared helper/component (see caller inventory)] ; client/src/pages/StoresHub.tsx:37 [sectionVisible; shared helper/component (see caller inventory)]","server/routes.ts:230 [direct matrix read; shared helper/component (see caller inventory)] ; server/routes.ts:1376 [assertDieselOrStoresView -> server/routes.ts:222; GET ""/api/attachments""] ; server/routes.ts:1404 [assertDieselOrStoresView -> server/routes.ts:222; GET ""/api/attachments/counts""] ; server/routes.ts:10744 [assertDieselOrStoresView -> server/routes.ts:222; GET ""/api/diesel-requirements""] ; server/routes.ts:10760 [assertDieselOrStoresView -> server/routes.ts:222; GET ""/api/diesel-requirements/summary""] ; server/routes.ts:10777 [assertDieselOrStoresView -> server/routes.ts:222; GET ""/api/diesel-requirements/daily-report""] ; server/routes.ts:10798 [assertDieselOrStoresView -> server/routes.ts:222; GET ""/api/diesel-requirements/comparison""] ; server/routes.ts:10829 [assertDieselOrStoresView -> server/routes.ts:222; GET ""/api/diesel-requirements/recent-items""] ; server/routes.ts:10847 [assertDieselOrStoresView -> server/routes.ts:222; GET ""/api/diesel-requirements/receipt-status""] ; server/routes.ts:10928 [assertDieselOrStoresView -> server/routes.ts:222; GET ""/api/diesel-requirements/:id""]","LIVE","true","No normal active-cell tooltip; when grant restricted: ""You cannot change this grant"". Notify header when disabled: ""Push notifications are disabled for this user"".","Read by gatedEither, sectionCan, sectionVisible, direct matrix read, assertDieselOrStoresView -> server/routes.ts:222. ","Not exclusive: six other actions also grant visibility"
"site_diesel","Diesel Requirements (legacy)","create","Create","tickable","client/src/App.tsx:344 [gatedEither; path=""/plant/diesel-requirements"" component={gatedEither(DieselRequirements, ""diesel_req_view"", ""site_diesel"", ""diesel_req_raise"")}] ; client/src/App.tsx:382 [gatedEither; path=""/stores/diesel-register"" component={gatedEither(StoresDieselRegister, ""diesel_req_view"", ""site_diesel"", ""stores_inventory"")}] ; client/src/pages/DieselRequirements.tsx:534 [sectionCan; shared helper/component (see caller inventory)] ; client/src/pages/DieselRequirements.tsx:1159 [sectionCan; shared helper/component (see caller inventory)] ; client/src/pages/EquipmentHub.tsx:184 [sectionVisible; HubActionTile navigation: href={`/plant/diesel-requirements?returnTo=${HUB}`}] ; client/src/pages/FinanceHub.tsx:31 [sectionVisible; shared helper/component (see caller inventory)] ; client/src/pages/HmpHub.tsx:64 [sectionVisible; shared helper/component (see caller inventory)] ; client/src/pages/Home.tsx:198 [sectionVisible; shared helper/component (see caller inventory)] ; client/src/pages/Plant.tsx:176 [sectionVisible; shared helper/component (see caller inventory)] ; client/src/pages/Plant.tsx:178 [sectionVisible; shared helper/component (see caller inventory)] ; client/src/pages/Plant.tsx:374 [sectionVisible; shared helper/component (see caller inventory)] ; client/src/pages/Plant.tsx:449 [sectionVisible; shared helper/component (see caller inventory)] ; client/src/pages/Plant.tsx:641 [sectionVisible; shared helper/component (see caller inventory)] ; client/src/pages/ReportsHub.tsx:38 [sectionVisible; shared helper/component (see caller inventory)] ; client/src/pages/RmcHub.tsx:80 [sectionVisible; shared helper/component (see caller inventory)] ; client/src/pages/SiteHome.tsx:45 [sectionVisible; shared helper/component (see caller inventory)] ; client/src/pages/SiteHub.tsx:195 [sectionVisible; HubActionTile navigation: href=""/plant/diesel-requirements?returnTo=/site/hub""] ; client/src/pages/StoresDieselRegister.tsx:129 [sectionVisible; shared helper/component (see caller inventory)] ; client/src/pages/StoresHub.tsx:37 [sectionVisible; shared helper/component (see caller inventory)]","server/routes.ts:232 [direct matrix read; shared helper/component (see caller inventory)] ; server/routes.ts:10893 [direct matrix read; PATCH ""/api/diesel-requirements/equipment/:id/consumption-norm""] ; server/routes.ts:10943 [assertCreateEither; POST ""/api/diesel-requirements""] ; server/routes.ts:1376 [assertDieselOrStoresView -> server/routes.ts:222; GET ""/api/attachments""] ; server/routes.ts:1404 [assertDieselOrStoresView -> server/routes.ts:222; GET ""/api/attachments/counts""] ; server/routes.ts:10744 [assertDieselOrStoresView -> server/routes.ts:222; GET ""/api/diesel-requirements""] ; server/routes.ts:10760 [assertDieselOrStoresView -> server/routes.ts:222; GET ""/api/diesel-requirements/summary""] ; server/routes.ts:10777 [assertDieselOrStoresView -> server/routes.ts:222; GET ""/api/diesel-requirements/daily-report""] ; server/routes.ts:10798 [assertDieselOrStoresView -> server/routes.ts:222; GET ""/api/diesel-requirements/comparison""] ; server/routes.ts:10829 [assertDieselOrStoresView -> server/routes.ts:222; GET ""/api/diesel-requirements/recent-items""] ; server/routes.ts:10847 [assertDieselOrStoresView -> server/routes.ts:222; GET ""/api/diesel-requirements/receipt-status""] ; server/routes.ts:10928 [assertDieselOrStoresView -> server/routes.ts:222; GET ""/api/diesel-requirements/:id""]","LIVE","true","No normal active-cell tooltip; when grant restricted: ""You cannot change this grant"". Notify header when disabled: ""Push notifications are disabled for this user"".","Read by gatedEither, sectionCan, sectionVisible, direct matrix read, assertCreateEither, assertDieselOrStoresView -> server/routes.ts:222. ",""
"site_diesel","Diesel Requirements (legacy)","edit","Edit","tickable","client/src/App.tsx:344 [gatedEither; path=""/plant/diesel-requirements"" component={gatedEither(DieselRequirements, ""diesel_req_view"", ""site_diesel"", ""diesel_req_raise"")}] ; client/src/App.tsx:382 [gatedEither; path=""/stores/diesel-register"" component={gatedEither(StoresDieselRegister, ""diesel_req_view"", ""site_diesel"", ""stores_inventory"")}] ; client/src/pages/DieselRequirements.tsx:397 [sectionCan; shared helper/component (see caller inventory)] ; client/src/pages/DieselRequirements.tsx:533 [sectionCan; shared helper/component (see caller inventory)] ; client/src/pages/DieselRequirements.tsx:535 [sectionCan; shared helper/component (see caller inventory)] ; client/src/pages/DieselRequirements.tsx:1159 [sectionCan; shared helper/component (see caller inventory)] ; client/src/pages/DieselRequirements.tsx:1583 [EditPermissionButton mapped record type; shared helper/component (see caller inventory)] ; client/src/pages/EquipmentHub.tsx:184 [sectionVisible; HubActionTile navigation: href={`/plant/diesel-requirements?returnTo=${HUB}`}] ; client/src/pages/FinanceHub.tsx:31 [sectionVisible; shared helper/component (see caller inventory)] ; client/src/pages/HmpHub.tsx:64 [sectionVisible; shared helper/component (see caller inventory)] ; client/src/pages/Home.tsx:198 [sectionVisible; shared helper/component (see caller inventory)] ; client/src/pages/Plant.tsx:176 [sectionVisible; shared helper/component (see caller inventory)] ; client/src/pages/Plant.tsx:178 [sectionVisible; shared helper/component (see caller inventory)] ; client/src/pages/Plant.tsx:374 [sectionVisible; shared helper/component (see caller inventory)] ; client/src/pages/Plant.tsx:449 [sectionVisible; shared helper/component (see caller inventory)] ; client/src/pages/Plant.tsx:641 [sectionVisible; shared helper/component (see caller inventory)] ; client/src/pages/PlantMaterialReceipts.tsx:419 [sectionCan; shared helper/component (see caller inventory)] ; client/src/pages/ReportsHub.tsx:38 [sectionVisible; shared helper/component (see caller inventory)] ; client/src/pages/RmcHub.tsx:80 [sectionVisible; shared helper/component (see caller inventory)] ; client/src/pages/SiteHome.tsx:45 [sectionVisible; shared helper/component (see caller inventory)] ; client/src/pages/SiteHub.tsx:195 [sectionVisible; HubActionTile navigation: href=""/plant/diesel-requirements?returnTo=/site/hub""] ; client/src/pages/StoresDieselRegister.tsx:129 [sectionVisible; shared helper/component (see caller inventory)] ; client/src/pages/StoresHub.tsx:37 [sectionVisible; shared helper/component (see caller inventory)]","server/routes.ts:233 [direct matrix read; shared helper/component (see caller inventory)] ; server/routes.ts:1427 [assertEditEither; POST ""/api/attachments""] ; server/routes.ts:1476 [assertEditEither; DELETE ""/api/attachments/:id""] ; server/routes.ts:4496 [direct matrix read; shared helper/component (see caller inventory)] ; server/routes.ts:10894 [direct matrix read; PATCH ""/api/diesel-requirements/equipment/:id/consumption-norm""] ; server/routes.ts:11017 [assertEditEither; PATCH ""/api/diesel-requirements/:id/purchase-update""] ; server/routes.ts:11062 [assertEditEither; PATCH ""/api/diesel-requirements/:id/payment-status""] ; server/routes.ts:11146 [assertEditEither; PUT ""/api/diesel-requirements/:id""] ; server/routes.ts:11790 [direct matrix read; GET ""/api/vendor-bills/company-accounts""] ; server/routes.ts:1376 [assertDieselOrStoresView -> server/routes.ts:222; GET ""/api/attachments""] ; server/routes.ts:1404 [assertDieselOrStoresView -> server/routes.ts:222; GET ""/api/attachments/counts""] ; server/routes.ts:4536 [canRecordStandaloneDieselReceipt -> server/routes.ts:4493; shared helper/component (see caller inventory)] ; server/routes.ts:4549 [canRecordStandaloneDieselReceipt -> server/routes.ts:4493; shared helper/component (see caller inventory)] ; server/routes.ts:10744 [assertDieselOrStoresView -> server/routes.ts:222; GET ""/api/diesel-requirements""] ; server/routes.ts:10760 [assertDieselOrStoresView -> server/routes.ts:222; GET ""/api/diesel-requirements/summary""] ; server/routes.ts:10777 [assertDieselOrStoresView -> server/routes.ts:222; GET ""/api/diesel-requirements/daily-report""] ; server/routes.ts:10798 [assertDieselOrStoresView -> server/routes.ts:222; GET ""/api/diesel-requirements/comparison""] ; server/routes.ts:10829 [assertDieselOrStoresView -> server/routes.ts:222; GET ""/api/diesel-requirements/recent-items""] ; server/routes.ts:10847 [assertDieselOrStoresView -> server/routes.ts:222; GET ""/api/diesel-requirements/receipt-status""] ; server/routes.ts:10928 [assertDieselOrStoresView -> server/routes.ts:222; GET ""/api/diesel-requirements/:id""]","LIVE","true","No normal active-cell tooltip; when grant restricted: ""You cannot change this grant"". Notify header when disabled: ""Push notifications are disabled for this user"".","Read by gatedEither, sectionCan, EditPermissionButton mapped record type, sectionVisible, direct matrix read, assertEditEither, assertDieselOrStoresView -> server/routes.ts:222, canRecordStandaloneDieselReceipt -> server/routes.ts:4493. May also authorize delete/cancel via edit-tier gates; see evidence.",""
"site_diesel","Diesel Requirements (legacy)","delete","Delete","grey","client/src/App.tsx:344 [gatedEither; path=""/plant/diesel-requirements"" component={gatedEither(DieselRequirements, ""diesel_req_view"", ""site_diesel"", ""diesel_req_raise"")}] ; client/src/App.tsx:382 [gatedEither; path=""/stores/diesel-register"" component={gatedEither(StoresDieselRegister, ""diesel_req_view"", ""site_diesel"", ""stores_inventory"")}] ; client/src/pages/EquipmentHub.tsx:184 [sectionVisible; HubActionTile navigation: href={`/plant/diesel-requirements?returnTo=${HUB}`}] ; client/src/pages/FinanceHub.tsx:31 [sectionVisible; shared helper/component (see caller inventory)] ; client/src/pages/HmpHub.tsx:64 [sectionVisible; shared helper/component (see caller inventory)] ; client/src/pages/Home.tsx:198 [sectionVisible; shared helper/component (see caller inventory)] ; client/src/pages/Plant.tsx:176 [sectionVisible; shared helper/component (see caller inventory)] ; client/src/pages/Plant.tsx:178 [sectionVisible; shared helper/component (see caller inventory)] ; client/src/pages/Plant.tsx:374 [sectionVisible; shared helper/component (see caller inventory)] ; client/src/pages/Plant.tsx:449 [sectionVisible; shared helper/component (see caller inventory)] ; client/src/pages/Plant.tsx:641 [sectionVisible; shared helper/component (see caller inventory)] ; client/src/pages/ReportsHub.tsx:38 [sectionVisible; shared helper/component (see caller inventory)] ; client/src/pages/RmcHub.tsx:80 [sectionVisible; shared helper/component (see caller inventory)] ; client/src/pages/SiteHome.tsx:45 [sectionVisible; shared helper/component (see caller inventory)] ; client/src/pages/SiteHub.tsx:195 [sectionVisible; HubActionTile navigation: href=""/plant/diesel-requirements?returnTo=/site/hub""] ; client/src/pages/StoresDieselRegister.tsx:129 [sectionVisible; shared helper/component (see caller inventory)] ; client/src/pages/StoresHub.tsx:37 [sectionVisible; shared helper/component (see caller inventory)]","","HIDDEN","true","Not used for this section","Page/tile access ONLY through the seven-action visibility OR; no resolved action-specific operation. The action's name does not describe this effect.","Named action only grants visibility"
"site_diesel","Diesel Requirements (legacy)","view_reports","Reports","tickable","client/src/App.tsx:344 [gatedEither; path=""/plant/diesel-requirements"" component={gatedEither(DieselRequirements, ""diesel_req_view"", ""site_diesel"", ""diesel_req_raise"")}] ; client/src/App.tsx:382 [gatedEither; path=""/stores/diesel-register"" component={gatedEither(StoresDieselRegister, ""diesel_req_view"", ""site_diesel"", ""stores_inventory"")}] ; client/src/pages/DieselRequirements.tsx:1162 [sectionCan; shared helper/component (see caller inventory)] ; client/src/pages/EquipmentHub.tsx:184 [sectionVisible; HubActionTile navigation: href={`/plant/diesel-requirements?returnTo=${HUB}`}] ; client/src/pages/FinanceHub.tsx:31 [sectionVisible; shared helper/component (see caller inventory)] ; client/src/pages/HmpHub.tsx:64 [sectionVisible; shared helper/component (see caller inventory)] ; client/src/pages/Home.tsx:198 [sectionVisible; shared helper/component (see caller inventory)] ; client/src/pages/Plant.tsx:176 [sectionVisible; shared helper/component (see caller inventory)] ; client/src/pages/Plant.tsx:178 [sectionVisible; shared helper/component (see caller inventory)] ; client/src/pages/Plant.tsx:374 [sectionVisible; shared helper/component (see caller inventory)] ; client/src/pages/Plant.tsx:449 [sectionVisible; shared helper/component (see caller inventory)] ; client/src/pages/Plant.tsx:641 [sectionVisible; shared helper/component (see caller inventory)] ; client/src/pages/ReportsHub.tsx:38 [sectionVisible; shared helper/component (see caller inventory)] ; client/src/pages/RmcHub.tsx:80 [sectionVisible; shared helper/component (see caller inventory)] ; client/src/pages/SiteHome.tsx:45 [sectionVisible; shared helper/component (see caller inventory)] ; client/src/pages/SiteHub.tsx:195 [sectionVisible; HubActionTile navigation: href=""/plant/diesel-requirements?returnTo=/site/hub""] ; client/src/pages/StoresDieselRegister.tsx:129 [sectionVisible; shared helper/component (see caller inventory)] ; client/src/pages/StoresHub.tsx:37 [sectionVisible; shared helper/component (see caller inventory)]","","LIVE","true","No normal active-cell tooltip; when grant restricted: ""You cannot change this grant"". Notify header when disabled: ""Push notifications are disabled for this user"".","Read by gatedEither, sectionCan, sectionVisible. Reports controls export affordances/endpoints, not just viewing.","Reports also controls exports"
"site_diesel","Diesel Requirements (legacy)","export","Export","grey","client/src/App.tsx:344 [gatedEither; path=""/plant/diesel-requirements"" component={gatedEither(DieselRequirements, ""diesel_req_view"", ""site_diesel"", ""diesel_req_raise"")}] ; client/src/App.tsx:382 [gatedEither; path=""/stores/diesel-register"" component={gatedEither(StoresDieselRegister, ""diesel_req_view"", ""site_diesel"", ""stores_inventory"")}] ; client/src/pages/EquipmentHub.tsx:184 [sectionVisible; HubActionTile navigation: href={`/plant/diesel-requirements?returnTo=${HUB}`}] ; client/src/pages/FinanceHub.tsx:31 [sectionVisible; shared helper/component (see caller inventory)] ; client/src/pages/HmpHub.tsx:64 [sectionVisible; shared helper/component (see caller inventory)] ; client/src/pages/Home.tsx:198 [sectionVisible; shared helper/component (see caller inventory)] ; client/src/pages/Plant.tsx:176 [sectionVisible; shared helper/component (see caller inventory)] ; client/src/pages/Plant.tsx:178 [sectionVisible; shared helper/component (see caller inventory)] ; client/src/pages/Plant.tsx:374 [sectionVisible; shared helper/component (see caller inventory)] ; client/src/pages/Plant.tsx:449 [sectionVisible; shared helper/component (see caller inventory)] ; client/src/pages/Plant.tsx:641 [sectionVisible; shared helper/component (see caller inventory)] ; client/src/pages/ReportsHub.tsx:38 [sectionVisible; shared helper/component (see caller inventory)] ; client/src/pages/RmcHub.tsx:80 [sectionVisible; shared helper/component (see caller inventory)] ; client/src/pages/SiteHome.tsx:45 [sectionVisible; shared helper/component (see caller inventory)] ; client/src/pages/SiteHub.tsx:195 [sectionVisible; HubActionTile navigation: href=""/plant/diesel-requirements?returnTo=/site/hub""] ; client/src/pages/StoresDieselRegister.tsx:129 [sectionVisible; shared helper/component (see caller inventory)] ; client/src/pages/StoresHub.tsx:37 [sectionVisible; shared helper/component (see caller inventory)]","","HIDDEN","true","Not used for this section","Page/tile access ONLY through the seven-action visibility OR; no resolved action-specific operation. The action's name does not describe this effect.","Named action only grants visibility"
"site_diesel","Diesel Requirements (legacy)","approve","Approve","grey","client/src/App.tsx:344 [gatedEither; path=""/plant/diesel-requirements"" component={gatedEither(DieselRequirements, ""diesel_req_view"", ""site_diesel"", ""diesel_req_raise"")}] ; client/src/App.tsx:382 [gatedEither; path=""/stores/diesel-register"" component={gatedEither(StoresDieselRegister, ""diesel_req_view"", ""site_diesel"", ""stores_inventory"")}] ; client/src/pages/EquipmentHub.tsx:184 [sectionVisible; HubActionTile navigation: href={`/plant/diesel-requirements?returnTo=${HUB}`}] ; client/src/pages/FinanceHub.tsx:31 [sectionVisible; shared helper/component (see caller inventory)] ; client/src/pages/HmpHub.tsx:64 [sectionVisible; shared helper/component (see caller inventory)] ; client/src/pages/Home.tsx:198 [sectionVisible; shared helper/component (see caller inventory)] ; client/src/pages/Plant.tsx:176 [sectionVisible; shared helper/component (see caller inventory)] ; client/src/pages/Plant.tsx:178 [sectionVisible; shared helper/component (see caller inventory)] ; client/src/pages/Plant.tsx:374 [sectionVisible; shared helper/component (see caller inventory)] ; client/src/pages/Plant.tsx:449 [sectionVisible; shared helper/component (see caller inventory)] ; client/src/pages/Plant.tsx:641 [sectionVisible; shared helper/component (see caller inventory)] ; client/src/pages/ReportsHub.tsx:38 [sectionVisible; shared helper/component (see caller inventory)] ; client/src/pages/RmcHub.tsx:80 [sectionVisible; shared helper/component (see caller inventory)] ; client/src/pages/SiteHome.tsx:45 [sectionVisible; shared helper/component (see caller inventory)] ; client/src/pages/SiteHub.tsx:195 [sectionVisible; HubActionTile navigation: href=""/plant/diesel-requirements?returnTo=/site/hub""] ; client/src/pages/StoresDieselRegister.tsx:129 [sectionVisible; shared helper/component (see caller inventory)] ; client/src/pages/StoresHub.tsx:37 [sectionVisible; shared helper/component (see caller inventory)]","","HIDDEN","true","Not used for this section","Page/tile access ONLY through the seven-action visibility OR; no resolved action-specific operation. The action's name does not describe this effect.","Named action only grants visibility"
"site_diesel","Diesel Requirements (legacy)","notify","Notify","tickable","","server/routes.ts:4713 [sendPushToSection; POST ""/api/plant-module/material-receipts""]","LIVE","true","No normal active-cell tooltip; when grant restricted: ""You cannot change this grant"". Notify header when disabled: ""Push notifications are disabled for this user"".","Recipient eligibility for concrete sendPushToSection events; also requires user notifications and subscription.",""
"diesel_req_view","Diesel Requirements — View List","view","View","tickable","client/src/App.tsx:344 [gatedEither; path=""/plant/diesel-requirements"" component={gatedEither(DieselRequirements, ""diesel_req_view"", ""site_diesel"", ""diesel_req_raise"")}] ; client/src/App.tsx:382 [gatedEither; path=""/stores/diesel-register"" component={gatedEither(StoresDieselRegister, ""diesel_req_view"", ""site_diesel"", ""stores_inventory"")}] ; client/src/pages/EquipmentHub.tsx:185 [sectionVisible; HubActionTile navigation: href={`/plant/diesel-requirements?returnTo=${HUB}`}] ; client/src/pages/FinanceHub.tsx:31 [sectionVisible; shared helper/component (see caller inventory)] ; client/src/pages/HmpHub.tsx:64 [sectionVisible; shared helper/component (see caller inventory)] ; client/src/pages/Home.tsx:198 [sectionVisible; shared helper/component (see caller inventory)] ; client/src/pages/Plant.tsx:176 [sectionVisible; shared helper/component (see caller inventory)] ; client/src/pages/Plant.tsx:178 [sectionVisible; shared helper/component (see caller inventory)] ; client/src/pages/Plant.tsx:374 [sectionVisible; shared helper/component (see caller inventory)] ; client/src/pages/Plant.tsx:449 [sectionVisible; shared helper/component (see caller inventory)] ; client/src/pages/Plant.tsx:641 [sectionVisible; shared helper/component (see caller inventory)] ; client/src/pages/ReportsHub.tsx:38 [sectionVisible; shared helper/component (see caller inventory)] ; client/src/pages/RmcHub.tsx:80 [sectionVisible; shared helper/component (see caller inventory)] ; client/src/pages/SiteHome.tsx:45 [sectionVisible; shared helper/component (see caller inventory)] ; client/src/pages/SiteHub.tsx:196 [sectionVisible; HubActionTile navigation: href=""/plant/diesel-requirements?returnTo=/site/hub""] ; client/src/pages/StoresDieselRegister.tsx:129 [sectionVisible; shared helper/component (see caller inventory)] ; client/src/pages/StoresHub.tsx:37 [sectionVisible; shared helper/component (see caller inventory)]","","LIVE","true","No normal active-cell tooltip; when grant restricted: ""You cannot change this grant"". Notify header when disabled: ""Push notifications are disabled for this user"".","Page/tile access ONLY through the seven-action visibility OR; no resolved action-specific operation. The action's name does not describe this effect.","Not exclusive: six other actions also grant visibility"
"diesel_req_view","Diesel Requirements — View List","create","Create","grey","client/src/App.tsx:344 [gatedEither; path=""/plant/diesel-requirements"" component={gatedEither(DieselRequirements, ""diesel_req_view"", ""site_diesel"", ""diesel_req_raise"")}] ; client/src/App.tsx:382 [gatedEither; path=""/stores/diesel-register"" component={gatedEither(StoresDieselRegister, ""diesel_req_view"", ""site_diesel"", ""stores_inventory"")}] ; client/src/pages/EquipmentHub.tsx:185 [sectionVisible; HubActionTile navigation: href={`/plant/diesel-requirements?returnTo=${HUB}`}] ; client/src/pages/FinanceHub.tsx:31 [sectionVisible; shared helper/component (see caller inventory)] ; client/src/pages/HmpHub.tsx:64 [sectionVisible; shared helper/component (see caller inventory)] ; client/src/pages/Home.tsx:198 [sectionVisible; shared helper/component (see caller inventory)] ; client/src/pages/Plant.tsx:176 [sectionVisible; shared helper/component (see caller inventory)] ; client/src/pages/Plant.tsx:178 [sectionVisible; shared helper/component (see caller inventory)] ; client/src/pages/Plant.tsx:374 [sectionVisible; shared helper/component (see caller inventory)] ; client/src/pages/Plant.tsx:449 [sectionVisible; shared helper/component (see caller inventory)] ; client/src/pages/Plant.tsx:641 [sectionVisible; shared helper/component (see caller inventory)] ; client/src/pages/ReportsHub.tsx:38 [sectionVisible; shared helper/component (see caller inventory)] ; client/src/pages/RmcHub.tsx:80 [sectionVisible; shared helper/component (see caller inventory)] ; client/src/pages/SiteHome.tsx:45 [sectionVisible; shared helper/component (see caller inventory)] ; client/src/pages/SiteHub.tsx:196 [sectionVisible; HubActionTile navigation: href=""/plant/diesel-requirements?returnTo=/site/hub""] ; client/src/pages/StoresDieselRegister.tsx:129 [sectionVisible; shared helper/component (see caller inventory)] ; client/src/pages/StoresHub.tsx:37 [sectionVisible; shared helper/component (see caller inventory)]","","HIDDEN","true","Not used for this section","Page/tile access ONLY through the seven-action visibility OR; no resolved action-specific operation. The action's name does not describe this effect.","Named action only grants visibility"
"diesel_req_view","Diesel Requirements — View List","edit","Edit","grey","client/src/App.tsx:344 [gatedEither; path=""/plant/diesel-requirements"" component={gatedEither(DieselRequirements, ""diesel_req_view"", ""site_diesel"", ""diesel_req_raise"")}] ; client/src/App.tsx:382 [gatedEither; path=""/stores/diesel-register"" component={gatedEither(StoresDieselRegister, ""diesel_req_view"", ""site_diesel"", ""stores_inventory"")}] ; client/src/pages/EquipmentHub.tsx:185 [sectionVisible; HubActionTile navigation: href={`/plant/diesel-requirements?returnTo=${HUB}`}] ; client/src/pages/FinanceHub.tsx:31 [sectionVisible; shared helper/component (see caller inventory)] ; client/src/pages/HmpHub.tsx:64 [sectionVisible; shared helper/component (see caller inventory)] ; client/src/pages/Home.tsx:198 [sectionVisible; shared helper/component (see caller inventory)] ; client/src/pages/Plant.tsx:176 [sectionVisible; shared helper/component (see caller inventory)] ; client/src/pages/Plant.tsx:178 [sectionVisible; shared helper/component (see caller inventory)] ; client/src/pages/Plant.tsx:374 [sectionVisible; shared helper/component (see caller inventory)] ; client/src/pages/Plant.tsx:449 [sectionVisible; shared helper/component (see caller inventory)] ; client/src/pages/Plant.tsx:641 [sectionVisible; shared helper/component (see caller inventory)] ; client/src/pages/ReportsHub.tsx:38 [sectionVisible; shared helper/component (see caller inventory)] ; client/src/pages/RmcHub.tsx:80 [sectionVisible; shared helper/component (see caller inventory)] ; client/src/pages/SiteHome.tsx:45 [sectionVisible; shared helper/component (see caller inventory)] ; client/src/pages/SiteHub.tsx:196 [sectionVisible; HubActionTile navigation: href=""/plant/diesel-requirements?returnTo=/site/hub""] ; client/src/pages/StoresDieselRegister.tsx:129 [sectionVisible; shared helper/component (see caller inventory)] ; client/src/pages/StoresHub.tsx:37 [sectionVisible; shared helper/component (see caller inventory)]","","HIDDEN","true","Not used for this section","Page/tile access ONLY through the seven-action visibility OR; no resolved action-specific operation. The action's name does not describe this effect.","Named action only grants visibility"
"diesel_req_view","Diesel Requirements — View List","delete","Delete","grey","client/src/App.tsx:344 [gatedEither; path=""/plant/diesel-requirements"" component={gatedEither(DieselRequirements, ""diesel_req_view"", ""site_diesel"", ""diesel_req_raise"")}] ; client/src/App.tsx:382 [gatedEither; path=""/stores/diesel-register"" component={gatedEither(StoresDieselRegister, ""diesel_req_view"", ""site_diesel"", ""stores_inventory"")}] ; client/src/pages/EquipmentHub.tsx:185 [sectionVisible; HubActionTile navigation: href={`/plant/diesel-requirements?returnTo=${HUB}`}] ; client/src/pages/FinanceHub.tsx:31 [sectionVisible; shared helper/component (see caller inventory)] ; client/src/pages/HmpHub.tsx:64 [sectionVisible; shared helper/component (see caller inventory)] ; client/src/pages/Home.tsx:198 [sectionVisible; shared helper/component (see caller inventory)] ; client/src/pages/Plant.tsx:176 [sectionVisible; shared helper/component (see caller inventory)] ; client/src/pages/Plant.tsx:178 [sectionVisible; shared helper/component (see caller inventory)] ; client/src/pages/Plant.tsx:374 [sectionVisible; shared helper/component (see caller inventory)] ; client/src/pages/Plant.tsx:449 [sectionVisible; shared helper/component (see caller inventory)] ; client/src/pages/Plant.tsx:641 [sectionVisible; shared helper/component (see caller inventory)] ; client/src/pages/ReportsHub.tsx:38 [sectionVisible; shared helper/component (see caller inventory)] ; client/src/pages/RmcHub.tsx:80 [sectionVisible; shared helper/component (see caller inventory)] ; client/src/pages/SiteHome.tsx:45 [sectionVisible; shared helper/component (see caller inventory)] ; client/src/pages/SiteHub.tsx:196 [sectionVisible; HubActionTile navigation: href=""/plant/diesel-requirements?returnTo=/site/hub""] ; client/src/pages/StoresDieselRegister.tsx:129 [sectionVisible; shared helper/component (see caller inventory)] ; client/src/pages/StoresHub.tsx:37 [sectionVisible; shared helper/component (see caller inventory)]","","HIDDEN","true","Not used for this section","Page/tile access ONLY through the seven-action visibility OR; no resolved action-specific operation. The action's name does not describe this effect.","Named action only grants visibility"
"diesel_req_view","Diesel Requirements — View List","view_reports","Reports","grey","client/src/App.tsx:344 [gatedEither; path=""/plant/diesel-requirements"" component={gatedEither(DieselRequirements, ""diesel_req_view"", ""site_diesel"", ""diesel_req_raise"")}] ; client/src/App.tsx:382 [gatedEither; path=""/stores/diesel-register"" component={gatedEither(StoresDieselRegister, ""diesel_req_view"", ""site_diesel"", ""stores_inventory"")}] ; client/src/pages/EquipmentHub.tsx:185 [sectionVisible; HubActionTile navigation: href={`/plant/diesel-requirements?returnTo=${HUB}`}] ; client/src/pages/FinanceHub.tsx:31 [sectionVisible; shared helper/component (see caller inventory)] ; client/src/pages/HmpHub.tsx:64 [sectionVisible; shared helper/component (see caller inventory)] ; client/src/pages/Home.tsx:198 [sectionVisible; shared helper/component (see caller inventory)] ; client/src/pages/Plant.tsx:176 [sectionVisible; shared helper/component (see caller inventory)] ; client/src/pages/Plant.tsx:178 [sectionVisible; shared helper/component (see caller inventory)] ; client/src/pages/Plant.tsx:374 [sectionVisible; shared helper/component (see caller inventory)] ; client/src/pages/Plant.tsx:449 [sectionVisible; shared helper/component (see caller inventory)] ; client/src/pages/Plant.tsx:641 [sectionVisible; shared helper/component (see caller inventory)] ; client/src/pages/ReportsHub.tsx:38 [sectionVisible; shared helper/component (see caller inventory)] ; client/src/pages/RmcHub.tsx:80 [sectionVisible; shared helper/component (see caller inventory)] ; client/src/pages/SiteHome.tsx:45 [sectionVisible; shared helper/component (see caller inventory)] ; client/src/pages/SiteHub.tsx:196 [sectionVisible; HubActionTile navigation: href=""/plant/diesel-requirements?returnTo=/site/hub""] ; client/src/pages/StoresDieselRegister.tsx:129 [sectionVisible; shared helper/component (see caller inventory)] ; client/src/pages/StoresHub.tsx:37 [sectionVisible; shared helper/component (see caller inventory)]","","HIDDEN","true","Not used for this section","Page/tile access ONLY through the seven-action visibility OR; no resolved action-specific operation. The action's name does not describe this effect.","Named action only grants visibility"
"diesel_req_view","Diesel Requirements — View List","export","Export","grey","client/src/App.tsx:344 [gatedEither; path=""/plant/diesel-requirements"" component={gatedEither(DieselRequirements, ""diesel_req_view"", ""site_diesel"", ""diesel_req_raise"")}] ; client/src/App.tsx:382 [gatedEither; path=""/stores/diesel-register"" component={gatedEither(StoresDieselRegister, ""diesel_req_view"", ""site_diesel"", ""stores_inventory"")}] ; client/src/pages/EquipmentHub.tsx:185 [sectionVisible; HubActionTile navigation: href={`/plant/diesel-requirements?returnTo=${HUB}`}] ; client/src/pages/FinanceHub.tsx:31 [sectionVisible; shared helper/component (see caller inventory)] ; client/src/pages/HmpHub.tsx:64 [sectionVisible; shared helper/component (see caller inventory)] ; client/src/pages/Home.tsx:198 [sectionVisible; shared helper/component (see caller inventory)] ; client/src/pages/Plant.tsx:176 [sectionVisible; shared helper/component (see caller inventory)] ; client/src/pages/Plant.tsx:178 [sectionVisible; shared helper/component (see caller inventory)] ; client/src/pages/Plant.tsx:374 [sectionVisible; shared helper/component (see caller inventory)] ; client/src/pages/Plant.tsx:449 [sectionVisible; shared helper/component (see caller inventory)] ; client/src/pages/Plant.tsx:641 [sectionVisible; shared helper/component (see caller inventory)] ; client/src/pages/ReportsHub.tsx:38 [sectionVisible; shared helper/component (see caller inventory)] ; client/src/pages/RmcHub.tsx:80 [sectionVisible; shared helper/component (see caller inventory)] ; client/src/pages/SiteHome.tsx:45 [sectionVisible; shared helper/component (see caller inventory)] ; client/src/pages/SiteHub.tsx:196 [sectionVisible; HubActionTile navigation: href=""/plant/diesel-requirements?returnTo=/site/hub""] ; client/src/pages/StoresDieselRegister.tsx:129 [sectionVisible; shared helper/component (see caller inventory)] ; client/src/pages/StoresHub.tsx:37 [sectionVisible; shared helper/component (see caller inventory)]","","HIDDEN","true","Not used for this section","Page/tile access ONLY through the seven-action visibility OR; no resolved action-specific operation. The action's name does not describe this effect.","Named action only grants visibility"
"diesel_req_view","Diesel Requirements — View List","approve","Approve","grey","client/src/App.tsx:344 [gatedEither; path=""/plant/diesel-requirements"" component={gatedEither(DieselRequirements, ""diesel_req_view"", ""site_diesel"", ""diesel_req_raise"")}] ; client/src/App.tsx:382 [gatedEither; path=""/stores/diesel-register"" component={gatedEither(StoresDieselRegister, ""diesel_req_view"", ""site_diesel"", ""stores_inventory"")}] ; client/src/pages/EquipmentHub.tsx:185 [sectionVisible; HubActionTile navigation: href={`/plant/diesel-requirements?returnTo=${HUB}`}] ; client/src/pages/FinanceHub.tsx:31 [sectionVisible; shared helper/component (see caller inventory)] ; client/src/pages/HmpHub.tsx:64 [sectionVisible; shared helper/component (see caller inventory)] ; client/src/pages/Home.tsx:198 [sectionVisible; shared helper/component (see caller inventory)] ; client/src/pages/Plant.tsx:176 [sectionVisible; shared helper/component (see caller inventory)] ; client/src/pages/Plant.tsx:178 [sectionVisible; shared helper/component (see caller inventory)] ; client/src/pages/Plant.tsx:374 [sectionVisible; shared helper/component (see caller inventory)] ; client/src/pages/Plant.tsx:449 [sectionVisible; shared helper/component (see caller inventory)] ; client/src/pages/Plant.tsx:641 [sectionVisible; shared helper/component (see caller inventory)] ; client/src/pages/ReportsHub.tsx:38 [sectionVisible; shared helper/component (see caller inventory)] ; client/src/pages/RmcHub.tsx:80 [sectionVisible; shared helper/component (see caller inventory)] ; client/src/pages/SiteHome.tsx:45 [sectionVisible; shared helper/component (see caller inventory)] ; client/src/pages/SiteHub.tsx:196 [sectionVisible; HubActionTile navigation: href=""/plant/diesel-requirements?returnTo=/site/hub""] ; client/src/pages/StoresDieselRegister.tsx:129 [sectionVisible; shared helper/component (see caller inventory)] ; client/src/pages/StoresHub.tsx:37 [sectionVisible; shared helper/component (see caller inventory)]","","HIDDEN","true","Not used for this section","Page/tile access ONLY through the seven-action visibility OR; no resolved action-specific operation. The action's name does not describe this effect.","Named action only grants visibility"
"diesel_req_view","Diesel Requirements — View List","notify","Notify","grey","","","CORRECTLY-OFF","true","Not used for this section","No resolved feature reader.","Tick has no resolved feature effect"
"diesel_req_raise","Diesel Requirements — Raise / Submit","view","View","tickable","client/src/App.tsx:344 [gatedEither; path=""/plant/diesel-requirements"" component={gatedEither(DieselRequirements, ""diesel_req_view"", ""site_diesel"", ""diesel_req_raise"")}] ; client/src/pages/DieselRequirements.tsx:1159 [sectionCan; shared helper/component (see caller inventory)] ; client/src/pages/EquipmentHub.tsx:186 [sectionVisible; HubActionTile navigation: href={`/plant/diesel-requirements?returnTo=${HUB}`}] ; client/src/pages/FinanceHub.tsx:31 [sectionVisible; shared helper/component (see caller inventory)] ; client/src/pages/HmpHub.tsx:64 [sectionVisible; shared helper/component (see caller inventory)] ; client/src/pages/Home.tsx:198 [sectionVisible; shared helper/component (see caller inventory)] ; client/src/pages/Plant.tsx:176 [sectionVisible; shared helper/component (see caller inventory)] ; client/src/pages/Plant.tsx:178 [sectionVisible; shared helper/component (see caller inventory)] ; client/src/pages/Plant.tsx:374 [sectionVisible; shared helper/component (see caller inventory)] ; client/src/pages/Plant.tsx:449 [sectionVisible; shared helper/component (see caller inventory)] ; client/src/pages/Plant.tsx:641 [sectionVisible; shared helper/component (see caller inventory)] ; client/src/pages/ReportsHub.tsx:38 [sectionVisible; shared helper/component (see caller inventory)] ; client/src/pages/RmcHub.tsx:80 [sectionVisible; shared helper/component (see caller inventory)] ; client/src/pages/SiteHome.tsx:45 [sectionVisible; shared helper/component (see caller inventory)] ; client/src/pages/SiteHub.tsx:197 [sectionVisible; HubActionTile navigation: href=""/plant/diesel-requirements?returnTo=/site/hub""]","server/routes.ts:234 [direct matrix read; shared helper/component (see caller inventory)] ; server/routes.ts:1376 [assertDieselOrStoresView -> server/routes.ts:222; GET ""/api/attachments""] ; server/routes.ts:1404 [assertDieselOrStoresView -> server/routes.ts:222; GET ""/api/attachments/counts""] ; server/routes.ts:10744 [assertDieselOrStoresView -> server/routes.ts:222; GET ""/api/diesel-requirements""] ; server/routes.ts:10760 [assertDieselOrStoresView -> server/routes.ts:222; GET ""/api/diesel-requirements/summary""] ; server/routes.ts:10777 [assertDieselOrStoresView -> server/routes.ts:222; GET ""/api/diesel-requirements/daily-report""] ; server/routes.ts:10798 [assertDieselOrStoresView -> server/routes.ts:222; GET ""/api/diesel-requirements/comparison""] ; server/routes.ts:10829 [assertDieselOrStoresView -> server/routes.ts:222; GET ""/api/diesel-requirements/recent-items""] ; server/routes.ts:10847 [assertDieselOrStoresView -> server/routes.ts:222; GET ""/api/diesel-requirements/receipt-status""] ; server/routes.ts:10928 [assertDieselOrStoresView -> server/routes.ts:222; GET ""/api/diesel-requirements/:id""]","LIVE","true","No normal active-cell tooltip; when grant restricted: ""You cannot change this grant"". Notify header when disabled: ""Push notifications are disabled for this user"".","Read by gatedEither, sectionCan, sectionVisible, direct matrix read, assertDieselOrStoresView -> server/routes.ts:222. ","Not exclusive: six other actions also grant visibility"
"diesel_req_raise","Diesel Requirements — Raise / Submit","create","Create","tickable","client/src/App.tsx:344 [gatedEither; path=""/plant/diesel-requirements"" component={gatedEither(DieselRequirements, ""diesel_req_view"", ""site_diesel"", ""diesel_req_raise"")}] ; client/src/pages/DieselRequirements.tsx:534 [sectionCan; shared helper/component (see caller inventory)] ; client/src/pages/DieselRequirements.tsx:1159 [sectionCan; shared helper/component (see caller inventory)] ; client/src/pages/EquipmentHub.tsx:186 [sectionVisible; HubActionTile navigation: href={`/plant/diesel-requirements?returnTo=${HUB}`}] ; client/src/pages/FinanceHub.tsx:31 [sectionVisible; shared helper/component (see caller inventory)] ; client/src/pages/HmpHub.tsx:64 [sectionVisible; shared helper/component (see caller inventory)] ; client/src/pages/Home.tsx:198 [sectionVisible; shared helper/component (see caller inventory)] ; client/src/pages/Plant.tsx:176 [sectionVisible; shared helper/component (see caller inventory)] ; client/src/pages/Plant.tsx:178 [sectionVisible; shared helper/component (see caller inventory)] ; client/src/pages/Plant.tsx:374 [sectionVisible; shared helper/component (see caller inventory)] ; client/src/pages/Plant.tsx:449 [sectionVisible; shared helper/component (see caller inventory)] ; client/src/pages/Plant.tsx:641 [sectionVisible; shared helper/component (see caller inventory)] ; client/src/pages/ReportsHub.tsx:38 [sectionVisible; shared helper/component (see caller inventory)] ; client/src/pages/RmcHub.tsx:80 [sectionVisible; shared helper/component (see caller inventory)] ; client/src/pages/SiteHome.tsx:45 [sectionVisible; shared helper/component (see caller inventory)] ; client/src/pages/SiteHub.tsx:197 [sectionVisible; HubActionTile navigation: href=""/plant/diesel-requirements?returnTo=/site/hub""]","server/routes.ts:235 [direct matrix read; shared helper/component (see caller inventory)] ; server/routes.ts:10893 [direct matrix read; PATCH ""/api/diesel-requirements/equipment/:id/consumption-norm""] ; server/routes.ts:10943 [assertCreateEither; POST ""/api/diesel-requirements""] ; server/routes.ts:1376 [assertDieselOrStoresView -> server/routes.ts:222; GET ""/api/attachments""] ; server/routes.ts:1404 [assertDieselOrStoresView -> server/routes.ts:222; GET ""/api/attachments/counts""] ; server/routes.ts:10744 [assertDieselOrStoresView -> server/routes.ts:222; GET ""/api/diesel-requirements""] ; server/routes.ts:10760 [assertDieselOrStoresView -> server/routes.ts:222; GET ""/api/diesel-requirements/summary""] ; server/routes.ts:10777 [assertDieselOrStoresView -> server/routes.ts:222; GET ""/api/diesel-requirements/daily-report""] ; server/routes.ts:10798 [assertDieselOrStoresView -> server/routes.ts:222; GET ""/api/diesel-requirements/comparison""] ; server/routes.ts:10829 [assertDieselOrStoresView -> server/routes.ts:222; GET ""/api/diesel-requirements/recent-items""] ; server/routes.ts:10847 [assertDieselOrStoresView -> server/routes.ts:222; GET ""/api/diesel-requirements/receipt-status""] ; server/routes.ts:10928 [assertDieselOrStoresView -> server/routes.ts:222; GET ""/api/diesel-requirements/:id""]","LIVE","true","No normal active-cell tooltip; when grant restricted: ""You cannot change this grant"". Notify header when disabled: ""Push notifications are disabled for this user"".","Read by gatedEither, sectionCan, sectionVisible, direct matrix read, assertCreateEither, assertDieselOrStoresView -> server/routes.ts:222. ",""
"diesel_req_raise","Diesel Requirements — Raise / Submit","edit","Edit","tickable","client/src/App.tsx:344 [gatedEither; path=""/plant/diesel-requirements"" component={gatedEither(DieselRequirements, ""diesel_req_view"", ""site_diesel"", ""diesel_req_raise"")}] ; client/src/pages/DieselRequirements.tsx:397 [sectionCan; shared helper/component (see caller inventory)] ; client/src/pages/DieselRequirements.tsx:533 [sectionCan; shared helper/component (see caller inventory)] ; client/src/pages/DieselRequirements.tsx:1159 [sectionCan; shared helper/component (see caller inventory)] ; client/src/pages/EquipmentHub.tsx:186 [sectionVisible; HubActionTile navigation: href={`/plant/diesel-requirements?returnTo=${HUB}`}] ; client/src/pages/FinanceHub.tsx:31 [sectionVisible; shared helper/component (see caller inventory)] ; client/src/pages/HmpHub.tsx:64 [sectionVisible; shared helper/component (see caller inventory)] ; client/src/pages/Home.tsx:198 [sectionVisible; shared helper/component (see caller inventory)] ; client/src/pages/Plant.tsx:176 [sectionVisible; shared helper/component (see caller inventory)] ; client/src/pages/Plant.tsx:178 [sectionVisible; shared helper/component (see caller inventory)] ; client/src/pages/Plant.tsx:374 [sectionVisible; shared helper/component (see caller inventory)] ; client/src/pages/Plant.tsx:449 [sectionVisible; shared helper/component (see caller inventory)] ; client/src/pages/Plant.tsx:641 [sectionVisible; shared helper/component (see caller inventory)] ; client/src/pages/PlantMaterialReceipts.tsx:419 [sectionCan; shared helper/component (see caller inventory)] ; client/src/pages/ReportsHub.tsx:38 [sectionVisible; shared helper/component (see caller inventory)] ; client/src/pages/RmcHub.tsx:80 [sectionVisible; shared helper/component (see caller inventory)] ; client/src/pages/SiteHome.tsx:45 [sectionVisible; shared helper/component (see caller inventory)] ; client/src/pages/SiteHub.tsx:197 [sectionVisible; HubActionTile navigation: href=""/plant/diesel-requirements?returnTo=/site/hub""]","server/routes.ts:236 [direct matrix read; shared helper/component (see caller inventory)] ; server/routes.ts:1427 [assertEditEither; POST ""/api/attachments""] ; server/routes.ts:1476 [assertEditEither; DELETE ""/api/attachments/:id""] ; server/routes.ts:4497 [direct matrix read; shared helper/component (see caller inventory)] ; server/routes.ts:10894 [direct matrix read; PATCH ""/api/diesel-requirements/equipment/:id/consumption-norm""] ; server/routes.ts:11017 [assertEditEither; PATCH ""/api/diesel-requirements/:id/purchase-update""] ; server/routes.ts:11062 [assertEditEither; PATCH ""/api/diesel-requirements/:id/payment-status""] ; server/routes.ts:11146 [assertEditEither; PUT ""/api/diesel-requirements/:id""] ; server/routes.ts:11791 [direct matrix read; GET ""/api/vendor-bills/company-accounts""] ; server/routes.ts:1376 [assertDieselOrStoresView -> server/routes.ts:222; GET ""/api/attachments""] ; server/routes.ts:1404 [assertDieselOrStoresView -> server/routes.ts:222; GET ""/api/attachments/counts""] ; server/routes.ts:4536 [canRecordStandaloneDieselReceipt -> server/routes.ts:4493; shared helper/component (see caller inventory)] ; server/routes.ts:4549 [canRecordStandaloneDieselReceipt -> server/routes.ts:4493; shared helper/component (see caller inventory)] ; server/routes.ts:10744 [assertDieselOrStoresView -> server/routes.ts:222; GET ""/api/diesel-requirements""] ; server/routes.ts:10760 [assertDieselOrStoresView -> server/routes.ts:222; GET ""/api/diesel-requirements/summary""] ; server/routes.ts:10777 [assertDieselOrStoresView -> server/routes.ts:222; GET ""/api/diesel-requirements/daily-report""] ; server/routes.ts:10798 [assertDieselOrStoresView -> server/routes.ts:222; GET ""/api/diesel-requirements/comparison""] ; server/routes.ts:10829 [assertDieselOrStoresView -> server/routes.ts:222; GET ""/api/diesel-requirements/recent-items""] ; server/routes.ts:10847 [assertDieselOrStoresView -> server/routes.ts:222; GET ""/api/diesel-requirements/receipt-status""] ; server/routes.ts:10928 [assertDieselOrStoresView -> server/routes.ts:222; GET ""/api/diesel-requirements/:id""]","LIVE","true","No normal active-cell tooltip; when grant restricted: ""You cannot change this grant"". Notify header when disabled: ""Push notifications are disabled for this user"".","Read by gatedEither, sectionCan, sectionVisible, direct matrix read, assertEditEither, assertDieselOrStoresView -> server/routes.ts:222, canRecordStandaloneDieselReceipt -> server/routes.ts:4493. May also authorize delete/cancel via edit-tier gates; see evidence.",""
"diesel_req_raise","Diesel Requirements — Raise / Submit","delete","Delete","grey","client/src/App.tsx:344 [gatedEither; path=""/plant/diesel-requirements"" component={gatedEither(DieselRequirements, ""diesel_req_view"", ""site_diesel"", ""diesel_req_raise"")}] ; client/src/pages/EquipmentHub.tsx:186 [sectionVisible; HubActionTile navigation: href={`/plant/diesel-requirements?returnTo=${HUB}`}] ; client/src/pages/FinanceHub.tsx:31 [sectionVisible; shared helper/component (see caller inventory)] ; client/src/pages/HmpHub.tsx:64 [sectionVisible; shared helper/component (see caller inventory)] ; client/src/pages/Home.tsx:198 [sectionVisible; shared helper/component (see caller inventory)] ; client/src/pages/Plant.tsx:176 [sectionVisible; shared helper/component (see caller inventory)] ; client/src/pages/Plant.tsx:178 [sectionVisible; shared helper/component (see caller inventory)] ; client/src/pages/Plant.tsx:374 [sectionVisible; shared helper/component (see caller inventory)] ; client/src/pages/Plant.tsx:449 [sectionVisible; shared helper/component (see caller inventory)] ; client/src/pages/Plant.tsx:641 [sectionVisible; shared helper/component (see caller inventory)] ; client/src/pages/ReportsHub.tsx:38 [sectionVisible; shared helper/component (see caller inventory)] ; client/src/pages/RmcHub.tsx:80 [sectionVisible; shared helper/component (see caller inventory)] ; client/src/pages/SiteHome.tsx:45 [sectionVisible; shared helper/component (see caller inventory)] ; client/src/pages/SiteHub.tsx:197 [sectionVisible; HubActionTile navigation: href=""/plant/diesel-requirements?returnTo=/site/hub""]","","HIDDEN","true","Not used for this section","Page/tile access ONLY through the seven-action visibility OR; no resolved action-specific operation. The action's name does not describe this effect.","Named action only grants visibility"
"diesel_req_raise","Diesel Requirements — Raise / Submit","view_reports","Reports","grey","client/src/App.tsx:344 [gatedEither; path=""/plant/diesel-requirements"" component={gatedEither(DieselRequirements, ""diesel_req_view"", ""site_diesel"", ""diesel_req_raise"")}] ; client/src/pages/EquipmentHub.tsx:186 [sectionVisible; HubActionTile navigation: href={`/plant/diesel-requirements?returnTo=${HUB}`}] ; client/src/pages/FinanceHub.tsx:31 [sectionVisible; shared helper/component (see caller inventory)] ; client/src/pages/HmpHub.tsx:64 [sectionVisible; shared helper/component (see caller inventory)] ; client/src/pages/Home.tsx:198 [sectionVisible; shared helper/component (see caller inventory)] ; client/src/pages/Plant.tsx:176 [sectionVisible; shared helper/component (see caller inventory)] ; client/src/pages/Plant.tsx:178 [sectionVisible; shared helper/component (see caller inventory)] ; client/src/pages/Plant.tsx:374 [sectionVisible; shared helper/component (see caller inventory)] ; client/src/pages/Plant.tsx:449 [sectionVisible; shared helper/component (see caller inventory)] ; client/src/pages/Plant.tsx:641 [sectionVisible; shared helper/component (see caller inventory)] ; client/src/pages/ReportsHub.tsx:38 [sectionVisible; shared helper/component (see caller inventory)] ; client/src/pages/RmcHub.tsx:80 [sectionVisible; shared helper/component (see caller inventory)] ; client/src/pages/SiteHome.tsx:45 [sectionVisible; shared helper/component (see caller inventory)] ; client/src/pages/SiteHub.tsx:197 [sectionVisible; HubActionTile navigation: href=""/plant/diesel-requirements?returnTo=/site/hub""]","","HIDDEN","true","Not used for this section","Page/tile access ONLY through the seven-action visibility OR; no resolved action-specific operation. The action's name does not describe this effect.","Named action only grants visibility"
"diesel_req_raise","Diesel Requirements — Raise / Submit","export","Export","grey","client/src/App.tsx:344 [gatedEither; path=""/plant/diesel-requirements"" component={gatedEither(DieselRequirements, ""diesel_req_view"", ""site_diesel"", ""diesel_req_raise"")}] ; client/src/pages/EquipmentHub.tsx:186 [sectionVisible; HubActionTile navigation: href={`/plant/diesel-requirements?returnTo=${HUB}`}] ; client/src/pages/FinanceHub.tsx:31 [sectionVisible; shared helper/component (see caller inventory)] ; client/src/pages/HmpHub.tsx:64 [sectionVisible; shared helper/component (see caller inventory)] ; client/src/pages/Home.tsx:198 [sectionVisible; shared helper/component (see caller inventory)] ; client/src/pages/Plant.tsx:176 [sectionVisible; shared helper/component (see caller inventory)] ; client/src/pages/Plant.tsx:178 [sectionVisible; shared helper/component (see caller inventory)] ; client/src/pages/Plant.tsx:374 [sectionVisible; shared helper/component (see caller inventory)] ; client/src/pages/Plant.tsx:449 [sectionVisible; shared helper/component (see caller inventory)] ; client/src/pages/Plant.tsx:641 [sectionVisible; shared helper/component (see caller inventory)] ; client/src/pages/ReportsHub.tsx:38 [sectionVisible; shared helper/component (see caller inventory)] ; client/src/pages/RmcHub.tsx:80 [sectionVisible; shared helper/component (see caller inventory)] ; client/src/pages/SiteHome.tsx:45 [sectionVisible; shared helper/component (see caller inventory)] ; client/src/pages/SiteHub.tsx:197 [sectionVisible; HubActionTile navigation: href=""/plant/diesel-requirements?returnTo=/site/hub""]","","HIDDEN","true","Not used for this section","Page/tile access ONLY through the seven-action visibility OR; no resolved action-specific operation. The action's name does not describe this effect.","Named action only grants visibility"
"diesel_req_raise","Diesel Requirements — Raise / Submit","approve","Approve","grey","client/src/App.tsx:344 [gatedEither; path=""/plant/diesel-requirements"" component={gatedEither(DieselRequirements, ""diesel_req_view"", ""site_diesel"", ""diesel_req_raise"")}] ; client/src/pages/EquipmentHub.tsx:186 [sectionVisible; HubActionTile navigation: href={`/plant/diesel-requirements?returnTo=${HUB}`}] ; client/src/pages/FinanceHub.tsx:31 [sectionVisible; shared helper/component (see caller inventory)] ; client/src/pages/HmpHub.tsx:64 [sectionVisible; shared helper/component (see caller inventory)] ; client/src/pages/Home.tsx:198 [sectionVisible; shared helper/component (see caller inventory)] ; client/src/pages/Plant.tsx:176 [sectionVisible; shared helper/component (see caller inventory)] ; client/src/pages/Plant.tsx:178 [sectionVisible; shared helper/component (see caller inventory)] ; client/src/pages/Plant.tsx:374 [sectionVisible; shared helper/component (see caller inventory)] ; client/src/pages/Plant.tsx:449 [sectionVisible; shared helper/component (see caller inventory)] ; client/src/pages/Plant.tsx:641 [sectionVisible; shared helper/component (see caller inventory)] ; client/src/pages/ReportsHub.tsx:38 [sectionVisible; shared helper/component (see caller inventory)] ; client/src/pages/RmcHub.tsx:80 [sectionVisible; shared helper/component (see caller inventory)] ; client/src/pages/SiteHome.tsx:45 [sectionVisible; shared helper/component (see caller inventory)] ; client/src/pages/SiteHub.tsx:197 [sectionVisible; HubActionTile navigation: href=""/plant/diesel-requirements?returnTo=/site/hub""]","","HIDDEN","true","Not used for this section","Page/tile access ONLY through the seven-action visibility OR; no resolved action-specific operation. The action's name does not describe this effect.","Named action only grants visibility"
"diesel_req_raise","Diesel Requirements — Raise / Submit","notify","Notify","tickable","","server/routes.ts:10980 [sendPushToSection; PATCH ""/api/diesel-requirements/:id/approve""] ; server/routes.ts:11007 [sendPushToSection; PATCH ""/api/diesel-requirements/:id/reject""]","LIVE","true","No normal active-cell tooltip; when grant restricted: ""You cannot change this grant"". Notify header when disabled: ""Push notifications are disabled for this user"".","Recipient eligibility for concrete sendPushToSection events; also requires user notifications and subscription.",""
"diesel_req_approve","Diesel Requirements — Approve / Reject","view","View","tickable","client/src/pages/EquipmentHub.tsx:187 [sectionVisible; HubActionTile navigation: href={`/plant/diesel-requirements?returnTo=${HUB}`}] ; client/src/pages/FinanceHub.tsx:31 [sectionVisible; shared helper/component (see caller inventory)] ; client/src/pages/HmpHub.tsx:64 [sectionVisible; shared helper/component (see caller inventory)] ; client/src/pages/Home.tsx:198 [sectionVisible; shared helper/component (see caller inventory)] ; client/src/pages/Plant.tsx:176 [sectionVisible; shared helper/component (see caller inventory)] ; client/src/pages/Plant.tsx:178 [sectionVisible; shared helper/component (see caller inventory)] ; client/src/pages/Plant.tsx:374 [sectionVisible; shared helper/component (see caller inventory)] ; client/src/pages/Plant.tsx:449 [sectionVisible; shared helper/component (see caller inventory)] ; client/src/pages/Plant.tsx:641 [sectionVisible; shared helper/component (see caller inventory)] ; client/src/pages/ReportsHub.tsx:38 [sectionVisible; shared helper/component (see caller inventory)] ; client/src/pages/RmcHub.tsx:80 [sectionVisible; shared helper/component (see caller inventory)] ; client/src/pages/SiteHome.tsx:45 [sectionVisible; shared helper/component (see caller inventory)] ; client/src/pages/SiteHub.tsx:198 [sectionVisible; HubActionTile navigation: href=""/plant/diesel-requirements?returnTo=/site/hub""]","","LIVE","true","No normal active-cell tooltip; when grant restricted: ""You cannot change this grant"". Notify header when disabled: ""Push notifications are disabled for this user"".","Page/tile access ONLY through the seven-action visibility OR; no resolved action-specific operation. The action's name does not describe this effect.","Not exclusive: six other actions also grant visibility"
"diesel_req_approve","Diesel Requirements — Approve / Reject","create","Create","grey","client/src/pages/EquipmentHub.tsx:187 [sectionVisible; HubActionTile navigation: href={`/plant/diesel-requirements?returnTo=${HUB}`}] ; client/src/pages/FinanceHub.tsx:31 [sectionVisible; shared helper/component (see caller inventory)] ; client/src/pages/HmpHub.tsx:64 [sectionVisible; shared helper/component (see caller inventory)] ; client/src/pages/Home.tsx:198 [sectionVisible; shared helper/component (see caller inventory)] ; client/src/pages/Plant.tsx:176 [sectionVisible; shared helper/component (see caller inventory)] ; client/src/pages/Plant.tsx:178 [sectionVisible; shared helper/component (see caller inventory)] ; client/src/pages/Plant.tsx:374 [sectionVisible; shared helper/component (see caller inventory)] ; client/src/pages/Plant.tsx:449 [sectionVisible; shared helper/component (see caller inventory)] ; client/src/pages/Plant.tsx:641 [sectionVisible; shared helper/component (see caller inventory)] ; client/src/pages/ReportsHub.tsx:38 [sectionVisible; shared helper/component (see caller inventory)] ; client/src/pages/RmcHub.tsx:80 [sectionVisible; shared helper/component (see caller inventory)] ; client/src/pages/SiteHome.tsx:45 [sectionVisible; shared helper/component (see caller inventory)] ; client/src/pages/SiteHub.tsx:198 [sectionVisible; HubActionTile navigation: href=""/plant/diesel-requirements?returnTo=/site/hub""]","","HIDDEN","true","Not used for this section","Page/tile access ONLY through the seven-action visibility OR; no resolved action-specific operation. The action's name does not describe this effect.","Named action only grants visibility"
"diesel_req_approve","Diesel Requirements — Approve / Reject","edit","Edit","tickable","client/src/pages/EquipmentHub.tsx:187 [sectionVisible; HubActionTile navigation: href={`/plant/diesel-requirements?returnTo=${HUB}`}] ; client/src/pages/FinanceHub.tsx:31 [sectionVisible; shared helper/component (see caller inventory)] ; client/src/pages/HmpHub.tsx:64 [sectionVisible; shared helper/component (see caller inventory)] ; client/src/pages/Home.tsx:198 [sectionVisible; shared helper/component (see caller inventory)] ; client/src/pages/Plant.tsx:176 [sectionVisible; shared helper/component (see caller inventory)] ; client/src/pages/Plant.tsx:178 [sectionVisible; shared helper/component (see caller inventory)] ; client/src/pages/Plant.tsx:374 [sectionVisible; shared helper/component (see caller inventory)] ; client/src/pages/Plant.tsx:449 [sectionVisible; shared helper/component (see caller inventory)] ; client/src/pages/Plant.tsx:641 [sectionVisible; shared helper/component (see caller inventory)] ; client/src/pages/ReportsHub.tsx:38 [sectionVisible; shared helper/component (see caller inventory)] ; client/src/pages/RmcHub.tsx:80 [sectionVisible; shared helper/component (see caller inventory)] ; client/src/pages/SiteHome.tsx:45 [sectionVisible; shared helper/component (see caller inventory)] ; client/src/pages/SiteHub.tsx:198 [sectionVisible; HubActionTile navigation: href=""/plant/diesel-requirements?returnTo=/site/hub""]","","LIVE","true","No normal active-cell tooltip; when grant restricted: ""You cannot change this grant"". Notify header when disabled: ""Push notifications are disabled for this user"".","Page/tile access ONLY through the seven-action visibility OR; no resolved action-specific operation. The action's name does not describe this effect.","Named action only grants visibility"
"diesel_req_approve","Diesel Requirements — Approve / Reject","delete","Delete","grey","client/src/pages/EquipmentHub.tsx:187 [sectionVisible; HubActionTile navigation: href={`/plant/diesel-requirements?returnTo=${HUB}`}] ; client/src/pages/FinanceHub.tsx:31 [sectionVisible; shared helper/component (see caller inventory)] ; client/src/pages/HmpHub.tsx:64 [sectionVisible; shared helper/component (see caller inventory)] ; client/src/pages/Home.tsx:198 [sectionVisible; shared helper/component (see caller inventory)] ; client/src/pages/Plant.tsx:176 [sectionVisible; shared helper/component (see caller inventory)] ; client/src/pages/Plant.tsx:178 [sectionVisible; shared helper/component (see caller inventory)] ; client/src/pages/Plant.tsx:374 [sectionVisible; shared helper/component (see caller inventory)] ; client/src/pages/Plant.tsx:449 [sectionVisible; shared helper/component (see caller inventory)] ; client/src/pages/Plant.tsx:641 [sectionVisible; shared helper/component (see caller inventory)] ; client/src/pages/ReportsHub.tsx:38 [sectionVisible; shared helper/component (see caller inventory)] ; client/src/pages/RmcHub.tsx:80 [sectionVisible; shared helper/component (see caller inventory)] ; client/src/pages/SiteHome.tsx:45 [sectionVisible; shared helper/component (see caller inventory)] ; client/src/pages/SiteHub.tsx:198 [sectionVisible; HubActionTile navigation: href=""/plant/diesel-requirements?returnTo=/site/hub""]","","HIDDEN","true","Not used for this section","Page/tile access ONLY through the seven-action visibility OR; no resolved action-specific operation. The action's name does not describe this effect.","Named action only grants visibility"
"diesel_req_approve","Diesel Requirements — Approve / Reject","view_reports","Reports","grey","client/src/pages/EquipmentHub.tsx:187 [sectionVisible; HubActionTile navigation: href={`/plant/diesel-requirements?returnTo=${HUB}`}] ; client/src/pages/FinanceHub.tsx:31 [sectionVisible; shared helper/component (see caller inventory)] ; client/src/pages/HmpHub.tsx:64 [sectionVisible; shared helper/component (see caller inventory)] ; client/src/pages/Home.tsx:198 [sectionVisible; shared helper/component (see caller inventory)] ; client/src/pages/Plant.tsx:176 [sectionVisible; shared helper/component (see caller inventory)] ; client/src/pages/Plant.tsx:178 [sectionVisible; shared helper/component (see caller inventory)] ; client/src/pages/Plant.tsx:374 [sectionVisible; shared helper/component (see caller inventory)] ; client/src/pages/Plant.tsx:449 [sectionVisible; shared helper/component (see caller inventory)] ; client/src/pages/Plant.tsx:641 [sectionVisible; shared helper/component (see caller inventory)] ; client/src/pages/ReportsHub.tsx:38 [sectionVisible; shared helper/component (see caller inventory)] ; client/src/pages/RmcHub.tsx:80 [sectionVisible; shared helper/component (see caller inventory)] ; client/src/pages/SiteHome.tsx:45 [sectionVisible; shared helper/component (see caller inventory)] ; client/src/pages/SiteHub.tsx:198 [sectionVisible; HubActionTile navigation: href=""/plant/diesel-requirements?returnTo=/site/hub""]","","HIDDEN","true","Not used for this section","Page/tile access ONLY through the seven-action visibility OR; no resolved action-specific operation. The action's name does not describe this effect.","Named action only grants visibility"
"diesel_req_approve","Diesel Requirements — Approve / Reject","export","Export","grey","client/src/pages/EquipmentHub.tsx:187 [sectionVisible; HubActionTile navigation: href={`/plant/diesel-requirements?returnTo=${HUB}`}] ; client/src/pages/FinanceHub.tsx:31 [sectionVisible; shared helper/component (see caller inventory)] ; client/src/pages/HmpHub.tsx:64 [sectionVisible; shared helper/component (see caller inventory)] ; client/src/pages/Home.tsx:198 [sectionVisible; shared helper/component (see caller inventory)] ; client/src/pages/Plant.tsx:176 [sectionVisible; shared helper/component (see caller inventory)] ; client/src/pages/Plant.tsx:178 [sectionVisible; shared helper/component (see caller inventory)] ; client/src/pages/Plant.tsx:374 [sectionVisible; shared helper/component (see caller inventory)] ; client/src/pages/Plant.tsx:449 [sectionVisible; shared helper/component (see caller inventory)] ; client/src/pages/Plant.tsx:641 [sectionVisible; shared helper/component (see caller inventory)] ; client/src/pages/ReportsHub.tsx:38 [sectionVisible; shared helper/component (see caller inventory)] ; client/src/pages/RmcHub.tsx:80 [sectionVisible; shared helper/component (see caller inventory)] ; client/src/pages/SiteHome.tsx:45 [sectionVisible; shared helper/component (see caller inventory)] ; client/src/pages/SiteHub.tsx:198 [sectionVisible; HubActionTile navigation: href=""/plant/diesel-requirements?returnTo=/site/hub""]","","HIDDEN","true","Not used for this section","Page/tile access ONLY through the seven-action visibility OR; no resolved action-specific operation. The action's name does not describe this effect.","Named action only grants visibility"
"diesel_req_approve","Diesel Requirements — Approve / Reject","approve","Approve","tickable","client/src/pages/DieselRequirements.tsx:535 [sectionCan; shared helper/component (see caller inventory)] ; client/src/pages/EquipmentHub.tsx:187 [sectionVisible; HubActionTile navigation: href={`/plant/diesel-requirements?returnTo=${HUB}`}] ; client/src/pages/FinanceHub.tsx:31 [sectionVisible; shared helper/component (see caller inventory)] ; client/src/pages/HmpHub.tsx:64 [sectionVisible; shared helper/component (see caller inventory)] ; client/src/pages/Home.tsx:198 [sectionVisible; shared helper/component (see caller inventory)] ; client/src/pages/Plant.tsx:176 [sectionVisible; shared helper/component (see caller inventory)] ; client/src/pages/Plant.tsx:178 [sectionVisible; shared helper/component (see caller inventory)] ; client/src/pages/Plant.tsx:374 [sectionVisible; shared helper/component (see caller inventory)] ; client/src/pages/Plant.tsx:449 [sectionVisible; shared helper/component (see caller inventory)] ; client/src/pages/Plant.tsx:641 [sectionVisible; shared helper/component (see caller inventory)] ; client/src/pages/ReportsHub.tsx:38 [sectionVisible; shared helper/component (see caller inventory)] ; client/src/pages/RmcHub.tsx:80 [sectionVisible; shared helper/component (see caller inventory)] ; client/src/pages/SiteHome.tsx:45 [sectionVisible; shared helper/component (see caller inventory)] ; client/src/pages/SiteHub.tsx:198 [sectionVisible; HubActionTile navigation: href=""/plant/diesel-requirements?returnTo=/site/hub""]","server/routes.ts:10962 [assertApprove; PATCH ""/api/diesel-requirements/:id/approve""] ; server/routes.ts:10996 [assertApprove; PATCH ""/api/diesel-requirements/:id/reject""]","LIVE","true","No normal active-cell tooltip; when grant restricted: ""You cannot change this grant"". Notify header when disabled: ""Push notifications are disabled for this user"".","Read by sectionCan, sectionVisible, assertApprove. ","Check route verbs: approval can mean verify/issue/reject/close/reopen"
"diesel_req_approve","Diesel Requirements — Approve / Reject","notify","Notify","tickable","","server/routes.ts:10946 [sendPushToSection; POST ""/api/diesel-requirements""]","LIVE","true","No normal active-cell tooltip; when grant restricted: ""You cannot change this grant"". Notify header when disabled: ""Push notifications are disabled for this user"".","Recipient eligibility for concrete sendPushToSection events; also requires user notifications and subscription.",""
"irn_view","Internal Requisitions — View","view","View","tickable","client/src/App.tsx:353 [gatedEither; path=""/irn"" component={gatedEither(IrnListPage, ""irn_view"", ""irn_raise"")}] ; client/src/App.tsx:355 [gatedEither; path=""/irn/:id"" component={gatedEither(IrnDetailPage, ""irn_view"", ""irn_raise"")}] ; client/src/components/HubShell.tsx:75 [sectionVisible; shared helper/component (see caller inventory)] ; client/src/pages/FinanceHub.tsx:50 [sectionVisible; shared helper/component (see caller inventory)] ; client/src/pages/FinanceHub.tsx:81 [sectionVisible; shared helper/component (see caller inventory)] ; client/src/pages/FinanceHub.tsx:121 [sectionVisible; shared helper/component (see caller inventory)] ; client/src/pages/FinanceHub.tsx:144 [sectionVisible; HubActionTile navigation: href={`/irn?returnTo=${HUB}`}] ; client/src/pages/Home.tsx:139 [sectionVisible; shared helper/component (see caller inventory)] ; client/src/pages/StoresHub.tsx:35 [sectionVisible; shared helper/component (see caller inventory)] ; client/src/pages/StoresHub.tsx:206 [sectionVisible; HubActionTile navigation: href={`/irn?returnTo=${HUB}`}]","","LIVE","true","No normal active-cell tooltip; when grant restricted: ""You cannot change this grant"". Notify header when disabled: ""Push notifications are disabled for this user"".","Page/tile access ONLY through the seven-action visibility OR; no resolved action-specific operation. The action's name does not describe this effect.","Not exclusive: six other actions also grant visibility"
"irn_view","Internal Requisitions — View","create","Create","grey","client/src/App.tsx:353 [gatedEither; path=""/irn"" component={gatedEither(IrnListPage, ""irn_view"", ""irn_raise"")}] ; client/src/App.tsx:355 [gatedEither; path=""/irn/:id"" component={gatedEither(IrnDetailPage, ""irn_view"", ""irn_raise"")}] ; client/src/components/HubShell.tsx:75 [sectionVisible; shared helper/component (see caller inventory)] ; client/src/pages/FinanceHub.tsx:50 [sectionVisible; shared helper/component (see caller inventory)] ; client/src/pages/FinanceHub.tsx:81 [sectionVisible; shared helper/component (see caller inventory)] ; client/src/pages/FinanceHub.tsx:121 [sectionVisible; shared helper/component (see caller inventory)] ; client/src/pages/FinanceHub.tsx:144 [sectionVisible; HubActionTile navigation: href={`/irn?returnTo=${HUB}`}] ; client/src/pages/Home.tsx:139 [sectionVisible; shared helper/component (see caller inventory)] ; client/src/pages/StoresHub.tsx:35 [sectionVisible; shared helper/component (see caller inventory)] ; client/src/pages/StoresHub.tsx:206 [sectionVisible; HubActionTile navigation: href={`/irn?returnTo=${HUB}`}]","","HIDDEN","true","Not used for this section","Page/tile access ONLY through the seven-action visibility OR; no resolved action-specific operation. The action's name does not describe this effect.","Named action only grants visibility"
"irn_view","Internal Requisitions — View","edit","Edit","grey","client/src/App.tsx:353 [gatedEither; path=""/irn"" component={gatedEither(IrnListPage, ""irn_view"", ""irn_raise"")}] ; client/src/App.tsx:355 [gatedEither; path=""/irn/:id"" component={gatedEither(IrnDetailPage, ""irn_view"", ""irn_raise"")}] ; client/src/components/HubShell.tsx:75 [sectionVisible; shared helper/component (see caller inventory)] ; client/src/pages/FinanceHub.tsx:50 [sectionVisible; shared helper/component (see caller inventory)] ; client/src/pages/FinanceHub.tsx:81 [sectionVisible; shared helper/component (see caller inventory)] ; client/src/pages/FinanceHub.tsx:121 [sectionVisible; shared helper/component (see caller inventory)] ; client/src/pages/FinanceHub.tsx:144 [sectionVisible; HubActionTile navigation: href={`/irn?returnTo=${HUB}`}] ; client/src/pages/Home.tsx:139 [sectionVisible; shared helper/component (see caller inventory)] ; client/src/pages/StoresHub.tsx:35 [sectionVisible; shared helper/component (see caller inventory)] ; client/src/pages/StoresHub.tsx:206 [sectionVisible; HubActionTile navigation: href={`/irn?returnTo=${HUB}`}]","","HIDDEN","true","Not used for this section","Page/tile access ONLY through the seven-action visibility OR; no resolved action-specific operation. The action's name does not describe this effect.","Named action only grants visibility"
"irn_view","Internal Requisitions — View","delete","Delete","grey","client/src/App.tsx:353 [gatedEither; path=""/irn"" component={gatedEither(IrnListPage, ""irn_view"", ""irn_raise"")}] ; client/src/App.tsx:355 [gatedEither; path=""/irn/:id"" component={gatedEither(IrnDetailPage, ""irn_view"", ""irn_raise"")}] ; client/src/components/HubShell.tsx:75 [sectionVisible; shared helper/component (see caller inventory)] ; client/src/pages/FinanceHub.tsx:50 [sectionVisible; shared helper/component (see caller inventory)] ; client/src/pages/FinanceHub.tsx:81 [sectionVisible; shared helper/component (see caller inventory)] ; client/src/pages/FinanceHub.tsx:121 [sectionVisible; shared helper/component (see caller inventory)] ; client/src/pages/FinanceHub.tsx:144 [sectionVisible; HubActionTile navigation: href={`/irn?returnTo=${HUB}`}] ; client/src/pages/Home.tsx:139 [sectionVisible; shared helper/component (see caller inventory)] ; client/src/pages/StoresHub.tsx:35 [sectionVisible; shared helper/component (see caller inventory)] ; client/src/pages/StoresHub.tsx:206 [sectionVisible; HubActionTile navigation: href={`/irn?returnTo=${HUB}`}]","","HIDDEN","true","Not used for this section","Page/tile access ONLY through the seven-action visibility OR; no resolved action-specific operation. The action's name does not describe this effect.","Named action only grants visibility"
"irn_view","Internal Requisitions — View","view_reports","Reports","grey","client/src/App.tsx:353 [gatedEither; path=""/irn"" component={gatedEither(IrnListPage, ""irn_view"", ""irn_raise"")}] ; client/src/App.tsx:355 [gatedEither; path=""/irn/:id"" component={gatedEither(IrnDetailPage, ""irn_view"", ""irn_raise"")}] ; client/src/components/HubShell.tsx:75 [sectionVisible; shared helper/component (see caller inventory)] ; client/src/pages/FinanceHub.tsx:50 [sectionVisible; shared helper/component (see caller inventory)] ; client/src/pages/FinanceHub.tsx:81 [sectionVisible; shared helper/component (see caller inventory)] ; client/src/pages/FinanceHub.tsx:121 [sectionVisible; shared helper/component (see caller inventory)] ; client/src/pages/FinanceHub.tsx:144 [sectionVisible; HubActionTile navigation: href={`/irn?returnTo=${HUB}`}] ; client/src/pages/Home.tsx:139 [sectionVisible; shared helper/component (see caller inventory)] ; client/src/pages/StoresHub.tsx:35 [sectionVisible; shared helper/component (see caller inventory)] ; client/src/pages/StoresHub.tsx:206 [sectionVisible; HubActionTile navigation: href={`/irn?returnTo=${HUB}`}]","server/routes.ts:9995 [assertReportExport; GET ""/api/irn/:id/issue-voucher""]","HIDDEN","true","Not used for this section","Read by gatedEither, sectionVisible, assertReportExport. Reports controls export affordances/endpoints, not just viewing.","Reports also controls exports"
"irn_view","Internal Requisitions — View","export","Export","grey","client/src/App.tsx:353 [gatedEither; path=""/irn"" component={gatedEither(IrnListPage, ""irn_view"", ""irn_raise"")}] ; client/src/App.tsx:355 [gatedEither; path=""/irn/:id"" component={gatedEither(IrnDetailPage, ""irn_view"", ""irn_raise"")}] ; client/src/components/HubShell.tsx:75 [sectionVisible; shared helper/component (see caller inventory)] ; client/src/pages/FinanceHub.tsx:50 [sectionVisible; shared helper/component (see caller inventory)] ; client/src/pages/FinanceHub.tsx:81 [sectionVisible; shared helper/component (see caller inventory)] ; client/src/pages/FinanceHub.tsx:121 [sectionVisible; shared helper/component (see caller inventory)] ; client/src/pages/FinanceHub.tsx:144 [sectionVisible; HubActionTile navigation: href={`/irn?returnTo=${HUB}`}] ; client/src/pages/Home.tsx:139 [sectionVisible; shared helper/component (see caller inventory)] ; client/src/pages/StoresHub.tsx:35 [sectionVisible; shared helper/component (see caller inventory)] ; client/src/pages/StoresHub.tsx:206 [sectionVisible; HubActionTile navigation: href={`/irn?returnTo=${HUB}`}]","","HIDDEN","true","Not used for this section","Page/tile access ONLY through the seven-action visibility OR; no resolved action-specific operation. The action's name does not describe this effect.","Named action only grants visibility"
"irn_view","Internal Requisitions — View","approve","Approve","grey","client/src/App.tsx:353 [gatedEither; path=""/irn"" component={gatedEither(IrnListPage, ""irn_view"", ""irn_raise"")}] ; client/src/App.tsx:355 [gatedEither; path=""/irn/:id"" component={gatedEither(IrnDetailPage, ""irn_view"", ""irn_raise"")}] ; client/src/components/HubShell.tsx:75 [sectionVisible; shared helper/component (see caller inventory)] ; client/src/pages/FinanceHub.tsx:50 [sectionVisible; shared helper/component (see caller inventory)] ; client/src/pages/FinanceHub.tsx:81 [sectionVisible; shared helper/component (see caller inventory)] ; client/src/pages/FinanceHub.tsx:121 [sectionVisible; shared helper/component (see caller inventory)] ; client/src/pages/FinanceHub.tsx:144 [sectionVisible; HubActionTile navigation: href={`/irn?returnTo=${HUB}`}] ; client/src/pages/Home.tsx:139 [sectionVisible; shared helper/component (see caller inventory)] ; client/src/pages/StoresHub.tsx:35 [sectionVisible; shared helper/component (see caller inventory)] ; client/src/pages/StoresHub.tsx:206 [sectionVisible; HubActionTile navigation: href={`/irn?returnTo=${HUB}`}]","","HIDDEN","true","Not used for this section","Page/tile access ONLY through the seven-action visibility OR; no resolved action-specific operation. The action's name does not describe this effect.","Named action only grants visibility"
"irn_view","Internal Requisitions — View","notify","Notify","tickable","","server/routes.ts:9774 [sendPushToSection; POST ""/api/irn""] ; server/routes.ts:9813 [sendPushToSection; PATCH ""/api/irn/:id/stores-verify""] ; server/routes.ts:9841 [sendPushToSection; PATCH ""/api/irn/:id/approve""] ; server/routes.ts:9843 [sendPushToSection; PATCH ""/api/irn/:id/approve""] ; server/routes.ts:9874 [sendPushToSection; PATCH ""/api/irn/:id/close""] ; server/routes.ts:9968 [sendPushToSection; POST ""/api/irn/:id/record-issue""]","LIVE","true","No normal active-cell tooltip; when grant restricted: ""You cannot change this grant"". Notify header when disabled: ""Push notifications are disabled for this user"".","Recipient eligibility for concrete sendPushToSection events; also requires user notifications and subscription.",""
"irn_raise","Internal Requisitions — Raise","view","View","tickable","client/src/App.tsx:353 [gatedEither; path=""/irn"" component={gatedEither(IrnListPage, ""irn_view"", ""irn_raise"")}] ; client/src/App.tsx:354 [gated; path=""/irn/new"" component={gated(IrnRaisePage, ""irn_raise"")}] ; client/src/App.tsx:355 [gatedEither; path=""/irn/:id"" component={gatedEither(IrnDetailPage, ""irn_view"", ""irn_raise"")}] ; client/src/components/HubShell.tsx:75 [sectionVisible; shared helper/component (see caller inventory)] ; client/src/pages/EquipmentHub.tsx:211 [sectionVisible; HubActionTile navigation: href=""/irn/new?from=equipment&returnTo=/equipment/hub""] ; client/src/pages/FieldHome.tsx:410 [sectionVisible; shared helper/component (see caller inventory)] ; client/src/pages/FieldHome.tsx:856 [sectionVisible; shared helper/component (see caller inventory)] ; client/src/pages/FinanceHub.tsx:50 [sectionVisible; shared helper/component (see caller inventory)] ; client/src/pages/FinanceHub.tsx:81 [sectionVisible; shared helper/component (see caller inventory)] ; client/src/pages/FinanceHub.tsx:121 [sectionVisible; shared helper/component (see caller inventory)] ; client/src/pages/FinanceHub.tsx:134 [sectionVisible; HubActionTile navigation: href={`/irn/new?returnTo=${HUB}`}] ; client/src/pages/Home.tsx:139 [sectionVisible; shared helper/component (see caller inventory)] ; client/src/pages/SiteHub.tsx:208 [sectionVisible; HubActionTile navigation: href=""/irn/new?from=site&returnTo=/site/hub""] ; client/src/pages/StoresHub.tsx:35 [sectionVisible; shared helper/component (see caller inventory)] ; client/src/pages/StoresHub.tsx:196 [sectionVisible; HubActionTile navigation: href={`/irn/new?returnTo=${HUB}`}]","","LIVE","true","No normal active-cell tooltip; when grant restricted: ""You cannot change this grant"". Notify header when disabled: ""Push notifications are disabled for this user"".","Page/tile access ONLY through the seven-action visibility OR; no resolved action-specific operation. The action's name does not describe this effect.","Not exclusive: six other actions also grant visibility"
"irn_raise","Internal Requisitions — Raise","create","Create","tickable","client/src/App.tsx:353 [gatedEither; path=""/irn"" component={gatedEither(IrnListPage, ""irn_view"", ""irn_raise"")}] ; client/src/App.tsx:354 [gated; path=""/irn/new"" component={gated(IrnRaisePage, ""irn_raise"")}] ; client/src/App.tsx:355 [gatedEither; path=""/irn/:id"" component={gatedEither(IrnDetailPage, ""irn_view"", ""irn_raise"")}] ; client/src/components/HubShell.tsx:75 [sectionVisible; shared helper/component (see caller inventory)] ; client/src/pages/EquipmentHub.tsx:211 [sectionVisible; HubActionTile navigation: href=""/irn/new?from=equipment&returnTo=/equipment/hub""] ; client/src/pages/FieldHome.tsx:410 [sectionVisible; shared helper/component (see caller inventory)] ; client/src/pages/FieldHome.tsx:856 [sectionVisible; shared helper/component (see caller inventory)] ; client/src/pages/FinanceHub.tsx:50 [sectionVisible; shared helper/component (see caller inventory)] ; client/src/pages/FinanceHub.tsx:81 [sectionVisible; shared helper/component (see caller inventory)] ; client/src/pages/FinanceHub.tsx:121 [sectionVisible; shared helper/component (see caller inventory)] ; client/src/pages/FinanceHub.tsx:134 [sectionVisible; HubActionTile navigation: href={`/irn/new?returnTo=${HUB}`}] ; client/src/pages/Home.tsx:139 [sectionVisible; shared helper/component (see caller inventory)] ; client/src/pages/SiteHub.tsx:208 [sectionVisible; HubActionTile navigation: href=""/irn/new?from=site&returnTo=/site/hub""] ; client/src/pages/StoresHub.tsx:35 [sectionVisible; shared helper/component (see caller inventory)] ; client/src/pages/StoresHub.tsx:196 [sectionVisible; HubActionTile navigation: href={`/irn/new?returnTo=${HUB}`}] ; client/src/pages/irn/IrnListPage.tsx:238 [sectionCan; shared helper/component (see caller inventory)]","server/routes.ts:9770 [assertCreate; POST ""/api/irn""]","LIVE","true","No normal active-cell tooltip; when grant restricted: ""You cannot change this grant"". Notify header when disabled: ""Push notifications are disabled for this user"".","Read by gatedEither, gated, sectionVisible, sectionCan, assertCreate. ",""
"irn_raise","Internal Requisitions — Raise","edit","Edit","grey","client/src/App.tsx:353 [gatedEither; path=""/irn"" component={gatedEither(IrnListPage, ""irn_view"", ""irn_raise"")}] ; client/src/App.tsx:354 [gated; path=""/irn/new"" component={gated(IrnRaisePage, ""irn_raise"")}] ; client/src/App.tsx:355 [gatedEither; path=""/irn/:id"" component={gatedEither(IrnDetailPage, ""irn_view"", ""irn_raise"")}] ; client/src/components/HubShell.tsx:75 [sectionVisible; shared helper/component (see caller inventory)] ; client/src/pages/EquipmentHub.tsx:211 [sectionVisible; HubActionTile navigation: href=""/irn/new?from=equipment&returnTo=/equipment/hub""] ; client/src/pages/FieldHome.tsx:410 [sectionVisible; shared helper/component (see caller inventory)] ; client/src/pages/FieldHome.tsx:856 [sectionVisible; shared helper/component (see caller inventory)] ; client/src/pages/FinanceHub.tsx:50 [sectionVisible; shared helper/component (see caller inventory)] ; client/src/pages/FinanceHub.tsx:81 [sectionVisible; shared helper/component (see caller inventory)] ; client/src/pages/FinanceHub.tsx:121 [sectionVisible; shared helper/component (see caller inventory)] ; client/src/pages/FinanceHub.tsx:134 [sectionVisible; HubActionTile navigation: href={`/irn/new?returnTo=${HUB}`}] ; client/src/pages/Home.tsx:139 [sectionVisible; shared helper/component (see caller inventory)] ; client/src/pages/SiteHub.tsx:208 [sectionVisible; HubActionTile navigation: href=""/irn/new?from=site&returnTo=/site/hub""] ; client/src/pages/StoresHub.tsx:35 [sectionVisible; shared helper/component (see caller inventory)] ; client/src/pages/StoresHub.tsx:196 [sectionVisible; HubActionTile navigation: href={`/irn/new?returnTo=${HUB}`}]","","HIDDEN","true","Not used for this section","Page/tile access ONLY through the seven-action visibility OR; no resolved action-specific operation. The action's name does not describe this effect.","Named action only grants visibility"
"irn_raise","Internal Requisitions — Raise","delete","Delete","grey","client/src/App.tsx:353 [gatedEither; path=""/irn"" component={gatedEither(IrnListPage, ""irn_view"", ""irn_raise"")}] ; client/src/App.tsx:354 [gated; path=""/irn/new"" component={gated(IrnRaisePage, ""irn_raise"")}] ; client/src/App.tsx:355 [gatedEither; path=""/irn/:id"" component={gatedEither(IrnDetailPage, ""irn_view"", ""irn_raise"")}] ; client/src/components/HubShell.tsx:75 [sectionVisible; shared helper/component (see caller inventory)] ; client/src/pages/EquipmentHub.tsx:211 [sectionVisible; HubActionTile navigation: href=""/irn/new?from=equipment&returnTo=/equipment/hub""] ; client/src/pages/FieldHome.tsx:410 [sectionVisible; shared helper/component (see caller inventory)] ; client/src/pages/FieldHome.tsx:856 [sectionVisible; shared helper/component (see caller inventory)] ; client/src/pages/FinanceHub.tsx:50 [sectionVisible; shared helper/component (see caller inventory)] ; client/src/pages/FinanceHub.tsx:81 [sectionVisible; shared helper/component (see caller inventory)] ; client/src/pages/FinanceHub.tsx:121 [sectionVisible; shared helper/component (see caller inventory)] ; client/src/pages/FinanceHub.tsx:134 [sectionVisible; HubActionTile navigation: href={`/irn/new?returnTo=${HUB}`}] ; client/src/pages/Home.tsx:139 [sectionVisible; shared helper/component (see caller inventory)] ; client/src/pages/SiteHub.tsx:208 [sectionVisible; HubActionTile navigation: href=""/irn/new?from=site&returnTo=/site/hub""] ; client/src/pages/StoresHub.tsx:35 [sectionVisible; shared helper/component (see caller inventory)] ; client/src/pages/StoresHub.tsx:196 [sectionVisible; HubActionTile navigation: href={`/irn/new?returnTo=${HUB}`}]","","HIDDEN","true","Not used for this section","Page/tile access ONLY through the seven-action visibility OR; no resolved action-specific operation. The action's name does not describe this effect.","Named action only grants visibility"
"irn_raise","Internal Requisitions — Raise","view_reports","Reports","grey","client/src/App.tsx:353 [gatedEither; path=""/irn"" component={gatedEither(IrnListPage, ""irn_view"", ""irn_raise"")}] ; client/src/App.tsx:354 [gated; path=""/irn/new"" component={gated(IrnRaisePage, ""irn_raise"")}] ; client/src/App.tsx:355 [gatedEither; path=""/irn/:id"" component={gatedEither(IrnDetailPage, ""irn_view"", ""irn_raise"")}] ; client/src/components/HubShell.tsx:75 [sectionVisible; shared helper/component (see caller inventory)] ; client/src/pages/EquipmentHub.tsx:211 [sectionVisible; HubActionTile navigation: href=""/irn/new?from=equipment&returnTo=/equipment/hub""] ; client/src/pages/FieldHome.tsx:410 [sectionVisible; shared helper/component (see caller inventory)] ; client/src/pages/FieldHome.tsx:856 [sectionVisible; shared helper/component (see caller inventory)] ; client/src/pages/FinanceHub.tsx:50 [sectionVisible; shared helper/component (see caller inventory)] ; client/src/pages/FinanceHub.tsx:81 [sectionVisible; shared helper/component (see caller inventory)] ; client/src/pages/FinanceHub.tsx:121 [sectionVisible; shared helper/component (see caller inventory)] ; client/src/pages/FinanceHub.tsx:134 [sectionVisible; HubActionTile navigation: href={`/irn/new?returnTo=${HUB}`}] ; client/src/pages/Home.tsx:139 [sectionVisible; shared helper/component (see caller inventory)] ; client/src/pages/SiteHub.tsx:208 [sectionVisible; HubActionTile navigation: href=""/irn/new?from=site&returnTo=/site/hub""] ; client/src/pages/StoresHub.tsx:35 [sectionVisible; shared helper/component (see caller inventory)] ; client/src/pages/StoresHub.tsx:196 [sectionVisible; HubActionTile navigation: href={`/irn/new?returnTo=${HUB}`}]","server/routes.ts:9995 [assertReportExport; GET ""/api/irn/:id/issue-voucher""]","HIDDEN","true","Not used for this section","Read by gatedEither, gated, sectionVisible, assertReportExport. Reports controls export affordances/endpoints, not just viewing.","Reports also controls exports"
"irn_raise","Internal Requisitions — Raise","export","Export","grey","client/src/App.tsx:353 [gatedEither; path=""/irn"" component={gatedEither(IrnListPage, ""irn_view"", ""irn_raise"")}] ; client/src/App.tsx:354 [gated; path=""/irn/new"" component={gated(IrnRaisePage, ""irn_raise"")}] ; client/src/App.tsx:355 [gatedEither; path=""/irn/:id"" component={gatedEither(IrnDetailPage, ""irn_view"", ""irn_raise"")}] ; client/src/components/HubShell.tsx:75 [sectionVisible; shared helper/component (see caller inventory)] ; client/src/pages/EquipmentHub.tsx:211 [sectionVisible; HubActionTile navigation: href=""/irn/new?from=equipment&returnTo=/equipment/hub""] ; client/src/pages/FieldHome.tsx:410 [sectionVisible; shared helper/component (see caller inventory)] ; client/src/pages/FieldHome.tsx:856 [sectionVisible; shared helper/component (see caller inventory)] ; client/src/pages/FinanceHub.tsx:50 [sectionVisible; shared helper/component (see caller inventory)] ; client/src/pages/FinanceHub.tsx:81 [sectionVisible; shared helper/component (see caller inventory)] ; client/src/pages/FinanceHub.tsx:121 [sectionVisible; shared helper/component (see caller inventory)] ; client/src/pages/FinanceHub.tsx:134 [sectionVisible; HubActionTile navigation: href={`/irn/new?returnTo=${HUB}`}] ; client/src/pages/Home.tsx:139 [sectionVisible; shared helper/component (see caller inventory)] ; client/src/pages/SiteHub.tsx:208 [sectionVisible; HubActionTile navigation: href=""/irn/new?from=site&returnTo=/site/hub""] ; client/src/pages/StoresHub.tsx:35 [sectionVisible; shared helper/component (see caller inventory)] ; client/src/pages/StoresHub.tsx:196 [sectionVisible; HubActionTile navigation: href={`/irn/new?returnTo=${HUB}`}]","","HIDDEN","true","Not used for this section","Page/tile access ONLY through the seven-action visibility OR; no resolved action-specific operation. The action's name does not describe this effect.","Named action only grants visibility"
"irn_raise","Internal Requisitions — Raise","approve","Approve","grey","client/src/App.tsx:353 [gatedEither; path=""/irn"" component={gatedEither(IrnListPage, ""irn_view"", ""irn_raise"")}] ; client/src/App.tsx:354 [gated; path=""/irn/new"" component={gated(IrnRaisePage, ""irn_raise"")}] ; client/src/App.tsx:355 [gatedEither; path=""/irn/:id"" component={gatedEither(IrnDetailPage, ""irn_view"", ""irn_raise"")}] ; client/src/components/HubShell.tsx:75 [sectionVisible; shared helper/component (see caller inventory)] ; client/src/pages/EquipmentHub.tsx:211 [sectionVisible; HubActionTile navigation: href=""/irn/new?from=equipment&returnTo=/equipment/hub""] ; client/src/pages/FieldHome.tsx:410 [sectionVisible; shared helper/component (see caller inventory)] ; client/src/pages/FieldHome.tsx:856 [sectionVisible; shared helper/component (see caller inventory)] ; client/src/pages/FinanceHub.tsx:50 [sectionVisible; shared helper/component (see caller inventory)] ; client/src/pages/FinanceHub.tsx:81 [sectionVisible; shared helper/component (see caller inventory)] ; client/src/pages/FinanceHub.tsx:121 [sectionVisible; shared helper/component (see caller inventory)] ; client/src/pages/FinanceHub.tsx:134 [sectionVisible; HubActionTile navigation: href={`/irn/new?returnTo=${HUB}`}] ; client/src/pages/Home.tsx:139 [sectionVisible; shared helper/component (see caller inventory)] ; client/src/pages/SiteHub.tsx:208 [sectionVisible; HubActionTile navigation: href=""/irn/new?from=site&returnTo=/site/hub""] ; client/src/pages/StoresHub.tsx:35 [sectionVisible; shared helper/component (see caller inventory)] ; client/src/pages/StoresHub.tsx:196 [sectionVisible; HubActionTile navigation: href={`/irn/new?returnTo=${HUB}`}]","","HIDDEN","true","Not used for this section","Page/tile access ONLY through the seven-action visibility OR; no resolved action-specific operation. The action's name does not describe this effect.","Named action only grants visibility"
"irn_raise","Internal Requisitions — Raise","notify","Notify","grey","","","CORRECTLY-OFF","true","Not used for this section","No resolved feature reader.","Tick has no resolved feature effect"
"irn_approve","Internal Requisitions — Approve / Issue","view","View","tickable","","","DEAD","true","No normal active-cell tooltip; when grant restricted: ""You cannot change this grant"". Notify header when disabled: ""Push notifications are disabled for this user"".","No resolved feature reader.","Tick has no resolved feature effect"
"irn_approve","Internal Requisitions — Approve / Issue","create","Create","tickable","client/src/pages/irn/IrnDetailPage.tsx:81 [sectionCan; shared helper/component (see caller inventory)]","","LIVE","true","No normal active-cell tooltip; when grant restricted: ""You cannot change this grant"". Notify header when disabled: ""Push notifications are disabled for this user"".","Read by sectionCan. ",""
"irn_approve","Internal Requisitions — Approve / Issue","edit","Edit","grey","","","CORRECTLY-OFF","true","Not used for this section","No resolved feature reader.","Tick has no resolved feature effect"
"irn_approve","Internal Requisitions — Approve / Issue","delete","Delete","grey","","","CORRECTLY-OFF","true","Not used for this section","No resolved feature reader.","Tick has no resolved feature effect"
"irn_approve","Internal Requisitions — Approve / Issue","view_reports","Reports","grey","","","CORRECTLY-OFF","true","Not used for this section","No resolved feature reader.","Tick has no resolved feature effect"
"irn_approve","Internal Requisitions — Approve / Issue","export","Export","grey","","","CORRECTLY-OFF","true","Not used for this section","No resolved feature reader.","Tick has no resolved feature effect"
"irn_approve","Internal Requisitions — Approve / Issue","approve","Approve","tickable","client/src/pages/WorkDemand.tsx:1784 [direct matrix read; shared helper/component (see caller inventory)] ; client/src/pages/irn/IrnDetailPage.tsx:82 [sectionCan; shared helper/component (see caller inventory)]","server/routes.ts:9823 [assertApprove; PATCH ""/api/irn/:id/approve""] ; server/routes.ts:9856 [direct matrix read; PATCH ""/api/irn/:id/close""] ; server/routes.ts:9886 [direct matrix read; PATCH ""/api/irn/:id/reopen""] ; server/routes.ts:20346 [assertApprove; POST ""/api/material-requirements/:id/allocations""]","LIVE","true","No normal active-cell tooltip; when grant restricted: ""You cannot change this grant"". Notify header when disabled: ""Push notifications are disabled for this user"".","Read by direct matrix read, sectionCan, assertApprove. ","Check route verbs: approval can mean verify/issue/reject/close/reopen"
"irn_approve","Internal Requisitions — Approve / Issue","notify","Notify","grey","","","CORRECTLY-OFF","true","Not used for this section","No resolved feature reader.","Tick has no resolved feature effect"
"plant_shift_logs","Shift Log — File & View","view","View","tickable","client/src/App.tsx:328 [gatedEither; path=""/plant/shift-log-manpower-review"" component={gatedEither(PlantShiftLogManpowerReview, ""plant_manpower_review"", ""plant_shift_logs"")}] ; client/src/App.tsx:329 [gated; path=""/plant/shift-log"" component={gated(PlantShiftLog, ""plant_shift_logs"")}] ; client/src/App.tsx:330 [gated; path=""/plant/shift-log/:date"" component={gated(PlantShiftLog, ""plant_shift_logs"")}] ; client/src/pages/HmpHub.tsx:57 [sectionVisible; shared helper/component (see caller inventory)] ; client/src/pages/Plant.tsx:173 [sectionVisible; shared helper/component (see caller inventory)] ; client/src/pages/Plant.tsx:323 [sectionVisible; shared helper/component (see caller inventory)] ; client/src/pages/Plant.tsx:605 [sectionVisible; shared helper/component (see caller inventory)] ; client/src/pages/PlantHome.tsx:15 [sectionVisible; shared helper/component (see caller inventory)] ; client/src/pages/ReportsHub.tsx:31 [sectionVisible; shared helper/component (see caller inventory)]","","LIVE","true","No normal active-cell tooltip; when grant restricted: ""You cannot change this grant"". Notify header when disabled: ""Push notifications are disabled for this user"".","Page/tile access ONLY through the seven-action visibility OR; no resolved action-specific operation. The action's name does not describe this effect.","Not exclusive: six other actions also grant visibility"
"plant_shift_logs","Shift Log — File & View","create","Create","tickable","client/src/App.tsx:328 [gatedEither; path=""/plant/shift-log-manpower-review"" component={gatedEither(PlantShiftLogManpowerReview, ""plant_manpower_review"", ""plant_shift_logs"")}] ; client/src/App.tsx:329 [gated; path=""/plant/shift-log"" component={gated(PlantShiftLog, ""plant_shift_logs"")}] ; client/src/App.tsx:330 [gated; path=""/plant/shift-log/:date"" component={gated(PlantShiftLog, ""plant_shift_logs"")}] ; client/src/pages/HmpHub.tsx:57 [sectionVisible; shared helper/component (see caller inventory)] ; client/src/pages/Plant.tsx:173 [sectionVisible; shared helper/component (see caller inventory)] ; client/src/pages/Plant.tsx:323 [sectionVisible; shared helper/component (see caller inventory)] ; client/src/pages/Plant.tsx:605 [sectionVisible; shared helper/component (see caller inventory)] ; client/src/pages/PlantHome.tsx:15 [sectionVisible; shared helper/component (see caller inventory)] ; client/src/pages/ReportsHub.tsx:31 [sectionVisible; shared helper/component (see caller inventory)]","server/routes.ts:7655 [assertCreate; POST ""/api/plant-module/shift-logs""]","LIVE","true","No normal active-cell tooltip; when grant restricted: ""You cannot change this grant"". Notify header when disabled: ""Push notifications are disabled for this user"".","Read by gatedEither, gated, sectionVisible, assertCreate. ",""
"plant_shift_logs","Shift Log — File & View","edit","Edit","tickable","client/src/App.tsx:328 [gatedEither; path=""/plant/shift-log-manpower-review"" component={gatedEither(PlantShiftLogManpowerReview, ""plant_manpower_review"", ""plant_shift_logs"")}] ; client/src/App.tsx:329 [gated; path=""/plant/shift-log"" component={gated(PlantShiftLog, ""plant_shift_logs"")}] ; client/src/App.tsx:330 [gated; path=""/plant/shift-log/:date"" component={gated(PlantShiftLog, ""plant_shift_logs"")}] ; client/src/pages/HmpHub.tsx:57 [sectionVisible; shared helper/component (see caller inventory)] ; client/src/pages/Plant.tsx:173 [sectionVisible; shared helper/component (see caller inventory)] ; client/src/pages/Plant.tsx:323 [sectionVisible; shared helper/component (see caller inventory)] ; client/src/pages/Plant.tsx:605 [sectionVisible; shared helper/component (see caller inventory)] ; client/src/pages/PlantHome.tsx:15 [sectionVisible; shared helper/component (see caller inventory)] ; client/src/pages/PlantShiftLog.tsx:1270 [EditPermissionButton mapped record type; shared helper/component (see caller inventory)] ; client/src/pages/ReportsHub.tsx:31 [sectionVisible; shared helper/component (see caller inventory)]","server/routes.ts:3814 [assertEdit; POST ""/api/plant/:id/clone""] ; server/routes.ts:7653 [assertEdit; POST ""/api/plant-module/shift-logs""] ; server/routes.ts:7690 [assertEdit; POST ""/api/plant-module/shift-logs/:id/finalize""] ; server/routes.ts:7717 [assertEdit; PATCH ""/api/plant-module/shift-logs/:id/dryer-source""]","LIVE","true","No normal active-cell tooltip; when grant restricted: ""You cannot change this grant"". Notify header when disabled: ""Push notifications are disabled for this user"".","Read by gatedEither, gated, sectionVisible, EditPermissionButton mapped record type, assertEdit. May also authorize delete/cancel via edit-tier gates; see evidence.",""
"plant_shift_logs","Shift Log — File & View","delete","Delete","grey","client/src/App.tsx:328 [gatedEither; path=""/plant/shift-log-manpower-review"" component={gatedEither(PlantShiftLogManpowerReview, ""plant_manpower_review"", ""plant_shift_logs"")}] ; client/src/App.tsx:329 [gated; path=""/plant/shift-log"" component={gated(PlantShiftLog, ""plant_shift_logs"")}] ; client/src/App.tsx:330 [gated; path=""/plant/shift-log/:date"" component={gated(PlantShiftLog, ""plant_shift_logs"")}] ; client/src/pages/HmpHub.tsx:57 [sectionVisible; shared helper/component (see caller inventory)] ; client/src/pages/Plant.tsx:173 [sectionVisible; shared helper/component (see caller inventory)] ; client/src/pages/Plant.tsx:323 [sectionVisible; shared helper/component (see caller inventory)] ; client/src/pages/Plant.tsx:605 [sectionVisible; shared helper/component (see caller inventory)] ; client/src/pages/PlantHome.tsx:15 [sectionVisible; shared helper/component (see caller inventory)] ; client/src/pages/ReportsHub.tsx:31 [sectionVisible; shared helper/component (see caller inventory)]","","HIDDEN","true","Not used for this section","Page/tile access ONLY through the seven-action visibility OR; no resolved action-specific operation. The action's name does not describe this effect.","Named action only grants visibility"
"plant_shift_logs","Shift Log — File & View","view_reports","Reports","grey","client/src/App.tsx:328 [gatedEither; path=""/plant/shift-log-manpower-review"" component={gatedEither(PlantShiftLogManpowerReview, ""plant_manpower_review"", ""plant_shift_logs"")}] ; client/src/App.tsx:329 [gated; path=""/plant/shift-log"" component={gated(PlantShiftLog, ""plant_shift_logs"")}] ; client/src/App.tsx:330 [gated; path=""/plant/shift-log/:date"" component={gated(PlantShiftLog, ""plant_shift_logs"")}] ; client/src/pages/HmpHub.tsx:57 [sectionVisible; shared helper/component (see caller inventory)] ; client/src/pages/Plant.tsx:173 [sectionVisible; shared helper/component (see caller inventory)] ; client/src/pages/Plant.tsx:323 [sectionVisible; shared helper/component (see caller inventory)] ; client/src/pages/Plant.tsx:605 [sectionVisible; shared helper/component (see caller inventory)] ; client/src/pages/PlantHome.tsx:15 [sectionVisible; shared helper/component (see caller inventory)] ; client/src/pages/PlantShiftLog.tsx:1123 [ReportExportGate; shared helper/component (see caller inventory)] ; client/src/pages/PlantShiftLogManpowerReview.tsx:2670 [ReportExportGate; shared helper/component (see caller inventory)] ; client/src/pages/ReportsHub.tsx:31 [sectionVisible; shared helper/component (see caller inventory)]","","HIDDEN","true","Not used for this section","Read by gatedEither, gated, sectionVisible, ReportExportGate. Reports controls export affordances/endpoints, not just viewing.","Reports also controls exports"
"plant_shift_logs","Shift Log — File & View","export","Export","grey","client/src/App.tsx:328 [gatedEither; path=""/plant/shift-log-manpower-review"" component={gatedEither(PlantShiftLogManpowerReview, ""plant_manpower_review"", ""plant_shift_logs"")}] ; client/src/App.tsx:329 [gated; path=""/plant/shift-log"" component={gated(PlantShiftLog, ""plant_shift_logs"")}] ; client/src/App.tsx:330 [gated; path=""/plant/shift-log/:date"" component={gated(PlantShiftLog, ""plant_shift_logs"")}] ; client/src/pages/HmpHub.tsx:57 [sectionVisible; shared helper/component (see caller inventory)] ; client/src/pages/Plant.tsx:173 [sectionVisible; shared helper/component (see caller inventory)] ; client/src/pages/Plant.tsx:323 [sectionVisible; shared helper/component (see caller inventory)] ; client/src/pages/Plant.tsx:605 [sectionVisible; shared helper/component (see caller inventory)] ; client/src/pages/PlantHome.tsx:15 [sectionVisible; shared helper/component (see caller inventory)] ; client/src/pages/ReportsHub.tsx:31 [sectionVisible; shared helper/component (see caller inventory)]","","HIDDEN","true","Not used for this section","Page/tile access ONLY through the seven-action visibility OR; no resolved action-specific operation. The action's name does not describe this effect.","Named action only grants visibility"
"plant_shift_logs","Shift Log — File & View","approve","Approve","grey","client/src/App.tsx:328 [gatedEither; path=""/plant/shift-log-manpower-review"" component={gatedEither(PlantShiftLogManpowerReview, ""plant_manpower_review"", ""plant_shift_logs"")}] ; client/src/App.tsx:329 [gated; path=""/plant/shift-log"" component={gated(PlantShiftLog, ""plant_shift_logs"")}] ; client/src/App.tsx:330 [gated; path=""/plant/shift-log/:date"" component={gated(PlantShiftLog, ""plant_shift_logs"")}] ; client/src/pages/HmpHub.tsx:57 [sectionVisible; shared helper/component (see caller inventory)] ; client/src/pages/Plant.tsx:173 [sectionVisible; shared helper/component (see caller inventory)] ; client/src/pages/Plant.tsx:323 [sectionVisible; shared helper/component (see caller inventory)] ; client/src/pages/Plant.tsx:605 [sectionVisible; shared helper/component (see caller inventory)] ; client/src/pages/PlantHome.tsx:15 [sectionVisible; shared helper/component (see caller inventory)] ; client/src/pages/ReportsHub.tsx:31 [sectionVisible; shared helper/component (see caller inventory)]","","HIDDEN","true","Not used for this section","Page/tile access ONLY through the seven-action visibility OR; no resolved action-specific operation. The action's name does not describe this effect.","Named action only grants visibility"
"plant_shift_logs","Shift Log — File & View","notify","Notify","tickable","","server/routes.ts:7665 [sendPushToSection; POST ""/api/plant-module/shift-logs""] ; server/routes.ts:7675 [sendPushToSection; POST ""/api/plant-module/shift-logs""]","LIVE","true","No normal active-cell tooltip; when grant restricted: ""You cannot change this grant"". Notify header when disabled: ""Push notifications are disabled for this user"".","Recipient eligibility for concrete sendPushToSection events; also requires user notifications and subscription.",""
"plant_manpower_review","Shift Log — Manpower Review Report","view","View","tickable","client/src/App.tsx:328 [gatedEither; path=""/plant/shift-log-manpower-review"" component={gatedEither(PlantShiftLogManpowerReview, ""plant_manpower_review"", ""plant_shift_logs"")}]","","LIVE","true","No normal active-cell tooltip; when grant restricted: ""You cannot change this grant"". Notify header when disabled: ""Push notifications are disabled for this user"".","Page/tile access ONLY through the seven-action visibility OR; no resolved action-specific operation. The action's name does not describe this effect.","Not exclusive: six other actions also grant visibility"
"plant_manpower_review","Shift Log — Manpower Review Report","create","Create","grey","client/src/App.tsx:328 [gatedEither; path=""/plant/shift-log-manpower-review"" component={gatedEither(PlantShiftLogManpowerReview, ""plant_manpower_review"", ""plant_shift_logs"")}]","","HIDDEN","true","Not used for this section","Page/tile access ONLY through the seven-action visibility OR; no resolved action-specific operation. The action's name does not describe this effect.","Named action only grants visibility"
"plant_manpower_review","Shift Log — Manpower Review Report","edit","Edit","grey","client/src/App.tsx:328 [gatedEither; path=""/plant/shift-log-manpower-review"" component={gatedEither(PlantShiftLogManpowerReview, ""plant_manpower_review"", ""plant_shift_logs"")}]","","HIDDEN","true","Not used for this section","Page/tile access ONLY through the seven-action visibility OR; no resolved action-specific operation. The action's name does not describe this effect.","Named action only grants visibility"
"plant_manpower_review","Shift Log — Manpower Review Report","delete","Delete","grey","client/src/App.tsx:328 [gatedEither; path=""/plant/shift-log-manpower-review"" component={gatedEither(PlantShiftLogManpowerReview, ""plant_manpower_review"", ""plant_shift_logs"")}]","","HIDDEN","true","Not used for this section","Page/tile access ONLY through the seven-action visibility OR; no resolved action-specific operation. The action's name does not describe this effect.","Named action only grants visibility"
"plant_manpower_review","Shift Log — Manpower Review Report","view_reports","Reports","grey","client/src/App.tsx:328 [gatedEither; path=""/plant/shift-log-manpower-review"" component={gatedEither(PlantShiftLogManpowerReview, ""plant_manpower_review"", ""plant_shift_logs"")}] ; client/src/pages/PlantShiftLogManpowerReview.tsx:2670 [ReportExportGate; shared helper/component (see caller inventory)]","","HIDDEN","true","Not used for this section","Read by gatedEither, ReportExportGate. Reports controls export affordances/endpoints, not just viewing.","Reports also controls exports"
"plant_manpower_review","Shift Log — Manpower Review Report","export","Export","grey","client/src/App.tsx:328 [gatedEither; path=""/plant/shift-log-manpower-review"" component={gatedEither(PlantShiftLogManpowerReview, ""plant_manpower_review"", ""plant_shift_logs"")}]","","HIDDEN","true","Not used for this section","Page/tile access ONLY through the seven-action visibility OR; no resolved action-specific operation. The action's name does not describe this effect.","Named action only grants visibility"
"plant_manpower_review","Shift Log — Manpower Review Report","approve","Approve","grey","client/src/App.tsx:328 [gatedEither; path=""/plant/shift-log-manpower-review"" component={gatedEither(PlantShiftLogManpowerReview, ""plant_manpower_review"", ""plant_shift_logs"")}]","","HIDDEN","true","Not used for this section","Page/tile access ONLY through the seven-action visibility OR; no resolved action-specific operation. The action's name does not describe this effect.","Named action only grants visibility"
"plant_manpower_review","Shift Log — Manpower Review Report","notify","Notify","grey","","","CORRECTLY-OFF","true","Not used for this section","No resolved feature reader.","Tick has no resolved feature effect"
"plant_heating","Heating Sessions — Log & View","view","View","tickable","client/src/App.tsx:334 [gated; path=""/plant/heating-sessions"" component={gated(PlantHeatingSessions, ""plant_heating"")}] ; client/src/App.tsx:335 [gated; path=""/plant/heating-sessions/:date"" component={gated(PlantHeatingSessions, ""plant_heating"")}] ; client/src/App.tsx:336 [gatedEither; path=""/plant/heating-trends"" component={gatedEither(PlantHeatingTrends, ""plant_heating_trends"", ""plant_heating"")}] ; client/src/App.tsx:338 [gated; path=""/plant/heating-mismatch/:date"" component={gated(PlantHeatingMismatch, ""plant_heating"")}] ; client/src/App.tsx:339 [gated; path=""/plant/ldo-mismatch/:date"" component={gated(PlantLdoMismatch, ""plant_heating"")}] ; client/src/pages/HmpHub.tsx:58 [sectionVisible; shared helper/component (see caller inventory)] ; client/src/pages/Plant.tsx:174 [sectionVisible; shared helper/component (see caller inventory)] ; client/src/pages/Plant.tsx:181 [sectionVisible; shared helper/component (see caller inventory)] ; client/src/pages/Plant.tsx:340 [sectionVisible; shared helper/component (see caller inventory)] ; client/src/pages/Plant.tsx:623 [sectionVisible; shared helper/component (see caller inventory)] ; client/src/pages/Plant.tsx:845 [sectionVisible; shared helper/component (see caller inventory)] ; client/src/pages/PlantHome.tsx:17 [sectionVisible; shared helper/component (see caller inventory)] ; client/src/pages/ReportsHub.tsx:28 [sectionVisible; shared helper/component (see caller inventory)]","","LIVE","true","No normal active-cell tooltip; when grant restricted: ""You cannot change this grant"". Notify header when disabled: ""Push notifications are disabled for this user"".","Page/tile access ONLY through the seven-action visibility OR; no resolved action-specific operation. The action's name does not describe this effect.","Not exclusive: six other actions also grant visibility"
"plant_heating","Heating Sessions — Log & View","create","Create","tickable","client/src/App.tsx:334 [gated; path=""/plant/heating-sessions"" component={gated(PlantHeatingSessions, ""plant_heating"")}] ; client/src/App.tsx:335 [gated; path=""/plant/heating-sessions/:date"" component={gated(PlantHeatingSessions, ""plant_heating"")}] ; client/src/App.tsx:336 [gatedEither; path=""/plant/heating-trends"" component={gatedEither(PlantHeatingTrends, ""plant_heating_trends"", ""plant_heating"")}] ; client/src/App.tsx:338 [gated; path=""/plant/heating-mismatch/:date"" component={gated(PlantHeatingMismatch, ""plant_heating"")}] ; client/src/App.tsx:339 [gated; path=""/plant/ldo-mismatch/:date"" component={gated(PlantLdoMismatch, ""plant_heating"")}] ; client/src/pages/HmpHub.tsx:58 [sectionVisible; shared helper/component (see caller inventory)] ; client/src/pages/Plant.tsx:174 [sectionVisible; shared helper/component (see caller inventory)] ; client/src/pages/Plant.tsx:181 [sectionVisible; shared helper/component (see caller inventory)] ; client/src/pages/Plant.tsx:340 [sectionVisible; shared helper/component (see caller inventory)] ; client/src/pages/Plant.tsx:623 [sectionVisible; shared helper/component (see caller inventory)] ; client/src/pages/Plant.tsx:845 [sectionVisible; shared helper/component (see caller inventory)] ; client/src/pages/PlantHome.tsx:17 [sectionVisible; shared helper/component (see caller inventory)] ; client/src/pages/ReportsHub.tsx:28 [sectionVisible; shared helper/component (see caller inventory)]","server/routes.ts:8716 [assertCreate; POST ""/api/plant-module/heating-sessions""]","LIVE","true","No normal active-cell tooltip; when grant restricted: ""You cannot change this grant"". Notify header when disabled: ""Push notifications are disabled for this user"".","Read by gated, gatedEither, sectionVisible, assertCreate. ",""
"plant_heating","Heating Sessions — Log & View","edit","Edit","tickable","client/src/App.tsx:334 [gated; path=""/plant/heating-sessions"" component={gated(PlantHeatingSessions, ""plant_heating"")}] ; client/src/App.tsx:335 [gated; path=""/plant/heating-sessions/:date"" component={gated(PlantHeatingSessions, ""plant_heating"")}] ; client/src/App.tsx:336 [gatedEither; path=""/plant/heating-trends"" component={gatedEither(PlantHeatingTrends, ""plant_heating_trends"", ""plant_heating"")}] ; client/src/App.tsx:338 [gated; path=""/plant/heating-mismatch/:date"" component={gated(PlantHeatingMismatch, ""plant_heating"")}] ; client/src/App.tsx:339 [gated; path=""/plant/ldo-mismatch/:date"" component={gated(PlantLdoMismatch, ""plant_heating"")}] ; client/src/pages/HmpHub.tsx:58 [sectionVisible; shared helper/component (see caller inventory)] ; client/src/pages/Plant.tsx:174 [sectionVisible; shared helper/component (see caller inventory)] ; client/src/pages/Plant.tsx:181 [sectionVisible; shared helper/component (see caller inventory)] ; client/src/pages/Plant.tsx:340 [sectionVisible; shared helper/component (see caller inventory)] ; client/src/pages/Plant.tsx:623 [sectionVisible; shared helper/component (see caller inventory)] ; client/src/pages/Plant.tsx:845 [sectionVisible; shared helper/component (see caller inventory)] ; client/src/pages/PlantHeatingSessions.tsx:1339 [EditPermissionButton mapped record type; shared helper/component (see caller inventory)] ; client/src/pages/PlantHome.tsx:17 [sectionVisible; shared helper/component (see caller inventory)] ; client/src/pages/ReportsHub.tsx:28 [sectionVisible; shared helper/component (see caller inventory)]","server/routes.ts:8667 [assertEdit; PATCH ""/api/plant-module/heating-sessions/align-dryer-source""] ; server/routes.ts:8686 [assertEdit; PATCH ""/api/plant-module/heating-sessions/:id""] ; server/routes.ts:8745 [assertEdit; PUT ""/api/plant-module/heating-sessions/:id""] ; server/routes.ts:8784 [assertEdit; PATCH ""/api/plant-module/heating-sessions/:id/resync-flow""] ; server/routes.ts:8802 [assertEdit; POST ""/api/plant-module/heating-sessions/:id/finalize""]","LIVE","true","No normal active-cell tooltip; when grant restricted: ""You cannot change this grant"". Notify header when disabled: ""Push notifications are disabled for this user"".","Read by gated, gatedEither, sectionVisible, EditPermissionButton mapped record type, assertEdit. May also authorize delete/cancel via edit-tier gates; see evidence.",""
"plant_heating","Heating Sessions — Log & View","delete","Delete","grey","client/src/App.tsx:334 [gated; path=""/plant/heating-sessions"" component={gated(PlantHeatingSessions, ""plant_heating"")}] ; client/src/App.tsx:335 [gated; path=""/plant/heating-sessions/:date"" component={gated(PlantHeatingSessions, ""plant_heating"")}] ; client/src/App.tsx:336 [gatedEither; path=""/plant/heating-trends"" component={gatedEither(PlantHeatingTrends, ""plant_heating_trends"", ""plant_heating"")}] ; client/src/App.tsx:338 [gated; path=""/plant/heating-mismatch/:date"" component={gated(PlantHeatingMismatch, ""plant_heating"")}] ; client/src/App.tsx:339 [gated; path=""/plant/ldo-mismatch/:date"" component={gated(PlantLdoMismatch, ""plant_heating"")}] ; client/src/pages/HmpHub.tsx:58 [sectionVisible; shared helper/component (see caller inventory)] ; client/src/pages/Plant.tsx:174 [sectionVisible; shared helper/component (see caller inventory)] ; client/src/pages/Plant.tsx:181 [sectionVisible; shared helper/component (see caller inventory)] ; client/src/pages/Plant.tsx:340 [sectionVisible; shared helper/component (see caller inventory)] ; client/src/pages/Plant.tsx:623 [sectionVisible; shared helper/component (see caller inventory)] ; client/src/pages/Plant.tsx:845 [sectionVisible; shared helper/component (see caller inventory)] ; client/src/pages/PlantHome.tsx:17 [sectionVisible; shared helper/component (see caller inventory)] ; client/src/pages/ReportsHub.tsx:28 [sectionVisible; shared helper/component (see caller inventory)]","","HIDDEN","true","Not used for this section","Page/tile access ONLY through the seven-action visibility OR; no resolved action-specific operation. The action's name does not describe this effect.","Named action only grants visibility"
"plant_heating","Heating Sessions — Log & View","view_reports","Reports","grey","client/src/App.tsx:334 [gated; path=""/plant/heating-sessions"" component={gated(PlantHeatingSessions, ""plant_heating"")}] ; client/src/App.tsx:335 [gated; path=""/plant/heating-sessions/:date"" component={gated(PlantHeatingSessions, ""plant_heating"")}] ; client/src/App.tsx:336 [gatedEither; path=""/plant/heating-trends"" component={gatedEither(PlantHeatingTrends, ""plant_heating_trends"", ""plant_heating"")}] ; client/src/App.tsx:338 [gated; path=""/plant/heating-mismatch/:date"" component={gated(PlantHeatingMismatch, ""plant_heating"")}] ; client/src/App.tsx:339 [gated; path=""/plant/ldo-mismatch/:date"" component={gated(PlantLdoMismatch, ""plant_heating"")}] ; client/src/pages/HmpHub.tsx:58 [sectionVisible; shared helper/component (see caller inventory)] ; client/src/pages/Plant.tsx:174 [sectionVisible; shared helper/component (see caller inventory)] ; client/src/pages/Plant.tsx:181 [sectionVisible; shared helper/component (see caller inventory)] ; client/src/pages/Plant.tsx:340 [sectionVisible; shared helper/component (see caller inventory)] ; client/src/pages/Plant.tsx:623 [sectionVisible; shared helper/component (see caller inventory)] ; client/src/pages/Plant.tsx:845 [sectionVisible; shared helper/component (see caller inventory)] ; client/src/pages/PlantHome.tsx:17 [sectionVisible; shared helper/component (see caller inventory)] ; client/src/pages/PlantLdoMismatch.tsx:1414 [ReportExportGate; shared helper/component (see caller inventory)] ; client/src/pages/ReportsHub.tsx:28 [sectionVisible; shared helper/component (see caller inventory)]","server/routes.ts:8857 [assertReportExport; GET ""/api/plant-module/heating-trends/excel""]","HIDDEN","true","Not used for this section","Read by gated, gatedEither, sectionVisible, ReportExportGate, assertReportExport. Reports controls export affordances/endpoints, not just viewing.","Reports also controls exports"
"plant_heating","Heating Sessions — Log & View","export","Export","grey","client/src/App.tsx:334 [gated; path=""/plant/heating-sessions"" component={gated(PlantHeatingSessions, ""plant_heating"")}] ; client/src/App.tsx:335 [gated; path=""/plant/heating-sessions/:date"" component={gated(PlantHeatingSessions, ""plant_heating"")}] ; client/src/App.tsx:336 [gatedEither; path=""/plant/heating-trends"" component={gatedEither(PlantHeatingTrends, ""plant_heating_trends"", ""plant_heating"")}] ; client/src/App.tsx:338 [gated; path=""/plant/heating-mismatch/:date"" component={gated(PlantHeatingMismatch, ""plant_heating"")}] ; client/src/App.tsx:339 [gated; path=""/plant/ldo-mismatch/:date"" component={gated(PlantLdoMismatch, ""plant_heating"")}] ; client/src/pages/HmpHub.tsx:58 [sectionVisible; shared helper/component (see caller inventory)] ; client/src/pages/Plant.tsx:174 [sectionVisible; shared helper/component (see caller inventory)] ; client/src/pages/Plant.tsx:181 [sectionVisible; shared helper/component (see caller inventory)] ; client/src/pages/Plant.tsx:340 [sectionVisible; shared helper/component (see caller inventory)] ; client/src/pages/Plant.tsx:623 [sectionVisible; shared helper/component (see caller inventory)] ; client/src/pages/Plant.tsx:845 [sectionVisible; shared helper/component (see caller inventory)] ; client/src/pages/PlantHome.tsx:17 [sectionVisible; shared helper/component (see caller inventory)] ; client/src/pages/ReportsHub.tsx:28 [sectionVisible; shared helper/component (see caller inventory)]","","HIDDEN","true","Not used for this section","Page/tile access ONLY through the seven-action visibility OR; no resolved action-specific operation. The action's name does not describe this effect.","Named action only grants visibility"
"plant_heating","Heating Sessions — Log & View","approve","Approve","grey","client/src/App.tsx:334 [gated; path=""/plant/heating-sessions"" component={gated(PlantHeatingSessions, ""plant_heating"")}] ; client/src/App.tsx:335 [gated; path=""/plant/heating-sessions/:date"" component={gated(PlantHeatingSessions, ""plant_heating"")}] ; client/src/App.tsx:336 [gatedEither; path=""/plant/heating-trends"" component={gatedEither(PlantHeatingTrends, ""plant_heating_trends"", ""plant_heating"")}] ; client/src/App.tsx:338 [gated; path=""/plant/heating-mismatch/:date"" component={gated(PlantHeatingMismatch, ""plant_heating"")}] ; client/src/App.tsx:339 [gated; path=""/plant/ldo-mismatch/:date"" component={gated(PlantLdoMismatch, ""plant_heating"")}] ; client/src/pages/HmpHub.tsx:58 [sectionVisible; shared helper/component (see caller inventory)] ; client/src/pages/Plant.tsx:174 [sectionVisible; shared helper/component (see caller inventory)] ; client/src/pages/Plant.tsx:181 [sectionVisible; shared helper/component (see caller inventory)] ; client/src/pages/Plant.tsx:340 [sectionVisible; shared helper/component (see caller inventory)] ; client/src/pages/Plant.tsx:623 [sectionVisible; shared helper/component (see caller inventory)] ; client/src/pages/Plant.tsx:845 [sectionVisible; shared helper/component (see caller inventory)] ; client/src/pages/PlantHome.tsx:17 [sectionVisible; shared helper/component (see caller inventory)] ; client/src/pages/ReportsHub.tsx:28 [sectionVisible; shared helper/component (see caller inventory)]","","HIDDEN","true","Not used for this section","Page/tile access ONLY through the seven-action visibility OR; no resolved action-specific operation. The action's name does not describe this effect.","Named action only grants visibility"
"plant_heating","Heating Sessions — Log & View","notify","Notify","grey","","","CORRECTLY-OFF","true","Not used for this section","No resolved feature reader.","Tick has no resolved feature effect"
"plant_heating_trends","Heating Trends Report","view","View","tickable","client/src/App.tsx:336 [gatedEither; path=""/plant/heating-trends"" component={gatedEither(PlantHeatingTrends, ""plant_heating_trends"", ""plant_heating"")}]","","LIVE","true","No normal active-cell tooltip; when grant restricted: ""You cannot change this grant"". Notify header when disabled: ""Push notifications are disabled for this user"".","Page/tile access ONLY through the seven-action visibility OR; no resolved action-specific operation. The action's name does not describe this effect.","Not exclusive: six other actions also grant visibility"
"plant_heating_trends","Heating Trends Report","create","Create","grey","client/src/App.tsx:336 [gatedEither; path=""/plant/heating-trends"" component={gatedEither(PlantHeatingTrends, ""plant_heating_trends"", ""plant_heating"")}]","","HIDDEN","true","Not used for this section","Page/tile access ONLY through the seven-action visibility OR; no resolved action-specific operation. The action's name does not describe this effect.","Named action only grants visibility"
"plant_heating_trends","Heating Trends Report","edit","Edit","grey","client/src/App.tsx:336 [gatedEither; path=""/plant/heating-trends"" component={gatedEither(PlantHeatingTrends, ""plant_heating_trends"", ""plant_heating"")}]","","HIDDEN","true","Not used for this section","Page/tile access ONLY through the seven-action visibility OR; no resolved action-specific operation. The action's name does not describe this effect.","Named action only grants visibility"
"plant_heating_trends","Heating Trends Report","delete","Delete","grey","client/src/App.tsx:336 [gatedEither; path=""/plant/heating-trends"" component={gatedEither(PlantHeatingTrends, ""plant_heating_trends"", ""plant_heating"")}]","","HIDDEN","true","Not used for this section","Page/tile access ONLY through the seven-action visibility OR; no resolved action-specific operation. The action's name does not describe this effect.","Named action only grants visibility"
"plant_heating_trends","Heating Trends Report","view_reports","Reports","grey","client/src/App.tsx:336 [gatedEither; path=""/plant/heating-trends"" component={gatedEither(PlantHeatingTrends, ""plant_heating_trends"", ""plant_heating"")}]","server/routes.ts:8857 [assertReportExport; GET ""/api/plant-module/heating-trends/excel""]","HIDDEN","true","Not used for this section","Read by gatedEither, assertReportExport. Reports controls export affordances/endpoints, not just viewing.","Reports also controls exports"
"plant_heating_trends","Heating Trends Report","export","Export","grey","client/src/App.tsx:336 [gatedEither; path=""/plant/heating-trends"" component={gatedEither(PlantHeatingTrends, ""plant_heating_trends"", ""plant_heating"")}]","","HIDDEN","true","Not used for this section","Page/tile access ONLY through the seven-action visibility OR; no resolved action-specific operation. The action's name does not describe this effect.","Named action only grants visibility"
"plant_heating_trends","Heating Trends Report","approve","Approve","grey","client/src/App.tsx:336 [gatedEither; path=""/plant/heating-trends"" component={gatedEither(PlantHeatingTrends, ""plant_heating_trends"", ""plant_heating"")}]","","HIDDEN","true","Not used for this section","Page/tile access ONLY through the seven-action visibility OR; no resolved action-specific operation. The action's name does not describe this effect.","Named action only grants visibility"
"plant_heating_trends","Heating Trends Report","notify","Notify","grey","","","CORRECTLY-OFF","true","Not used for this section","No resolved feature reader.","Tick has no resolved feature effect"
"plant_equipment","Equipment Usage — Log & View","view","View","tickable","client/src/App.tsx:235 [gatedEither; path=""/equipment/hub"" component={gatedEither(EquipmentHub, ""equipment_hub"", ""equipment_performance_report"", ""plant_equipment"")}] ; client/src/App.tsx:275 [gatedEither; path=""/reports/equipment-performance"" component={gatedEither(EquipmentPerformanceReport, ""equipment_performance_report"", ""plant_equipment"")}] ; client/src/App.tsx:276 [gatedEither; path=""/equipment/status"" component={gatedEither(EquipmentStatus, ""equipment_hub"", ""plant_equipment"", ""equipment_performance_report"")}] ; client/src/App.tsx:294 [gatedEither; path=""/site/requirements"" component={gatedEither(SiteRequirementsList, ""site_dprs"", ""stores_inventory"", ""plant_equipment"", ""labour_management"")}] ; client/src/App.tsx:305 [gated; path=""/plant/equipment-usage"" component={gated(PlantEquipmentUsage, ""plant_equipment"")}] ; client/src/App.tsx:306 [gatedEither; path=""/plant/generator-logs"" component={gatedEither(PlantGeneratorLogs, ""plant_generator_logs"", ""plant_equipment"")}] ; client/src/App.tsx:307 [gatedEither; path=""/plant/maintenance"" component={gatedEither(PlantMaintenance, ""plant_maintenance"", ""plant_equipment"")}] ; client/src/App.tsx:348 [gated; path=""/equipment/hire-billing"" component={gated(EquipmentHireBilling, ""plant_equipment"")}] ; client/src/components/HubShell.tsx:132 [sectionVisible; shared helper/component (see caller inventory)] ; client/src/pages/DprDetails.tsx:38 [sectionCan; shared helper/component (see caller inventory)] ; client/src/pages/EquipmentHub.tsx:32 [sectionVisible; shared helper/component (see caller inventory)] ; client/src/pages/EquipmentHub.tsx:33 [sectionVisible; shared helper/component (see caller inventory)] ; client/src/pages/HmpHub.tsx:68 [sectionVisible; shared helper/component (see caller inventory)] ; client/src/pages/Plant.tsx:163 [sectionVisible; shared helper/component (see caller inventory)] ; client/src/pages/Plant.tsx:178 [sectionVisible; shared helper/component (see caller inventory)] ; client/src/pages/Plant.tsx:401 [sectionVisible; shared helper/component (see caller inventory)] ; client/src/pages/Plant.tsx:408 [sectionVisible; shared helper/component (see caller inventory)] ; client/src/pages/Plant.tsx:425 [sectionVisible; shared helper/component (see caller inventory)] ; client/src/pages/Plant.tsx:490 [sectionVisible; shared helper/component (see caller inventory)] ; client/src/pages/Plant.tsx:544 [sectionVisible; shared helper/component (see caller inventory)] ; client/src/pages/Plant.tsx:562 [sectionVisible; shared helper/component (see caller inventory)] ; client/src/pages/PlantHome.tsx:14 [sectionVisible; shared helper/component (see caller inventory)] ; client/src/pages/PlantMaintenance.tsx:965 [sectionVisible; shared helper/component (see caller inventory)] ; client/src/pages/ReportsHub.tsx:40 [sectionVisible; shared helper/component (see caller inventory)] ; client/src/pages/SiteHub.tsx:228 [sectionVisible; HubActionTile navigation: href=""/site/requirements?returnTo=/site/hub""] ; client/src/pages/SiteReport.tsx:43 [sectionCan; shared helper/component (see caller inventory)] ; client/src/pages/SiteRequirementsList.tsx:1406 [sectionVisible; shared helper/component (see caller inventory)] ; client/src/pages/SiteRequirementsList.tsx:1408 [sectionVisible; shared helper/component (see caller inventory)]","server/routes.ts:4249 [assertView; GET ""/api/equipment-hire/statements""] ; server/routes.ts:4324 [assertView; GET ""/api/equipment-hire/statements/:id""] ; server/routes.ts:4405 [assertView; POST ""/api/equipment-hire/statements/:id/create-vendor-bill""] ; server/routes.ts:5443 [assertViewEither; GET ""/api/reports/equipment-performance""] ; server/routes.ts:5483 [direct matrix read; GET ""/api/reports/equipment-status""] ; server/routes.ts:5645 [direct matrix read; GET ""/api/equipment/:equipmentId/latest-closing""] ; server/routes.ts:5896 [assertView; GET ""/api/plant-module/equipment-usage/incoming""] ; server/routes.ts:13715 [assertView; GET ""/api/maintenance/logs""] ; server/routes.ts:13747 [assertView; GET ""/api/maintenance/logs/:id""] ; server/routes.ts:13917 [assertView; GET ""/api/maintenance/health-summary""] ; server/routes.ts:13928 [assertView; GET ""/api/maintenance/open-count""]","LIVE","true","No normal active-cell tooltip; when grant restricted: ""You cannot change this grant"". Notify header when disabled: ""Push notifications are disabled for this user"".","Read by gatedEither, gated, sectionVisible, sectionCan, assertView, assertViewEither, direct matrix read. ","Not exclusive: six other actions also grant visibility"
"plant_equipment","Equipment Usage — Log & View","create","Create","tickable","client/src/App.tsx:235 [gatedEither; path=""/equipment/hub"" component={gatedEither(EquipmentHub, ""equipment_hub"", ""equipment_performance_report"", ""plant_equipment"")}] ; client/src/App.tsx:275 [gatedEither; path=""/reports/equipment-performance"" component={gatedEither(EquipmentPerformanceReport, ""equipment_performance_report"", ""plant_equipment"")}] ; client/src/App.tsx:276 [gatedEither; path=""/equipment/status"" component={gatedEither(EquipmentStatus, ""equipment_hub"", ""plant_equipment"", ""equipment_performance_report"")}] ; client/src/App.tsx:294 [gatedEither; path=""/site/requirements"" component={gatedEither(SiteRequirementsList, ""site_dprs"", ""stores_inventory"", ""plant_equipment"", ""labour_management"")}] ; client/src/App.tsx:305 [gated; path=""/plant/equipment-usage"" component={gated(PlantEquipmentUsage, ""plant_equipment"")}] ; client/src/App.tsx:306 [gatedEither; path=""/plant/generator-logs"" component={gatedEither(PlantGeneratorLogs, ""plant_generator_logs"", ""plant_equipment"")}] ; client/src/App.tsx:307 [gatedEither; path=""/plant/maintenance"" component={gatedEither(PlantMaintenance, ""plant_maintenance"", ""plant_equipment"")}] ; client/src/App.tsx:348 [gated; path=""/equipment/hire-billing"" component={gated(EquipmentHireBilling, ""plant_equipment"")}] ; client/src/components/HubShell.tsx:132 [sectionVisible; shared helper/component (see caller inventory)] ; client/src/pages/EquipmentHub.tsx:32 [sectionVisible; shared helper/component (see caller inventory)] ; client/src/pages/EquipmentHub.tsx:33 [sectionVisible; shared helper/component (see caller inventory)] ; client/src/pages/HmpHub.tsx:68 [sectionVisible; shared helper/component (see caller inventory)] ; client/src/pages/Plant.tsx:163 [sectionVisible; shared helper/component (see caller inventory)] ; client/src/pages/Plant.tsx:178 [sectionVisible; shared helper/component (see caller inventory)] ; client/src/pages/Plant.tsx:401 [sectionVisible; shared helper/component (see caller inventory)] ; client/src/pages/Plant.tsx:408 [sectionVisible; shared helper/component (see caller inventory)] ; client/src/pages/Plant.tsx:425 [sectionVisible; shared helper/component (see caller inventory)] ; client/src/pages/Plant.tsx:490 [sectionVisible; shared helper/component (see caller inventory)] ; client/src/pages/Plant.tsx:544 [sectionVisible; shared helper/component (see caller inventory)] ; client/src/pages/Plant.tsx:562 [sectionVisible; shared helper/component (see caller inventory)] ; client/src/pages/PlantEquipmentUsage.tsx:60 [sectionCan; shared helper/component (see caller inventory)] ; client/src/pages/PlantGeneratorLogs.tsx:27 [sectionCan; shared helper/component (see caller inventory)] ; client/src/pages/PlantHome.tsx:14 [sectionVisible; shared helper/component (see caller inventory)] ; client/src/pages/PlantMaintenance.tsx:965 [sectionVisible; shared helper/component (see caller inventory)] ; client/src/pages/PlantMaintenance.tsx:986 [sectionCan; shared helper/component (see caller inventory)] ; client/src/pages/PlantMaintenance.tsx:1042 [sectionCan; shared helper/component (see caller inventory)] ; client/src/pages/ReportsHub.tsx:40 [sectionVisible; shared helper/component (see caller inventory)] ; client/src/pages/SiteHub.tsx:228 [sectionVisible; HubActionTile navigation: href=""/site/requirements?returnTo=/site/hub""] ; client/src/pages/SiteRequirementsList.tsx:1406 [sectionVisible; shared helper/component (see caller inventory)] ; client/src/pages/SiteRequirementsList.tsx:1408 [sectionVisible; shared helper/component (see caller inventory)]","server/routes.ts:1429 [assertCreateOrEdit; POST ""/api/attachments""] ; server/routes.ts:5949 [assertCreate; POST ""/api/plant-module/equipment-usage""] ; server/routes.ts:6068 [assertCreate; POST ""/api/plant-module/generator-logs""] ; server/routes.ts:6156 [assertCreate; POST ""/api/plant-module/generator-logs/from-equipment-usage""] ; server/routes.ts:13760 [assertCreate; POST ""/api/maintenance/logs""] ; server/routes.ts:13881 [assertCreate; POST ""/api/maintenance/logs/:id/parts""] ; server/routes.ts:23215 [direct matrix read; PATCH ""/api/site-requirements/:id/item-status""]","LIVE","true","No normal active-cell tooltip; when grant restricted: ""You cannot change this grant"". Notify header when disabled: ""Push notifications are disabled for this user"".","Read by gatedEither, gated, sectionVisible, sectionCan, assertCreateOrEdit, assertCreate, direct matrix read. ",""
"plant_equipment","Equipment Usage — Log & View","edit","Edit","tickable","client/src/App.tsx:235 [gatedEither; path=""/equipment/hub"" component={gatedEither(EquipmentHub, ""equipment_hub"", ""equipment_performance_report"", ""plant_equipment"")}] ; client/src/App.tsx:275 [gatedEither; path=""/reports/equipment-performance"" component={gatedEither(EquipmentPerformanceReport, ""equipment_performance_report"", ""plant_equipment"")}] ; client/src/App.tsx:276 [gatedEither; path=""/equipment/status"" component={gatedEither(EquipmentStatus, ""equipment_hub"", ""plant_equipment"", ""equipment_performance_report"")}] ; client/src/App.tsx:294 [gatedEither; path=""/site/requirements"" component={gatedEither(SiteRequirementsList, ""site_dprs"", ""stores_inventory"", ""plant_equipment"", ""labour_management"")}] ; client/src/App.tsx:305 [gated; path=""/plant/equipment-usage"" component={gated(PlantEquipmentUsage, ""plant_equipment"")}] ; client/src/App.tsx:306 [gatedEither; path=""/plant/generator-logs"" component={gatedEither(PlantGeneratorLogs, ""plant_generator_logs"", ""plant_equipment"")}] ; client/src/App.tsx:307 [gatedEither; path=""/plant/maintenance"" component={gatedEither(PlantMaintenance, ""plant_maintenance"", ""plant_equipment"")}] ; client/src/App.tsx:348 [gated; path=""/equipment/hire-billing"" component={gated(EquipmentHireBilling, ""plant_equipment"")}] ; client/src/components/HubShell.tsx:132 [sectionVisible; shared helper/component (see caller inventory)] ; client/src/pages/EquipmentHub.tsx:32 [sectionVisible; shared helper/component (see caller inventory)] ; client/src/pages/EquipmentHub.tsx:33 [sectionVisible; shared helper/component (see caller inventory)] ; client/src/pages/HmpHub.tsx:68 [sectionVisible; shared helper/component (see caller inventory)] ; client/src/pages/Plant.tsx:163 [sectionVisible; shared helper/component (see caller inventory)] ; client/src/pages/Plant.tsx:178 [sectionVisible; shared helper/component (see caller inventory)] ; client/src/pages/Plant.tsx:401 [sectionVisible; shared helper/component (see caller inventory)] ; client/src/pages/Plant.tsx:408 [sectionVisible; shared helper/component (see caller inventory)] ; client/src/pages/Plant.tsx:425 [sectionVisible; shared helper/component (see caller inventory)] ; client/src/pages/Plant.tsx:490 [sectionVisible; shared helper/component (see caller inventory)] ; client/src/pages/Plant.tsx:544 [sectionVisible; shared helper/component (see caller inventory)] ; client/src/pages/Plant.tsx:562 [sectionVisible; shared helper/component (see caller inventory)] ; client/src/pages/PlantEquipmentUsage.tsx:62 [sectionCan; shared helper/component (see caller inventory)] ; client/src/pages/PlantEquipmentUsage.tsx:2156 [EditPermissionButton mapped record type; shared helper/component (see caller inventory)] ; client/src/pages/PlantHome.tsx:14 [sectionVisible; shared helper/component (see caller inventory)] ; client/src/pages/PlantMaintenance.tsx:965 [sectionVisible; shared helper/component (see caller inventory)] ; client/src/pages/PlantMaintenance.tsx:1054 [sectionCan; shared helper/component (see caller inventory)] ; client/src/pages/ReportsHub.tsx:40 [sectionVisible; shared helper/component (see caller inventory)] ; client/src/pages/SiteHub.tsx:228 [sectionVisible; HubActionTile navigation: href=""/site/requirements?returnTo=/site/hub""] ; client/src/pages/SiteRequirementsList.tsx:1406 [sectionVisible; shared helper/component (see caller inventory)] ; client/src/pages/SiteRequirementsList.tsx:1408 [sectionVisible; shared helper/component (see caller inventory)]","server/routes.ts:1429 [assertCreateOrEdit; POST ""/api/attachments""] ; server/routes.ts:1478 [assertEdit; DELETE ""/api/attachments/:id""] ; server/routes.ts:4273 [assertEdit; POST ""/api/equipment-hire/statements""] ; server/routes.ts:4334 [assertEdit; PATCH ""/api/equipment-hire/statements/:id/exceptions""] ; server/routes.ts:4373 [assertEdit; POST ""/api/equipment-hire/statements/:id/review""] ; server/routes.ts:5911 [assertEdit; POST ""/api/plant-module/equipment-usage/:id/complete-incoming""] ; server/routes.ts:5974 [assertEdit; PUT ""/api/plant-module/equipment-usage/:id""] ; server/routes.ts:13775 [assertEdit; PATCH ""/api/maintenance/logs/:id""] ; server/routes.ts:13833 [assertDeleteOrCancel; POST ""/api/maintenance/logs/:id/cancel""] ; server/routes.ts:13899 [assertEdit; DELETE ""/api/maintenance/parts/:partId""]","LIVE","true","No normal active-cell tooltip; when grant restricted: ""You cannot change this grant"". Notify header when disabled: ""Push notifications are disabled for this user"".","Read by gatedEither, gated, sectionVisible, sectionCan, EditPermissionButton mapped record type, assertCreateOrEdit, assertEdit, assertDeleteOrCancel. May also authorize delete/cancel via edit-tier gates; see evidence.","Edit also controls Delete/Cancel"
"plant_equipment","Equipment Usage — Log & View","delete","Delete","grey","client/src/App.tsx:235 [gatedEither; path=""/equipment/hub"" component={gatedEither(EquipmentHub, ""equipment_hub"", ""equipment_performance_report"", ""plant_equipment"")}] ; client/src/App.tsx:275 [gatedEither; path=""/reports/equipment-performance"" component={gatedEither(EquipmentPerformanceReport, ""equipment_performance_report"", ""plant_equipment"")}] ; client/src/App.tsx:276 [gatedEither; path=""/equipment/status"" component={gatedEither(EquipmentStatus, ""equipment_hub"", ""plant_equipment"", ""equipment_performance_report"")}] ; client/src/App.tsx:294 [gatedEither; path=""/site/requirements"" component={gatedEither(SiteRequirementsList, ""site_dprs"", ""stores_inventory"", ""plant_equipment"", ""labour_management"")}] ; client/src/App.tsx:305 [gated; path=""/plant/equipment-usage"" component={gated(PlantEquipmentUsage, ""plant_equipment"")}] ; client/src/App.tsx:306 [gatedEither; path=""/plant/generator-logs"" component={gatedEither(PlantGeneratorLogs, ""plant_generator_logs"", ""plant_equipment"")}] ; client/src/App.tsx:307 [gatedEither; path=""/plant/maintenance"" component={gatedEither(PlantMaintenance, ""plant_maintenance"", ""plant_equipment"")}] ; client/src/App.tsx:348 [gated; path=""/equipment/hire-billing"" component={gated(EquipmentHireBilling, ""plant_equipment"")}] ; client/src/components/HubShell.tsx:132 [sectionVisible; shared helper/component (see caller inventory)] ; client/src/pages/EquipmentHub.tsx:32 [sectionVisible; shared helper/component (see caller inventory)] ; client/src/pages/EquipmentHub.tsx:33 [sectionVisible; shared helper/component (see caller inventory)] ; client/src/pages/HmpHub.tsx:68 [sectionVisible; shared helper/component (see caller inventory)] ; client/src/pages/Plant.tsx:163 [sectionVisible; shared helper/component (see caller inventory)] ; client/src/pages/Plant.tsx:178 [sectionVisible; shared helper/component (see caller inventory)] ; client/src/pages/Plant.tsx:401 [sectionVisible; shared helper/component (see caller inventory)] ; client/src/pages/Plant.tsx:408 [sectionVisible; shared helper/component (see caller inventory)] ; client/src/pages/Plant.tsx:425 [sectionVisible; shared helper/component (see caller inventory)] ; client/src/pages/Plant.tsx:490 [sectionVisible; shared helper/component (see caller inventory)] ; client/src/pages/Plant.tsx:544 [sectionVisible; shared helper/component (see caller inventory)] ; client/src/pages/Plant.tsx:562 [sectionVisible; shared helper/component (see caller inventory)] ; client/src/pages/PlantHome.tsx:14 [sectionVisible; shared helper/component (see caller inventory)] ; client/src/pages/PlantMaintenance.tsx:965 [sectionVisible; shared helper/component (see caller inventory)] ; client/src/pages/ReportsHub.tsx:40 [sectionVisible; shared helper/component (see caller inventory)] ; client/src/pages/SiteHub.tsx:228 [sectionVisible; HubActionTile navigation: href=""/site/requirements?returnTo=/site/hub""] ; client/src/pages/SiteRequirementsList.tsx:1406 [sectionVisible; shared helper/component (see caller inventory)] ; client/src/pages/SiteRequirementsList.tsx:1408 [sectionVisible; shared helper/component (see caller inventory)]","","HIDDEN","true","Not used for this section","Page/tile access ONLY through the seven-action visibility OR; no resolved action-specific operation. The action's name does not describe this effect.","Named action only grants visibility"
"plant_equipment","Equipment Usage — Log & View","view_reports","Reports","tickable","client/src/App.tsx:235 [gatedEither; path=""/equipment/hub"" component={gatedEither(EquipmentHub, ""equipment_hub"", ""equipment_performance_report"", ""plant_equipment"")}] ; client/src/App.tsx:275 [gatedEither; path=""/reports/equipment-performance"" component={gatedEither(EquipmentPerformanceReport, ""equipment_performance_report"", ""plant_equipment"")}] ; client/src/App.tsx:276 [gatedEither; path=""/equipment/status"" component={gatedEither(EquipmentStatus, ""equipment_hub"", ""plant_equipment"", ""equipment_performance_report"")}] ; client/src/App.tsx:294 [gatedEither; path=""/site/requirements"" component={gatedEither(SiteRequirementsList, ""site_dprs"", ""stores_inventory"", ""plant_equipment"", ""labour_management"")}] ; client/src/App.tsx:305 [gated; path=""/plant/equipment-usage"" component={gated(PlantEquipmentUsage, ""plant_equipment"")}] ; client/src/App.tsx:306 [gatedEither; path=""/plant/generator-logs"" component={gatedEither(PlantGeneratorLogs, ""plant_generator_logs"", ""plant_equipment"")}] ; client/src/App.tsx:307 [gatedEither; path=""/plant/maintenance"" component={gatedEither(PlantMaintenance, ""plant_maintenance"", ""plant_equipment"")}] ; client/src/App.tsx:348 [gated; path=""/equipment/hire-billing"" component={gated(EquipmentHireBilling, ""plant_equipment"")}] ; client/src/components/HubShell.tsx:132 [sectionVisible; shared helper/component (see caller inventory)] ; client/src/pages/EquipmentHub.tsx:32 [sectionVisible; shared helper/component (see caller inventory)] ; client/src/pages/EquipmentHub.tsx:33 [sectionVisible; shared helper/component (see caller inventory)] ; client/src/pages/HmpHub.tsx:68 [sectionVisible; shared helper/component (see caller inventory)] ; client/src/pages/Plant.tsx:163 [sectionVisible; shared helper/component (see caller inventory)] ; client/src/pages/Plant.tsx:178 [sectionVisible; shared helper/component (see caller inventory)] ; client/src/pages/Plant.tsx:401 [sectionVisible; shared helper/component (see caller inventory)] ; client/src/pages/Plant.tsx:408 [sectionVisible; shared helper/component (see caller inventory)] ; client/src/pages/Plant.tsx:425 [sectionVisible; shared helper/component (see caller inventory)] ; client/src/pages/Plant.tsx:490 [sectionVisible; shared helper/component (see caller inventory)] ; client/src/pages/Plant.tsx:544 [sectionVisible; shared helper/component (see caller inventory)] ; client/src/pages/Plant.tsx:562 [sectionVisible; shared helper/component (see caller inventory)] ; client/src/pages/PlantEquipmentUsage.tsx:64 [sectionCan; shared helper/component (see caller inventory)] ; client/src/pages/PlantGeneratorLogs.tsx:28 [sectionCan; shared helper/component (see caller inventory)] ; client/src/pages/PlantHome.tsx:14 [sectionVisible; shared helper/component (see caller inventory)] ; client/src/pages/PlantMaintenance.tsx:965 [sectionVisible; shared helper/component (see caller inventory)] ; client/src/pages/ReportsHub.tsx:40 [sectionVisible; shared helper/component (see caller inventory)] ; client/src/pages/SiteHub.tsx:228 [sectionVisible; HubActionTile navigation: href=""/site/requirements?returnTo=/site/hub""] ; client/src/pages/SiteRequirementsList.tsx:1406 [sectionVisible; shared helper/component (see caller inventory)] ; client/src/pages/SiteRequirementsList.tsx:1408 [sectionVisible; shared helper/component (see caller inventory)]","","LIVE","true","No normal active-cell tooltip; when grant restricted: ""You cannot change this grant"". Notify header when disabled: ""Push notifications are disabled for this user"".","Read by gatedEither, gated, sectionVisible, sectionCan. Reports controls export affordances/endpoints, not just viewing.","Reports also controls exports"
"plant_equipment","Equipment Usage — Log & View","export","Export","grey","client/src/App.tsx:235 [gatedEither; path=""/equipment/hub"" component={gatedEither(EquipmentHub, ""equipment_hub"", ""equipment_performance_report"", ""plant_equipment"")}] ; client/src/App.tsx:275 [gatedEither; path=""/reports/equipment-performance"" component={gatedEither(EquipmentPerformanceReport, ""equipment_performance_report"", ""plant_equipment"")}] ; client/src/App.tsx:276 [gatedEither; path=""/equipment/status"" component={gatedEither(EquipmentStatus, ""equipment_hub"", ""plant_equipment"", ""equipment_performance_report"")}] ; client/src/App.tsx:294 [gatedEither; path=""/site/requirements"" component={gatedEither(SiteRequirementsList, ""site_dprs"", ""stores_inventory"", ""plant_equipment"", ""labour_management"")}] ; client/src/App.tsx:305 [gated; path=""/plant/equipment-usage"" component={gated(PlantEquipmentUsage, ""plant_equipment"")}] ; client/src/App.tsx:306 [gatedEither; path=""/plant/generator-logs"" component={gatedEither(PlantGeneratorLogs, ""plant_generator_logs"", ""plant_equipment"")}] ; client/src/App.tsx:307 [gatedEither; path=""/plant/maintenance"" component={gatedEither(PlantMaintenance, ""plant_maintenance"", ""plant_equipment"")}] ; client/src/App.tsx:348 [gated; path=""/equipment/hire-billing"" component={gated(EquipmentHireBilling, ""plant_equipment"")}] ; client/src/components/HubShell.tsx:132 [sectionVisible; shared helper/component (see caller inventory)] ; client/src/pages/EquipmentHub.tsx:32 [sectionVisible; shared helper/component (see caller inventory)] ; client/src/pages/EquipmentHub.tsx:33 [sectionVisible; shared helper/component (see caller inventory)] ; client/src/pages/HmpHub.tsx:68 [sectionVisible; shared helper/component (see caller inventory)] ; client/src/pages/Plant.tsx:163 [sectionVisible; shared helper/component (see caller inventory)] ; client/src/pages/Plant.tsx:178 [sectionVisible; shared helper/component (see caller inventory)] ; client/src/pages/Plant.tsx:401 [sectionVisible; shared helper/component (see caller inventory)] ; client/src/pages/Plant.tsx:408 [sectionVisible; shared helper/component (see caller inventory)] ; client/src/pages/Plant.tsx:425 [sectionVisible; shared helper/component (see caller inventory)] ; client/src/pages/Plant.tsx:490 [sectionVisible; shared helper/component (see caller inventory)] ; client/src/pages/Plant.tsx:544 [sectionVisible; shared helper/component (see caller inventory)] ; client/src/pages/Plant.tsx:562 [sectionVisible; shared helper/component (see caller inventory)] ; client/src/pages/PlantHome.tsx:14 [sectionVisible; shared helper/component (see caller inventory)] ; client/src/pages/PlantMaintenance.tsx:965 [sectionVisible; shared helper/component (see caller inventory)] ; client/src/pages/ReportsHub.tsx:40 [sectionVisible; shared helper/component (see caller inventory)] ; client/src/pages/SiteHub.tsx:228 [sectionVisible; HubActionTile navigation: href=""/site/requirements?returnTo=/site/hub""] ; client/src/pages/SiteRequirementsList.tsx:1406 [sectionVisible; shared helper/component (see caller inventory)] ; client/src/pages/SiteRequirementsList.tsx:1408 [sectionVisible; shared helper/component (see caller inventory)]","","HIDDEN","true","Not used for this section","Page/tile access ONLY through the seven-action visibility OR; no resolved action-specific operation. The action's name does not describe this effect.","Named action only grants visibility"
"plant_equipment","Equipment Usage — Log & View","approve","Approve","grey","client/src/App.tsx:235 [gatedEither; path=""/equipment/hub"" component={gatedEither(EquipmentHub, ""equipment_hub"", ""equipment_performance_report"", ""plant_equipment"")}] ; client/src/App.tsx:275 [gatedEither; path=""/reports/equipment-performance"" component={gatedEither(EquipmentPerformanceReport, ""equipment_performance_report"", ""plant_equipment"")}] ; client/src/App.tsx:276 [gatedEither; path=""/equipment/status"" component={gatedEither(EquipmentStatus, ""equipment_hub"", ""plant_equipment"", ""equipment_performance_report"")}] ; client/src/App.tsx:294 [gatedEither; path=""/site/requirements"" component={gatedEither(SiteRequirementsList, ""site_dprs"", ""stores_inventory"", ""plant_equipment"", ""labour_management"")}] ; client/src/App.tsx:305 [gated; path=""/plant/equipment-usage"" component={gated(PlantEquipmentUsage, ""plant_equipment"")}] ; client/src/App.tsx:306 [gatedEither; path=""/plant/generator-logs"" component={gatedEither(PlantGeneratorLogs, ""plant_generator_logs"", ""plant_equipment"")}] ; client/src/App.tsx:307 [gatedEither; path=""/plant/maintenance"" component={gatedEither(PlantMaintenance, ""plant_maintenance"", ""plant_equipment"")}] ; client/src/App.tsx:348 [gated; path=""/equipment/hire-billing"" component={gated(EquipmentHireBilling, ""plant_equipment"")}] ; client/src/components/HubShell.tsx:132 [sectionVisible; shared helper/component (see caller inventory)] ; client/src/pages/EquipmentHub.tsx:32 [sectionVisible; shared helper/component (see caller inventory)] ; client/src/pages/EquipmentHub.tsx:33 [sectionVisible; shared helper/component (see caller inventory)] ; client/src/pages/HmpHub.tsx:68 [sectionVisible; shared helper/component (see caller inventory)] ; client/src/pages/Plant.tsx:163 [sectionVisible; shared helper/component (see caller inventory)] ; client/src/pages/Plant.tsx:178 [sectionVisible; shared helper/component (see caller inventory)] ; client/src/pages/Plant.tsx:401 [sectionVisible; shared helper/component (see caller inventory)] ; client/src/pages/Plant.tsx:408 [sectionVisible; shared helper/component (see caller inventory)] ; client/src/pages/Plant.tsx:425 [sectionVisible; shared helper/component (see caller inventory)] ; client/src/pages/Plant.tsx:490 [sectionVisible; shared helper/component (see caller inventory)] ; client/src/pages/Plant.tsx:544 [sectionVisible; shared helper/component (see caller inventory)] ; client/src/pages/Plant.tsx:562 [sectionVisible; shared helper/component (see caller inventory)] ; client/src/pages/PlantHome.tsx:14 [sectionVisible; shared helper/component (see caller inventory)] ; client/src/pages/PlantMaintenance.tsx:965 [sectionVisible; shared helper/component (see caller inventory)] ; client/src/pages/ReportsHub.tsx:40 [sectionVisible; shared helper/component (see caller inventory)] ; client/src/pages/SiteHub.tsx:228 [sectionVisible; HubActionTile navigation: href=""/site/requirements?returnTo=/site/hub""] ; client/src/pages/SiteRequirementsList.tsx:1406 [sectionVisible; shared helper/component (see caller inventory)] ; client/src/pages/SiteRequirementsList.tsx:1408 [sectionVisible; shared helper/component (see caller inventory)]","","HIDDEN","true","Not used for this section","Page/tile access ONLY through the seven-action visibility OR; no resolved action-specific operation. The action's name does not describe this effect.","Named action only grants visibility"
"plant_equipment","Equipment Usage — Log & View","notify","Notify","tickable","","server/routes.ts:5954 [sendPushToSection; POST ""/api/plant-module/equipment-usage""] ; server/routes.ts:5984 [sendPushToSection; PUT ""/api/plant-module/equipment-usage/:id""] ; server/routes.ts:6013 [sendPushToSection; DELETE ""/api/plant-module/equipment-usage/:id""]","LIVE","true","No normal active-cell tooltip; when grant restricted: ""You cannot change this grant"". Notify header when disabled: ""Push notifications are disabled for this user"".","Recipient eligibility for concrete sendPushToSection events; also requires user notifications and subscription.",""
"plant_generator_logs","Generator (DG) Logs","view","View","tickable","client/src/App.tsx:306 [gatedEither; path=""/plant/generator-logs"" component={gatedEither(PlantGeneratorLogs, ""plant_generator_logs"", ""plant_equipment"")}]","","LIVE","true","No normal active-cell tooltip; when grant restricted: ""You cannot change this grant"". Notify header when disabled: ""Push notifications are disabled for this user"".","Page/tile access ONLY through the seven-action visibility OR; no resolved action-specific operation. The action's name does not describe this effect.","Not exclusive: six other actions also grant visibility"
"plant_generator_logs","Generator (DG) Logs","create","Create","grey","client/src/App.tsx:306 [gatedEither; path=""/plant/generator-logs"" component={gatedEither(PlantGeneratorLogs, ""plant_generator_logs"", ""plant_equipment"")}]","","HIDDEN","true","Not used for this section","Page/tile access ONLY through the seven-action visibility OR; no resolved action-specific operation. The action's name does not describe this effect.","Named action only grants visibility"
"plant_generator_logs","Generator (DG) Logs","edit","Edit","grey","client/src/App.tsx:306 [gatedEither; path=""/plant/generator-logs"" component={gatedEither(PlantGeneratorLogs, ""plant_generator_logs"", ""plant_equipment"")}]","","HIDDEN","true","Not used for this section","Page/tile access ONLY through the seven-action visibility OR; no resolved action-specific operation. The action's name does not describe this effect.","Named action only grants visibility"
"plant_generator_logs","Generator (DG) Logs","delete","Delete","grey","client/src/App.tsx:306 [gatedEither; path=""/plant/generator-logs"" component={gatedEither(PlantGeneratorLogs, ""plant_generator_logs"", ""plant_equipment"")}]","","HIDDEN","true","Not used for this section","Page/tile access ONLY through the seven-action visibility OR; no resolved action-specific operation. The action's name does not describe this effect.","Named action only grants visibility"
"plant_generator_logs","Generator (DG) Logs","view_reports","Reports","grey","client/src/App.tsx:306 [gatedEither; path=""/plant/generator-logs"" component={gatedEither(PlantGeneratorLogs, ""plant_generator_logs"", ""plant_equipment"")}]","","HIDDEN","true","Not used for this section","Page/tile access ONLY through the seven-action visibility OR; no resolved action-specific operation. The action's name does not describe this effect.","Named action only grants visibility"
"plant_generator_logs","Generator (DG) Logs","export","Export","grey","client/src/App.tsx:306 [gatedEither; path=""/plant/generator-logs"" component={gatedEither(PlantGeneratorLogs, ""plant_generator_logs"", ""plant_equipment"")}]","","HIDDEN","true","Not used for this section","Page/tile access ONLY through the seven-action visibility OR; no resolved action-specific operation. The action's name does not describe this effect.","Named action only grants visibility"
"plant_generator_logs","Generator (DG) Logs","approve","Approve","grey","client/src/App.tsx:306 [gatedEither; path=""/plant/generator-logs"" component={gatedEither(PlantGeneratorLogs, ""plant_generator_logs"", ""plant_equipment"")}]","","HIDDEN","true","Not used for this section","Page/tile access ONLY through the seven-action visibility OR; no resolved action-specific operation. The action's name does not describe this effect.","Named action only grants visibility"
"plant_generator_logs","Generator (DG) Logs","notify","Notify","tickable","","server/routes.ts:6070 [sendPushToSection; POST ""/api/plant-module/generator-logs""]","LIVE","true","No normal active-cell tooltip; when grant restricted: ""You cannot change this grant"". Notify header when disabled: ""Push notifications are disabled for this user"".","Recipient eligibility for concrete sendPushToSection events; also requires user notifications and subscription.",""
"plant_maintenance","Equipment Maintenance Logs","view","View","tickable","client/src/App.tsx:307 [gatedEither; path=""/plant/maintenance"" component={gatedEither(PlantMaintenance, ""plant_maintenance"", ""plant_equipment"")}]","","LIVE","true","No normal active-cell tooltip; when grant restricted: ""You cannot change this grant"". Notify header when disabled: ""Push notifications are disabled for this user"".","Page/tile access ONLY through the seven-action visibility OR; no resolved action-specific operation. The action's name does not describe this effect.","Not exclusive: six other actions also grant visibility"
"plant_maintenance","Equipment Maintenance Logs","create","Create","grey","client/src/App.tsx:307 [gatedEither; path=""/plant/maintenance"" component={gatedEither(PlantMaintenance, ""plant_maintenance"", ""plant_equipment"")}]","","HIDDEN","true","Not used for this section","Page/tile access ONLY through the seven-action visibility OR; no resolved action-specific operation. The action's name does not describe this effect.","Named action only grants visibility"
"plant_maintenance","Equipment Maintenance Logs","edit","Edit","grey","client/src/App.tsx:307 [gatedEither; path=""/plant/maintenance"" component={gatedEither(PlantMaintenance, ""plant_maintenance"", ""plant_equipment"")}]","","HIDDEN","true","Not used for this section","Page/tile access ONLY through the seven-action visibility OR; no resolved action-specific operation. The action's name does not describe this effect.","Named action only grants visibility"
"plant_maintenance","Equipment Maintenance Logs","delete","Delete","grey","client/src/App.tsx:307 [gatedEither; path=""/plant/maintenance"" component={gatedEither(PlantMaintenance, ""plant_maintenance"", ""plant_equipment"")}]","","HIDDEN","true","Not used for this section","Page/tile access ONLY through the seven-action visibility OR; no resolved action-specific operation. The action's name does not describe this effect.","Named action only grants visibility"
"plant_maintenance","Equipment Maintenance Logs","view_reports","Reports","grey","client/src/App.tsx:307 [gatedEither; path=""/plant/maintenance"" component={gatedEither(PlantMaintenance, ""plant_maintenance"", ""plant_equipment"")}]","","HIDDEN","true","Not used for this section","Page/tile access ONLY through the seven-action visibility OR; no resolved action-specific operation. The action's name does not describe this effect.","Named action only grants visibility"
"plant_maintenance","Equipment Maintenance Logs","export","Export","grey","client/src/App.tsx:307 [gatedEither; path=""/plant/maintenance"" component={gatedEither(PlantMaintenance, ""plant_maintenance"", ""plant_equipment"")}]","","HIDDEN","true","Not used for this section","Page/tile access ONLY through the seven-action visibility OR; no resolved action-specific operation. The action's name does not describe this effect.","Named action only grants visibility"
"plant_maintenance","Equipment Maintenance Logs","approve","Approve","grey","client/src/App.tsx:307 [gatedEither; path=""/plant/maintenance"" component={gatedEither(PlantMaintenance, ""plant_maintenance"", ""plant_equipment"")}]","","HIDDEN","true","Not used for this section","Page/tile access ONLY through the seven-action visibility OR; no resolved action-specific operation. The action's name does not describe this effect.","Named action only grants visibility"
"plant_maintenance","Equipment Maintenance Logs","notify","Notify","grey","","","CORRECTLY-OFF","true","Not used for this section","No resolved feature reader.","Tick has no resolved feature effect"
"plant_production","Production & Dispatches","view","View","tickable","client/src/App.tsx:304 [gated; path=""/plant/dispatches"" component={gated(PlantDispatches, ""plant_production"")}] ; client/src/App.tsx:308 [gatedEither; path=""/plant/rmc"" component={gatedEither(RmcHub, ""rmc_operations"", ""rmc_batch_records"", ""plant_production"")}] ; client/src/App.tsx:309 [gatedEither; path=""/plant/rmc/mix-designs"" component={gatedEither(RmcMixDesigns, ""rmc_mix_designs"", ""rmc_operations"", ""plant_production"")}] ; client/src/App.tsx:310 [gatedEither; path=""/plant/rmc/batch-records"" component={gatedEither(RmcBatchRecords, ""rmc_batch_records"", ""rmc_operations"", ""plant_production"")}] ; client/src/App.tsx:312 [gatedEither; path=""/plant/rmc/cube-tests"" component={gatedEither(RmcCubeTests, ""rmc_cube_tests"", ""rmc_operations"", ""plant_production"")}] ; client/src/App.tsx:314 [gatedEither; path=""/plant/rmc/delivery-challans"" component={gatedEither(RmcDeliveryChallans, ""rmc_delivery_challans"", ""rmc_operations"", ""plant_production"")}] ; client/src/App.tsx:337 [gatedEither; path=""/plant/dispatch-summary"" component={gatedEither(PlantProjectReport, ""plant_daily_reports"", ""plant_production"")}] ; client/src/pages/HmpHub.tsx:59 [sectionVisible; shared helper/component (see caller inventory)] ; client/src/pages/Plant.tsx:172 [sectionVisible; shared helper/component (see caller inventory)] ; client/src/pages/Plant.tsx:306 [sectionVisible; shared helper/component (see caller inventory)] ; client/src/pages/Plant.tsx:499 [sectionVisible; shared helper/component (see caller inventory)] ; client/src/pages/Plant.tsx:519 [sectionVisible; shared helper/component (see caller inventory)] ; client/src/pages/Plant.tsx:526 [sectionVisible; shared helper/component (see caller inventory)] ; client/src/pages/Plant.tsx:658 [sectionVisible; shared helper/component (see caller inventory)] ; client/src/pages/Plant.tsx:704 [sectionVisible; shared helper/component (see caller inventory)] ; client/src/pages/Plant.tsx:720 [sectionVisible; shared helper/component (see caller inventory)] ; client/src/pages/Plant.tsx:754 [sectionVisible; shared helper/component (see caller inventory)] ; client/src/pages/Plant.tsx:778 [sectionVisible; shared helper/component (see caller inventory)] ; client/src/pages/PlantHome.tsx:13 [sectionVisible; shared helper/component (see caller inventory)] ; client/src/pages/ReportsHub.tsx:29 [sectionVisible; shared helper/component (see caller inventory)] ; client/src/pages/RmcHub.tsx:77 [sectionVisible; shared helper/component (see caller inventory)]","server/routes.ts:13951 [assertView; GET ""/api/rmc/mix-designs""] ; server/routes.ts:13960 [assertView; GET ""/api/rmc/mix-designs/:id""] ; server/routes.ts:14004 [assertView; GET ""/api/rmc/today-summary""] ; server/routes.ts:14014 [assertView; GET ""/api/rmc/summary-range""] ; server/routes.ts:14026 [assertView; GET ""/api/rmc/batch-records""] ; server/routes.ts:14041 [assertView; GET ""/api/rmc/batch-records/export""] ; server/routes.ts:14085 [assertView; GET ""/api/rmc/batch-records/:id""] ; server/routes.ts:14152 [assertView; GET ""/api/rmc/cube-tests/export""] ; server/routes.ts:14201 [assertView; GET ""/api/rmc/cube-tests/stats""] ; server/routes.ts:14210 [assertView; GET ""/api/rmc/cube-tests""] ; server/routes.ts:14723 [assertView; GET ""/api/reports/plant-project-dispatch-summary""]","LIVE","true","No normal active-cell tooltip; when grant restricted: ""You cannot change this grant"". Notify header when disabled: ""Push notifications are disabled for this user"".","Read by gated, gatedEither, sectionVisible, assertView. ","Not exclusive: six other actions also grant visibility"
"plant_production","Production & Dispatches","create","Create","tickable","client/src/App.tsx:304 [gated; path=""/plant/dispatches"" component={gated(PlantDispatches, ""plant_production"")}] ; client/src/App.tsx:308 [gatedEither; path=""/plant/rmc"" component={gatedEither(RmcHub, ""rmc_operations"", ""rmc_batch_records"", ""plant_production"")}] ; client/src/App.tsx:309 [gatedEither; path=""/plant/rmc/mix-designs"" component={gatedEither(RmcMixDesigns, ""rmc_mix_designs"", ""rmc_operations"", ""plant_production"")}] ; client/src/App.tsx:310 [gatedEither; path=""/plant/rmc/batch-records"" component={gatedEither(RmcBatchRecords, ""rmc_batch_records"", ""rmc_operations"", ""plant_production"")}] ; client/src/App.tsx:312 [gatedEither; path=""/plant/rmc/cube-tests"" component={gatedEither(RmcCubeTests, ""rmc_cube_tests"", ""rmc_operations"", ""plant_production"")}] ; client/src/App.tsx:314 [gatedEither; path=""/plant/rmc/delivery-challans"" component={gatedEither(RmcDeliveryChallans, ""rmc_delivery_challans"", ""rmc_operations"", ""plant_production"")}] ; client/src/App.tsx:337 [gatedEither; path=""/plant/dispatch-summary"" component={gatedEither(PlantProjectReport, ""plant_daily_reports"", ""plant_production"")}] ; client/src/pages/HmpHub.tsx:59 [sectionVisible; shared helper/component (see caller inventory)] ; client/src/pages/Plant.tsx:172 [sectionVisible; shared helper/component (see caller inventory)] ; client/src/pages/Plant.tsx:306 [sectionVisible; shared helper/component (see caller inventory)] ; client/src/pages/Plant.tsx:499 [sectionVisible; shared helper/component (see caller inventory)] ; client/src/pages/Plant.tsx:519 [sectionVisible; shared helper/component (see caller inventory)] ; client/src/pages/Plant.tsx:526 [sectionVisible; shared helper/component (see caller inventory)] ; client/src/pages/Plant.tsx:658 [sectionVisible; shared helper/component (see caller inventory)] ; client/src/pages/Plant.tsx:704 [sectionVisible; shared helper/component (see caller inventory)] ; client/src/pages/Plant.tsx:720 [sectionVisible; shared helper/component (see caller inventory)] ; client/src/pages/Plant.tsx:754 [sectionVisible; shared helper/component (see caller inventory)] ; client/src/pages/Plant.tsx:778 [sectionVisible; shared helper/component (see caller inventory)] ; client/src/pages/PlantDispatches.tsx:37 [sectionCan; shared helper/component (see caller inventory)] ; client/src/pages/PlantHome.tsx:13 [sectionVisible; shared helper/component (see caller inventory)] ; client/src/pages/ReportsHub.tsx:29 [sectionVisible; shared helper/component (see caller inventory)] ; client/src/pages/RmcBatchRecords.tsx:119 [sectionCan; shared helper/component (see caller inventory)] ; client/src/pages/RmcCubeTests.tsx:51 [sectionCan; shared helper/component (see caller inventory)] ; client/src/pages/RmcHub.tsx:77 [sectionVisible; shared helper/component (see caller inventory)] ; client/src/pages/RmcMixDesigns.tsx:40 [sectionCan; shared helper/component (see caller inventory)]","server/routes.ts:5213 [assertCreate; POST ""/api/plant-module/dispatches""] ; server/routes.ts:13969 [assertCreate; POST ""/api/rmc/mix-designs""] ; server/routes.ts:14094 [assertCreate; POST ""/api/rmc/batch-records""] ; server/routes.ts:14224 [assertCreate; POST ""/api/rmc/cube-tests""]","LIVE","true","No normal active-cell tooltip; when grant restricted: ""You cannot change this grant"". Notify header when disabled: ""Push notifications are disabled for this user"".","Read by gated, gatedEither, sectionVisible, sectionCan, assertCreate. ",""
"plant_production","Production & Dispatches","edit","Edit","tickable","client/src/App.tsx:304 [gated; path=""/plant/dispatches"" component={gated(PlantDispatches, ""plant_production"")}] ; client/src/App.tsx:308 [gatedEither; path=""/plant/rmc"" component={gatedEither(RmcHub, ""rmc_operations"", ""rmc_batch_records"", ""plant_production"")}] ; client/src/App.tsx:309 [gatedEither; path=""/plant/rmc/mix-designs"" component={gatedEither(RmcMixDesigns, ""rmc_mix_designs"", ""rmc_operations"", ""plant_production"")}] ; client/src/App.tsx:310 [gatedEither; path=""/plant/rmc/batch-records"" component={gatedEither(RmcBatchRecords, ""rmc_batch_records"", ""rmc_operations"", ""plant_production"")}] ; client/src/App.tsx:312 [gatedEither; path=""/plant/rmc/cube-tests"" component={gatedEither(RmcCubeTests, ""rmc_cube_tests"", ""rmc_operations"", ""plant_production"")}] ; client/src/App.tsx:314 [gatedEither; path=""/plant/rmc/delivery-challans"" component={gatedEither(RmcDeliveryChallans, ""rmc_delivery_challans"", ""rmc_operations"", ""plant_production"")}] ; client/src/App.tsx:337 [gatedEither; path=""/plant/dispatch-summary"" component={gatedEither(PlantProjectReport, ""plant_daily_reports"", ""plant_production"")}] ; client/src/pages/HmpHub.tsx:59 [sectionVisible; shared helper/component (see caller inventory)] ; client/src/pages/Plant.tsx:172 [sectionVisible; shared helper/component (see caller inventory)] ; client/src/pages/Plant.tsx:306 [sectionVisible; shared helper/component (see caller inventory)] ; client/src/pages/Plant.tsx:499 [sectionVisible; shared helper/component (see caller inventory)] ; client/src/pages/Plant.tsx:519 [sectionVisible; shared helper/component (see caller inventory)] ; client/src/pages/Plant.tsx:526 [sectionVisible; shared helper/component (see caller inventory)] ; client/src/pages/Plant.tsx:658 [sectionVisible; shared helper/component (see caller inventory)] ; client/src/pages/Plant.tsx:704 [sectionVisible; shared helper/component (see caller inventory)] ; client/src/pages/Plant.tsx:720 [sectionVisible; shared helper/component (see caller inventory)] ; client/src/pages/Plant.tsx:754 [sectionVisible; shared helper/component (see caller inventory)] ; client/src/pages/Plant.tsx:778 [sectionVisible; shared helper/component (see caller inventory)] ; client/src/pages/PlantDispatches.tsx:38 [sectionCan; shared helper/component (see caller inventory)] ; client/src/pages/PlantDispatches.tsx:1533 [EditPermissionButton mapped record type; shared helper/component (see caller inventory)] ; client/src/pages/PlantHome.tsx:13 [sectionVisible; shared helper/component (see caller inventory)] ; client/src/pages/ReportsHub.tsx:29 [sectionVisible; shared helper/component (see caller inventory)] ; client/src/pages/RmcBatchRecords.tsx:120 [sectionCan; shared helper/component (see caller inventory)] ; client/src/pages/RmcCubeTests.tsx:52 [sectionCan; shared helper/component (see caller inventory)] ; client/src/pages/RmcHub.tsx:77 [sectionVisible; shared helper/component (see caller inventory)] ; client/src/pages/RmcMixDesigns.tsx:41 [sectionCan; shared helper/component (see caller inventory)]","server/routes.ts:5239 [assertEdit; PUT ""/api/plant-module/dispatches/:id""] ; server/routes.ts:13981 [assertEdit; PATCH ""/api/rmc/mix-designs/:id""] ; server/routes.ts:14115 [assertEdit; PATCH ""/api/rmc/batch-records/:id""] ; server/routes.ts:14246 [assertEdit; PATCH ""/api/rmc/cube-tests/:id""]","LIVE","true","No normal active-cell tooltip; when grant restricted: ""You cannot change this grant"". Notify header when disabled: ""Push notifications are disabled for this user"".","Read by gated, gatedEither, sectionVisible, sectionCan, EditPermissionButton mapped record type, assertEdit. May also authorize delete/cancel via edit-tier gates; see evidence.",""
"plant_production","Production & Dispatches","delete","Delete","grey","client/src/App.tsx:304 [gated; path=""/plant/dispatches"" component={gated(PlantDispatches, ""plant_production"")}] ; client/src/App.tsx:308 [gatedEither; path=""/plant/rmc"" component={gatedEither(RmcHub, ""rmc_operations"", ""rmc_batch_records"", ""plant_production"")}] ; client/src/App.tsx:309 [gatedEither; path=""/plant/rmc/mix-designs"" component={gatedEither(RmcMixDesigns, ""rmc_mix_designs"", ""rmc_operations"", ""plant_production"")}] ; client/src/App.tsx:310 [gatedEither; path=""/plant/rmc/batch-records"" component={gatedEither(RmcBatchRecords, ""rmc_batch_records"", ""rmc_operations"", ""plant_production"")}] ; client/src/App.tsx:312 [gatedEither; path=""/plant/rmc/cube-tests"" component={gatedEither(RmcCubeTests, ""rmc_cube_tests"", ""rmc_operations"", ""plant_production"")}] ; client/src/App.tsx:314 [gatedEither; path=""/plant/rmc/delivery-challans"" component={gatedEither(RmcDeliveryChallans, ""rmc_delivery_challans"", ""rmc_operations"", ""plant_production"")}] ; client/src/App.tsx:337 [gatedEither; path=""/plant/dispatch-summary"" component={gatedEither(PlantProjectReport, ""plant_daily_reports"", ""plant_production"")}] ; client/src/pages/HmpHub.tsx:59 [sectionVisible; shared helper/component (see caller inventory)] ; client/src/pages/Plant.tsx:172 [sectionVisible; shared helper/component (see caller inventory)] ; client/src/pages/Plant.tsx:306 [sectionVisible; shared helper/component (see caller inventory)] ; client/src/pages/Plant.tsx:499 [sectionVisible; shared helper/component (see caller inventory)] ; client/src/pages/Plant.tsx:519 [sectionVisible; shared helper/component (see caller inventory)] ; client/src/pages/Plant.tsx:526 [sectionVisible; shared helper/component (see caller inventory)] ; client/src/pages/Plant.tsx:658 [sectionVisible; shared helper/component (see caller inventory)] ; client/src/pages/Plant.tsx:704 [sectionVisible; shared helper/component (see caller inventory)] ; client/src/pages/Plant.tsx:720 [sectionVisible; shared helper/component (see caller inventory)] ; client/src/pages/Plant.tsx:754 [sectionVisible; shared helper/component (see caller inventory)] ; client/src/pages/Plant.tsx:778 [sectionVisible; shared helper/component (see caller inventory)] ; client/src/pages/PlantHome.tsx:13 [sectionVisible; shared helper/component (see caller inventory)] ; client/src/pages/ReportsHub.tsx:29 [sectionVisible; shared helper/component (see caller inventory)] ; client/src/pages/RmcHub.tsx:77 [sectionVisible; shared helper/component (see caller inventory)]","","HIDDEN","true","Not used for this section","Page/tile access ONLY through the seven-action visibility OR; no resolved action-specific operation. The action's name does not describe this effect.","Named action only grants visibility"
"plant_production","Production & Dispatches","view_reports","Reports","tickable","client/src/App.tsx:304 [gated; path=""/plant/dispatches"" component={gated(PlantDispatches, ""plant_production"")}] ; client/src/App.tsx:308 [gatedEither; path=""/plant/rmc"" component={gatedEither(RmcHub, ""rmc_operations"", ""rmc_batch_records"", ""plant_production"")}] ; client/src/App.tsx:309 [gatedEither; path=""/plant/rmc/mix-designs"" component={gatedEither(RmcMixDesigns, ""rmc_mix_designs"", ""rmc_operations"", ""plant_production"")}] ; client/src/App.tsx:310 [gatedEither; path=""/plant/rmc/batch-records"" component={gatedEither(RmcBatchRecords, ""rmc_batch_records"", ""rmc_operations"", ""plant_production"")}] ; client/src/App.tsx:312 [gatedEither; path=""/plant/rmc/cube-tests"" component={gatedEither(RmcCubeTests, ""rmc_cube_tests"", ""rmc_operations"", ""plant_production"")}] ; client/src/App.tsx:314 [gatedEither; path=""/plant/rmc/delivery-challans"" component={gatedEither(RmcDeliveryChallans, ""rmc_delivery_challans"", ""rmc_operations"", ""plant_production"")}] ; client/src/App.tsx:337 [gatedEither; path=""/plant/dispatch-summary"" component={gatedEither(PlantProjectReport, ""plant_daily_reports"", ""plant_production"")}] ; client/src/pages/HmpHub.tsx:59 [sectionVisible; shared helper/component (see caller inventory)] ; client/src/pages/Plant.tsx:172 [sectionVisible; shared helper/component (see caller inventory)] ; client/src/pages/Plant.tsx:306 [sectionVisible; shared helper/component (see caller inventory)] ; client/src/pages/Plant.tsx:499 [sectionVisible; shared helper/component (see caller inventory)] ; client/src/pages/Plant.tsx:519 [sectionVisible; shared helper/component (see caller inventory)] ; client/src/pages/Plant.tsx:526 [sectionVisible; shared helper/component (see caller inventory)] ; client/src/pages/Plant.tsx:658 [sectionVisible; shared helper/component (see caller inventory)] ; client/src/pages/Plant.tsx:704 [sectionVisible; shared helper/component (see caller inventory)] ; client/src/pages/Plant.tsx:720 [sectionVisible; shared helper/component (see caller inventory)] ; client/src/pages/Plant.tsx:754 [sectionVisible; shared helper/component (see caller inventory)] ; client/src/pages/Plant.tsx:778 [sectionVisible; shared helper/component (see caller inventory)] ; client/src/pages/PlantDispatches.tsx:39 [sectionCan; shared helper/component (see caller inventory)] ; client/src/pages/PlantHome.tsx:13 [sectionVisible; shared helper/component (see caller inventory)] ; client/src/pages/PlantProjectReport.tsx:261 [ReportExportGate; shared helper/component (see caller inventory)] ; client/src/pages/ReportsHub.tsx:29 [sectionVisible; shared helper/component (see caller inventory)] ; client/src/pages/RmcBatchRecords.tsx:42 [ReportExportGate; shared helper/component (see caller inventory)] ; client/src/pages/RmcBatchRecords.tsx:378 [ReportExportGate; shared helper/component (see caller inventory)] ; client/src/pages/RmcCubeTests.tsx:194 [ReportExportGate; shared helper/component (see caller inventory)] ; client/src/pages/RmcDeliveryChallans.tsx:22 [ReportExportGate; shared helper/component (see caller inventory)] ; client/src/pages/RmcDeliveryChallans.tsx:189 [ReportExportGate; shared helper/component (see caller inventory)] ; client/src/pages/RmcHub.tsx:77 [sectionVisible; shared helper/component (see caller inventory)]","","LIVE","true","No normal active-cell tooltip; when grant restricted: ""You cannot change this grant"". Notify header when disabled: ""Push notifications are disabled for this user"".","Read by gated, gatedEither, sectionVisible, sectionCan, ReportExportGate. Reports controls export affordances/endpoints, not just viewing.","Reports also controls exports"
"plant_production","Production & Dispatches","export","Export","grey","client/src/App.tsx:304 [gated; path=""/plant/dispatches"" component={gated(PlantDispatches, ""plant_production"")}] ; client/src/App.tsx:308 [gatedEither; path=""/plant/rmc"" component={gatedEither(RmcHub, ""rmc_operations"", ""rmc_batch_records"", ""plant_production"")}] ; client/src/App.tsx:309 [gatedEither; path=""/plant/rmc/mix-designs"" component={gatedEither(RmcMixDesigns, ""rmc_mix_designs"", ""rmc_operations"", ""plant_production"")}] ; client/src/App.tsx:310 [gatedEither; path=""/plant/rmc/batch-records"" component={gatedEither(RmcBatchRecords, ""rmc_batch_records"", ""rmc_operations"", ""plant_production"")}] ; client/src/App.tsx:312 [gatedEither; path=""/plant/rmc/cube-tests"" component={gatedEither(RmcCubeTests, ""rmc_cube_tests"", ""rmc_operations"", ""plant_production"")}] ; client/src/App.tsx:314 [gatedEither; path=""/plant/rmc/delivery-challans"" component={gatedEither(RmcDeliveryChallans, ""rmc_delivery_challans"", ""rmc_operations"", ""plant_production"")}] ; client/src/App.tsx:337 [gatedEither; path=""/plant/dispatch-summary"" component={gatedEither(PlantProjectReport, ""plant_daily_reports"", ""plant_production"")}] ; client/src/pages/HmpHub.tsx:59 [sectionVisible; shared helper/component (see caller inventory)] ; client/src/pages/Plant.tsx:172 [sectionVisible; shared helper/component (see caller inventory)] ; client/src/pages/Plant.tsx:306 [sectionVisible; shared helper/component (see caller inventory)] ; client/src/pages/Plant.tsx:499 [sectionVisible; shared helper/component (see caller inventory)] ; client/src/pages/Plant.tsx:519 [sectionVisible; shared helper/component (see caller inventory)] ; client/src/pages/Plant.tsx:526 [sectionVisible; shared helper/component (see caller inventory)] ; client/src/pages/Plant.tsx:658 [sectionVisible; shared helper/component (see caller inventory)] ; client/src/pages/Plant.tsx:704 [sectionVisible; shared helper/component (see caller inventory)] ; client/src/pages/Plant.tsx:720 [sectionVisible; shared helper/component (see caller inventory)] ; client/src/pages/Plant.tsx:754 [sectionVisible; shared helper/component (see caller inventory)] ; client/src/pages/Plant.tsx:778 [sectionVisible; shared helper/component (see caller inventory)] ; client/src/pages/PlantHome.tsx:13 [sectionVisible; shared helper/component (see caller inventory)] ; client/src/pages/ReportsHub.tsx:29 [sectionVisible; shared helper/component (see caller inventory)] ; client/src/pages/RmcHub.tsx:77 [sectionVisible; shared helper/component (see caller inventory)]","","HIDDEN","true","Not used for this section","Page/tile access ONLY through the seven-action visibility OR; no resolved action-specific operation. The action's name does not describe this effect.","Named action only grants visibility"
"plant_production","Production & Dispatches","approve","Approve","grey","client/src/App.tsx:304 [gated; path=""/plant/dispatches"" component={gated(PlantDispatches, ""plant_production"")}] ; client/src/App.tsx:308 [gatedEither; path=""/plant/rmc"" component={gatedEither(RmcHub, ""rmc_operations"", ""rmc_batch_records"", ""plant_production"")}] ; client/src/App.tsx:309 [gatedEither; path=""/plant/rmc/mix-designs"" component={gatedEither(RmcMixDesigns, ""rmc_mix_designs"", ""rmc_operations"", ""plant_production"")}] ; client/src/App.tsx:310 [gatedEither; path=""/plant/rmc/batch-records"" component={gatedEither(RmcBatchRecords, ""rmc_batch_records"", ""rmc_operations"", ""plant_production"")}] ; client/src/App.tsx:312 [gatedEither; path=""/plant/rmc/cube-tests"" component={gatedEither(RmcCubeTests, ""rmc_cube_tests"", ""rmc_operations"", ""plant_production"")}] ; client/src/App.tsx:314 [gatedEither; path=""/plant/rmc/delivery-challans"" component={gatedEither(RmcDeliveryChallans, ""rmc_delivery_challans"", ""rmc_operations"", ""plant_production"")}] ; client/src/App.tsx:337 [gatedEither; path=""/plant/dispatch-summary"" component={gatedEither(PlantProjectReport, ""plant_daily_reports"", ""plant_production"")}] ; client/src/pages/HmpHub.tsx:59 [sectionVisible; shared helper/component (see caller inventory)] ; client/src/pages/Plant.tsx:172 [sectionVisible; shared helper/component (see caller inventory)] ; client/src/pages/Plant.tsx:306 [sectionVisible; shared helper/component (see caller inventory)] ; client/src/pages/Plant.tsx:499 [sectionVisible; shared helper/component (see caller inventory)] ; client/src/pages/Plant.tsx:519 [sectionVisible; shared helper/component (see caller inventory)] ; client/src/pages/Plant.tsx:526 [sectionVisible; shared helper/component (see caller inventory)] ; client/src/pages/Plant.tsx:658 [sectionVisible; shared helper/component (see caller inventory)] ; client/src/pages/Plant.tsx:704 [sectionVisible; shared helper/component (see caller inventory)] ; client/src/pages/Plant.tsx:720 [sectionVisible; shared helper/component (see caller inventory)] ; client/src/pages/Plant.tsx:754 [sectionVisible; shared helper/component (see caller inventory)] ; client/src/pages/Plant.tsx:778 [sectionVisible; shared helper/component (see caller inventory)] ; client/src/pages/PlantHome.tsx:13 [sectionVisible; shared helper/component (see caller inventory)] ; client/src/pages/ReportsHub.tsx:29 [sectionVisible; shared helper/component (see caller inventory)] ; client/src/pages/RmcHub.tsx:77 [sectionVisible; shared helper/component (see caller inventory)]","","HIDDEN","true","Not used for this section","Page/tile access ONLY through the seven-action visibility OR; no resolved action-specific operation. The action's name does not describe this effect.","Named action only grants visibility"
"plant_production","Production & Dispatches","notify","Notify","tickable","","server/routes.ts:5222 [sendPushToSection; POST ""/api/plant-module/dispatches""] ; server/routes.ts:5353 [sendPushToSection; PUT ""/api/plant-module/dispatches/:id""] ; server/routes.ts:5370 [sendPushToSection; DELETE ""/api/plant-module/dispatches/:id""]","LIVE","true","No normal active-cell tooltip; when grant restricted: ""You cannot change this grant"". Notify header when disabled: ""Push notifications are disabled for this user"".","Recipient eligibility for concrete sendPushToSection events; also requires user notifications and subscription.",""
"plant_materials","Material Receipts / Issues / Returns","view","View","tickable","client/src/App.tsx:301 [gated; path=""/plant/material-receipts"" component={gated(PlantMaterialReceipts, ""plant_materials"")}] ; client/src/App.tsx:302 [gated; path=""/plant/material-issues"" component={gated(PlantMaterialIssues, ""plant_materials"")}] ; client/src/App.tsx:303 [gated; path=""/plant/material-returns"" component={gated(PlantMaterialReturns, ""plant_materials"")}] ; client/src/App.tsx:311 [gatedEither; path=""/plant/rmc/raw-materials"" component={gatedEither(RmcRawMaterials, ""rmc_raw_materials"", ""rmc_operations"", ""plant_materials"")}] ; client/src/App.tsx:315 [gatedEither; path=""/plant/stock"" component={gatedEither(PlantStock, ""plant_stock"", ""plant_materials"")}] ; client/src/App.tsx:326 [gated; path=""/stores/pending-plant-receipts"" component={gated(PendingPlantReceipts, ""plant_materials"")}] ; client/src/pages/Plant.tsx:737 [sectionVisible; shared helper/component (see caller inventory)] ; client/src/pages/PlantHome.tsx:11 [sectionVisible; shared helper/component (see caller inventory)] ; client/src/pages/ReportsHub.tsx:34 [sectionVisible; shared helper/component (see caller inventory)] ; client/src/pages/StoresHome.tsx:18 [sectionVisible; shared helper/component (see caller inventory)] ; client/src/pages/StoresHub.tsx:34 [sectionVisible; shared helper/component (see caller inventory)]","server/routes.ts:10678 [assertView; GET ""/api/pending-plant-receipts/count""] ; server/routes.ts:10689 [assertView; GET ""/api/pending-plant-receipts""] ; server/routes.ts:10705 [assertView; PATCH ""/api/pending-plant-receipts/:id""] ; server/routes.ts:14269 [assertView; GET ""/api/rmc/raw-materials""] ; server/routes.ts:14327 [assertView; GET ""/api/rmc/stock-summary""]","LIVE","true","No normal active-cell tooltip; when grant restricted: ""You cannot change this grant"". Notify header when disabled: ""Push notifications are disabled for this user"".","Read by gated, gatedEither, sectionVisible, assertView. ","Not exclusive: six other actions also grant visibility"
"plant_materials","Material Receipts / Issues / Returns","create","Create","tickable","client/src/App.tsx:301 [gated; path=""/plant/material-receipts"" component={gated(PlantMaterialReceipts, ""plant_materials"")}] ; client/src/App.tsx:302 [gated; path=""/plant/material-issues"" component={gated(PlantMaterialIssues, ""plant_materials"")}] ; client/src/App.tsx:303 [gated; path=""/plant/material-returns"" component={gated(PlantMaterialReturns, ""plant_materials"")}] ; client/src/App.tsx:311 [gatedEither; path=""/plant/rmc/raw-materials"" component={gatedEither(RmcRawMaterials, ""rmc_raw_materials"", ""rmc_operations"", ""plant_materials"")}] ; client/src/App.tsx:315 [gatedEither; path=""/plant/stock"" component={gatedEither(PlantStock, ""plant_stock"", ""plant_materials"")}] ; client/src/App.tsx:326 [gated; path=""/stores/pending-plant-receipts"" component={gated(PendingPlantReceipts, ""plant_materials"")}] ; client/src/pages/DieselRequirements.tsx:619 [sectionCan; shared helper/component (see caller inventory)] ; client/src/pages/Plant.tsx:737 [sectionVisible; shared helper/component (see caller inventory)] ; client/src/pages/PlantHome.tsx:11 [sectionVisible; shared helper/component (see caller inventory)] ; client/src/pages/ReportsHub.tsx:34 [sectionVisible; shared helper/component (see caller inventory)] ; client/src/pages/RmcRawMaterials.tsx:52 [sectionCan; shared helper/component (see caller inventory)] ; client/src/pages/StoresDieselRegister.tsx:130 [sectionCan; shared helper/component (see caller inventory)] ; client/src/pages/StoresHome.tsx:18 [sectionVisible; shared helper/component (see caller inventory)] ; client/src/pages/StoresHub.tsx:34 [sectionVisible; shared helper/component (see caller inventory)]","server/routes.ts:4632 [assertCreate; POST ""/api/plant-module/material-receipts""] ; server/routes.ts:4983 [assertCreate; POST ""/api/plant-module/material-issues""] ; server/routes.ts:5061 [assertCreate; POST ""/api/plant-module/material-returns""] ; server/routes.ts:14283 [assertCreate; POST ""/api/rmc/raw-materials""]","LIVE","true","No normal active-cell tooltip; when grant restricted: ""You cannot change this grant"". Notify header when disabled: ""Push notifications are disabled for this user"".","Read by gated, gatedEither, sectionCan, sectionVisible, assertCreate. ",""
"plant_materials","Material Receipts / Issues / Returns","edit","Edit","tickable","client/src/App.tsx:301 [gated; path=""/plant/material-receipts"" component={gated(PlantMaterialReceipts, ""plant_materials"")}] ; client/src/App.tsx:302 [gated; path=""/plant/material-issues"" component={gated(PlantMaterialIssues, ""plant_materials"")}] ; client/src/App.tsx:303 [gated; path=""/plant/material-returns"" component={gated(PlantMaterialReturns, ""plant_materials"")}] ; client/src/App.tsx:311 [gatedEither; path=""/plant/rmc/raw-materials"" component={gatedEither(RmcRawMaterials, ""rmc_raw_materials"", ""rmc_operations"", ""plant_materials"")}] ; client/src/App.tsx:315 [gatedEither; path=""/plant/stock"" component={gatedEither(PlantStock, ""plant_stock"", ""plant_materials"")}] ; client/src/App.tsx:326 [gated; path=""/stores/pending-plant-receipts"" component={gated(PendingPlantReceipts, ""plant_materials"")}] ; client/src/pages/Plant.tsx:737 [sectionVisible; shared helper/component (see caller inventory)] ; client/src/pages/PlantHome.tsx:11 [sectionVisible; shared helper/component (see caller inventory)] ; client/src/pages/PlantMaterialReceipts.tsx:57 [sectionCan; shared helper/component (see caller inventory)] ; client/src/pages/PlantMaterialReceipts.tsx:1898 [EditPermissionButton mapped record type; shared helper/component (see caller inventory)] ; client/src/pages/ReportsHub.tsx:34 [sectionVisible; shared helper/component (see caller inventory)] ; client/src/pages/RmcRawMaterials.tsx:53 [sectionCan; shared helper/component (see caller inventory)] ; client/src/pages/StoresHome.tsx:18 [sectionVisible; shared helper/component (see caller inventory)] ; client/src/pages/StoresHub.tsx:34 [sectionVisible; shared helper/component (see caller inventory)]","server/routes.ts:4741 [direct matrix read; PUT ""/api/plant-module/material-receipts/:id""] ; server/routes.ts:4770 [assertEdit; PUT ""/api/plant-module/material-receipts/:id""] ; server/routes.ts:4846 [assertEdit; POST ""/api/plant-module/material-receipts/:id/final-submit""] ; server/routes.ts:4915 [assertDeleteOrCancel; POST ""/api/plant-module/material-receipts/:id/cancel""] ; server/routes.ts:5007 [assertEdit; PUT ""/api/plant-module/material-issues/:id""] ; server/routes.ts:5090 [assertEdit; PUT ""/api/plant-module/material-returns/:id""] ; server/routes.ts:14295 [assertEdit; PATCH ""/api/rmc/raw-materials/:id""]","LIVE","true","No normal active-cell tooltip; when grant restricted: ""You cannot change this grant"". Notify header when disabled: ""Push notifications are disabled for this user"".","Read by gated, gatedEither, sectionVisible, sectionCan, EditPermissionButton mapped record type, direct matrix read, assertEdit, assertDeleteOrCancel. May also authorize delete/cancel via edit-tier gates; see evidence.","Edit also controls Delete/Cancel"
"plant_materials","Material Receipts / Issues / Returns","delete","Delete","grey","client/src/App.tsx:301 [gated; path=""/plant/material-receipts"" component={gated(PlantMaterialReceipts, ""plant_materials"")}] ; client/src/App.tsx:302 [gated; path=""/plant/material-issues"" component={gated(PlantMaterialIssues, ""plant_materials"")}] ; client/src/App.tsx:303 [gated; path=""/plant/material-returns"" component={gated(PlantMaterialReturns, ""plant_materials"")}] ; client/src/App.tsx:311 [gatedEither; path=""/plant/rmc/raw-materials"" component={gatedEither(RmcRawMaterials, ""rmc_raw_materials"", ""rmc_operations"", ""plant_materials"")}] ; client/src/App.tsx:315 [gatedEither; path=""/plant/stock"" component={gatedEither(PlantStock, ""plant_stock"", ""plant_materials"")}] ; client/src/App.tsx:326 [gated; path=""/stores/pending-plant-receipts"" component={gated(PendingPlantReceipts, ""plant_materials"")}] ; client/src/pages/Plant.tsx:737 [sectionVisible; shared helper/component (see caller inventory)] ; client/src/pages/PlantHome.tsx:11 [sectionVisible; shared helper/component (see caller inventory)] ; client/src/pages/ReportsHub.tsx:34 [sectionVisible; shared helper/component (see caller inventory)] ; client/src/pages/StoresHome.tsx:18 [sectionVisible; shared helper/component (see caller inventory)] ; client/src/pages/StoresHub.tsx:34 [sectionVisible; shared helper/component (see caller inventory)]","","HIDDEN","true","Not used for this section","Page/tile access ONLY through the seven-action visibility OR; no resolved action-specific operation. The action's name does not describe this effect.","Named action only grants visibility"
"plant_materials","Material Receipts / Issues / Returns","view_reports","Reports","grey","client/src/App.tsx:301 [gated; path=""/plant/material-receipts"" component={gated(PlantMaterialReceipts, ""plant_materials"")}] ; client/src/App.tsx:302 [gated; path=""/plant/material-issues"" component={gated(PlantMaterialIssues, ""plant_materials"")}] ; client/src/App.tsx:303 [gated; path=""/plant/material-returns"" component={gated(PlantMaterialReturns, ""plant_materials"")}] ; client/src/App.tsx:311 [gatedEither; path=""/plant/rmc/raw-materials"" component={gatedEither(RmcRawMaterials, ""rmc_raw_materials"", ""rmc_operations"", ""plant_materials"")}] ; client/src/App.tsx:315 [gatedEither; path=""/plant/stock"" component={gatedEither(PlantStock, ""plant_stock"", ""plant_materials"")}] ; client/src/App.tsx:326 [gated; path=""/stores/pending-plant-receipts"" component={gated(PendingPlantReceipts, ""plant_materials"")}] ; client/src/pages/Plant.tsx:737 [sectionVisible; shared helper/component (see caller inventory)] ; client/src/pages/PlantHome.tsx:11 [sectionVisible; shared helper/component (see caller inventory)] ; client/src/pages/PlantMaterialIssues.tsx:41 [sectionCan; shared helper/component (see caller inventory)] ; client/src/pages/PlantMaterialReceipts.tsx:58 [sectionCan; shared helper/component (see caller inventory)] ; client/src/pages/PlantMaterialReturns.tsx:30 [sectionCan; shared helper/component (see caller inventory)] ; client/src/pages/ReportsHub.tsx:34 [sectionVisible; shared helper/component (see caller inventory)] ; client/src/pages/StoresHome.tsx:18 [sectionVisible; shared helper/component (see caller inventory)] ; client/src/pages/StoresHub.tsx:34 [sectionVisible; shared helper/component (see caller inventory)]","","HIDDEN","true","Not used for this section","Read by gated, gatedEither, sectionVisible, sectionCan. Reports controls export affordances/endpoints, not just viewing.","Reports also controls exports"
"plant_materials","Material Receipts / Issues / Returns","export","Export","grey","client/src/App.tsx:301 [gated; path=""/plant/material-receipts"" component={gated(PlantMaterialReceipts, ""plant_materials"")}] ; client/src/App.tsx:302 [gated; path=""/plant/material-issues"" component={gated(PlantMaterialIssues, ""plant_materials"")}] ; client/src/App.tsx:303 [gated; path=""/plant/material-returns"" component={gated(PlantMaterialReturns, ""plant_materials"")}] ; client/src/App.tsx:311 [gatedEither; path=""/plant/rmc/raw-materials"" component={gatedEither(RmcRawMaterials, ""rmc_raw_materials"", ""rmc_operations"", ""plant_materials"")}] ; client/src/App.tsx:315 [gatedEither; path=""/plant/stock"" component={gatedEither(PlantStock, ""plant_stock"", ""plant_materials"")}] ; client/src/App.tsx:326 [gated; path=""/stores/pending-plant-receipts"" component={gated(PendingPlantReceipts, ""plant_materials"")}] ; client/src/pages/Plant.tsx:737 [sectionVisible; shared helper/component (see caller inventory)] ; client/src/pages/PlantHome.tsx:11 [sectionVisible; shared helper/component (see caller inventory)] ; client/src/pages/ReportsHub.tsx:34 [sectionVisible; shared helper/component (see caller inventory)] ; client/src/pages/StoresHome.tsx:18 [sectionVisible; shared helper/component (see caller inventory)] ; client/src/pages/StoresHub.tsx:34 [sectionVisible; shared helper/component (see caller inventory)]","","HIDDEN","true","Not used for this section","Page/tile access ONLY through the seven-action visibility OR; no resolved action-specific operation. The action's name does not describe this effect.","Named action only grants visibility"
"plant_materials","Material Receipts / Issues / Returns","approve","Approve","grey","client/src/App.tsx:301 [gated; path=""/plant/material-receipts"" component={gated(PlantMaterialReceipts, ""plant_materials"")}] ; client/src/App.tsx:302 [gated; path=""/plant/material-issues"" component={gated(PlantMaterialIssues, ""plant_materials"")}] ; client/src/App.tsx:303 [gated; path=""/plant/material-returns"" component={gated(PlantMaterialReturns, ""plant_materials"")}] ; client/src/App.tsx:311 [gatedEither; path=""/plant/rmc/raw-materials"" component={gatedEither(RmcRawMaterials, ""rmc_raw_materials"", ""rmc_operations"", ""plant_materials"")}] ; client/src/App.tsx:315 [gatedEither; path=""/plant/stock"" component={gatedEither(PlantStock, ""plant_stock"", ""plant_materials"")}] ; client/src/App.tsx:326 [gated; path=""/stores/pending-plant-receipts"" component={gated(PendingPlantReceipts, ""plant_materials"")}] ; client/src/pages/Plant.tsx:737 [sectionVisible; shared helper/component (see caller inventory)] ; client/src/pages/PlantHome.tsx:11 [sectionVisible; shared helper/component (see caller inventory)] ; client/src/pages/ReportsHub.tsx:34 [sectionVisible; shared helper/component (see caller inventory)] ; client/src/pages/StoresHome.tsx:18 [sectionVisible; shared helper/component (see caller inventory)] ; client/src/pages/StoresHub.tsx:34 [sectionVisible; shared helper/component (see caller inventory)]","","HIDDEN","true","Not used for this section","Page/tile access ONLY through the seven-action visibility OR; no resolved action-specific operation. The action's name does not describe this effect.","Named action only grants visibility"
"plant_materials","Material Receipts / Issues / Returns","notify","Notify","tickable","","server/routes.ts:4700 [sendPushToSection; POST ""/api/plant-module/material-receipts""] ; server/routes.ts:4829 [sendPushToSection; PUT ""/api/plant-module/material-receipts/:id""] ; server/routes.ts:4897 [sendPushToSection; DELETE ""/api/plant-module/material-receipts/:id""] ; server/routes.ts:4935 [sendPushToSection; POST ""/api/plant-module/material-receipts/:id/cancel""] ; server/routes.ts:4993 [sendPushToSection; POST ""/api/plant-module/material-issues""] ; server/routes.ts:5011 [sendPushToSection; PUT ""/api/plant-module/material-issues/:id""] ; server/routes.ts:5027 [sendPushToSection; DELETE ""/api/plant-module/material-issues/:id""] ; server/routes.ts:5071 [sendPushToSection; POST ""/api/plant-module/material-returns""] ; server/routes.ts:5094 [sendPushToSection; PUT ""/api/plant-module/material-returns/:id""] ; server/routes.ts:5116 [sendPushToSection; DELETE ""/api/plant-module/material-returns/:id""] ; server/routes.ts:11040 [sendPushToSection; PATCH ""/api/diesel-requirements/:id/purchase-update""]","LIVE","true","No normal active-cell tooltip; when grant restricted: ""You cannot change this grant"". Notify header when disabled: ""Push notifications are disabled for this user"".","Recipient eligibility for concrete sendPushToSection events; also requires user notifications and subscription.",""
"plant_bitumen","Bitumen Stock Tracker","view","View","tickable","client/src/App.tsx:320 [gated; path=""/plant/bitumen-stock"" component={gated(PlantBitumenStock, ""plant_bitumen"")}] ; client/src/pages/HmpHub.tsx:61 [sectionVisible; shared helper/component (see caller inventory)] ; client/src/pages/Plant.tsx:186 [sectionVisible; shared helper/component (see caller inventory)] ; client/src/pages/Plant.tsx:1074 [sectionVisible; shared helper/component (see caller inventory)]","server/routes.ts:7066 [assertView; GET ""/api/plant-module/bitumen-dip-readings""]","LIVE","true","No normal active-cell tooltip; when grant restricted: ""You cannot change this grant"". Notify header when disabled: ""Push notifications are disabled for this user"".","Read by gated, sectionVisible, assertView. ","Not exclusive: six other actions also grant visibility"
"plant_bitumen","Bitumen Stock Tracker","create","Create","tickable","client/src/App.tsx:320 [gated; path=""/plant/bitumen-stock"" component={gated(PlantBitumenStock, ""plant_bitumen"")}] ; client/src/pages/HmpHub.tsx:61 [sectionVisible; shared helper/component (see caller inventory)] ; client/src/pages/Plant.tsx:186 [sectionVisible; shared helper/component (see caller inventory)] ; client/src/pages/Plant.tsx:1074 [sectionVisible; shared helper/component (see caller inventory)]","server/routes.ts:7083 [assertCreate; POST ""/api/plant-module/bitumen-dip-readings""]","LIVE","true","No normal active-cell tooltip; when grant restricted: ""You cannot change this grant"". Notify header when disabled: ""Push notifications are disabled for this user"".","Read by gated, sectionVisible, assertCreate. ",""
"plant_bitumen","Bitumen Stock Tracker","edit","Edit","tickable","client/src/App.tsx:320 [gated; path=""/plant/bitumen-stock"" component={gated(PlantBitumenStock, ""plant_bitumen"")}] ; client/src/pages/HmpHub.tsx:61 [sectionVisible; shared helper/component (see caller inventory)] ; client/src/pages/Plant.tsx:186 [sectionVisible; shared helper/component (see caller inventory)] ; client/src/pages/Plant.tsx:1074 [sectionVisible; shared helper/component (see caller inventory)]","server/routes.ts:7098 [assertEdit; PATCH ""/api/plant-module/bitumen-dip-readings/:id""]","LIVE","true","No normal active-cell tooltip; when grant restricted: ""You cannot change this grant"". Notify header when disabled: ""Push notifications are disabled for this user"".","Read by gated, sectionVisible, assertEdit. May also authorize delete/cancel via edit-tier gates; see evidence.",""
"plant_bitumen","Bitumen Stock Tracker","delete","Delete","grey","client/src/App.tsx:320 [gated; path=""/plant/bitumen-stock"" component={gated(PlantBitumenStock, ""plant_bitumen"")}] ; client/src/pages/HmpHub.tsx:61 [sectionVisible; shared helper/component (see caller inventory)] ; client/src/pages/Plant.tsx:186 [sectionVisible; shared helper/component (see caller inventory)] ; client/src/pages/Plant.tsx:1074 [sectionVisible; shared helper/component (see caller inventory)]","","HIDDEN","true","Not used for this section","Page/tile access ONLY through the seven-action visibility OR; no resolved action-specific operation. The action's name does not describe this effect.","Named action only grants visibility"
"plant_bitumen","Bitumen Stock Tracker","view_reports","Reports","grey","client/src/App.tsx:320 [gated; path=""/plant/bitumen-stock"" component={gated(PlantBitumenStock, ""plant_bitumen"")}] ; client/src/pages/HmpHub.tsx:61 [sectionVisible; shared helper/component (see caller inventory)] ; client/src/pages/Plant.tsx:186 [sectionVisible; shared helper/component (see caller inventory)] ; client/src/pages/Plant.tsx:1074 [sectionVisible; shared helper/component (see caller inventory)] ; client/src/pages/PlantBitumenStock.tsx:57 [sectionCan; shared helper/component (see caller inventory)]","","HIDDEN","true","Not used for this section","Read by gated, sectionVisible, sectionCan. Reports controls export affordances/endpoints, not just viewing.","Reports also controls exports"
"plant_bitumen","Bitumen Stock Tracker","export","Export","grey","client/src/App.tsx:320 [gated; path=""/plant/bitumen-stock"" component={gated(PlantBitumenStock, ""plant_bitumen"")}] ; client/src/pages/HmpHub.tsx:61 [sectionVisible; shared helper/component (see caller inventory)] ; client/src/pages/Plant.tsx:186 [sectionVisible; shared helper/component (see caller inventory)] ; client/src/pages/Plant.tsx:1074 [sectionVisible; shared helper/component (see caller inventory)]","","HIDDEN","true","Not used for this section","Page/tile access ONLY through the seven-action visibility OR; no resolved action-specific operation. The action's name does not describe this effect.","Named action only grants visibility"
"plant_bitumen","Bitumen Stock Tracker","approve","Approve","grey","client/src/App.tsx:320 [gated; path=""/plant/bitumen-stock"" component={gated(PlantBitumenStock, ""plant_bitumen"")}] ; client/src/pages/HmpHub.tsx:61 [sectionVisible; shared helper/component (see caller inventory)] ; client/src/pages/Plant.tsx:186 [sectionVisible; shared helper/component (see caller inventory)] ; client/src/pages/Plant.tsx:1074 [sectionVisible; shared helper/component (see caller inventory)]","","HIDDEN","true","Not used for this section","Page/tile access ONLY through the seven-action visibility OR; no resolved action-specific operation. The action's name does not describe this effect.","Named action only grants visibility"
"plant_bitumen","Bitumen Stock Tracker","notify","Notify","tickable","","server/routes.ts:7086 [sendPushToSection; POST ""/api/plant-module/bitumen-dip-readings""] ; server/routes.ts:7102 [sendPushToSection; PATCH ""/api/plant-module/bitumen-dip-readings/:id""] ; server/routes.ts:7118 [sendPushToSection; DELETE ""/api/plant-module/bitumen-dip-readings/:id""]","LIVE","true","No normal active-cell tooltip; when grant restricted: ""You cannot change this grant"". Notify header when disabled: ""Push notifications are disabled for this user"".","Recipient eligibility for concrete sendPushToSection events; also requires user notifications and subscription.",""
"plant_ldo","LDO Flow Meter","view","View","tickable","client/src/App.tsx:321 [gated; path=""/plant/ldo-flow-meter"" component={gated(PlantLdoFlowMeter, ""plant_ldo"")}] ; client/src/pages/HmpHub.tsx:62 [sectionVisible; shared helper/component (see caller inventory)] ; client/src/pages/Plant.tsx:187 [sectionVisible; shared helper/component (see caller inventory)] ; client/src/pages/Plant.tsx:1091 [sectionVisible; shared helper/component (see caller inventory)]","server/routes.ts:7131 [assertView; GET ""/api/plant-module/ldo-flow-readings""] ; server/routes.ts:7310 [assertView; GET ""/api/plant-module/ldo-dip-readings""]","LIVE","true","No normal active-cell tooltip; when grant restricted: ""You cannot change this grant"". Notify header when disabled: ""Push notifications are disabled for this user"".","Read by gated, sectionVisible, assertView. ","Not exclusive: six other actions also grant visibility"
"plant_ldo","LDO Flow Meter","create","Create","tickable","client/src/App.tsx:321 [gated; path=""/plant/ldo-flow-meter"" component={gated(PlantLdoFlowMeter, ""plant_ldo"")}] ; client/src/pages/HmpHub.tsx:62 [sectionVisible; shared helper/component (see caller inventory)] ; client/src/pages/Plant.tsx:187 [sectionVisible; shared helper/component (see caller inventory)] ; client/src/pages/Plant.tsx:1091 [sectionVisible; shared helper/component (see caller inventory)]","server/routes.ts:7155 [assertCreate; POST ""/api/plant-module/ldo-flow-readings""] ; server/routes.ts:7327 [assertCreate; POST ""/api/plant-module/ldo-dip-readings""]","LIVE","true","No normal active-cell tooltip; when grant restricted: ""You cannot change this grant"". Notify header when disabled: ""Push notifications are disabled for this user"".","Read by gated, sectionVisible, assertCreate. ",""
"plant_ldo","LDO Flow Meter","edit","Edit","tickable","client/src/App.tsx:321 [gated; path=""/plant/ldo-flow-meter"" component={gated(PlantLdoFlowMeter, ""plant_ldo"")}] ; client/src/pages/HmpHub.tsx:62 [sectionVisible; shared helper/component (see caller inventory)] ; client/src/pages/Plant.tsx:187 [sectionVisible; shared helper/component (see caller inventory)] ; client/src/pages/Plant.tsx:1091 [sectionVisible; shared helper/component (see caller inventory)]","server/routes.ts:7174 [assertEdit; PATCH ""/api/plant-module/ldo-flow-readings/:id""] ; server/routes.ts:7342 [assertEdit; PATCH ""/api/plant-module/ldo-dip-readings/:id""]","LIVE","true","No normal active-cell tooltip; when grant restricted: ""You cannot change this grant"". Notify header when disabled: ""Push notifications are disabled for this user"".","Read by gated, sectionVisible, assertEdit. May also authorize delete/cancel via edit-tier gates; see evidence.",""
"plant_ldo","LDO Flow Meter","delete","Delete","grey","client/src/App.tsx:321 [gated; path=""/plant/ldo-flow-meter"" component={gated(PlantLdoFlowMeter, ""plant_ldo"")}] ; client/src/pages/HmpHub.tsx:62 [sectionVisible; shared helper/component (see caller inventory)] ; client/src/pages/Plant.tsx:187 [sectionVisible; shared helper/component (see caller inventory)] ; client/src/pages/Plant.tsx:1091 [sectionVisible; shared helper/component (see caller inventory)]","","HIDDEN","true","Not used for this section","Page/tile access ONLY through the seven-action visibility OR; no resolved action-specific operation. The action's name does not describe this effect.","Named action only grants visibility"
"plant_ldo","LDO Flow Meter","view_reports","Reports","grey","client/src/App.tsx:321 [gated; path=""/plant/ldo-flow-meter"" component={gated(PlantLdoFlowMeter, ""plant_ldo"")}] ; client/src/pages/HmpHub.tsx:62 [sectionVisible; shared helper/component (see caller inventory)] ; client/src/pages/Plant.tsx:187 [sectionVisible; shared helper/component (see caller inventory)] ; client/src/pages/Plant.tsx:1091 [sectionVisible; shared helper/component (see caller inventory)] ; client/src/pages/PlantLdoFlowMeter.tsx:60 [sectionCan; shared helper/component (see caller inventory)]","","HIDDEN","true","Not used for this section","Read by gated, sectionVisible, sectionCan. Reports controls export affordances/endpoints, not just viewing.","Reports also controls exports"
"plant_ldo","LDO Flow Meter","export","Export","grey","client/src/App.tsx:321 [gated; path=""/plant/ldo-flow-meter"" component={gated(PlantLdoFlowMeter, ""plant_ldo"")}] ; client/src/pages/HmpHub.tsx:62 [sectionVisible; shared helper/component (see caller inventory)] ; client/src/pages/Plant.tsx:187 [sectionVisible; shared helper/component (see caller inventory)] ; client/src/pages/Plant.tsx:1091 [sectionVisible; shared helper/component (see caller inventory)]","","HIDDEN","true","Not used for this section","Page/tile access ONLY through the seven-action visibility OR; no resolved action-specific operation. The action's name does not describe this effect.","Named action only grants visibility"
"plant_ldo","LDO Flow Meter","approve","Approve","grey","client/src/App.tsx:321 [gated; path=""/plant/ldo-flow-meter"" component={gated(PlantLdoFlowMeter, ""plant_ldo"")}] ; client/src/pages/HmpHub.tsx:62 [sectionVisible; shared helper/component (see caller inventory)] ; client/src/pages/Plant.tsx:187 [sectionVisible; shared helper/component (see caller inventory)] ; client/src/pages/Plant.tsx:1091 [sectionVisible; shared helper/component (see caller inventory)]","","HIDDEN","true","Not used for this section","Page/tile access ONLY through the seven-action visibility OR; no resolved action-specific operation. The action's name does not describe this effect.","Named action only grants visibility"
"plant_ldo","LDO Flow Meter","notify","Notify","tickable","","server/routes.ts:7158 [sendPushToSection; POST ""/api/plant-module/ldo-flow-readings""] ; server/routes.ts:7179 [sendPushToSection; PATCH ""/api/plant-module/ldo-flow-readings/:id""] ; server/routes.ts:7192 [sendPushToSection; DELETE ""/api/plant-module/ldo-flow-readings/:id""] ; server/routes.ts:7330 [sendPushToSection; POST ""/api/plant-module/ldo-dip-readings""] ; server/routes.ts:7346 [sendPushToSection; PATCH ""/api/plant-module/ldo-dip-readings/:id""] ; server/routes.ts:7359 [sendPushToSection; DELETE ""/api/plant-module/ldo-dip-readings/:id""]","LIVE","true","No normal active-cell tooltip; when grant restricted: ""You cannot change this grant"". Notify header when disabled: ""Push notifications are disabled for this user"".","Recipient eligibility for concrete sendPushToSection events; also requires user notifications and subscription.",""
"plant_daily_reports","Daily Plant Reports (single day + PDF bulk)","view","View","tickable","client/src/App.tsx:313 [gatedEither; path=""/plant/rmc/daily-report"" component={gatedEither(RmcDailyReport, ""rmc_daily_report"", ""plant_daily_reports"")}] ; client/src/App.tsx:331 [gated; path=""/plant/daily-reports"" component={gated(PlantDailyReports, ""plant_daily_reports"")}] ; client/src/App.tsx:332 [gated; path=""/plant/daily-report"" component={gated(PlantDailyReport, ""plant_daily_reports"")}] ; client/src/App.tsx:333 [gated; path=""/plant/daily-report/:date"" component={gated(PlantDailyReport, ""plant_daily_reports"")}] ; client/src/App.tsx:337 [gatedEither; path=""/plant/dispatch-summary"" component={gatedEither(PlantProjectReport, ""plant_daily_reports"", ""plant_production"")}] ; client/src/pages/Plant.tsx:180 [sectionVisible; shared helper/component (see caller inventory)] ; client/src/pages/Plant.tsx:813 [sectionVisible; shared helper/component (see caller inventory)] ; client/src/pages/Plant.tsx:829 [sectionVisible; shared helper/component (see caller inventory)] ; client/src/pages/Plant.tsx:861 [sectionVisible; shared helper/component (see caller inventory)] ; client/src/pages/PlantHome.tsx:16 [sectionVisible; shared helper/component (see caller inventory)] ; client/src/pages/ReportsHub.tsx:26 [sectionVisible; shared helper/component (see caller inventory)] ; client/src/pages/RmcHub.tsx:78 [sectionVisible; shared helper/component (see caller inventory)]","server/routes.ts:14318 [assertView; GET ""/api/rmc/plants""] ; server/routes.ts:14337 [assertView; GET ""/api/rmc/daily-report""] ; server/routes.ts:14349 [assertView; GET ""/api/rmc/daily-report/pdf""] ; server/routes.ts:14604 [assertView; GET ""/api/rmc/daily-report/export""]","LIVE","true","No normal active-cell tooltip; when grant restricted: ""You cannot change this grant"". Notify header when disabled: ""Push notifications are disabled for this user"".","Read by gatedEither, gated, sectionVisible, assertView. ","Not exclusive: six other actions also grant visibility"
"plant_daily_reports","Daily Plant Reports (single day + PDF bulk)","create","Create","grey","client/src/App.tsx:313 [gatedEither; path=""/plant/rmc/daily-report"" component={gatedEither(RmcDailyReport, ""rmc_daily_report"", ""plant_daily_reports"")}] ; client/src/App.tsx:331 [gated; path=""/plant/daily-reports"" component={gated(PlantDailyReports, ""plant_daily_reports"")}] ; client/src/App.tsx:332 [gated; path=""/plant/daily-report"" component={gated(PlantDailyReport, ""plant_daily_reports"")}] ; client/src/App.tsx:333 [gated; path=""/plant/daily-report/:date"" component={gated(PlantDailyReport, ""plant_daily_reports"")}] ; client/src/App.tsx:337 [gatedEither; path=""/plant/dispatch-summary"" component={gatedEither(PlantProjectReport, ""plant_daily_reports"", ""plant_production"")}] ; client/src/pages/Plant.tsx:180 [sectionVisible; shared helper/component (see caller inventory)] ; client/src/pages/Plant.tsx:813 [sectionVisible; shared helper/component (see caller inventory)] ; client/src/pages/Plant.tsx:829 [sectionVisible; shared helper/component (see caller inventory)] ; client/src/pages/Plant.tsx:861 [sectionVisible; shared helper/component (see caller inventory)] ; client/src/pages/PlantHome.tsx:16 [sectionVisible; shared helper/component (see caller inventory)] ; client/src/pages/ReportsHub.tsx:26 [sectionVisible; shared helper/component (see caller inventory)] ; client/src/pages/RmcHub.tsx:78 [sectionVisible; shared helper/component (see caller inventory)]","","HIDDEN","true","Not used for this section","Page/tile access ONLY through the seven-action visibility OR; no resolved action-specific operation. The action's name does not describe this effect.","Named action only grants visibility"
"plant_daily_reports","Daily Plant Reports (single day + PDF bulk)","edit","Edit","tickable","client/src/App.tsx:313 [gatedEither; path=""/plant/rmc/daily-report"" component={gatedEither(RmcDailyReport, ""rmc_daily_report"", ""plant_daily_reports"")}] ; client/src/App.tsx:331 [gated; path=""/plant/daily-reports"" component={gated(PlantDailyReports, ""plant_daily_reports"")}] ; client/src/App.tsx:332 [gated; path=""/plant/daily-report"" component={gated(PlantDailyReport, ""plant_daily_reports"")}] ; client/src/App.tsx:333 [gated; path=""/plant/daily-report/:date"" component={gated(PlantDailyReport, ""plant_daily_reports"")}] ; client/src/App.tsx:337 [gatedEither; path=""/plant/dispatch-summary"" component={gatedEither(PlantProjectReport, ""plant_daily_reports"", ""plant_production"")}] ; client/src/pages/Plant.tsx:180 [sectionVisible; shared helper/component (see caller inventory)] ; client/src/pages/Plant.tsx:813 [sectionVisible; shared helper/component (see caller inventory)] ; client/src/pages/Plant.tsx:829 [sectionVisible; shared helper/component (see caller inventory)] ; client/src/pages/Plant.tsx:861 [sectionVisible; shared helper/component (see caller inventory)] ; client/src/pages/PlantDetails.tsx:21 [sectionCan; shared helper/component (see caller inventory)] ; client/src/pages/PlantHome.tsx:16 [sectionVisible; shared helper/component (see caller inventory)] ; client/src/pages/ReportsHub.tsx:26 [sectionVisible; shared helper/component (see caller inventory)] ; client/src/pages/RmcHub.tsx:78 [sectionVisible; shared helper/component (see caller inventory)]","","LIVE","true","No normal active-cell tooltip; when grant restricted: ""You cannot change this grant"". Notify header when disabled: ""Push notifications are disabled for this user"".","Read by gatedEither, gated, sectionVisible, sectionCan. May also authorize delete/cancel via edit-tier gates; see evidence.",""
"plant_daily_reports","Daily Plant Reports (single day + PDF bulk)","delete","Delete","grey","client/src/App.tsx:313 [gatedEither; path=""/plant/rmc/daily-report"" component={gatedEither(RmcDailyReport, ""rmc_daily_report"", ""plant_daily_reports"")}] ; client/src/App.tsx:331 [gated; path=""/plant/daily-reports"" component={gated(PlantDailyReports, ""plant_daily_reports"")}] ; client/src/App.tsx:332 [gated; path=""/plant/daily-report"" component={gated(PlantDailyReport, ""plant_daily_reports"")}] ; client/src/App.tsx:333 [gated; path=""/plant/daily-report/:date"" component={gated(PlantDailyReport, ""plant_daily_reports"")}] ; client/src/App.tsx:337 [gatedEither; path=""/plant/dispatch-summary"" component={gatedEither(PlantProjectReport, ""plant_daily_reports"", ""plant_production"")}] ; client/src/pages/Plant.tsx:180 [sectionVisible; shared helper/component (see caller inventory)] ; client/src/pages/Plant.tsx:813 [sectionVisible; shared helper/component (see caller inventory)] ; client/src/pages/Plant.tsx:829 [sectionVisible; shared helper/component (see caller inventory)] ; client/src/pages/Plant.tsx:861 [sectionVisible; shared helper/component (see caller inventory)] ; client/src/pages/PlantHome.tsx:16 [sectionVisible; shared helper/component (see caller inventory)] ; client/src/pages/ReportsHub.tsx:26 [sectionVisible; shared helper/component (see caller inventory)] ; client/src/pages/RmcHub.tsx:78 [sectionVisible; shared helper/component (see caller inventory)]","","HIDDEN","true","Not used for this section","Page/tile access ONLY through the seven-action visibility OR; no resolved action-specific operation. The action's name does not describe this effect.","Named action only grants visibility"
"plant_daily_reports","Daily Plant Reports (single day + PDF bulk)","view_reports","Reports","grey","client/src/App.tsx:313 [gatedEither; path=""/plant/rmc/daily-report"" component={gatedEither(RmcDailyReport, ""rmc_daily_report"", ""plant_daily_reports"")}] ; client/src/App.tsx:331 [gated; path=""/plant/daily-reports"" component={gated(PlantDailyReports, ""plant_daily_reports"")}] ; client/src/App.tsx:332 [gated; path=""/plant/daily-report"" component={gated(PlantDailyReport, ""plant_daily_reports"")}] ; client/src/App.tsx:333 [gated; path=""/plant/daily-report/:date"" component={gated(PlantDailyReport, ""plant_daily_reports"")}] ; client/src/App.tsx:337 [gatedEither; path=""/plant/dispatch-summary"" component={gatedEither(PlantProjectReport, ""plant_daily_reports"", ""plant_production"")}] ; client/src/pages/Plant.tsx:180 [sectionVisible; shared helper/component (see caller inventory)] ; client/src/pages/Plant.tsx:813 [sectionVisible; shared helper/component (see caller inventory)] ; client/src/pages/Plant.tsx:829 [sectionVisible; shared helper/component (see caller inventory)] ; client/src/pages/Plant.tsx:861 [sectionVisible; shared helper/component (see caller inventory)] ; client/src/pages/PlantDailyReports.tsx:466 [ReportExportGate; shared helper/component (see caller inventory)] ; client/src/pages/PlantDailyReports.tsx:908 [ReportExportGate; shared helper/component (see caller inventory)] ; client/src/pages/PlantHome.tsx:16 [sectionVisible; shared helper/component (see caller inventory)] ; client/src/pages/PlantProjectReport.tsx:261 [ReportExportGate; shared helper/component (see caller inventory)] ; client/src/pages/ReportsHub.tsx:26 [sectionVisible; shared helper/component (see caller inventory)] ; client/src/pages/RmcDailyReport.tsx:83 [ReportExportGate; shared helper/component (see caller inventory)] ; client/src/pages/RmcHub.tsx:78 [sectionVisible; shared helper/component (see caller inventory)]","server/routes.ts:8269 [assertReportExport; GET ""/api/plant-module/daily-reports-export""] ; server/routes.ts:8432 [assertReportExport; POST ""/api/plant-module/daily-reports/bulk-zip""] ; server/routes.ts:8575 [assertReportExport; GET ""/api/plant-module/daily-reports/:date/pdf""]","HIDDEN","true","Not used for this section","Read by gatedEither, gated, sectionVisible, ReportExportGate, assertReportExport. Reports controls export affordances/endpoints, not just viewing.","Reports also controls exports"
"plant_daily_reports","Daily Plant Reports (single day + PDF bulk)","export","Export","grey","client/src/App.tsx:313 [gatedEither; path=""/plant/rmc/daily-report"" component={gatedEither(RmcDailyReport, ""rmc_daily_report"", ""plant_daily_reports"")}] ; client/src/App.tsx:331 [gated; path=""/plant/daily-reports"" component={gated(PlantDailyReports, ""plant_daily_reports"")}] ; client/src/App.tsx:332 [gated; path=""/plant/daily-report"" component={gated(PlantDailyReport, ""plant_daily_reports"")}] ; client/src/App.tsx:333 [gated; path=""/plant/daily-report/:date"" component={gated(PlantDailyReport, ""plant_daily_reports"")}] ; client/src/App.tsx:337 [gatedEither; path=""/plant/dispatch-summary"" component={gatedEither(PlantProjectReport, ""plant_daily_reports"", ""plant_production"")}] ; client/src/pages/Plant.tsx:180 [sectionVisible; shared helper/component (see caller inventory)] ; client/src/pages/Plant.tsx:813 [sectionVisible; shared helper/component (see caller inventory)] ; client/src/pages/Plant.tsx:829 [sectionVisible; shared helper/component (see caller inventory)] ; client/src/pages/Plant.tsx:861 [sectionVisible; shared helper/component (see caller inventory)] ; client/src/pages/PlantHome.tsx:16 [sectionVisible; shared helper/component (see caller inventory)] ; client/src/pages/ReportsHub.tsx:26 [sectionVisible; shared helper/component (see caller inventory)] ; client/src/pages/RmcHub.tsx:78 [sectionVisible; shared helper/component (see caller inventory)]","","HIDDEN","true","Not used for this section","Page/tile access ONLY through the seven-action visibility OR; no resolved action-specific operation. The action's name does not describe this effect.","Named action only grants visibility"
"plant_daily_reports","Daily Plant Reports (single day + PDF bulk)","approve","Approve","grey","client/src/App.tsx:313 [gatedEither; path=""/plant/rmc/daily-report"" component={gatedEither(RmcDailyReport, ""rmc_daily_report"", ""plant_daily_reports"")}] ; client/src/App.tsx:331 [gated; path=""/plant/daily-reports"" component={gated(PlantDailyReports, ""plant_daily_reports"")}] ; client/src/App.tsx:332 [gated; path=""/plant/daily-report"" component={gated(PlantDailyReport, ""plant_daily_reports"")}] ; client/src/App.tsx:333 [gated; path=""/plant/daily-report/:date"" component={gated(PlantDailyReport, ""plant_daily_reports"")}] ; client/src/App.tsx:337 [gatedEither; path=""/plant/dispatch-summary"" component={gatedEither(PlantProjectReport, ""plant_daily_reports"", ""plant_production"")}] ; client/src/pages/Plant.tsx:180 [sectionVisible; shared helper/component (see caller inventory)] ; client/src/pages/Plant.tsx:813 [sectionVisible; shared helper/component (see caller inventory)] ; client/src/pages/Plant.tsx:829 [sectionVisible; shared helper/component (see caller inventory)] ; client/src/pages/Plant.tsx:861 [sectionVisible; shared helper/component (see caller inventory)] ; client/src/pages/PlantHome.tsx:16 [sectionVisible; shared helper/component (see caller inventory)] ; client/src/pages/ReportsHub.tsx:26 [sectionVisible; shared helper/component (see caller inventory)] ; client/src/pages/RmcHub.tsx:78 [sectionVisible; shared helper/component (see caller inventory)]","","HIDDEN","true","Not used for this section","Page/tile access ONLY through the seven-action visibility OR; no resolved action-specific operation. The action's name does not describe this effect.","Named action only grants visibility"
"plant_daily_reports","Daily Plant Reports (single day + PDF bulk)","notify","Notify","tickable","","server/routes.ts:3794 [sendPushToSection; POST ""/api/plant""] ; server/routes.ts:3823 [sendPushToSection; POST ""/api/plant/:id/clone""] ; server/routes.ts:3845 [sendPushToSection; PATCH ""/api/plant/:id""] ; server/routes.ts:3866 [sendPushToSection; DELETE ""/api/plant/:id""]","LIVE","true","No normal active-cell tooltip; when grant restricted: ""You cannot change this grant"". Notify header when disabled: ""Push notifications are disabled for this user"".","Recipient eligibility for concrete sendPushToSection events; also requires user notifications and subscription.",""
"plant_stock","Material Stock Ledger","view","View","tickable","client/src/App.tsx:315 [gatedEither; path=""/plant/stock"" component={gatedEither(PlantStock, ""plant_stock"", ""plant_materials"")}] ; client/src/App.tsx:316 [gatedEither; path=""/plant/stock-reconciliation"" component={gatedEither(PlantStockReconciliation, ""stock_reconciliation"", ""plant_stock"")}] ; client/src/App.tsx:324 [gatedEither; path=""/plant/stock-reassign"" component={gatedEither(PlantStockReassign, ""admin_ledger_tools"", ""plant_stock"")}] ; client/src/App.tsx:325 [gatedEither; path=""/plant/stock-transfer"" component={gatedEither(PlantStockTransfer, ""admin_ledger_tools"", ""plant_stock"")}] ; client/src/App.tsx:327 [gatedEither; path=""/plant/ledger-rebuild"" component={gatedEither(PlantLedgerRebuild, ""admin_ledger_tools"", ""plant_stock"")}] ; client/src/App.tsx:340 [gatedEither; path=""/plant/ldo-reconciliation"" component={gatedEither(PlantLdoReconciliation, ""plant_ldo_reconciliation"", ""plant_stock"")}] ; client/src/pages/HmpHub.tsx:60 [sectionVisible; shared helper/component (see caller inventory)] ; client/src/pages/Plant.tsx:182 [sectionVisible; shared helper/component (see caller inventory)] ; client/src/pages/Plant.tsx:1006 [sectionVisible; shared helper/component (see caller inventory)] ; client/src/pages/PlantHome.tsx:12 [sectionVisible; shared helper/component (see caller inventory)] ; client/src/pages/ReportsHub.tsx:35 [sectionVisible; shared helper/component (see caller inventory)]","server/routes.ts:6304 [direct matrix read; POST ""/api/plant-module/stock-reconciliation-drafts""] ; server/routes.ts:6357 [direct matrix read; GET ""/api/plant-module/stock-reconciliations""] ; server/routes.ts:7465 [assertView; GET ""/api/plant-module/ldo-reports/contractor""] ; server/routes.ts:7478 [assertView; GET ""/api/plant-module/ldo-reconciliation""]","LIVE","true","No normal active-cell tooltip; when grant restricted: ""You cannot change this grant"". Notify header when disabled: ""Push notifications are disabled for this user"".","Read by gatedEither, sectionVisible, direct matrix read, assertView. ","Not exclusive: six other actions also grant visibility"
"plant_stock","Material Stock Ledger","create","Create","tickable","client/src/App.tsx:315 [gatedEither; path=""/plant/stock"" component={gatedEither(PlantStock, ""plant_stock"", ""plant_materials"")}] ; client/src/App.tsx:316 [gatedEither; path=""/plant/stock-reconciliation"" component={gatedEither(PlantStockReconciliation, ""stock_reconciliation"", ""plant_stock"")}] ; client/src/App.tsx:324 [gatedEither; path=""/plant/stock-reassign"" component={gatedEither(PlantStockReassign, ""admin_ledger_tools"", ""plant_stock"")}] ; client/src/App.tsx:325 [gatedEither; path=""/plant/stock-transfer"" component={gatedEither(PlantStockTransfer, ""admin_ledger_tools"", ""plant_stock"")}] ; client/src/App.tsx:327 [gatedEither; path=""/plant/ledger-rebuild"" component={gatedEither(PlantLedgerRebuild, ""admin_ledger_tools"", ""plant_stock"")}] ; client/src/App.tsx:340 [gatedEither; path=""/plant/ldo-reconciliation"" component={gatedEither(PlantLdoReconciliation, ""plant_ldo_reconciliation"", ""plant_stock"")}] ; client/src/pages/HmpHub.tsx:60 [sectionVisible; shared helper/component (see caller inventory)] ; client/src/pages/Plant.tsx:182 [sectionVisible; shared helper/component (see caller inventory)] ; client/src/pages/Plant.tsx:1006 [sectionVisible; shared helper/component (see caller inventory)] ; client/src/pages/PlantBitumenStock.tsx:54 [sectionCan; shared helper/component (see caller inventory)] ; client/src/pages/PlantHome.tsx:12 [sectionVisible; shared helper/component (see caller inventory)] ; client/src/pages/PlantLdoFlowMeter.tsx:57 [sectionCan; shared helper/component (see caller inventory)] ; client/src/pages/PlantMaterialIssues.tsx:38 [sectionCan; shared helper/component (see caller inventory)] ; client/src/pages/PlantMaterialReceipts.tsx:55 [sectionCan; shared helper/component (see caller inventory)] ; client/src/pages/PlantMaterialReturns.tsx:28 [sectionCan; shared helper/component (see caller inventory)] ; client/src/pages/PlantStockTransfer.tsx:41 [sectionCan; shared helper/component (see caller inventory)] ; client/src/pages/ReportsHub.tsx:35 [sectionVisible; shared helper/component (see caller inventory)]","server/routes.ts:5153 [assertCreate; POST ""/api/plant-module/opening-stocks""] ; server/routes.ts:6477 [assertCreate; POST ""/api/plant-module/stock-transfer""] ; server/routes.ts:9585 [direct matrix read; PATCH ""/api/purchase-indents/items/:itemId/link-receipt""]","LIVE","true","No normal active-cell tooltip; when grant restricted: ""You cannot change this grant"". Notify header when disabled: ""Push notifications are disabled for this user"".","Read by gatedEither, sectionVisible, sectionCan, assertCreate, direct matrix read. ",""
"plant_stock","Material Stock Ledger","edit","Edit","tickable","client/src/App.tsx:315 [gatedEither; path=""/plant/stock"" component={gatedEither(PlantStock, ""plant_stock"", ""plant_materials"")}] ; client/src/App.tsx:316 [gatedEither; path=""/plant/stock-reconciliation"" component={gatedEither(PlantStockReconciliation, ""stock_reconciliation"", ""plant_stock"")}] ; client/src/App.tsx:324 [gatedEither; path=""/plant/stock-reassign"" component={gatedEither(PlantStockReassign, ""admin_ledger_tools"", ""plant_stock"")}] ; client/src/App.tsx:325 [gatedEither; path=""/plant/stock-transfer"" component={gatedEither(PlantStockTransfer, ""admin_ledger_tools"", ""plant_stock"")}] ; client/src/App.tsx:327 [gatedEither; path=""/plant/ledger-rebuild"" component={gatedEither(PlantLedgerRebuild, ""admin_ledger_tools"", ""plant_stock"")}] ; client/src/App.tsx:340 [gatedEither; path=""/plant/ldo-reconciliation"" component={gatedEither(PlantLdoReconciliation, ""plant_ldo_reconciliation"", ""plant_stock"")}] ; client/src/pages/HmpHub.tsx:60 [sectionVisible; shared helper/component (see caller inventory)] ; client/src/pages/Plant.tsx:182 [sectionVisible; shared helper/component (see caller inventory)] ; client/src/pages/Plant.tsx:1006 [sectionVisible; shared helper/component (see caller inventory)] ; client/src/pages/PlantBitumenStock.tsx:55 [sectionCan; shared helper/component (see caller inventory)] ; client/src/pages/PlantHome.tsx:12 [sectionVisible; shared helper/component (see caller inventory)] ; client/src/pages/PlantLdoFlowMeter.tsx:58 [sectionCan; shared helper/component (see caller inventory)] ; client/src/pages/PlantMaterialIssues.tsx:39 [sectionCan; shared helper/component (see caller inventory)] ; client/src/pages/PlantMaterialReceipts.tsx:56 [sectionCan; shared helper/component (see caller inventory)] ; client/src/pages/PlantMaterialReturns.tsx:29 [sectionCan; shared helper/component (see caller inventory)] ; client/src/pages/ReportsHub.tsx:35 [sectionVisible; shared helper/component (see caller inventory)]","server/routes.ts:5168 [assertEdit; PUT ""/api/plant-module/opening-stocks/:id""]","LIVE","true","No normal active-cell tooltip; when grant restricted: ""You cannot change this grant"". Notify header when disabled: ""Push notifications are disabled for this user"".","Read by gatedEither, sectionVisible, sectionCan, assertEdit. May also authorize delete/cancel via edit-tier gates; see evidence.",""
"plant_stock","Material Stock Ledger","delete","Delete","grey","client/src/App.tsx:315 [gatedEither; path=""/plant/stock"" component={gatedEither(PlantStock, ""plant_stock"", ""plant_materials"")}] ; client/src/App.tsx:316 [gatedEither; path=""/plant/stock-reconciliation"" component={gatedEither(PlantStockReconciliation, ""stock_reconciliation"", ""plant_stock"")}] ; client/src/App.tsx:324 [gatedEither; path=""/plant/stock-reassign"" component={gatedEither(PlantStockReassign, ""admin_ledger_tools"", ""plant_stock"")}] ; client/src/App.tsx:325 [gatedEither; path=""/plant/stock-transfer"" component={gatedEither(PlantStockTransfer, ""admin_ledger_tools"", ""plant_stock"")}] ; client/src/App.tsx:327 [gatedEither; path=""/plant/ledger-rebuild"" component={gatedEither(PlantLedgerRebuild, ""admin_ledger_tools"", ""plant_stock"")}] ; client/src/App.tsx:340 [gatedEither; path=""/plant/ldo-reconciliation"" component={gatedEither(PlantLdoReconciliation, ""plant_ldo_reconciliation"", ""plant_stock"")}] ; client/src/pages/HmpHub.tsx:60 [sectionVisible; shared helper/component (see caller inventory)] ; client/src/pages/Plant.tsx:182 [sectionVisible; shared helper/component (see caller inventory)] ; client/src/pages/Plant.tsx:1006 [sectionVisible; shared helper/component (see caller inventory)] ; client/src/pages/PlantHome.tsx:12 [sectionVisible; shared helper/component (see caller inventory)] ; client/src/pages/ReportsHub.tsx:35 [sectionVisible; shared helper/component (see caller inventory)]","","HIDDEN","true","Not used for this section","Page/tile access ONLY through the seven-action visibility OR; no resolved action-specific operation. The action's name does not describe this effect.","Named action only grants visibility"
"plant_stock","Material Stock Ledger","view_reports","Reports","tickable","client/src/App.tsx:315 [gatedEither; path=""/plant/stock"" component={gatedEither(PlantStock, ""plant_stock"", ""plant_materials"")}] ; client/src/App.tsx:316 [gatedEither; path=""/plant/stock-reconciliation"" component={gatedEither(PlantStockReconciliation, ""stock_reconciliation"", ""plant_stock"")}] ; client/src/App.tsx:324 [gatedEither; path=""/plant/stock-reassign"" component={gatedEither(PlantStockReassign, ""admin_ledger_tools"", ""plant_stock"")}] ; client/src/App.tsx:325 [gatedEither; path=""/plant/stock-transfer"" component={gatedEither(PlantStockTransfer, ""admin_ledger_tools"", ""plant_stock"")}] ; client/src/App.tsx:327 [gatedEither; path=""/plant/ledger-rebuild"" component={gatedEither(PlantLedgerRebuild, ""admin_ledger_tools"", ""plant_stock"")}] ; client/src/App.tsx:340 [gatedEither; path=""/plant/ldo-reconciliation"" component={gatedEither(PlantLdoReconciliation, ""plant_ldo_reconciliation"", ""plant_stock"")}] ; client/src/pages/HmpHub.tsx:60 [sectionVisible; shared helper/component (see caller inventory)] ; client/src/pages/Plant.tsx:182 [sectionVisible; shared helper/component (see caller inventory)] ; client/src/pages/Plant.tsx:1006 [sectionVisible; shared helper/component (see caller inventory)] ; client/src/pages/PlantHome.tsx:12 [sectionVisible; shared helper/component (see caller inventory)] ; client/src/pages/PlantLdoReconciliation.tsx:70 [sectionCan; shared helper/component (see caller inventory)] ; client/src/pages/PlantStock.tsx:67 [sectionCan; shared helper/component (see caller inventory)] ; client/src/pages/ReportsHub.tsx:35 [sectionVisible; shared helper/component (see caller inventory)]","","LIVE","true","No normal active-cell tooltip; when grant restricted: ""You cannot change this grant"". Notify header when disabled: ""Push notifications are disabled for this user"".","Read by gatedEither, sectionVisible, sectionCan. Reports controls export affordances/endpoints, not just viewing.","Reports also controls exports"
"plant_stock","Material Stock Ledger","export","Export","grey","client/src/App.tsx:315 [gatedEither; path=""/plant/stock"" component={gatedEither(PlantStock, ""plant_stock"", ""plant_materials"")}] ; client/src/App.tsx:316 [gatedEither; path=""/plant/stock-reconciliation"" component={gatedEither(PlantStockReconciliation, ""stock_reconciliation"", ""plant_stock"")}] ; client/src/App.tsx:324 [gatedEither; path=""/plant/stock-reassign"" component={gatedEither(PlantStockReassign, ""admin_ledger_tools"", ""plant_stock"")}] ; client/src/App.tsx:325 [gatedEither; path=""/plant/stock-transfer"" component={gatedEither(PlantStockTransfer, ""admin_ledger_tools"", ""plant_stock"")}] ; client/src/App.tsx:327 [gatedEither; path=""/plant/ledger-rebuild"" component={gatedEither(PlantLedgerRebuild, ""admin_ledger_tools"", ""plant_stock"")}] ; client/src/App.tsx:340 [gatedEither; path=""/plant/ldo-reconciliation"" component={gatedEither(PlantLdoReconciliation, ""plant_ldo_reconciliation"", ""plant_stock"")}] ; client/src/pages/HmpHub.tsx:60 [sectionVisible; shared helper/component (see caller inventory)] ; client/src/pages/Plant.tsx:182 [sectionVisible; shared helper/component (see caller inventory)] ; client/src/pages/Plant.tsx:1006 [sectionVisible; shared helper/component (see caller inventory)] ; client/src/pages/PlantHome.tsx:12 [sectionVisible; shared helper/component (see caller inventory)] ; client/src/pages/ReportsHub.tsx:35 [sectionVisible; shared helper/component (see caller inventory)]","","HIDDEN","true","Not used for this section","Page/tile access ONLY through the seven-action visibility OR; no resolved action-specific operation. The action's name does not describe this effect.","Named action only grants visibility"
"plant_stock","Material Stock Ledger","approve","Approve","grey","client/src/App.tsx:315 [gatedEither; path=""/plant/stock"" component={gatedEither(PlantStock, ""plant_stock"", ""plant_materials"")}] ; client/src/App.tsx:316 [gatedEither; path=""/plant/stock-reconciliation"" component={gatedEither(PlantStockReconciliation, ""stock_reconciliation"", ""plant_stock"")}] ; client/src/App.tsx:324 [gatedEither; path=""/plant/stock-reassign"" component={gatedEither(PlantStockReassign, ""admin_ledger_tools"", ""plant_stock"")}] ; client/src/App.tsx:325 [gatedEither; path=""/plant/stock-transfer"" component={gatedEither(PlantStockTransfer, ""admin_ledger_tools"", ""plant_stock"")}] ; client/src/App.tsx:327 [gatedEither; path=""/plant/ledger-rebuild"" component={gatedEither(PlantLedgerRebuild, ""admin_ledger_tools"", ""plant_stock"")}] ; client/src/App.tsx:340 [gatedEither; path=""/plant/ldo-reconciliation"" component={gatedEither(PlantLdoReconciliation, ""plant_ldo_reconciliation"", ""plant_stock"")}] ; client/src/pages/HmpHub.tsx:60 [sectionVisible; shared helper/component (see caller inventory)] ; client/src/pages/Plant.tsx:182 [sectionVisible; shared helper/component (see caller inventory)] ; client/src/pages/Plant.tsx:1006 [sectionVisible; shared helper/component (see caller inventory)] ; client/src/pages/PlantHome.tsx:12 [sectionVisible; shared helper/component (see caller inventory)] ; client/src/pages/ReportsHub.tsx:35 [sectionVisible; shared helper/component (see caller inventory)]","","HIDDEN","true","Not used for this section","Page/tile access ONLY through the seven-action visibility OR; no resolved action-specific operation. The action's name does not describe this effect.","Named action only grants visibility"
"plant_stock","Material Stock Ledger","notify","Notify","tickable","","server/routes.ts:5156 [sendPushToSection; POST ""/api/plant-module/opening-stocks""] ; server/routes.ts:5172 [sendPushToSection; PUT ""/api/plant-module/opening-stocks/:id""] ; server/routes.ts:5188 [sendPushToSection; DELETE ""/api/plant-module/opening-stocks/:id""]","LIVE","true","No normal active-cell tooltip; when grant restricted: ""You cannot change this grant"". Notify header when disabled: ""Push notifications are disabled for this user"".","Recipient eligibility for concrete sendPushToSection events; also requires user notifications and subscription.",""
"plant_ldo_reconciliation","LDO Book vs Physical Reconciliation","view","View","tickable","client/src/App.tsx:340 [gatedEither; path=""/plant/ldo-reconciliation"" component={gatedEither(PlantLdoReconciliation, ""plant_ldo_reconciliation"", ""plant_stock"")}]","","LIVE","true","No normal active-cell tooltip; when grant restricted: ""You cannot change this grant"". Notify header when disabled: ""Push notifications are disabled for this user"".","Page/tile access ONLY through the seven-action visibility OR; no resolved action-specific operation. The action's name does not describe this effect.","Not exclusive: six other actions also grant visibility"
"plant_ldo_reconciliation","LDO Book vs Physical Reconciliation","create","Create","grey","client/src/App.tsx:340 [gatedEither; path=""/plant/ldo-reconciliation"" component={gatedEither(PlantLdoReconciliation, ""plant_ldo_reconciliation"", ""plant_stock"")}]","","HIDDEN","true","Not used for this section","Page/tile access ONLY through the seven-action visibility OR; no resolved action-specific operation. The action's name does not describe this effect.","Named action only grants visibility"
"plant_ldo_reconciliation","LDO Book vs Physical Reconciliation","edit","Edit","grey","client/src/App.tsx:340 [gatedEither; path=""/plant/ldo-reconciliation"" component={gatedEither(PlantLdoReconciliation, ""plant_ldo_reconciliation"", ""plant_stock"")}]","","HIDDEN","true","Not used for this section","Page/tile access ONLY through the seven-action visibility OR; no resolved action-specific operation. The action's name does not describe this effect.","Named action only grants visibility"
"plant_ldo_reconciliation","LDO Book vs Physical Reconciliation","delete","Delete","grey","client/src/App.tsx:340 [gatedEither; path=""/plant/ldo-reconciliation"" component={gatedEither(PlantLdoReconciliation, ""plant_ldo_reconciliation"", ""plant_stock"")}]","","HIDDEN","true","Not used for this section","Page/tile access ONLY through the seven-action visibility OR; no resolved action-specific operation. The action's name does not describe this effect.","Named action only grants visibility"
"plant_ldo_reconciliation","LDO Book vs Physical Reconciliation","view_reports","Reports","grey","client/src/App.tsx:340 [gatedEither; path=""/plant/ldo-reconciliation"" component={gatedEither(PlantLdoReconciliation, ""plant_ldo_reconciliation"", ""plant_stock"")}]","","HIDDEN","true","Not used for this section","Page/tile access ONLY through the seven-action visibility OR; no resolved action-specific operation. The action's name does not describe this effect.","Named action only grants visibility"
"plant_ldo_reconciliation","LDO Book vs Physical Reconciliation","export","Export","grey","client/src/App.tsx:340 [gatedEither; path=""/plant/ldo-reconciliation"" component={gatedEither(PlantLdoReconciliation, ""plant_ldo_reconciliation"", ""plant_stock"")}]","","HIDDEN","true","Not used for this section","Page/tile access ONLY through the seven-action visibility OR; no resolved action-specific operation. The action's name does not describe this effect.","Named action only grants visibility"
"plant_ldo_reconciliation","LDO Book vs Physical Reconciliation","approve","Approve","grey","client/src/App.tsx:340 [gatedEither; path=""/plant/ldo-reconciliation"" component={gatedEither(PlantLdoReconciliation, ""plant_ldo_reconciliation"", ""plant_stock"")}]","","HIDDEN","true","Not used for this section","Page/tile access ONLY through the seven-action visibility OR; no resolved action-specific operation. The action's name does not describe this effect.","Named action only grants visibility"
"plant_ldo_reconciliation","LDO Book vs Physical Reconciliation","notify","Notify","grey","","","CORRECTLY-OFF","true","Not used for this section","No resolved feature reader.","Tick has no resolved feature effect"
"plant_variance","Stock Variance Report","view","View","tickable","client/src/App.tsx:317 [gated; path=""/plant/variance-report"" component={gated(PlantVarianceReport, ""plant_variance"")}] ; client/src/pages/Plant.tsx:183 [sectionVisible; shared helper/component (see caller inventory)] ; client/src/pages/Plant.tsx:1023 [sectionVisible; shared helper/component (see caller inventory)] ; client/src/pages/ReportsHub.tsx:36 [sectionVisible; shared helper/component (see caller inventory)]","server/routes.ts:5393 [assertView; GET ""/api/plant-module/dispatches/variance-report""]","LIVE","true","No normal active-cell tooltip; when grant restricted: ""You cannot change this grant"". Notify header when disabled: ""Push notifications are disabled for this user"".","Read by gated, sectionVisible, assertView. ","Not exclusive: six other actions also grant visibility"
"plant_variance","Stock Variance Report","create","Create","grey","client/src/App.tsx:317 [gated; path=""/plant/variance-report"" component={gated(PlantVarianceReport, ""plant_variance"")}] ; client/src/pages/Plant.tsx:183 [sectionVisible; shared helper/component (see caller inventory)] ; client/src/pages/Plant.tsx:1023 [sectionVisible; shared helper/component (see caller inventory)] ; client/src/pages/ReportsHub.tsx:36 [sectionVisible; shared helper/component (see caller inventory)]","","HIDDEN","true","Not used for this section","Page/tile access ONLY through the seven-action visibility OR; no resolved action-specific operation. The action's name does not describe this effect.","Named action only grants visibility"
"plant_variance","Stock Variance Report","edit","Edit","grey","client/src/App.tsx:317 [gated; path=""/plant/variance-report"" component={gated(PlantVarianceReport, ""plant_variance"")}] ; client/src/pages/Plant.tsx:183 [sectionVisible; shared helper/component (see caller inventory)] ; client/src/pages/Plant.tsx:1023 [sectionVisible; shared helper/component (see caller inventory)] ; client/src/pages/ReportsHub.tsx:36 [sectionVisible; shared helper/component (see caller inventory)]","","HIDDEN","true","Not used for this section","Page/tile access ONLY through the seven-action visibility OR; no resolved action-specific operation. The action's name does not describe this effect.","Named action only grants visibility"
"plant_variance","Stock Variance Report","delete","Delete","grey","client/src/App.tsx:317 [gated; path=""/plant/variance-report"" component={gated(PlantVarianceReport, ""plant_variance"")}] ; client/src/pages/Plant.tsx:183 [sectionVisible; shared helper/component (see caller inventory)] ; client/src/pages/Plant.tsx:1023 [sectionVisible; shared helper/component (see caller inventory)] ; client/src/pages/ReportsHub.tsx:36 [sectionVisible; shared helper/component (see caller inventory)]","","HIDDEN","true","Not used for this section","Page/tile access ONLY through the seven-action visibility OR; no resolved action-specific operation. The action's name does not describe this effect.","Named action only grants visibility"
"plant_variance","Stock Variance Report","view_reports","Reports","grey","client/src/App.tsx:317 [gated; path=""/plant/variance-report"" component={gated(PlantVarianceReport, ""plant_variance"")}] ; client/src/pages/Plant.tsx:183 [sectionVisible; shared helper/component (see caller inventory)] ; client/src/pages/Plant.tsx:1023 [sectionVisible; shared helper/component (see caller inventory)] ; client/src/pages/ReportsHub.tsx:36 [sectionVisible; shared helper/component (see caller inventory)]","","HIDDEN","true","Not used for this section","Page/tile access ONLY through the seven-action visibility OR; no resolved action-specific operation. The action's name does not describe this effect.","Named action only grants visibility"
"plant_variance","Stock Variance Report","export","Export","grey","client/src/App.tsx:317 [gated; path=""/plant/variance-report"" component={gated(PlantVarianceReport, ""plant_variance"")}] ; client/src/pages/Plant.tsx:183 [sectionVisible; shared helper/component (see caller inventory)] ; client/src/pages/Plant.tsx:1023 [sectionVisible; shared helper/component (see caller inventory)] ; client/src/pages/ReportsHub.tsx:36 [sectionVisible; shared helper/component (see caller inventory)]","","HIDDEN","true","Not used for this section","Page/tile access ONLY through the seven-action visibility OR; no resolved action-specific operation. The action's name does not describe this effect.","Named action only grants visibility"
"plant_variance","Stock Variance Report","approve","Approve","grey","client/src/App.tsx:317 [gated; path=""/plant/variance-report"" component={gated(PlantVarianceReport, ""plant_variance"")}] ; client/src/pages/Plant.tsx:183 [sectionVisible; shared helper/component (see caller inventory)] ; client/src/pages/Plant.tsx:1023 [sectionVisible; shared helper/component (see caller inventory)] ; client/src/pages/ReportsHub.tsx:36 [sectionVisible; shared helper/component (see caller inventory)]","","HIDDEN","true","Not used for this section","Page/tile access ONLY through the seven-action visibility OR; no resolved action-specific operation. The action's name does not describe this effect.","Named action only grants visibility"
"plant_variance","Stock Variance Report","notify","Notify","grey","","","CORRECTLY-OFF","true","Not used for this section","No resolved feature reader.","Tick has no resolved feature effect"
"plant_audit","Audit Report","view","View","tickable","client/src/App.tsx:318 [gated; path=""/plant/audit-report"" component={gated(PlantAuditReport, ""plant_audit"")}] ; client/src/pages/Plant.tsx:184 [sectionVisible; shared helper/component (see caller inventory)] ; client/src/pages/Plant.tsx:1040 [sectionVisible; shared helper/component (see caller inventory)] ; client/src/pages/ReportsHub.tsx:37 [sectionVisible; shared helper/component (see caller inventory)]","server/routes.ts:5409 [assertView; GET ""/api/plant-module/consumption-audit-log""]","LIVE","true","No normal active-cell tooltip; when grant restricted: ""You cannot change this grant"". Notify header when disabled: ""Push notifications are disabled for this user"".","Read by gated, sectionVisible, assertView. ","Not exclusive: six other actions also grant visibility"
"plant_audit","Audit Report","create","Create","grey","client/src/App.tsx:318 [gated; path=""/plant/audit-report"" component={gated(PlantAuditReport, ""plant_audit"")}] ; client/src/pages/Plant.tsx:184 [sectionVisible; shared helper/component (see caller inventory)] ; client/src/pages/Plant.tsx:1040 [sectionVisible; shared helper/component (see caller inventory)] ; client/src/pages/ReportsHub.tsx:37 [sectionVisible; shared helper/component (see caller inventory)]","","HIDDEN","true","Not used for this section","Page/tile access ONLY through the seven-action visibility OR; no resolved action-specific operation. The action's name does not describe this effect.","Named action only grants visibility"
"plant_audit","Audit Report","edit","Edit","grey","client/src/App.tsx:318 [gated; path=""/plant/audit-report"" component={gated(PlantAuditReport, ""plant_audit"")}] ; client/src/pages/Plant.tsx:184 [sectionVisible; shared helper/component (see caller inventory)] ; client/src/pages/Plant.tsx:1040 [sectionVisible; shared helper/component (see caller inventory)] ; client/src/pages/ReportsHub.tsx:37 [sectionVisible; shared helper/component (see caller inventory)]","","HIDDEN","true","Not used for this section","Page/tile access ONLY through the seven-action visibility OR; no resolved action-specific operation. The action's name does not describe this effect.","Named action only grants visibility"
"plant_audit","Audit Report","delete","Delete","grey","client/src/App.tsx:318 [gated; path=""/plant/audit-report"" component={gated(PlantAuditReport, ""plant_audit"")}] ; client/src/pages/Plant.tsx:184 [sectionVisible; shared helper/component (see caller inventory)] ; client/src/pages/Plant.tsx:1040 [sectionVisible; shared helper/component (see caller inventory)] ; client/src/pages/ReportsHub.tsx:37 [sectionVisible; shared helper/component (see caller inventory)]","","HIDDEN","true","Not used for this section","Page/tile access ONLY through the seven-action visibility OR; no resolved action-specific operation. The action's name does not describe this effect.","Named action only grants visibility"
"plant_audit","Audit Report","view_reports","Reports","grey","client/src/App.tsx:318 [gated; path=""/plant/audit-report"" component={gated(PlantAuditReport, ""plant_audit"")}] ; client/src/pages/Plant.tsx:184 [sectionVisible; shared helper/component (see caller inventory)] ; client/src/pages/Plant.tsx:1040 [sectionVisible; shared helper/component (see caller inventory)] ; client/src/pages/ReportsHub.tsx:37 [sectionVisible; shared helper/component (see caller inventory)]","","HIDDEN","true","Not used for this section","Page/tile access ONLY through the seven-action visibility OR; no resolved action-specific operation. The action's name does not describe this effect.","Named action only grants visibility"
"plant_audit","Audit Report","export","Export","grey","client/src/App.tsx:318 [gated; path=""/plant/audit-report"" component={gated(PlantAuditReport, ""plant_audit"")}] ; client/src/pages/Plant.tsx:184 [sectionVisible; shared helper/component (see caller inventory)] ; client/src/pages/Plant.tsx:1040 [sectionVisible; shared helper/component (see caller inventory)] ; client/src/pages/ReportsHub.tsx:37 [sectionVisible; shared helper/component (see caller inventory)]","","HIDDEN","true","Not used for this section","Page/tile access ONLY through the seven-action visibility OR; no resolved action-specific operation. The action's name does not describe this effect.","Named action only grants visibility"
"plant_audit","Audit Report","approve","Approve","grey","client/src/App.tsx:318 [gated; path=""/plant/audit-report"" component={gated(PlantAuditReport, ""plant_audit"")}] ; client/src/pages/Plant.tsx:184 [sectionVisible; shared helper/component (see caller inventory)] ; client/src/pages/Plant.tsx:1040 [sectionVisible; shared helper/component (see caller inventory)] ; client/src/pages/ReportsHub.tsx:37 [sectionVisible; shared helper/component (see caller inventory)]","","HIDDEN","true","Not used for this section","Page/tile access ONLY through the seven-action visibility OR; no resolved action-specific operation. The action's name does not describe this effect.","Named action only grants visibility"
"plant_audit","Audit Report","notify","Notify","grey","","","CORRECTLY-OFF","true","Not used for this section","No resolved feature reader.","Tick has no resolved feature effect"
"plant_diesel_proc","Diesel Procurement Report","view","View","tickable","client/src/App.tsx:319 [gated; path=""/plant/diesel-procurement"" component={gated(PlantDieselProcurementReport, ""plant_diesel_proc"")}] ; client/src/pages/Plant.tsx:185 [sectionVisible; shared helper/component (see caller inventory)] ; client/src/pages/Plant.tsx:1057 [sectionVisible; shared helper/component (see caller inventory)] ; client/src/pages/ReportsHub.tsx:30 [sectionVisible; shared helper/component (see caller inventory)]","","LIVE","true","No normal active-cell tooltip; when grant restricted: ""You cannot change this grant"". Notify header when disabled: ""Push notifications are disabled for this user"".","Page/tile access ONLY through the seven-action visibility OR; no resolved action-specific operation. The action's name does not describe this effect.","Not exclusive: six other actions also grant visibility"
"plant_diesel_proc","Diesel Procurement Report","create","Create","grey","client/src/App.tsx:319 [gated; path=""/plant/diesel-procurement"" component={gated(PlantDieselProcurementReport, ""plant_diesel_proc"")}] ; client/src/pages/Plant.tsx:185 [sectionVisible; shared helper/component (see caller inventory)] ; client/src/pages/Plant.tsx:1057 [sectionVisible; shared helper/component (see caller inventory)] ; client/src/pages/ReportsHub.tsx:30 [sectionVisible; shared helper/component (see caller inventory)]","","HIDDEN","true","Not used for this section","Page/tile access ONLY through the seven-action visibility OR; no resolved action-specific operation. The action's name does not describe this effect.","Named action only grants visibility"
"plant_diesel_proc","Diesel Procurement Report","edit","Edit","grey","client/src/App.tsx:319 [gated; path=""/plant/diesel-procurement"" component={gated(PlantDieselProcurementReport, ""plant_diesel_proc"")}] ; client/src/pages/Plant.tsx:185 [sectionVisible; shared helper/component (see caller inventory)] ; client/src/pages/Plant.tsx:1057 [sectionVisible; shared helper/component (see caller inventory)] ; client/src/pages/ReportsHub.tsx:30 [sectionVisible; shared helper/component (see caller inventory)]","","HIDDEN","true","Not used for this section","Page/tile access ONLY through the seven-action visibility OR; no resolved action-specific operation. The action's name does not describe this effect.","Named action only grants visibility"
"plant_diesel_proc","Diesel Procurement Report","delete","Delete","grey","client/src/App.tsx:319 [gated; path=""/plant/diesel-procurement"" component={gated(PlantDieselProcurementReport, ""plant_diesel_proc"")}] ; client/src/pages/Plant.tsx:185 [sectionVisible; shared helper/component (see caller inventory)] ; client/src/pages/Plant.tsx:1057 [sectionVisible; shared helper/component (see caller inventory)] ; client/src/pages/ReportsHub.tsx:30 [sectionVisible; shared helper/component (see caller inventory)]","","HIDDEN","true","Not used for this section","Page/tile access ONLY through the seven-action visibility OR; no resolved action-specific operation. The action's name does not describe this effect.","Named action only grants visibility"
"plant_diesel_proc","Diesel Procurement Report","view_reports","Reports","grey","client/src/App.tsx:319 [gated; path=""/plant/diesel-procurement"" component={gated(PlantDieselProcurementReport, ""plant_diesel_proc"")}] ; client/src/pages/Plant.tsx:185 [sectionVisible; shared helper/component (see caller inventory)] ; client/src/pages/Plant.tsx:1057 [sectionVisible; shared helper/component (see caller inventory)] ; client/src/pages/PlantDieselProcurementReport.tsx:237 [ReportExportGate; shared helper/component (see caller inventory)] ; client/src/pages/ReportsHub.tsx:30 [sectionVisible; shared helper/component (see caller inventory)]","","HIDDEN","true","Not used for this section","Read by gated, sectionVisible, ReportExportGate. Reports controls export affordances/endpoints, not just viewing.","Reports also controls exports"
"plant_diesel_proc","Diesel Procurement Report","export","Export","grey","client/src/App.tsx:319 [gated; path=""/plant/diesel-procurement"" component={gated(PlantDieselProcurementReport, ""plant_diesel_proc"")}] ; client/src/pages/Plant.tsx:185 [sectionVisible; shared helper/component (see caller inventory)] ; client/src/pages/Plant.tsx:1057 [sectionVisible; shared helper/component (see caller inventory)] ; client/src/pages/ReportsHub.tsx:30 [sectionVisible; shared helper/component (see caller inventory)]","","HIDDEN","true","Not used for this section","Page/tile access ONLY through the seven-action visibility OR; no resolved action-specific operation. The action's name does not describe this effect.","Named action only grants visibility"
"plant_diesel_proc","Diesel Procurement Report","approve","Approve","grey","client/src/App.tsx:319 [gated; path=""/plant/diesel-procurement"" component={gated(PlantDieselProcurementReport, ""plant_diesel_proc"")}] ; client/src/pages/Plant.tsx:185 [sectionVisible; shared helper/component (see caller inventory)] ; client/src/pages/Plant.tsx:1057 [sectionVisible; shared helper/component (see caller inventory)] ; client/src/pages/ReportsHub.tsx:30 [sectionVisible; shared helper/component (see caller inventory)]","","HIDDEN","true","Not used for this section","Page/tile access ONLY through the seven-action visibility OR; no resolved action-specific operation. The action's name does not describe this effect.","Named action only grants visibility"
"plant_diesel_proc","Diesel Procurement Report","notify","Notify","grey","","","CORRECTLY-OFF","true","Not used for this section","No resolved feature reader.","Tick has no resolved feature effect"
"stock_reconciliation","Physical Stock Reconciliation","view","View","tickable","client/src/App.tsx:316 [gatedEither; path=""/plant/stock-reconciliation"" component={gatedEither(PlantStockReconciliation, ""stock_reconciliation"", ""plant_stock"")}] ; client/src/pages/PlantStock.tsx:1806 [sectionCan; shared helper/component (see caller inventory)]","server/routes.ts:6304 [direct matrix read; POST ""/api/plant-module/stock-reconciliation-drafts""] ; server/routes.ts:6357 [direct matrix read; GET ""/api/plant-module/stock-reconciliations""]","LIVE","true","No normal active-cell tooltip; when grant restricted: ""You cannot change this grant"". Notify header when disabled: ""Push notifications are disabled for this user"".","Read by gatedEither, sectionCan, direct matrix read. ","Not exclusive: six other actions also grant visibility"
"stock_reconciliation","Physical Stock Reconciliation","create","Create","tickable","client/src/App.tsx:316 [gatedEither; path=""/plant/stock-reconciliation"" component={gatedEither(PlantStockReconciliation, ""stock_reconciliation"", ""plant_stock"")}] ; client/src/pages/PlantStockReconciliation.tsx:64 [sectionCan; shared helper/component (see caller inventory)]","server/routes.ts:6259 [assertCreate; POST ""/api/plant-module/stock-reconciliation""] ; server/routes.ts:6317 [direct matrix read; POST ""/api/plant-module/stock-reconciliation-drafts""] ; server/routes.ts:6333 [assertCreate; POST ""/api/plant-module/stock-reconciliation-drafts/:id/reject""]","LIVE","true","No normal active-cell tooltip; when grant restricted: ""You cannot change this grant"". Notify header when disabled: ""Push notifications are disabled for this user"".","Read by gatedEither, sectionCan, assertCreate, direct matrix read. ",""
"stock_reconciliation","Physical Stock Reconciliation","edit","Edit","grey","client/src/App.tsx:316 [gatedEither; path=""/plant/stock-reconciliation"" component={gatedEither(PlantStockReconciliation, ""stock_reconciliation"", ""plant_stock"")}]","","HIDDEN","true","Not used for this section","Page/tile access ONLY through the seven-action visibility OR; no resolved action-specific operation. The action's name does not describe this effect.","Named action only grants visibility"
"stock_reconciliation","Physical Stock Reconciliation","delete","Delete","grey","client/src/App.tsx:316 [gatedEither; path=""/plant/stock-reconciliation"" component={gatedEither(PlantStockReconciliation, ""stock_reconciliation"", ""plant_stock"")}]","","HIDDEN","true","Not used for this section","Page/tile access ONLY through the seven-action visibility OR; no resolved action-specific operation. The action's name does not describe this effect.","Named action only grants visibility"
"stock_reconciliation","Physical Stock Reconciliation","view_reports","Reports","grey","client/src/App.tsx:316 [gatedEither; path=""/plant/stock-reconciliation"" component={gatedEither(PlantStockReconciliation, ""stock_reconciliation"", ""plant_stock"")}]","","HIDDEN","true","Not used for this section","Page/tile access ONLY through the seven-action visibility OR; no resolved action-specific operation. The action's name does not describe this effect.","Named action only grants visibility"
"stock_reconciliation","Physical Stock Reconciliation","export","Export","grey","client/src/App.tsx:316 [gatedEither; path=""/plant/stock-reconciliation"" component={gatedEither(PlantStockReconciliation, ""stock_reconciliation"", ""plant_stock"")}]","","HIDDEN","true","Not used for this section","Page/tile access ONLY through the seven-action visibility OR; no resolved action-specific operation. The action's name does not describe this effect.","Named action only grants visibility"
"stock_reconciliation","Physical Stock Reconciliation","approve","Approve","grey","client/src/App.tsx:316 [gatedEither; path=""/plant/stock-reconciliation"" component={gatedEither(PlantStockReconciliation, ""stock_reconciliation"", ""plant_stock"")}]","","HIDDEN","true","Not used for this section","Page/tile access ONLY through the seven-action visibility OR; no resolved action-specific operation. The action's name does not describe this effect.","Named action only grants visibility"
"stock_reconciliation","Physical Stock Reconciliation","notify","Notify","grey","","","CORRECTLY-OFF","true","Not used for this section","No resolved feature reader.","Tick has no resolved feature effect"
"equipment_performance_report","Equipment Performance — View Report","view","View","tickable","client/src/App.tsx:235 [gatedEither; path=""/equipment/hub"" component={gatedEither(EquipmentHub, ""equipment_hub"", ""equipment_performance_report"", ""plant_equipment"")}] ; client/src/App.tsx:275 [gatedEither; path=""/reports/equipment-performance"" component={gatedEither(EquipmentPerformanceReport, ""equipment_performance_report"", ""plant_equipment"")}] ; client/src/App.tsx:276 [gatedEither; path=""/equipment/status"" component={gatedEither(EquipmentStatus, ""equipment_hub"", ""plant_equipment"", ""equipment_performance_report"")}] ; client/src/components/HubShell.tsx:132 [sectionVisible; shared helper/component (see caller inventory)] ; client/src/pages/DprDetails.tsx:38 [sectionCan; shared helper/component (see caller inventory)] ; client/src/pages/EquipmentHub.tsx:32 [sectionVisible; shared helper/component (see caller inventory)] ; client/src/pages/EquipmentHub.tsx:33 [sectionVisible; shared helper/component (see caller inventory)] ; client/src/pages/ReportsHub.tsx:40 [sectionVisible; shared helper/component (see caller inventory)] ; client/src/pages/SiteReport.tsx:43 [sectionCan; shared helper/component (see caller inventory)]","server/routes.ts:5443 [assertViewEither; GET ""/api/reports/equipment-performance""] ; server/routes.ts:5484 [direct matrix read; GET ""/api/reports/equipment-status""]","LIVE","true","No normal active-cell tooltip; when grant restricted: ""You cannot change this grant"". Notify header when disabled: ""Push notifications are disabled for this user"".","Read by gatedEither, sectionVisible, sectionCan, assertViewEither, direct matrix read. ","Not exclusive: six other actions also grant visibility"
"equipment_performance_report","Equipment Performance — View Report","create","Create","grey","client/src/App.tsx:235 [gatedEither; path=""/equipment/hub"" component={gatedEither(EquipmentHub, ""equipment_hub"", ""equipment_performance_report"", ""plant_equipment"")}] ; client/src/App.tsx:275 [gatedEither; path=""/reports/equipment-performance"" component={gatedEither(EquipmentPerformanceReport, ""equipment_performance_report"", ""plant_equipment"")}] ; client/src/App.tsx:276 [gatedEither; path=""/equipment/status"" component={gatedEither(EquipmentStatus, ""equipment_hub"", ""plant_equipment"", ""equipment_performance_report"")}] ; client/src/components/HubShell.tsx:132 [sectionVisible; shared helper/component (see caller inventory)] ; client/src/pages/EquipmentHub.tsx:32 [sectionVisible; shared helper/component (see caller inventory)] ; client/src/pages/EquipmentHub.tsx:33 [sectionVisible; shared helper/component (see caller inventory)] ; client/src/pages/ReportsHub.tsx:40 [sectionVisible; shared helper/component (see caller inventory)]","","HIDDEN","true","Not used for this section","Page/tile access ONLY through the seven-action visibility OR; no resolved action-specific operation. The action's name does not describe this effect.","Named action only grants visibility"
"equipment_performance_report","Equipment Performance — View Report","edit","Edit","grey","client/src/App.tsx:235 [gatedEither; path=""/equipment/hub"" component={gatedEither(EquipmentHub, ""equipment_hub"", ""equipment_performance_report"", ""plant_equipment"")}] ; client/src/App.tsx:275 [gatedEither; path=""/reports/equipment-performance"" component={gatedEither(EquipmentPerformanceReport, ""equipment_performance_report"", ""plant_equipment"")}] ; client/src/App.tsx:276 [gatedEither; path=""/equipment/status"" component={gatedEither(EquipmentStatus, ""equipment_hub"", ""plant_equipment"", ""equipment_performance_report"")}] ; client/src/components/HubShell.tsx:132 [sectionVisible; shared helper/component (see caller inventory)] ; client/src/pages/EquipmentHub.tsx:32 [sectionVisible; shared helper/component (see caller inventory)] ; client/src/pages/EquipmentHub.tsx:33 [sectionVisible; shared helper/component (see caller inventory)] ; client/src/pages/ReportsHub.tsx:40 [sectionVisible; shared helper/component (see caller inventory)]","","HIDDEN","true","Not used for this section","Page/tile access ONLY through the seven-action visibility OR; no resolved action-specific operation. The action's name does not describe this effect.","Named action only grants visibility"
"equipment_performance_report","Equipment Performance — View Report","delete","Delete","grey","client/src/App.tsx:235 [gatedEither; path=""/equipment/hub"" component={gatedEither(EquipmentHub, ""equipment_hub"", ""equipment_performance_report"", ""plant_equipment"")}] ; client/src/App.tsx:275 [gatedEither; path=""/reports/equipment-performance"" component={gatedEither(EquipmentPerformanceReport, ""equipment_performance_report"", ""plant_equipment"")}] ; client/src/App.tsx:276 [gatedEither; path=""/equipment/status"" component={gatedEither(EquipmentStatus, ""equipment_hub"", ""plant_equipment"", ""equipment_performance_report"")}] ; client/src/components/HubShell.tsx:132 [sectionVisible; shared helper/component (see caller inventory)] ; client/src/pages/EquipmentHub.tsx:32 [sectionVisible; shared helper/component (see caller inventory)] ; client/src/pages/EquipmentHub.tsx:33 [sectionVisible; shared helper/component (see caller inventory)] ; client/src/pages/ReportsHub.tsx:40 [sectionVisible; shared helper/component (see caller inventory)]","","HIDDEN","true","Not used for this section","Page/tile access ONLY through the seven-action visibility OR; no resolved action-specific operation. The action's name does not describe this effect.","Named action only grants visibility"
"equipment_performance_report","Equipment Performance — View Report","view_reports","Reports","tickable","client/src/App.tsx:235 [gatedEither; path=""/equipment/hub"" component={gatedEither(EquipmentHub, ""equipment_hub"", ""equipment_performance_report"", ""plant_equipment"")}] ; client/src/App.tsx:275 [gatedEither; path=""/reports/equipment-performance"" component={gatedEither(EquipmentPerformanceReport, ""equipment_performance_report"", ""plant_equipment"")}] ; client/src/App.tsx:276 [gatedEither; path=""/equipment/status"" component={gatedEither(EquipmentStatus, ""equipment_hub"", ""plant_equipment"", ""equipment_performance_report"")}] ; client/src/components/HubShell.tsx:132 [sectionVisible; shared helper/component (see caller inventory)] ; client/src/pages/EquipmentHub.tsx:32 [sectionVisible; shared helper/component (see caller inventory)] ; client/src/pages/EquipmentHub.tsx:33 [sectionVisible; shared helper/component (see caller inventory)] ; client/src/pages/ReportsHub.tsx:40 [sectionVisible; shared helper/component (see caller inventory)]","","LIVE","true","No normal active-cell tooltip; when grant restricted: ""You cannot change this grant"". Notify header when disabled: ""Push notifications are disabled for this user"".","Page/tile access ONLY through the seven-action visibility OR; no resolved action-specific operation. The action's name does not describe this effect.","Named action only grants visibility"
"equipment_performance_report","Equipment Performance — View Report","export","Export","grey","client/src/App.tsx:235 [gatedEither; path=""/equipment/hub"" component={gatedEither(EquipmentHub, ""equipment_hub"", ""equipment_performance_report"", ""plant_equipment"")}] ; client/src/App.tsx:275 [gatedEither; path=""/reports/equipment-performance"" component={gatedEither(EquipmentPerformanceReport, ""equipment_performance_report"", ""plant_equipment"")}] ; client/src/App.tsx:276 [gatedEither; path=""/equipment/status"" component={gatedEither(EquipmentStatus, ""equipment_hub"", ""plant_equipment"", ""equipment_performance_report"")}] ; client/src/components/HubShell.tsx:132 [sectionVisible; shared helper/component (see caller inventory)] ; client/src/pages/EquipmentHub.tsx:32 [sectionVisible; shared helper/component (see caller inventory)] ; client/src/pages/EquipmentHub.tsx:33 [sectionVisible; shared helper/component (see caller inventory)] ; client/src/pages/ReportsHub.tsx:40 [sectionVisible; shared helper/component (see caller inventory)]","","HIDDEN","true","Not used for this section","Page/tile access ONLY through the seven-action visibility OR; no resolved action-specific operation. The action's name does not describe this effect.","Named action only grants visibility"
"equipment_performance_report","Equipment Performance — View Report","approve","Approve","grey","client/src/App.tsx:235 [gatedEither; path=""/equipment/hub"" component={gatedEither(EquipmentHub, ""equipment_hub"", ""equipment_performance_report"", ""plant_equipment"")}] ; client/src/App.tsx:275 [gatedEither; path=""/reports/equipment-performance"" component={gatedEither(EquipmentPerformanceReport, ""equipment_performance_report"", ""plant_equipment"")}] ; client/src/App.tsx:276 [gatedEither; path=""/equipment/status"" component={gatedEither(EquipmentStatus, ""equipment_hub"", ""plant_equipment"", ""equipment_performance_report"")}] ; client/src/components/HubShell.tsx:132 [sectionVisible; shared helper/component (see caller inventory)] ; client/src/pages/EquipmentHub.tsx:32 [sectionVisible; shared helper/component (see caller inventory)] ; client/src/pages/EquipmentHub.tsx:33 [sectionVisible; shared helper/component (see caller inventory)] ; client/src/pages/ReportsHub.tsx:40 [sectionVisible; shared helper/component (see caller inventory)]","","HIDDEN","true","Not used for this section","Page/tile access ONLY through the seven-action visibility OR; no resolved action-specific operation. The action's name does not describe this effect.","Named action only grants visibility"
"equipment_performance_report","Equipment Performance — View Report","notify","Notify","grey","","","CORRECTLY-OFF","true","Not used for this section","No resolved feature reader.","Tick has no resolved feature effect"
"rmc_operations","RMC Operations (legacy)","view","View","tickable","client/src/App.tsx:308 [gatedEither; path=""/plant/rmc"" component={gatedEither(RmcHub, ""rmc_operations"", ""rmc_batch_records"", ""plant_production"")}] ; client/src/App.tsx:309 [gatedEither; path=""/plant/rmc/mix-designs"" component={gatedEither(RmcMixDesigns, ""rmc_mix_designs"", ""rmc_operations"", ""plant_production"")}] ; client/src/App.tsx:310 [gatedEither; path=""/plant/rmc/batch-records"" component={gatedEither(RmcBatchRecords, ""rmc_batch_records"", ""rmc_operations"", ""plant_production"")}] ; client/src/App.tsx:311 [gatedEither; path=""/plant/rmc/raw-materials"" component={gatedEither(RmcRawMaterials, ""rmc_raw_materials"", ""rmc_operations"", ""plant_materials"")}] ; client/src/App.tsx:312 [gatedEither; path=""/plant/rmc/cube-tests"" component={gatedEither(RmcCubeTests, ""rmc_cube_tests"", ""rmc_operations"", ""plant_production"")}] ; client/src/App.tsx:314 [gatedEither; path=""/plant/rmc/delivery-challans"" component={gatedEither(RmcDeliveryChallans, ""rmc_delivery_challans"", ""rmc_operations"", ""plant_production"")}]","","LIVE","true","No normal active-cell tooltip; when grant restricted: ""You cannot change this grant"". Notify header when disabled: ""Push notifications are disabled for this user"".","Page/tile access ONLY through the seven-action visibility OR; no resolved action-specific operation. The action's name does not describe this effect.","Not exclusive: six other actions also grant visibility"
"rmc_operations","RMC Operations (legacy)","create","Create","grey","client/src/App.tsx:308 [gatedEither; path=""/plant/rmc"" component={gatedEither(RmcHub, ""rmc_operations"", ""rmc_batch_records"", ""plant_production"")}] ; client/src/App.tsx:309 [gatedEither; path=""/plant/rmc/mix-designs"" component={gatedEither(RmcMixDesigns, ""rmc_mix_designs"", ""rmc_operations"", ""plant_production"")}] ; client/src/App.tsx:310 [gatedEither; path=""/plant/rmc/batch-records"" component={gatedEither(RmcBatchRecords, ""rmc_batch_records"", ""rmc_operations"", ""plant_production"")}] ; client/src/App.tsx:311 [gatedEither; path=""/plant/rmc/raw-materials"" component={gatedEither(RmcRawMaterials, ""rmc_raw_materials"", ""rmc_operations"", ""plant_materials"")}] ; client/src/App.tsx:312 [gatedEither; path=""/plant/rmc/cube-tests"" component={gatedEither(RmcCubeTests, ""rmc_cube_tests"", ""rmc_operations"", ""plant_production"")}] ; client/src/App.tsx:314 [gatedEither; path=""/plant/rmc/delivery-challans"" component={gatedEither(RmcDeliveryChallans, ""rmc_delivery_challans"", ""rmc_operations"", ""plant_production"")}]","","HIDDEN","true","Not used for this section","Page/tile access ONLY through the seven-action visibility OR; no resolved action-specific operation. The action's name does not describe this effect.","Named action only grants visibility"
"rmc_operations","RMC Operations (legacy)","edit","Edit","grey","client/src/App.tsx:308 [gatedEither; path=""/plant/rmc"" component={gatedEither(RmcHub, ""rmc_operations"", ""rmc_batch_records"", ""plant_production"")}] ; client/src/App.tsx:309 [gatedEither; path=""/plant/rmc/mix-designs"" component={gatedEither(RmcMixDesigns, ""rmc_mix_designs"", ""rmc_operations"", ""plant_production"")}] ; client/src/App.tsx:310 [gatedEither; path=""/plant/rmc/batch-records"" component={gatedEither(RmcBatchRecords, ""rmc_batch_records"", ""rmc_operations"", ""plant_production"")}] ; client/src/App.tsx:311 [gatedEither; path=""/plant/rmc/raw-materials"" component={gatedEither(RmcRawMaterials, ""rmc_raw_materials"", ""rmc_operations"", ""plant_materials"")}] ; client/src/App.tsx:312 [gatedEither; path=""/plant/rmc/cube-tests"" component={gatedEither(RmcCubeTests, ""rmc_cube_tests"", ""rmc_operations"", ""plant_production"")}] ; client/src/App.tsx:314 [gatedEither; path=""/plant/rmc/delivery-challans"" component={gatedEither(RmcDeliveryChallans, ""rmc_delivery_challans"", ""rmc_operations"", ""plant_production"")}]","","HIDDEN","true","Not used for this section","Page/tile access ONLY through the seven-action visibility OR; no resolved action-specific operation. The action's name does not describe this effect.","Named action only grants visibility"
"rmc_operations","RMC Operations (legacy)","delete","Delete","grey","client/src/App.tsx:308 [gatedEither; path=""/plant/rmc"" component={gatedEither(RmcHub, ""rmc_operations"", ""rmc_batch_records"", ""plant_production"")}] ; client/src/App.tsx:309 [gatedEither; path=""/plant/rmc/mix-designs"" component={gatedEither(RmcMixDesigns, ""rmc_mix_designs"", ""rmc_operations"", ""plant_production"")}] ; client/src/App.tsx:310 [gatedEither; path=""/plant/rmc/batch-records"" component={gatedEither(RmcBatchRecords, ""rmc_batch_records"", ""rmc_operations"", ""plant_production"")}] ; client/src/App.tsx:311 [gatedEither; path=""/plant/rmc/raw-materials"" component={gatedEither(RmcRawMaterials, ""rmc_raw_materials"", ""rmc_operations"", ""plant_materials"")}] ; client/src/App.tsx:312 [gatedEither; path=""/plant/rmc/cube-tests"" component={gatedEither(RmcCubeTests, ""rmc_cube_tests"", ""rmc_operations"", ""plant_production"")}] ; client/src/App.tsx:314 [gatedEither; path=""/plant/rmc/delivery-challans"" component={gatedEither(RmcDeliveryChallans, ""rmc_delivery_challans"", ""rmc_operations"", ""plant_production"")}]","","HIDDEN","true","Not used for this section","Page/tile access ONLY through the seven-action visibility OR; no resolved action-specific operation. The action's name does not describe this effect.","Named action only grants visibility"
"rmc_operations","RMC Operations (legacy)","view_reports","Reports","grey","client/src/App.tsx:308 [gatedEither; path=""/plant/rmc"" component={gatedEither(RmcHub, ""rmc_operations"", ""rmc_batch_records"", ""plant_production"")}] ; client/src/App.tsx:309 [gatedEither; path=""/plant/rmc/mix-designs"" component={gatedEither(RmcMixDesigns, ""rmc_mix_designs"", ""rmc_operations"", ""plant_production"")}] ; client/src/App.tsx:310 [gatedEither; path=""/plant/rmc/batch-records"" component={gatedEither(RmcBatchRecords, ""rmc_batch_records"", ""rmc_operations"", ""plant_production"")}] ; client/src/App.tsx:311 [gatedEither; path=""/plant/rmc/raw-materials"" component={gatedEither(RmcRawMaterials, ""rmc_raw_materials"", ""rmc_operations"", ""plant_materials"")}] ; client/src/App.tsx:312 [gatedEither; path=""/plant/rmc/cube-tests"" component={gatedEither(RmcCubeTests, ""rmc_cube_tests"", ""rmc_operations"", ""plant_production"")}] ; client/src/App.tsx:314 [gatedEither; path=""/plant/rmc/delivery-challans"" component={gatedEither(RmcDeliveryChallans, ""rmc_delivery_challans"", ""rmc_operations"", ""plant_production"")}] ; client/src/pages/RmcBatchRecords.tsx:42 [ReportExportGate; shared helper/component (see caller inventory)] ; client/src/pages/RmcBatchRecords.tsx:378 [ReportExportGate; shared helper/component (see caller inventory)] ; client/src/pages/RmcCubeTests.tsx:194 [ReportExportGate; shared helper/component (see caller inventory)] ; client/src/pages/RmcDeliveryChallans.tsx:22 [ReportExportGate; shared helper/component (see caller inventory)] ; client/src/pages/RmcDeliveryChallans.tsx:189 [ReportExportGate; shared helper/component (see caller inventory)]","","HIDDEN","true","Not used for this section","Read by gatedEither, ReportExportGate. Reports controls export affordances/endpoints, not just viewing.","Reports also controls exports"
"rmc_operations","RMC Operations (legacy)","export","Export","grey","client/src/App.tsx:308 [gatedEither; path=""/plant/rmc"" component={gatedEither(RmcHub, ""rmc_operations"", ""rmc_batch_records"", ""plant_production"")}] ; client/src/App.tsx:309 [gatedEither; path=""/plant/rmc/mix-designs"" component={gatedEither(RmcMixDesigns, ""rmc_mix_designs"", ""rmc_operations"", ""plant_production"")}] ; client/src/App.tsx:310 [gatedEither; path=""/plant/rmc/batch-records"" component={gatedEither(RmcBatchRecords, ""rmc_batch_records"", ""rmc_operations"", ""plant_production"")}] ; client/src/App.tsx:311 [gatedEither; path=""/plant/rmc/raw-materials"" component={gatedEither(RmcRawMaterials, ""rmc_raw_materials"", ""rmc_operations"", ""plant_materials"")}] ; client/src/App.tsx:312 [gatedEither; path=""/plant/rmc/cube-tests"" component={gatedEither(RmcCubeTests, ""rmc_cube_tests"", ""rmc_operations"", ""plant_production"")}] ; client/src/App.tsx:314 [gatedEither; path=""/plant/rmc/delivery-challans"" component={gatedEither(RmcDeliveryChallans, ""rmc_delivery_challans"", ""rmc_operations"", ""plant_production"")}]","","HIDDEN","true","Not used for this section","Page/tile access ONLY through the seven-action visibility OR; no resolved action-specific operation. The action's name does not describe this effect.","Named action only grants visibility"
"rmc_operations","RMC Operations (legacy)","approve","Approve","grey","client/src/App.tsx:308 [gatedEither; path=""/plant/rmc"" component={gatedEither(RmcHub, ""rmc_operations"", ""rmc_batch_records"", ""plant_production"")}] ; client/src/App.tsx:309 [gatedEither; path=""/plant/rmc/mix-designs"" component={gatedEither(RmcMixDesigns, ""rmc_mix_designs"", ""rmc_operations"", ""plant_production"")}] ; client/src/App.tsx:310 [gatedEither; path=""/plant/rmc/batch-records"" component={gatedEither(RmcBatchRecords, ""rmc_batch_records"", ""rmc_operations"", ""plant_production"")}] ; client/src/App.tsx:311 [gatedEither; path=""/plant/rmc/raw-materials"" component={gatedEither(RmcRawMaterials, ""rmc_raw_materials"", ""rmc_operations"", ""plant_materials"")}] ; client/src/App.tsx:312 [gatedEither; path=""/plant/rmc/cube-tests"" component={gatedEither(RmcCubeTests, ""rmc_cube_tests"", ""rmc_operations"", ""plant_production"")}] ; client/src/App.tsx:314 [gatedEither; path=""/plant/rmc/delivery-challans"" component={gatedEither(RmcDeliveryChallans, ""rmc_delivery_challans"", ""rmc_operations"", ""plant_production"")}]","","HIDDEN","true","Not used for this section","Page/tile access ONLY through the seven-action visibility OR; no resolved action-specific operation. The action's name does not describe this effect.","Named action only grants visibility"
"rmc_operations","RMC Operations (legacy)","notify","Notify","grey","","","CORRECTLY-OFF","true","Not used for this section","No resolved feature reader.","Tick has no resolved feature effect"
"rmc_batch_records","RMC Batch Records","view","View","tickable","client/src/App.tsx:308 [gatedEither; path=""/plant/rmc"" component={gatedEither(RmcHub, ""rmc_operations"", ""rmc_batch_records"", ""plant_production"")}] ; client/src/App.tsx:310 [gatedEither; path=""/plant/rmc/batch-records"" component={gatedEither(RmcBatchRecords, ""rmc_batch_records"", ""rmc_operations"", ""plant_production"")}]","","LIVE","true","No normal active-cell tooltip; when grant restricted: ""You cannot change this grant"". Notify header when disabled: ""Push notifications are disabled for this user"".","Page/tile access ONLY through the seven-action visibility OR; no resolved action-specific operation. The action's name does not describe this effect.","Not exclusive: six other actions also grant visibility"
"rmc_batch_records","RMC Batch Records","create","Create","grey","client/src/App.tsx:308 [gatedEither; path=""/plant/rmc"" component={gatedEither(RmcHub, ""rmc_operations"", ""rmc_batch_records"", ""plant_production"")}] ; client/src/App.tsx:310 [gatedEither; path=""/plant/rmc/batch-records"" component={gatedEither(RmcBatchRecords, ""rmc_batch_records"", ""rmc_operations"", ""plant_production"")}]","","HIDDEN","true","Not used for this section","Page/tile access ONLY through the seven-action visibility OR; no resolved action-specific operation. The action's name does not describe this effect.","Named action only grants visibility"
"rmc_batch_records","RMC Batch Records","edit","Edit","grey","client/src/App.tsx:308 [gatedEither; path=""/plant/rmc"" component={gatedEither(RmcHub, ""rmc_operations"", ""rmc_batch_records"", ""plant_production"")}] ; client/src/App.tsx:310 [gatedEither; path=""/plant/rmc/batch-records"" component={gatedEither(RmcBatchRecords, ""rmc_batch_records"", ""rmc_operations"", ""plant_production"")}]","","HIDDEN","true","Not used for this section","Page/tile access ONLY through the seven-action visibility OR; no resolved action-specific operation. The action's name does not describe this effect.","Named action only grants visibility"
"rmc_batch_records","RMC Batch Records","delete","Delete","grey","client/src/App.tsx:308 [gatedEither; path=""/plant/rmc"" component={gatedEither(RmcHub, ""rmc_operations"", ""rmc_batch_records"", ""plant_production"")}] ; client/src/App.tsx:310 [gatedEither; path=""/plant/rmc/batch-records"" component={gatedEither(RmcBatchRecords, ""rmc_batch_records"", ""rmc_operations"", ""plant_production"")}]","","HIDDEN","true","Not used for this section","Page/tile access ONLY through the seven-action visibility OR; no resolved action-specific operation. The action's name does not describe this effect.","Named action only grants visibility"
"rmc_batch_records","RMC Batch Records","view_reports","Reports","grey","client/src/App.tsx:308 [gatedEither; path=""/plant/rmc"" component={gatedEither(RmcHub, ""rmc_operations"", ""rmc_batch_records"", ""plant_production"")}] ; client/src/App.tsx:310 [gatedEither; path=""/plant/rmc/batch-records"" component={gatedEither(RmcBatchRecords, ""rmc_batch_records"", ""rmc_operations"", ""plant_production"")}] ; client/src/pages/RmcBatchRecords.tsx:42 [ReportExportGate; shared helper/component (see caller inventory)] ; client/src/pages/RmcBatchRecords.tsx:378 [ReportExportGate; shared helper/component (see caller inventory)]","","HIDDEN","true","Not used for this section","Read by gatedEither, ReportExportGate. Reports controls export affordances/endpoints, not just viewing.","Reports also controls exports"
"rmc_batch_records","RMC Batch Records","export","Export","grey","client/src/App.tsx:308 [gatedEither; path=""/plant/rmc"" component={gatedEither(RmcHub, ""rmc_operations"", ""rmc_batch_records"", ""plant_production"")}] ; client/src/App.tsx:310 [gatedEither; path=""/plant/rmc/batch-records"" component={gatedEither(RmcBatchRecords, ""rmc_batch_records"", ""rmc_operations"", ""plant_production"")}]","","HIDDEN","true","Not used for this section","Page/tile access ONLY through the seven-action visibility OR; no resolved action-specific operation. The action's name does not describe this effect.","Named action only grants visibility"
"rmc_batch_records","RMC Batch Records","approve","Approve","grey","client/src/App.tsx:308 [gatedEither; path=""/plant/rmc"" component={gatedEither(RmcHub, ""rmc_operations"", ""rmc_batch_records"", ""plant_production"")}] ; client/src/App.tsx:310 [gatedEither; path=""/plant/rmc/batch-records"" component={gatedEither(RmcBatchRecords, ""rmc_batch_records"", ""rmc_operations"", ""plant_production"")}]","","HIDDEN","true","Not used for this section","Page/tile access ONLY through the seven-action visibility OR; no resolved action-specific operation. The action's name does not describe this effect.","Named action only grants visibility"
"rmc_batch_records","RMC Batch Records","notify","Notify","grey","","","CORRECTLY-OFF","true","Not used for this section","No resolved feature reader.","Tick has no resolved feature effect"
"rmc_mix_designs","RMC Mix Designs","view","View","tickable","client/src/App.tsx:309 [gatedEither; path=""/plant/rmc/mix-designs"" component={gatedEither(RmcMixDesigns, ""rmc_mix_designs"", ""rmc_operations"", ""plant_production"")}]","","LIVE","true","No normal active-cell tooltip; when grant restricted: ""You cannot change this grant"". Notify header when disabled: ""Push notifications are disabled for this user"".","Page/tile access ONLY through the seven-action visibility OR; no resolved action-specific operation. The action's name does not describe this effect.","Not exclusive: six other actions also grant visibility"
"rmc_mix_designs","RMC Mix Designs","create","Create","grey","client/src/App.tsx:309 [gatedEither; path=""/plant/rmc/mix-designs"" component={gatedEither(RmcMixDesigns, ""rmc_mix_designs"", ""rmc_operations"", ""plant_production"")}]","","HIDDEN","true","Not used for this section","Page/tile access ONLY through the seven-action visibility OR; no resolved action-specific operation. The action's name does not describe this effect.","Named action only grants visibility"
"rmc_mix_designs","RMC Mix Designs","edit","Edit","grey","client/src/App.tsx:309 [gatedEither; path=""/plant/rmc/mix-designs"" component={gatedEither(RmcMixDesigns, ""rmc_mix_designs"", ""rmc_operations"", ""plant_production"")}]","","HIDDEN","true","Not used for this section","Page/tile access ONLY through the seven-action visibility OR; no resolved action-specific operation. The action's name does not describe this effect.","Named action only grants visibility"
"rmc_mix_designs","RMC Mix Designs","delete","Delete","grey","client/src/App.tsx:309 [gatedEither; path=""/plant/rmc/mix-designs"" component={gatedEither(RmcMixDesigns, ""rmc_mix_designs"", ""rmc_operations"", ""plant_production"")}]","","HIDDEN","true","Not used for this section","Page/tile access ONLY through the seven-action visibility OR; no resolved action-specific operation. The action's name does not describe this effect.","Named action only grants visibility"
"rmc_mix_designs","RMC Mix Designs","view_reports","Reports","grey","client/src/App.tsx:309 [gatedEither; path=""/plant/rmc/mix-designs"" component={gatedEither(RmcMixDesigns, ""rmc_mix_designs"", ""rmc_operations"", ""plant_production"")}]","","HIDDEN","true","Not used for this section","Page/tile access ONLY through the seven-action visibility OR; no resolved action-specific operation. The action's name does not describe this effect.","Named action only grants visibility"
"rmc_mix_designs","RMC Mix Designs","export","Export","grey","client/src/App.tsx:309 [gatedEither; path=""/plant/rmc/mix-designs"" component={gatedEither(RmcMixDesigns, ""rmc_mix_designs"", ""rmc_operations"", ""plant_production"")}]","","HIDDEN","true","Not used for this section","Page/tile access ONLY through the seven-action visibility OR; no resolved action-specific operation. The action's name does not describe this effect.","Named action only grants visibility"
"rmc_mix_designs","RMC Mix Designs","approve","Approve","grey","client/src/App.tsx:309 [gatedEither; path=""/plant/rmc/mix-designs"" component={gatedEither(RmcMixDesigns, ""rmc_mix_designs"", ""rmc_operations"", ""plant_production"")}]","","HIDDEN","true","Not used for this section","Page/tile access ONLY through the seven-action visibility OR; no resolved action-specific operation. The action's name does not describe this effect.","Named action only grants visibility"
"rmc_mix_designs","RMC Mix Designs","notify","Notify","grey","","","CORRECTLY-OFF","true","Not used for this section","No resolved feature reader.","Tick has no resolved feature effect"
"rmc_cube_tests","RMC Cube Tests (QC)","view","View","tickable","client/src/App.tsx:312 [gatedEither; path=""/plant/rmc/cube-tests"" component={gatedEither(RmcCubeTests, ""rmc_cube_tests"", ""rmc_operations"", ""plant_production"")}]","","LIVE","true","No normal active-cell tooltip; when grant restricted: ""You cannot change this grant"". Notify header when disabled: ""Push notifications are disabled for this user"".","Page/tile access ONLY through the seven-action visibility OR; no resolved action-specific operation. The action's name does not describe this effect.","Not exclusive: six other actions also grant visibility"
"rmc_cube_tests","RMC Cube Tests (QC)","create","Create","grey","client/src/App.tsx:312 [gatedEither; path=""/plant/rmc/cube-tests"" component={gatedEither(RmcCubeTests, ""rmc_cube_tests"", ""rmc_operations"", ""plant_production"")}]","","HIDDEN","true","Not used for this section","Page/tile access ONLY through the seven-action visibility OR; no resolved action-specific operation. The action's name does not describe this effect.","Named action only grants visibility"
"rmc_cube_tests","RMC Cube Tests (QC)","edit","Edit","grey","client/src/App.tsx:312 [gatedEither; path=""/plant/rmc/cube-tests"" component={gatedEither(RmcCubeTests, ""rmc_cube_tests"", ""rmc_operations"", ""plant_production"")}]","","HIDDEN","true","Not used for this section","Page/tile access ONLY through the seven-action visibility OR; no resolved action-specific operation. The action's name does not describe this effect.","Named action only grants visibility"
"rmc_cube_tests","RMC Cube Tests (QC)","delete","Delete","grey","client/src/App.tsx:312 [gatedEither; path=""/plant/rmc/cube-tests"" component={gatedEither(RmcCubeTests, ""rmc_cube_tests"", ""rmc_operations"", ""plant_production"")}]","","HIDDEN","true","Not used for this section","Page/tile access ONLY through the seven-action visibility OR; no resolved action-specific operation. The action's name does not describe this effect.","Named action only grants visibility"
"rmc_cube_tests","RMC Cube Tests (QC)","view_reports","Reports","grey","client/src/App.tsx:312 [gatedEither; path=""/plant/rmc/cube-tests"" component={gatedEither(RmcCubeTests, ""rmc_cube_tests"", ""rmc_operations"", ""plant_production"")}] ; client/src/pages/RmcCubeTests.tsx:194 [ReportExportGate; shared helper/component (see caller inventory)]","","HIDDEN","true","Not used for this section","Read by gatedEither, ReportExportGate. Reports controls export affordances/endpoints, not just viewing.","Reports also controls exports"
"rmc_cube_tests","RMC Cube Tests (QC)","export","Export","grey","client/src/App.tsx:312 [gatedEither; path=""/plant/rmc/cube-tests"" component={gatedEither(RmcCubeTests, ""rmc_cube_tests"", ""rmc_operations"", ""plant_production"")}]","","HIDDEN","true","Not used for this section","Page/tile access ONLY through the seven-action visibility OR; no resolved action-specific operation. The action's name does not describe this effect.","Named action only grants visibility"
"rmc_cube_tests","RMC Cube Tests (QC)","approve","Approve","grey","client/src/App.tsx:312 [gatedEither; path=""/plant/rmc/cube-tests"" component={gatedEither(RmcCubeTests, ""rmc_cube_tests"", ""rmc_operations"", ""plant_production"")}]","","HIDDEN","true","Not used for this section","Page/tile access ONLY through the seven-action visibility OR; no resolved action-specific operation. The action's name does not describe this effect.","Named action only grants visibility"
"rmc_cube_tests","RMC Cube Tests (QC)","notify","Notify","grey","","","CORRECTLY-OFF","true","Not used for this section","No resolved feature reader.","Tick has no resolved feature effect"
"rmc_raw_materials","RMC Raw Materials","view","View","tickable","client/src/App.tsx:311 [gatedEither; path=""/plant/rmc/raw-materials"" component={gatedEither(RmcRawMaterials, ""rmc_raw_materials"", ""rmc_operations"", ""plant_materials"")}]","","LIVE","true","No normal active-cell tooltip; when grant restricted: ""You cannot change this grant"". Notify header when disabled: ""Push notifications are disabled for this user"".","Page/tile access ONLY through the seven-action visibility OR; no resolved action-specific operation. The action's name does not describe this effect.","Not exclusive: six other actions also grant visibility"
"rmc_raw_materials","RMC Raw Materials","create","Create","grey","client/src/App.tsx:311 [gatedEither; path=""/plant/rmc/raw-materials"" component={gatedEither(RmcRawMaterials, ""rmc_raw_materials"", ""rmc_operations"", ""plant_materials"")}]","","HIDDEN","true","Not used for this section","Page/tile access ONLY through the seven-action visibility OR; no resolved action-specific operation. The action's name does not describe this effect.","Named action only grants visibility"
"rmc_raw_materials","RMC Raw Materials","edit","Edit","grey","client/src/App.tsx:311 [gatedEither; path=""/plant/rmc/raw-materials"" component={gatedEither(RmcRawMaterials, ""rmc_raw_materials"", ""rmc_operations"", ""plant_materials"")}]","","HIDDEN","true","Not used for this section","Page/tile access ONLY through the seven-action visibility OR; no resolved action-specific operation. The action's name does not describe this effect.","Named action only grants visibility"
"rmc_raw_materials","RMC Raw Materials","delete","Delete","grey","client/src/App.tsx:311 [gatedEither; path=""/plant/rmc/raw-materials"" component={gatedEither(RmcRawMaterials, ""rmc_raw_materials"", ""rmc_operations"", ""plant_materials"")}]","","HIDDEN","true","Not used for this section","Page/tile access ONLY through the seven-action visibility OR; no resolved action-specific operation. The action's name does not describe this effect.","Named action only grants visibility"
"rmc_raw_materials","RMC Raw Materials","view_reports","Reports","grey","client/src/App.tsx:311 [gatedEither; path=""/plant/rmc/raw-materials"" component={gatedEither(RmcRawMaterials, ""rmc_raw_materials"", ""rmc_operations"", ""plant_materials"")}]","","HIDDEN","true","Not used for this section","Page/tile access ONLY through the seven-action visibility OR; no resolved action-specific operation. The action's name does not describe this effect.","Named action only grants visibility"
"rmc_raw_materials","RMC Raw Materials","export","Export","grey","client/src/App.tsx:311 [gatedEither; path=""/plant/rmc/raw-materials"" component={gatedEither(RmcRawMaterials, ""rmc_raw_materials"", ""rmc_operations"", ""plant_materials"")}]","","HIDDEN","true","Not used for this section","Page/tile access ONLY through the seven-action visibility OR; no resolved action-specific operation. The action's name does not describe this effect.","Named action only grants visibility"
"rmc_raw_materials","RMC Raw Materials","approve","Approve","grey","client/src/App.tsx:311 [gatedEither; path=""/plant/rmc/raw-materials"" component={gatedEither(RmcRawMaterials, ""rmc_raw_materials"", ""rmc_operations"", ""plant_materials"")}]","","HIDDEN","true","Not used for this section","Page/tile access ONLY through the seven-action visibility OR; no resolved action-specific operation. The action's name does not describe this effect.","Named action only grants visibility"
"rmc_raw_materials","RMC Raw Materials","notify","Notify","grey","","","CORRECTLY-OFF","true","Not used for this section","No resolved feature reader.","Tick has no resolved feature effect"
"rmc_delivery_challans","RMC Delivery Challans","view","View","tickable","client/src/App.tsx:314 [gatedEither; path=""/plant/rmc/delivery-challans"" component={gatedEither(RmcDeliveryChallans, ""rmc_delivery_challans"", ""rmc_operations"", ""plant_production"")}]","","LIVE","true","No normal active-cell tooltip; when grant restricted: ""You cannot change this grant"". Notify header when disabled: ""Push notifications are disabled for this user"".","Page/tile access ONLY through the seven-action visibility OR; no resolved action-specific operation. The action's name does not describe this effect.","Not exclusive: six other actions also grant visibility"
"rmc_delivery_challans","RMC Delivery Challans","create","Create","grey","client/src/App.tsx:314 [gatedEither; path=""/plant/rmc/delivery-challans"" component={gatedEither(RmcDeliveryChallans, ""rmc_delivery_challans"", ""rmc_operations"", ""plant_production"")}]","","HIDDEN","true","Not used for this section","Page/tile access ONLY through the seven-action visibility OR; no resolved action-specific operation. The action's name does not describe this effect.","Named action only grants visibility"
"rmc_delivery_challans","RMC Delivery Challans","edit","Edit","grey","client/src/App.tsx:314 [gatedEither; path=""/plant/rmc/delivery-challans"" component={gatedEither(RmcDeliveryChallans, ""rmc_delivery_challans"", ""rmc_operations"", ""plant_production"")}]","","HIDDEN","true","Not used for this section","Page/tile access ONLY through the seven-action visibility OR; no resolved action-specific operation. The action's name does not describe this effect.","Named action only grants visibility"
"rmc_delivery_challans","RMC Delivery Challans","delete","Delete","grey","client/src/App.tsx:314 [gatedEither; path=""/plant/rmc/delivery-challans"" component={gatedEither(RmcDeliveryChallans, ""rmc_delivery_challans"", ""rmc_operations"", ""plant_production"")}]","","HIDDEN","true","Not used for this section","Page/tile access ONLY through the seven-action visibility OR; no resolved action-specific operation. The action's name does not describe this effect.","Named action only grants visibility"
"rmc_delivery_challans","RMC Delivery Challans","view_reports","Reports","grey","client/src/App.tsx:314 [gatedEither; path=""/plant/rmc/delivery-challans"" component={gatedEither(RmcDeliveryChallans, ""rmc_delivery_challans"", ""rmc_operations"", ""plant_production"")}] ; client/src/pages/RmcDeliveryChallans.tsx:22 [ReportExportGate; shared helper/component (see caller inventory)] ; client/src/pages/RmcDeliveryChallans.tsx:189 [ReportExportGate; shared helper/component (see caller inventory)]","","HIDDEN","true","Not used for this section","Read by gatedEither, ReportExportGate. Reports controls export affordances/endpoints, not just viewing.","Reports also controls exports"
"rmc_delivery_challans","RMC Delivery Challans","export","Export","grey","client/src/App.tsx:314 [gatedEither; path=""/plant/rmc/delivery-challans"" component={gatedEither(RmcDeliveryChallans, ""rmc_delivery_challans"", ""rmc_operations"", ""plant_production"")}]","","HIDDEN","true","Not used for this section","Page/tile access ONLY through the seven-action visibility OR; no resolved action-specific operation. The action's name does not describe this effect.","Named action only grants visibility"
"rmc_delivery_challans","RMC Delivery Challans","approve","Approve","grey","client/src/App.tsx:314 [gatedEither; path=""/plant/rmc/delivery-challans"" component={gatedEither(RmcDeliveryChallans, ""rmc_delivery_challans"", ""rmc_operations"", ""plant_production"")}]","","HIDDEN","true","Not used for this section","Page/tile access ONLY through the seven-action visibility OR; no resolved action-specific operation. The action's name does not describe this effect.","Named action only grants visibility"
"rmc_delivery_challans","RMC Delivery Challans","notify","Notify","grey","","","CORRECTLY-OFF","true","Not used for this section","No resolved feature reader.","Tick has no resolved feature effect"
"rmc_daily_report","RMC Daily Report","view","View","tickable","client/src/App.tsx:313 [gatedEither; path=""/plant/rmc/daily-report"" component={gatedEither(RmcDailyReport, ""rmc_daily_report"", ""plant_daily_reports"")}]","","LIVE","true","No normal active-cell tooltip; when grant restricted: ""You cannot change this grant"". Notify header when disabled: ""Push notifications are disabled for this user"".","Page/tile access ONLY through the seven-action visibility OR; no resolved action-specific operation. The action's name does not describe this effect.","Not exclusive: six other actions also grant visibility"
"rmc_daily_report","RMC Daily Report","create","Create","grey","client/src/App.tsx:313 [gatedEither; path=""/plant/rmc/daily-report"" component={gatedEither(RmcDailyReport, ""rmc_daily_report"", ""plant_daily_reports"")}]","","HIDDEN","true","Not used for this section","Page/tile access ONLY through the seven-action visibility OR; no resolved action-specific operation. The action's name does not describe this effect.","Named action only grants visibility"
"rmc_daily_report","RMC Daily Report","edit","Edit","grey","client/src/App.tsx:313 [gatedEither; path=""/plant/rmc/daily-report"" component={gatedEither(RmcDailyReport, ""rmc_daily_report"", ""plant_daily_reports"")}]","","HIDDEN","true","Not used for this section","Page/tile access ONLY through the seven-action visibility OR; no resolved action-specific operation. The action's name does not describe this effect.","Named action only grants visibility"
"rmc_daily_report","RMC Daily Report","delete","Delete","grey","client/src/App.tsx:313 [gatedEither; path=""/plant/rmc/daily-report"" component={gatedEither(RmcDailyReport, ""rmc_daily_report"", ""plant_daily_reports"")}]","","HIDDEN","true","Not used for this section","Page/tile access ONLY through the seven-action visibility OR; no resolved action-specific operation. The action's name does not describe this effect.","Named action only grants visibility"
"rmc_daily_report","RMC Daily Report","view_reports","Reports","grey","client/src/App.tsx:313 [gatedEither; path=""/plant/rmc/daily-report"" component={gatedEither(RmcDailyReport, ""rmc_daily_report"", ""plant_daily_reports"")}] ; client/src/pages/RmcDailyReport.tsx:83 [ReportExportGate; shared helper/component (see caller inventory)]","","HIDDEN","true","Not used for this section","Read by gatedEither, ReportExportGate. Reports controls export affordances/endpoints, not just viewing.","Reports also controls exports"
"rmc_daily_report","RMC Daily Report","export","Export","grey","client/src/App.tsx:313 [gatedEither; path=""/plant/rmc/daily-report"" component={gatedEither(RmcDailyReport, ""rmc_daily_report"", ""plant_daily_reports"")}]","","HIDDEN","true","Not used for this section","Page/tile access ONLY through the seven-action visibility OR; no resolved action-specific operation. The action's name does not describe this effect.","Named action only grants visibility"
"rmc_daily_report","RMC Daily Report","approve","Approve","grey","client/src/App.tsx:313 [gatedEither; path=""/plant/rmc/daily-report"" component={gatedEither(RmcDailyReport, ""rmc_daily_report"", ""plant_daily_reports"")}]","","HIDDEN","true","Not used for this section","Page/tile access ONLY through the seven-action visibility OR; no resolved action-specific operation. The action's name does not describe this effect.","Named action only grants visibility"
"rmc_daily_report","RMC Daily Report","notify","Notify","grey","","","CORRECTLY-OFF","true","Not used for this section","No resolved feature reader.","Tick has no resolved feature effect"
"vendor_bills","Vendor Bills (legacy)","view","View","tickable","client/src/App.tsx:345 [gatedEither; path=""/plant/vendor-bills"" component={gatedEither(VendorBills, ""vendor_bills_view"", ""vendor_bills"")}] ; client/src/App.tsx:346 [gatedEither; path=""/finance/vendor-bills"" component={gatedEither(VendorBills, ""vendor_bills_view"", ""vendor_bills"")}] ; client/src/pages/FinanceHub.tsx:163 [sectionVisible; HubActionTile navigation: href={`/plant/vendor-bills?returnTo=${HUB}`}] ; client/src/pages/Plant.tsx:188 [sectionVisible; shared helper/component (see caller inventory)] ; client/src/pages/Plant.tsx:1268 [sectionVisible; shared helper/component (see caller inventory)] ; client/src/pages/PlantHome.tsx:18 [sectionVisible; shared helper/component (see caller inventory)] ; client/src/pages/ReportsHub.tsx:39 [sectionVisible; shared helper/component (see caller inventory)] ; client/src/pages/VendorBills.tsx:572 [sectionVisible; shared helper/component (see caller inventory)]","server/routes.ts:11644 [assertViewEither; GET ""/api/vendor-bills/equipment-hire-discovery""] ; server/routes.ts:11733 [assertView; GET ""/api/vendor-bills/hire-activities""] ; server/routes.ts:11787 [direct matrix read; GET ""/api/vendor-bills/company-accounts""]","LIVE","true","No normal active-cell tooltip; when grant restricted: ""You cannot change this grant"". Notify header when disabled: ""Push notifications are disabled for this user"".","Read by gatedEither, sectionVisible, assertViewEither, assertView, direct matrix read. ","Not exclusive: six other actions also grant visibility"
"vendor_bills","Vendor Bills (legacy)","create","Create","tickable","client/src/App.tsx:345 [gatedEither; path=""/plant/vendor-bills"" component={gatedEither(VendorBills, ""vendor_bills_view"", ""vendor_bills"")}] ; client/src/App.tsx:346 [gatedEither; path=""/finance/vendor-bills"" component={gatedEither(VendorBills, ""vendor_bills_view"", ""vendor_bills"")}] ; client/src/pages/FinanceHub.tsx:163 [sectionVisible; HubActionTile navigation: href={`/plant/vendor-bills?returnTo=${HUB}`}] ; client/src/pages/Plant.tsx:188 [sectionVisible; shared helper/component (see caller inventory)] ; client/src/pages/Plant.tsx:1268 [sectionVisible; shared helper/component (see caller inventory)] ; client/src/pages/PlantHome.tsx:18 [sectionVisible; shared helper/component (see caller inventory)] ; client/src/pages/ReportsHub.tsx:39 [sectionVisible; shared helper/component (see caller inventory)] ; client/src/pages/VendorBills.tsx:570 [sectionCan; shared helper/component (see caller inventory)] ; client/src/pages/VendorBills.tsx:572 [sectionVisible; shared helper/component (see caller inventory)]","server/routes.ts:4406 [assertCreateEither; POST ""/api/equipment-hire/statements/:id/create-vendor-bill""] ; server/routes.ts:11826 [assertCreateEither; POST ""/api/vendor-bills""] ; server/routes.ts:12528 [assertCreateEither; POST ""/api/vendor-bills/check-duplicates""]","LIVE","true","No normal active-cell tooltip; when grant restricted: ""You cannot change this grant"". Notify header when disabled: ""Push notifications are disabled for this user"".","Read by gatedEither, sectionVisible, sectionCan, assertCreateEither. ",""
"vendor_bills","Vendor Bills (legacy)","edit","Edit","tickable","client/src/App.tsx:345 [gatedEither; path=""/plant/vendor-bills"" component={gatedEither(VendorBills, ""vendor_bills_view"", ""vendor_bills"")}] ; client/src/App.tsx:346 [gatedEither; path=""/finance/vendor-bills"" component={gatedEither(VendorBills, ""vendor_bills_view"", ""vendor_bills"")}] ; client/src/pages/FinanceHub.tsx:163 [sectionVisible; HubActionTile navigation: href={`/plant/vendor-bills?returnTo=${HUB}`}] ; client/src/pages/Plant.tsx:188 [sectionVisible; shared helper/component (see caller inventory)] ; client/src/pages/Plant.tsx:1268 [sectionVisible; shared helper/component (see caller inventory)] ; client/src/pages/PlantHome.tsx:18 [sectionVisible; shared helper/component (see caller inventory)] ; client/src/pages/ReportsHub.tsx:39 [sectionVisible; shared helper/component (see caller inventory)] ; client/src/pages/VendorBills.tsx:571 [sectionCan; shared helper/component (see caller inventory)] ; client/src/pages/VendorBills.tsx:572 [sectionVisible; shared helper/component (see caller inventory)]","server/routes.ts:11917 [assertEditEither; PUT ""/api/vendor-bills/:id""] ; server/routes.ts:11989 [assertEdit; PATCH ""/api/vendor-bills/:id/status""]","LIVE","true","No normal active-cell tooltip; when grant restricted: ""You cannot change this grant"". Notify header when disabled: ""Push notifications are disabled for this user"".","Read by gatedEither, sectionVisible, sectionCan, assertEditEither, assertEdit. May also authorize delete/cancel via edit-tier gates; see evidence.",""
"vendor_bills","Vendor Bills (legacy)","delete","Delete","grey","client/src/App.tsx:345 [gatedEither; path=""/plant/vendor-bills"" component={gatedEither(VendorBills, ""vendor_bills_view"", ""vendor_bills"")}] ; client/src/App.tsx:346 [gatedEither; path=""/finance/vendor-bills"" component={gatedEither(VendorBills, ""vendor_bills_view"", ""vendor_bills"")}] ; client/src/pages/FinanceHub.tsx:163 [sectionVisible; HubActionTile navigation: href={`/plant/vendor-bills?returnTo=${HUB}`}] ; client/src/pages/Plant.tsx:188 [sectionVisible; shared helper/component (see caller inventory)] ; client/src/pages/Plant.tsx:1268 [sectionVisible; shared helper/component (see caller inventory)] ; client/src/pages/PlantHome.tsx:18 [sectionVisible; shared helper/component (see caller inventory)] ; client/src/pages/ReportsHub.tsx:39 [sectionVisible; shared helper/component (see caller inventory)] ; client/src/pages/VendorBills.tsx:572 [sectionVisible; shared helper/component (see caller inventory)]","","HIDDEN","true","Not used for this section","Page/tile access ONLY through the seven-action visibility OR; no resolved action-specific operation. The action's name does not describe this effect.","Named action only grants visibility"
"vendor_bills","Vendor Bills (legacy)","view_reports","Reports","tickable","client/src/App.tsx:345 [gatedEither; path=""/plant/vendor-bills"" component={gatedEither(VendorBills, ""vendor_bills_view"", ""vendor_bills"")}] ; client/src/App.tsx:346 [gatedEither; path=""/finance/vendor-bills"" component={gatedEither(VendorBills, ""vendor_bills_view"", ""vendor_bills"")}] ; client/src/pages/FinanceHub.tsx:163 [sectionVisible; HubActionTile navigation: href={`/plant/vendor-bills?returnTo=${HUB}`}] ; client/src/pages/Plant.tsx:188 [sectionVisible; shared helper/component (see caller inventory)] ; client/src/pages/Plant.tsx:1268 [sectionVisible; shared helper/component (see caller inventory)] ; client/src/pages/PlantHome.tsx:18 [sectionVisible; shared helper/component (see caller inventory)] ; client/src/pages/ReportsHub.tsx:39 [sectionVisible; shared helper/component (see caller inventory)] ; client/src/pages/VendorBills.tsx:572 [sectionVisible; shared helper/component (see caller inventory)] ; client/src/pages/VendorBills.tsx:578 [sectionCan; shared helper/component (see caller inventory)]","server/routes.ts:11304 [assertReportExport; GET ""/api/vendor-bills/export""] ; server/routes.ts:11678 [assertReportExport; GET ""/api/vendor-bills/payables-preview""] ; server/routes.ts:12021 [assertReportExport; GET ""/api/vendor-bills/:id/pdf""]","LIVE","true","No normal active-cell tooltip; when grant restricted: ""You cannot change this grant"". Notify header when disabled: ""Push notifications are disabled for this user"".","Read by gatedEither, sectionVisible, sectionCan, assertReportExport. Reports controls export affordances/endpoints, not just viewing.","Reports also controls exports"
"vendor_bills","Vendor Bills (legacy)","export","Export","grey","client/src/App.tsx:345 [gatedEither; path=""/plant/vendor-bills"" component={gatedEither(VendorBills, ""vendor_bills_view"", ""vendor_bills"")}] ; client/src/App.tsx:346 [gatedEither; path=""/finance/vendor-bills"" component={gatedEither(VendorBills, ""vendor_bills_view"", ""vendor_bills"")}] ; client/src/pages/FinanceHub.tsx:163 [sectionVisible; HubActionTile navigation: href={`/plant/vendor-bills?returnTo=${HUB}`}] ; client/src/pages/Plant.tsx:188 [sectionVisible; shared helper/component (see caller inventory)] ; client/src/pages/Plant.tsx:1268 [sectionVisible; shared helper/component (see caller inventory)] ; client/src/pages/PlantHome.tsx:18 [sectionVisible; shared helper/component (see caller inventory)] ; client/src/pages/ReportsHub.tsx:39 [sectionVisible; shared helper/component (see caller inventory)] ; client/src/pages/VendorBills.tsx:572 [sectionVisible; shared helper/component (see caller inventory)]","","HIDDEN","true","Not used for this section","Page/tile access ONLY through the seven-action visibility OR; no resolved action-specific operation. The action's name does not describe this effect.","Named action only grants visibility"
"vendor_bills","Vendor Bills (legacy)","approve","Approve","grey","client/src/App.tsx:345 [gatedEither; path=""/plant/vendor-bills"" component={gatedEither(VendorBills, ""vendor_bills_view"", ""vendor_bills"")}] ; client/src/App.tsx:346 [gatedEither; path=""/finance/vendor-bills"" component={gatedEither(VendorBills, ""vendor_bills_view"", ""vendor_bills"")}] ; client/src/pages/FinanceHub.tsx:163 [sectionVisible; HubActionTile navigation: href={`/plant/vendor-bills?returnTo=${HUB}`}] ; client/src/pages/Plant.tsx:188 [sectionVisible; shared helper/component (see caller inventory)] ; client/src/pages/Plant.tsx:1268 [sectionVisible; shared helper/component (see caller inventory)] ; client/src/pages/PlantHome.tsx:18 [sectionVisible; shared helper/component (see caller inventory)] ; client/src/pages/ReportsHub.tsx:39 [sectionVisible; shared helper/component (see caller inventory)] ; client/src/pages/VendorBills.tsx:572 [sectionVisible; shared helper/component (see caller inventory)]","","HIDDEN","true","Not used for this section","Page/tile access ONLY through the seven-action visibility OR; no resolved action-specific operation. The action's name does not describe this effect.","Named action only grants visibility"
"vendor_bills","Vendor Bills (legacy)","notify","Notify","grey","","","CORRECTLY-OFF","true","Not used for this section","No resolved feature reader.","Tick has no resolved feature effect"
"vendor_bills_view","Vendor Bills — View List","view","View","tickable","client/src/App.tsx:345 [gatedEither; path=""/plant/vendor-bills"" component={gatedEither(VendorBills, ""vendor_bills_view"", ""vendor_bills"")}] ; client/src/App.tsx:346 [gatedEither; path=""/finance/vendor-bills"" component={gatedEither(VendorBills, ""vendor_bills_view"", ""vendor_bills"")}] ; client/src/pages/FinanceHub.tsx:163 [sectionVisible; HubActionTile navigation: href={`/plant/vendor-bills?returnTo=${HUB}`}] ; client/src/pages/Plant.tsx:189 [sectionVisible; shared helper/component (see caller inventory)] ; client/src/pages/Plant.tsx:1268 [sectionVisible; shared helper/component (see caller inventory)] ; client/src/pages/PlantHome.tsx:19 [sectionVisible; shared helper/component (see caller inventory)] ; client/src/pages/ReportsHub.tsx:39 [sectionVisible; shared helper/component (see caller inventory)] ; client/src/pages/VendorBills.tsx:572 [sectionVisible; shared helper/component (see caller inventory)]","","LIVE","true","No normal active-cell tooltip; when grant restricted: ""You cannot change this grant"". Notify header when disabled: ""Push notifications are disabled for this user"".","Page/tile access ONLY through the seven-action visibility OR; no resolved action-specific operation. The action's name does not describe this effect.","Not exclusive: six other actions also grant visibility"
"vendor_bills_view","Vendor Bills — View List","create","Create","grey","client/src/App.tsx:345 [gatedEither; path=""/plant/vendor-bills"" component={gatedEither(VendorBills, ""vendor_bills_view"", ""vendor_bills"")}] ; client/src/App.tsx:346 [gatedEither; path=""/finance/vendor-bills"" component={gatedEither(VendorBills, ""vendor_bills_view"", ""vendor_bills"")}] ; client/src/pages/FinanceHub.tsx:163 [sectionVisible; HubActionTile navigation: href={`/plant/vendor-bills?returnTo=${HUB}`}] ; client/src/pages/Plant.tsx:189 [sectionVisible; shared helper/component (see caller inventory)] ; client/src/pages/Plant.tsx:1268 [sectionVisible; shared helper/component (see caller inventory)] ; client/src/pages/PlantHome.tsx:19 [sectionVisible; shared helper/component (see caller inventory)] ; client/src/pages/ReportsHub.tsx:39 [sectionVisible; shared helper/component (see caller inventory)] ; client/src/pages/VendorBills.tsx:572 [sectionVisible; shared helper/component (see caller inventory)]","","HIDDEN","true","Not used for this section","Page/tile access ONLY through the seven-action visibility OR; no resolved action-specific operation. The action's name does not describe this effect.","Named action only grants visibility"
"vendor_bills_view","Vendor Bills — View List","edit","Edit","grey","client/src/App.tsx:345 [gatedEither; path=""/plant/vendor-bills"" component={gatedEither(VendorBills, ""vendor_bills_view"", ""vendor_bills"")}] ; client/src/App.tsx:346 [gatedEither; path=""/finance/vendor-bills"" component={gatedEither(VendorBills, ""vendor_bills_view"", ""vendor_bills"")}] ; client/src/pages/FinanceHub.tsx:163 [sectionVisible; HubActionTile navigation: href={`/plant/vendor-bills?returnTo=${HUB}`}] ; client/src/pages/Plant.tsx:189 [sectionVisible; shared helper/component (see caller inventory)] ; client/src/pages/Plant.tsx:1268 [sectionVisible; shared helper/component (see caller inventory)] ; client/src/pages/PlantHome.tsx:19 [sectionVisible; shared helper/component (see caller inventory)] ; client/src/pages/ReportsHub.tsx:39 [sectionVisible; shared helper/component (see caller inventory)] ; client/src/pages/VendorBills.tsx:572 [sectionVisible; shared helper/component (see caller inventory)]","","HIDDEN","true","Not used for this section","Page/tile access ONLY through the seven-action visibility OR; no resolved action-specific operation. The action's name does not describe this effect.","Named action only grants visibility"
"vendor_bills_view","Vendor Bills — View List","delete","Delete","grey","client/src/App.tsx:345 [gatedEither; path=""/plant/vendor-bills"" component={gatedEither(VendorBills, ""vendor_bills_view"", ""vendor_bills"")}] ; client/src/App.tsx:346 [gatedEither; path=""/finance/vendor-bills"" component={gatedEither(VendorBills, ""vendor_bills_view"", ""vendor_bills"")}] ; client/src/pages/FinanceHub.tsx:163 [sectionVisible; HubActionTile navigation: href={`/plant/vendor-bills?returnTo=${HUB}`}] ; client/src/pages/Plant.tsx:189 [sectionVisible; shared helper/component (see caller inventory)] ; client/src/pages/Plant.tsx:1268 [sectionVisible; shared helper/component (see caller inventory)] ; client/src/pages/PlantHome.tsx:19 [sectionVisible; shared helper/component (see caller inventory)] ; client/src/pages/ReportsHub.tsx:39 [sectionVisible; shared helper/component (see caller inventory)] ; client/src/pages/VendorBills.tsx:572 [sectionVisible; shared helper/component (see caller inventory)]","","HIDDEN","true","Not used for this section","Page/tile access ONLY through the seven-action visibility OR; no resolved action-specific operation. The action's name does not describe this effect.","Named action only grants visibility"
"vendor_bills_view","Vendor Bills — View List","view_reports","Reports","tickable","client/src/App.tsx:345 [gatedEither; path=""/plant/vendor-bills"" component={gatedEither(VendorBills, ""vendor_bills_view"", ""vendor_bills"")}] ; client/src/App.tsx:346 [gatedEither; path=""/finance/vendor-bills"" component={gatedEither(VendorBills, ""vendor_bills_view"", ""vendor_bills"")}] ; client/src/pages/FinanceHub.tsx:163 [sectionVisible; HubActionTile navigation: href={`/plant/vendor-bills?returnTo=${HUB}`}] ; client/src/pages/Plant.tsx:189 [sectionVisible; shared helper/component (see caller inventory)] ; client/src/pages/Plant.tsx:1268 [sectionVisible; shared helper/component (see caller inventory)] ; client/src/pages/PlantHome.tsx:19 [sectionVisible; shared helper/component (see caller inventory)] ; client/src/pages/ReportsHub.tsx:39 [sectionVisible; shared helper/component (see caller inventory)] ; client/src/pages/VendorBills.tsx:572 [sectionVisible; shared helper/component (see caller inventory)] ; client/src/pages/VendorBills.tsx:578 [sectionCan; shared helper/component (see caller inventory)]","server/routes.ts:11304 [assertReportExport; GET ""/api/vendor-bills/export""] ; server/routes.ts:11678 [assertReportExport; GET ""/api/vendor-bills/payables-preview""] ; server/routes.ts:12021 [assertReportExport; GET ""/api/vendor-bills/:id/pdf""]","LIVE","true","No normal active-cell tooltip; when grant restricted: ""You cannot change this grant"". Notify header when disabled: ""Push notifications are disabled for this user"".","Read by gatedEither, sectionVisible, sectionCan, assertReportExport. Reports controls export affordances/endpoints, not just viewing.","Reports also controls exports"
"vendor_bills_view","Vendor Bills — View List","export","Export","grey","client/src/App.tsx:345 [gatedEither; path=""/plant/vendor-bills"" component={gatedEither(VendorBills, ""vendor_bills_view"", ""vendor_bills"")}] ; client/src/App.tsx:346 [gatedEither; path=""/finance/vendor-bills"" component={gatedEither(VendorBills, ""vendor_bills_view"", ""vendor_bills"")}] ; client/src/pages/FinanceHub.tsx:163 [sectionVisible; HubActionTile navigation: href={`/plant/vendor-bills?returnTo=${HUB}`}] ; client/src/pages/Plant.tsx:189 [sectionVisible; shared helper/component (see caller inventory)] ; client/src/pages/Plant.tsx:1268 [sectionVisible; shared helper/component (see caller inventory)] ; client/src/pages/PlantHome.tsx:19 [sectionVisible; shared helper/component (see caller inventory)] ; client/src/pages/ReportsHub.tsx:39 [sectionVisible; shared helper/component (see caller inventory)] ; client/src/pages/VendorBills.tsx:572 [sectionVisible; shared helper/component (see caller inventory)]","","HIDDEN","true","Not used for this section","Page/tile access ONLY through the seven-action visibility OR; no resolved action-specific operation. The action's name does not describe this effect.","Named action only grants visibility"
"vendor_bills_view","Vendor Bills — View List","approve","Approve","grey","client/src/App.tsx:345 [gatedEither; path=""/plant/vendor-bills"" component={gatedEither(VendorBills, ""vendor_bills_view"", ""vendor_bills"")}] ; client/src/App.tsx:346 [gatedEither; path=""/finance/vendor-bills"" component={gatedEither(VendorBills, ""vendor_bills_view"", ""vendor_bills"")}] ; client/src/pages/FinanceHub.tsx:163 [sectionVisible; HubActionTile navigation: href={`/plant/vendor-bills?returnTo=${HUB}`}] ; client/src/pages/Plant.tsx:189 [sectionVisible; shared helper/component (see caller inventory)] ; client/src/pages/Plant.tsx:1268 [sectionVisible; shared helper/component (see caller inventory)] ; client/src/pages/PlantHome.tsx:19 [sectionVisible; shared helper/component (see caller inventory)] ; client/src/pages/ReportsHub.tsx:39 [sectionVisible; shared helper/component (see caller inventory)] ; client/src/pages/VendorBills.tsx:572 [sectionVisible; shared helper/component (see caller inventory)]","","HIDDEN","true","Not used for this section","Page/tile access ONLY through the seven-action visibility OR; no resolved action-specific operation. The action's name does not describe this effect.","Named action only grants visibility"
"vendor_bills_view","Vendor Bills — View List","notify","Notify","tickable","","server/routes.ts:12006 [sendPushToSection; PATCH ""/api/vendor-bills/:id/status""]","LIVE","true","No normal active-cell tooltip; when grant restricted: ""You cannot change this grant"". Notify header when disabled: ""Push notifications are disabled for this user"".","Recipient eligibility for concrete sendPushToSection events; also requires user notifications and subscription.",""
"vendor_bills_raise","Vendor Bills — Raise / Create","view","View","tickable","client/src/pages/FinanceHub.tsx:163 [sectionVisible; HubActionTile navigation: href={`/plant/vendor-bills?returnTo=${HUB}`}] ; client/src/pages/Plant.tsx:190 [sectionVisible; shared helper/component (see caller inventory)] ; client/src/pages/Plant.tsx:1268 [sectionVisible; shared helper/component (see caller inventory)] ; client/src/pages/PlantHome.tsx:20 [sectionVisible; shared helper/component (see caller inventory)] ; client/src/pages/ReportsHub.tsx:39 [sectionVisible; shared helper/component (see caller inventory)]","server/routes.ts:11644 [assertViewEither; GET ""/api/vendor-bills/equipment-hire-discovery""]","LIVE","true","No normal active-cell tooltip; when grant restricted: ""You cannot change this grant"". Notify header when disabled: ""Push notifications are disabled for this user"".","Read by sectionVisible, assertViewEither. ","Not exclusive: six other actions also grant visibility"
"vendor_bills_raise","Vendor Bills — Raise / Create","create","Create","tickable","client/src/pages/FinanceHub.tsx:163 [sectionVisible; HubActionTile navigation: href={`/plant/vendor-bills?returnTo=${HUB}`}] ; client/src/pages/Plant.tsx:190 [sectionVisible; shared helper/component (see caller inventory)] ; client/src/pages/Plant.tsx:1268 [sectionVisible; shared helper/component (see caller inventory)] ; client/src/pages/PlantHome.tsx:20 [sectionVisible; shared helper/component (see caller inventory)] ; client/src/pages/ReportsHub.tsx:39 [sectionVisible; shared helper/component (see caller inventory)] ; client/src/pages/VendorBills.tsx:570 [sectionCan; shared helper/component (see caller inventory)]","server/routes.ts:4406 [assertCreateEither; POST ""/api/equipment-hire/statements/:id/create-vendor-bill""] ; server/routes.ts:11826 [assertCreateEither; POST ""/api/vendor-bills""] ; server/routes.ts:12528 [assertCreateEither; POST ""/api/vendor-bills/check-duplicates""]","LIVE","true","No normal active-cell tooltip; when grant restricted: ""You cannot change this grant"". Notify header when disabled: ""Push notifications are disabled for this user"".","Read by sectionVisible, sectionCan, assertCreateEither. ",""
"vendor_bills_raise","Vendor Bills — Raise / Create","edit","Edit","tickable","client/src/pages/FinanceHub.tsx:163 [sectionVisible; HubActionTile navigation: href={`/plant/vendor-bills?returnTo=${HUB}`}] ; client/src/pages/Plant.tsx:190 [sectionVisible; shared helper/component (see caller inventory)] ; client/src/pages/Plant.tsx:1268 [sectionVisible; shared helper/component (see caller inventory)] ; client/src/pages/PlantHome.tsx:20 [sectionVisible; shared helper/component (see caller inventory)] ; client/src/pages/ReportsHub.tsx:39 [sectionVisible; shared helper/component (see caller inventory)]","server/routes.ts:11917 [assertEditEither; PUT ""/api/vendor-bills/:id""]","LIVE","true","No normal active-cell tooltip; when grant restricted: ""You cannot change this grant"". Notify header when disabled: ""Push notifications are disabled for this user"".","Read by sectionVisible, assertEditEither. May also authorize delete/cancel via edit-tier gates; see evidence.",""
"vendor_bills_raise","Vendor Bills — Raise / Create","delete","Delete","grey","client/src/pages/FinanceHub.tsx:163 [sectionVisible; HubActionTile navigation: href={`/plant/vendor-bills?returnTo=${HUB}`}] ; client/src/pages/Plant.tsx:190 [sectionVisible; shared helper/component (see caller inventory)] ; client/src/pages/Plant.tsx:1268 [sectionVisible; shared helper/component (see caller inventory)] ; client/src/pages/PlantHome.tsx:20 [sectionVisible; shared helper/component (see caller inventory)] ; client/src/pages/ReportsHub.tsx:39 [sectionVisible; shared helper/component (see caller inventory)]","","HIDDEN","true","Not used for this section","Page/tile access ONLY through the seven-action visibility OR; no resolved action-specific operation. The action's name does not describe this effect.","Named action only grants visibility"
"vendor_bills_raise","Vendor Bills — Raise / Create","view_reports","Reports","grey","client/src/pages/FinanceHub.tsx:163 [sectionVisible; HubActionTile navigation: href={`/plant/vendor-bills?returnTo=${HUB}`}] ; client/src/pages/Plant.tsx:190 [sectionVisible; shared helper/component (see caller inventory)] ; client/src/pages/Plant.tsx:1268 [sectionVisible; shared helper/component (see caller inventory)] ; client/src/pages/PlantHome.tsx:20 [sectionVisible; shared helper/component (see caller inventory)] ; client/src/pages/ReportsHub.tsx:39 [sectionVisible; shared helper/component (see caller inventory)]","","HIDDEN","true","Not used for this section","Page/tile access ONLY through the seven-action visibility OR; no resolved action-specific operation. The action's name does not describe this effect.","Named action only grants visibility"
"vendor_bills_raise","Vendor Bills — Raise / Create","export","Export","grey","client/src/pages/FinanceHub.tsx:163 [sectionVisible; HubActionTile navigation: href={`/plant/vendor-bills?returnTo=${HUB}`}] ; client/src/pages/Plant.tsx:190 [sectionVisible; shared helper/component (see caller inventory)] ; client/src/pages/Plant.tsx:1268 [sectionVisible; shared helper/component (see caller inventory)] ; client/src/pages/PlantHome.tsx:20 [sectionVisible; shared helper/component (see caller inventory)] ; client/src/pages/ReportsHub.tsx:39 [sectionVisible; shared helper/component (see caller inventory)]","","HIDDEN","true","Not used for this section","Page/tile access ONLY through the seven-action visibility OR; no resolved action-specific operation. The action's name does not describe this effect.","Named action only grants visibility"
"vendor_bills_raise","Vendor Bills — Raise / Create","approve","Approve","grey","client/src/pages/FinanceHub.tsx:163 [sectionVisible; HubActionTile navigation: href={`/plant/vendor-bills?returnTo=${HUB}`}] ; client/src/pages/Plant.tsx:190 [sectionVisible; shared helper/component (see caller inventory)] ; client/src/pages/Plant.tsx:1268 [sectionVisible; shared helper/component (see caller inventory)] ; client/src/pages/PlantHome.tsx:20 [sectionVisible; shared helper/component (see caller inventory)] ; client/src/pages/ReportsHub.tsx:39 [sectionVisible; shared helper/component (see caller inventory)]","","HIDDEN","true","Not used for this section","Page/tile access ONLY through the seven-action visibility OR; no resolved action-specific operation. The action's name does not describe this effect.","Named action only grants visibility"
"vendor_bills_raise","Vendor Bills — Raise / Create","notify","Notify","tickable","","server/routes.ts:11998 [sendPushToSection; PATCH ""/api/vendor-bills/:id/status""] ; server/routes.ts:12001 [sendPushToSection; PATCH ""/api/vendor-bills/:id/status""]","LIVE","true","No normal active-cell tooltip; when grant restricted: ""You cannot change this grant"". Notify header when disabled: ""Push notifications are disabled for this user"".","Recipient eligibility for concrete sendPushToSection events; also requires user notifications and subscription.",""
"vendor_bills_verify","Vendor Bills — Mark Verified","view","View","tickable","client/src/pages/FinanceHub.tsx:163 [sectionVisible; HubActionTile navigation: href={`/plant/vendor-bills?returnTo=${HUB}`}] ; client/src/pages/Plant.tsx:191 [sectionVisible; shared helper/component (see caller inventory)] ; client/src/pages/Plant.tsx:1268 [sectionVisible; shared helper/component (see caller inventory)] ; client/src/pages/PlantHome.tsx:21 [sectionVisible; shared helper/component (see caller inventory)] ; client/src/pages/ReportsHub.tsx:39 [sectionVisible; shared helper/component (see caller inventory)]","","LIVE","true","No normal active-cell tooltip; when grant restricted: ""You cannot change this grant"". Notify header when disabled: ""Push notifications are disabled for this user"".","Page/tile access ONLY through the seven-action visibility OR; no resolved action-specific operation. The action's name does not describe this effect.","Not exclusive: six other actions also grant visibility"
"vendor_bills_verify","Vendor Bills — Mark Verified","create","Create","grey","client/src/pages/FinanceHub.tsx:163 [sectionVisible; HubActionTile navigation: href={`/plant/vendor-bills?returnTo=${HUB}`}] ; client/src/pages/Plant.tsx:191 [sectionVisible; shared helper/component (see caller inventory)] ; client/src/pages/Plant.tsx:1268 [sectionVisible; shared helper/component (see caller inventory)] ; client/src/pages/PlantHome.tsx:21 [sectionVisible; shared helper/component (see caller inventory)] ; client/src/pages/ReportsHub.tsx:39 [sectionVisible; shared helper/component (see caller inventory)]","","HIDDEN","true","Not used for this section","Page/tile access ONLY through the seven-action visibility OR; no resolved action-specific operation. The action's name does not describe this effect.","Named action only grants visibility"
"vendor_bills_verify","Vendor Bills — Mark Verified","edit","Edit","tickable","client/src/pages/FinanceHub.tsx:163 [sectionVisible; HubActionTile navigation: href={`/plant/vendor-bills?returnTo=${HUB}`}] ; client/src/pages/Plant.tsx:191 [sectionVisible; shared helper/component (see caller inventory)] ; client/src/pages/Plant.tsx:1268 [sectionVisible; shared helper/component (see caller inventory)] ; client/src/pages/PlantHome.tsx:21 [sectionVisible; shared helper/component (see caller inventory)] ; client/src/pages/ReportsHub.tsx:39 [sectionVisible; shared helper/component (see caller inventory)] ; client/src/pages/VendorBills.tsx:571 [sectionCan; shared helper/component (see caller inventory)]","","LIVE","true","No normal active-cell tooltip; when grant restricted: ""You cannot change this grant"". Notify header when disabled: ""Push notifications are disabled for this user"".","Read by sectionVisible, sectionCan. May also authorize delete/cancel via edit-tier gates; see evidence.",""
"vendor_bills_verify","Vendor Bills — Mark Verified","delete","Delete","grey","client/src/pages/FinanceHub.tsx:163 [sectionVisible; HubActionTile navigation: href={`/plant/vendor-bills?returnTo=${HUB}`}] ; client/src/pages/Plant.tsx:191 [sectionVisible; shared helper/component (see caller inventory)] ; client/src/pages/Plant.tsx:1268 [sectionVisible; shared helper/component (see caller inventory)] ; client/src/pages/PlantHome.tsx:21 [sectionVisible; shared helper/component (see caller inventory)] ; client/src/pages/ReportsHub.tsx:39 [sectionVisible; shared helper/component (see caller inventory)]","","HIDDEN","true","Not used for this section","Page/tile access ONLY through the seven-action visibility OR; no resolved action-specific operation. The action's name does not describe this effect.","Named action only grants visibility"
"vendor_bills_verify","Vendor Bills — Mark Verified","view_reports","Reports","grey","client/src/pages/FinanceHub.tsx:163 [sectionVisible; HubActionTile navigation: href={`/plant/vendor-bills?returnTo=${HUB}`}] ; client/src/pages/Plant.tsx:191 [sectionVisible; shared helper/component (see caller inventory)] ; client/src/pages/Plant.tsx:1268 [sectionVisible; shared helper/component (see caller inventory)] ; client/src/pages/PlantHome.tsx:21 [sectionVisible; shared helper/component (see caller inventory)] ; client/src/pages/ReportsHub.tsx:39 [sectionVisible; shared helper/component (see caller inventory)]","","HIDDEN","true","Not used for this section","Page/tile access ONLY through the seven-action visibility OR; no resolved action-specific operation. The action's name does not describe this effect.","Named action only grants visibility"
"vendor_bills_verify","Vendor Bills — Mark Verified","export","Export","grey","client/src/pages/FinanceHub.tsx:163 [sectionVisible; HubActionTile navigation: href={`/plant/vendor-bills?returnTo=${HUB}`}] ; client/src/pages/Plant.tsx:191 [sectionVisible; shared helper/component (see caller inventory)] ; client/src/pages/Plant.tsx:1268 [sectionVisible; shared helper/component (see caller inventory)] ; client/src/pages/PlantHome.tsx:21 [sectionVisible; shared helper/component (see caller inventory)] ; client/src/pages/ReportsHub.tsx:39 [sectionVisible; shared helper/component (see caller inventory)]","","HIDDEN","true","Not used for this section","Page/tile access ONLY through the seven-action visibility OR; no resolved action-specific operation. The action's name does not describe this effect.","Named action only grants visibility"
"vendor_bills_verify","Vendor Bills — Mark Verified","approve","Approve","tickable","client/src/pages/FinanceHub.tsx:163 [sectionVisible; HubActionTile navigation: href={`/plant/vendor-bills?returnTo=${HUB}`}] ; client/src/pages/Plant.tsx:191 [sectionVisible; shared helper/component (see caller inventory)] ; client/src/pages/Plant.tsx:1268 [sectionVisible; shared helper/component (see caller inventory)] ; client/src/pages/PlantHome.tsx:21 [sectionVisible; shared helper/component (see caller inventory)] ; client/src/pages/ReportsHub.tsx:39 [sectionVisible; shared helper/component (see caller inventory)]","server/routes.ts:11980 [assertApprove; PATCH ""/api/vendor-bills/:id/status""]","LIVE","true","No normal active-cell tooltip; when grant restricted: ""You cannot change this grant"". Notify header when disabled: ""Push notifications are disabled for this user"".","Read by sectionVisible, assertApprove. ","Check route verbs: approval can mean verify/issue/reject/close/reopen"
"vendor_bills_verify","Vendor Bills — Mark Verified","notify","Notify","grey","","","CORRECTLY-OFF","true","Not used for this section","No resolved feature reader.","Tick has no resolved feature effect"
"vendor_bills_approve","Vendor Bills — Final Approve / Mark Paid","view","View","tickable","client/src/pages/FinanceHub.tsx:163 [sectionVisible; HubActionTile navigation: href={`/plant/vendor-bills?returnTo=${HUB}`}] ; client/src/pages/Plant.tsx:192 [sectionVisible; shared helper/component (see caller inventory)] ; client/src/pages/Plant.tsx:1268 [sectionVisible; shared helper/component (see caller inventory)] ; client/src/pages/PlantHome.tsx:22 [sectionVisible; shared helper/component (see caller inventory)] ; client/src/pages/ReportsHub.tsx:39 [sectionVisible; shared helper/component (see caller inventory)]","","LIVE","true","No normal active-cell tooltip; when grant restricted: ""You cannot change this grant"". Notify header when disabled: ""Push notifications are disabled for this user"".","Page/tile access ONLY through the seven-action visibility OR; no resolved action-specific operation. The action's name does not describe this effect.","Not exclusive: six other actions also grant visibility"
"vendor_bills_approve","Vendor Bills — Final Approve / Mark Paid","create","Create","grey","client/src/pages/FinanceHub.tsx:163 [sectionVisible; HubActionTile navigation: href={`/plant/vendor-bills?returnTo=${HUB}`}] ; client/src/pages/Plant.tsx:192 [sectionVisible; shared helper/component (see caller inventory)] ; client/src/pages/Plant.tsx:1268 [sectionVisible; shared helper/component (see caller inventory)] ; client/src/pages/PlantHome.tsx:22 [sectionVisible; shared helper/component (see caller inventory)] ; client/src/pages/ReportsHub.tsx:39 [sectionVisible; shared helper/component (see caller inventory)]","","HIDDEN","true","Not used for this section","Page/tile access ONLY through the seven-action visibility OR; no resolved action-specific operation. The action's name does not describe this effect.","Named action only grants visibility"
"vendor_bills_approve","Vendor Bills — Final Approve / Mark Paid","edit","Edit","tickable","client/src/pages/FinanceHub.tsx:163 [sectionVisible; HubActionTile navigation: href={`/plant/vendor-bills?returnTo=${HUB}`}] ; client/src/pages/Plant.tsx:192 [sectionVisible; shared helper/component (see caller inventory)] ; client/src/pages/Plant.tsx:1268 [sectionVisible; shared helper/component (see caller inventory)] ; client/src/pages/PlantHome.tsx:22 [sectionVisible; shared helper/component (see caller inventory)] ; client/src/pages/ReportsHub.tsx:39 [sectionVisible; shared helper/component (see caller inventory)] ; client/src/pages/VendorBills.tsx:571 [sectionCan; shared helper/component (see caller inventory)]","","LIVE","true","No normal active-cell tooltip; when grant restricted: ""You cannot change this grant"". Notify header when disabled: ""Push notifications are disabled for this user"".","Read by sectionVisible, sectionCan. May also authorize delete/cancel via edit-tier gates; see evidence.",""
"vendor_bills_approve","Vendor Bills — Final Approve / Mark Paid","delete","Delete","grey","client/src/pages/FinanceHub.tsx:163 [sectionVisible; HubActionTile navigation: href={`/plant/vendor-bills?returnTo=${HUB}`}] ; client/src/pages/Plant.tsx:192 [sectionVisible; shared helper/component (see caller inventory)] ; client/src/pages/Plant.tsx:1268 [sectionVisible; shared helper/component (see caller inventory)] ; client/src/pages/PlantHome.tsx:22 [sectionVisible; shared helper/component (see caller inventory)] ; client/src/pages/ReportsHub.tsx:39 [sectionVisible; shared helper/component (see caller inventory)]","","HIDDEN","true","Not used for this section","Page/tile access ONLY through the seven-action visibility OR; no resolved action-specific operation. The action's name does not describe this effect.","Named action only grants visibility"
"vendor_bills_approve","Vendor Bills — Final Approve / Mark Paid","view_reports","Reports","grey","client/src/pages/FinanceHub.tsx:163 [sectionVisible; HubActionTile navigation: href={`/plant/vendor-bills?returnTo=${HUB}`}] ; client/src/pages/Plant.tsx:192 [sectionVisible; shared helper/component (see caller inventory)] ; client/src/pages/Plant.tsx:1268 [sectionVisible; shared helper/component (see caller inventory)] ; client/src/pages/PlantHome.tsx:22 [sectionVisible; shared helper/component (see caller inventory)] ; client/src/pages/ReportsHub.tsx:39 [sectionVisible; shared helper/component (see caller inventory)]","","HIDDEN","true","Not used for this section","Page/tile access ONLY through the seven-action visibility OR; no resolved action-specific operation. The action's name does not describe this effect.","Named action only grants visibility"
"vendor_bills_approve","Vendor Bills — Final Approve / Mark Paid","export","Export","grey","client/src/pages/FinanceHub.tsx:163 [sectionVisible; HubActionTile navigation: href={`/plant/vendor-bills?returnTo=${HUB}`}] ; client/src/pages/Plant.tsx:192 [sectionVisible; shared helper/component (see caller inventory)] ; client/src/pages/Plant.tsx:1268 [sectionVisible; shared helper/component (see caller inventory)] ; client/src/pages/PlantHome.tsx:22 [sectionVisible; shared helper/component (see caller inventory)] ; client/src/pages/ReportsHub.tsx:39 [sectionVisible; shared helper/component (see caller inventory)]","","HIDDEN","true","Not used for this section","Page/tile access ONLY through the seven-action visibility OR; no resolved action-specific operation. The action's name does not describe this effect.","Named action only grants visibility"
"vendor_bills_approve","Vendor Bills — Final Approve / Mark Paid","approve","Approve","tickable","client/src/pages/FinanceHub.tsx:163 [sectionVisible; HubActionTile navigation: href={`/plant/vendor-bills?returnTo=${HUB}`}] ; client/src/pages/Plant.tsx:192 [sectionVisible; shared helper/component (see caller inventory)] ; client/src/pages/Plant.tsx:1268 [sectionVisible; shared helper/component (see caller inventory)] ; client/src/pages/PlantHome.tsx:22 [sectionVisible; shared helper/component (see caller inventory)] ; client/src/pages/ReportsHub.tsx:39 [sectionVisible; shared helper/component (see caller inventory)] ; client/src/pages/VendorBills.tsx:577 [sectionCan; shared helper/component (see caller inventory)]","server/routes.ts:4389 [assertApprove; POST ""/api/equipment-hire/statements/:id/approve""] ; server/routes.ts:11941 [assertApprove; PATCH ""/api/vendor-bills/:id/payment-details""] ; server/routes.ts:11973 [assertApprove; PATCH ""/api/vendor-bills/:id/status""] ; server/routes.ts:11987 [assertApprove; PATCH ""/api/vendor-bills/:id/status""]","LIVE","true","No normal active-cell tooltip; when grant restricted: ""You cannot change this grant"". Notify header when disabled: ""Push notifications are disabled for this user"".","Read by sectionVisible, sectionCan, assertApprove. ","Check route verbs: approval can mean verify/issue/reject/close/reopen"
"vendor_bills_approve","Vendor Bills — Final Approve / Mark Paid","notify","Notify","tickable","","server/routes.ts:11855 [sendPushToSection; POST ""/api/vendor-bills""] ; server/routes.ts:12004 [sendPushToSection; PATCH ""/api/vendor-bills/:id/status""]","LIVE","true","No normal active-cell tooltip; when grant restricted: ""You cannot change this grant"". Notify header when disabled: ""Push notifications are disabled for this user"".","Recipient eligibility for concrete sendPushToSection events; also requires user notifications and subscription.",""
"vendor_bill_aliases","Vendor Aliases (merge duplicate names)","view","View","tickable","","","DEAD","true","No normal active-cell tooltip; when grant restricted: ""You cannot change this grant"". Notify header when disabled: ""Push notifications are disabled for this user"".","No resolved feature reader.","Tick has no resolved feature effect"
"vendor_bill_aliases","Vendor Aliases (merge duplicate names)","create","Create","grey","","","CORRECTLY-OFF","true","Not used for this section","No resolved feature reader.","Tick has no resolved feature effect"
"vendor_bill_aliases","Vendor Aliases (merge duplicate names)","edit","Edit","grey","","","CORRECTLY-OFF","true","Not used for this section","No resolved feature reader.","Tick has no resolved feature effect"
"vendor_bill_aliases","Vendor Aliases (merge duplicate names)","delete","Delete","grey","","","CORRECTLY-OFF","true","Not used for this section","No resolved feature reader.","Tick has no resolved feature effect"
"vendor_bill_aliases","Vendor Aliases (merge duplicate names)","view_reports","Reports","grey","","","CORRECTLY-OFF","true","Not used for this section","No resolved feature reader.","Tick has no resolved feature effect"
"vendor_bill_aliases","Vendor Aliases (merge duplicate names)","export","Export","grey","","","CORRECTLY-OFF","true","Not used for this section","No resolved feature reader.","Tick has no resolved feature effect"
"vendor_bill_aliases","Vendor Aliases (merge duplicate names)","approve","Approve","grey","","","CORRECTLY-OFF","true","Not used for this section","No resolved feature reader.","Tick has no resolved feature effect"
"vendor_bill_aliases","Vendor Aliases (merge duplicate names)","notify","Notify","grey","","","CORRECTLY-OFF","true","Not used for this section","No resolved feature reader.","Tick has no resolved feature effect"
"reports","Reports (legacy)","view","View","tickable","client/src/App.tsx:389 [gatedEither; path=""/admin/reports"" component={gatedEither(AdminReports, ""report_management"", ""reports"")}] ; client/src/App.tsx:390 [gatedEither; path=""/admin/management-report"" component={gatedEither(ManagementReport, ""report_management"", ""reports"", ""admin_settings"")}] ; client/src/App.tsx:391 [gatedEither; path=""/admin/concrete-estimates"" component={gatedEither(ConcreteEstimates, ""concrete_calculator"", ""concrete_estimates_manage"", ""reports"", ""admin_settings"")}] ; client/src/pages/ReportsHub.tsx:25 [sectionVisible; shared helper/component (see caller inventory)]","server/management-report.ts:42 [direct matrix read; shared helper/component (see caller inventory)] ; server/management-report.ts:108 [direct matrix read; GET ""/api/admin/management-report/accessible-sites""] ; server/management-report.ts:138 [assertViewReportOrAdmin -> server/management-report.ts:35; GET ""/api/admin/management-report/materials""] ; server/management-report.ts:271 [assertViewReportOrAdmin -> server/management-report.ts:35; GET ""/api/admin/management-report/production""] ; server/management-report.ts:343 [assertViewReportOrAdmin -> server/management-report.ts:35; GET ""/api/admin/management-report/fuel""] ; server/management-report.ts:453 [assertViewReportOrAdmin -> server/management-report.ts:35; GET ""/api/admin/management-report/labour""] ; server/management-report.ts:498 [assertViewReportOrAdmin -> server/management-report.ts:35; GET ""/api/admin/management-report/financials""]","LIVE","true","No normal active-cell tooltip; when grant restricted: ""You cannot change this grant"". Notify header when disabled: ""Push notifications are disabled for this user"".","Read by gatedEither, sectionVisible, direct matrix read, assertViewReportOrAdmin -> server/management-report.ts:35. ","Not exclusive: six other actions also grant visibility"
"reports","Reports (legacy)","create","Create","grey","client/src/App.tsx:389 [gatedEither; path=""/admin/reports"" component={gatedEither(AdminReports, ""report_management"", ""reports"")}] ; client/src/App.tsx:390 [gatedEither; path=""/admin/management-report"" component={gatedEither(ManagementReport, ""report_management"", ""reports"", ""admin_settings"")}] ; client/src/App.tsx:391 [gatedEither; path=""/admin/concrete-estimates"" component={gatedEither(ConcreteEstimates, ""concrete_calculator"", ""concrete_estimates_manage"", ""reports"", ""admin_settings"")}] ; client/src/pages/ReportsHub.tsx:25 [sectionVisible; shared helper/component (see caller inventory)]","","HIDDEN","true","Not used for this section","Page/tile access ONLY through the seven-action visibility OR; no resolved action-specific operation. The action's name does not describe this effect.","Named action only grants visibility"
"reports","Reports (legacy)","edit","Edit","grey","client/src/App.tsx:389 [gatedEither; path=""/admin/reports"" component={gatedEither(AdminReports, ""report_management"", ""reports"")}] ; client/src/App.tsx:390 [gatedEither; path=""/admin/management-report"" component={gatedEither(ManagementReport, ""report_management"", ""reports"", ""admin_settings"")}] ; client/src/App.tsx:391 [gatedEither; path=""/admin/concrete-estimates"" component={gatedEither(ConcreteEstimates, ""concrete_calculator"", ""concrete_estimates_manage"", ""reports"", ""admin_settings"")}] ; client/src/pages/ReportsHub.tsx:25 [sectionVisible; shared helper/component (see caller inventory)]","","HIDDEN","true","Not used for this section","Page/tile access ONLY through the seven-action visibility OR; no resolved action-specific operation. The action's name does not describe this effect.","Named action only grants visibility"
"reports","Reports (legacy)","delete","Delete","grey","client/src/App.tsx:389 [gatedEither; path=""/admin/reports"" component={gatedEither(AdminReports, ""report_management"", ""reports"")}] ; client/src/App.tsx:390 [gatedEither; path=""/admin/management-report"" component={gatedEither(ManagementReport, ""report_management"", ""reports"", ""admin_settings"")}] ; client/src/App.tsx:391 [gatedEither; path=""/admin/concrete-estimates"" component={gatedEither(ConcreteEstimates, ""concrete_calculator"", ""concrete_estimates_manage"", ""reports"", ""admin_settings"")}] ; client/src/pages/ReportsHub.tsx:25 [sectionVisible; shared helper/component (see caller inventory)]","","HIDDEN","true","Not used for this section","Page/tile access ONLY through the seven-action visibility OR; no resolved action-specific operation. The action's name does not describe this effect.","Named action only grants visibility"
"reports","Reports (legacy)","view_reports","Reports","grey","client/src/App.tsx:389 [gatedEither; path=""/admin/reports"" component={gatedEither(AdminReports, ""report_management"", ""reports"")}] ; client/src/App.tsx:390 [gatedEither; path=""/admin/management-report"" component={gatedEither(ManagementReport, ""report_management"", ""reports"", ""admin_settings"")}] ; client/src/App.tsx:391 [gatedEither; path=""/admin/concrete-estimates"" component={gatedEither(ConcreteEstimates, ""concrete_calculator"", ""concrete_estimates_manage"", ""reports"", ""admin_settings"")}] ; client/src/pages/ManagementReport.tsx:382 [ReportExportGate; shared helper/component (see caller inventory)] ; client/src/pages/ReportsHub.tsx:25 [sectionVisible; shared helper/component (see caller inventory)]","","HIDDEN","true","Not used for this section","Read by gatedEither, ReportExportGate, sectionVisible. Reports controls export affordances/endpoints, not just viewing.","Reports also controls exports"
"reports","Reports (legacy)","export","Export","grey","client/src/App.tsx:389 [gatedEither; path=""/admin/reports"" component={gatedEither(AdminReports, ""report_management"", ""reports"")}] ; client/src/App.tsx:390 [gatedEither; path=""/admin/management-report"" component={gatedEither(ManagementReport, ""report_management"", ""reports"", ""admin_settings"")}] ; client/src/App.tsx:391 [gatedEither; path=""/admin/concrete-estimates"" component={gatedEither(ConcreteEstimates, ""concrete_calculator"", ""concrete_estimates_manage"", ""reports"", ""admin_settings"")}] ; client/src/pages/ReportsHub.tsx:25 [sectionVisible; shared helper/component (see caller inventory)]","","HIDDEN","true","Not used for this section","Page/tile access ONLY through the seven-action visibility OR; no resolved action-specific operation. The action's name does not describe this effect.","Named action only grants visibility"
"reports","Reports (legacy)","approve","Approve","grey","client/src/App.tsx:389 [gatedEither; path=""/admin/reports"" component={gatedEither(AdminReports, ""report_management"", ""reports"")}] ; client/src/App.tsx:390 [gatedEither; path=""/admin/management-report"" component={gatedEither(ManagementReport, ""report_management"", ""reports"", ""admin_settings"")}] ; client/src/App.tsx:391 [gatedEither; path=""/admin/concrete-estimates"" component={gatedEither(ConcreteEstimates, ""concrete_calculator"", ""concrete_estimates_manage"", ""reports"", ""admin_settings"")}] ; client/src/pages/ReportsHub.tsx:25 [sectionVisible; shared helper/component (see caller inventory)]","","HIDDEN","true","Not used for this section","Page/tile access ONLY through the seven-action visibility OR; no resolved action-specific operation. The action's name does not describe this effect.","Named action only grants visibility"
"reports","Reports (legacy)","notify","Notify","grey","","","CORRECTLY-OFF","true","Not used for this section","No resolved feature reader.","Tick has no resolved feature effect"
"report_management","Management Report","view","View","tickable","client/src/App.tsx:389 [gatedEither; path=""/admin/reports"" component={gatedEither(AdminReports, ""report_management"", ""reports"")}] ; client/src/App.tsx:390 [gatedEither; path=""/admin/management-report"" component={gatedEither(ManagementReport, ""report_management"", ""reports"", ""admin_settings"")}]","server/management-report.ts:42 [direct matrix read; shared helper/component (see caller inventory)] ; server/management-report.ts:108 [direct matrix read; GET ""/api/admin/management-report/accessible-sites""] ; server/management-report.ts:138 [assertViewReportOrAdmin -> server/management-report.ts:35; GET ""/api/admin/management-report/materials""] ; server/management-report.ts:271 [assertViewReportOrAdmin -> server/management-report.ts:35; GET ""/api/admin/management-report/production""] ; server/management-report.ts:343 [assertViewReportOrAdmin -> server/management-report.ts:35; GET ""/api/admin/management-report/fuel""] ; server/management-report.ts:453 [assertViewReportOrAdmin -> server/management-report.ts:35; GET ""/api/admin/management-report/labour""] ; server/management-report.ts:498 [assertViewReportOrAdmin -> server/management-report.ts:35; GET ""/api/admin/management-report/financials""]","LIVE","true","No normal active-cell tooltip; when grant restricted: ""You cannot change this grant"". Notify header when disabled: ""Push notifications are disabled for this user"".","Read by gatedEither, direct matrix read, assertViewReportOrAdmin -> server/management-report.ts:35. ","Not exclusive: six other actions also grant visibility"
"report_management","Management Report","create","Create","grey","client/src/App.tsx:389 [gatedEither; path=""/admin/reports"" component={gatedEither(AdminReports, ""report_management"", ""reports"")}] ; client/src/App.tsx:390 [gatedEither; path=""/admin/management-report"" component={gatedEither(ManagementReport, ""report_management"", ""reports"", ""admin_settings"")}]","","HIDDEN","true","Not used for this section","Page/tile access ONLY through the seven-action visibility OR; no resolved action-specific operation. The action's name does not describe this effect.","Named action only grants visibility"
"report_management","Management Report","edit","Edit","grey","client/src/App.tsx:389 [gatedEither; path=""/admin/reports"" component={gatedEither(AdminReports, ""report_management"", ""reports"")}] ; client/src/App.tsx:390 [gatedEither; path=""/admin/management-report"" component={gatedEither(ManagementReport, ""report_management"", ""reports"", ""admin_settings"")}]","","HIDDEN","true","Not used for this section","Page/tile access ONLY through the seven-action visibility OR; no resolved action-specific operation. The action's name does not describe this effect.","Named action only grants visibility"
"report_management","Management Report","delete","Delete","grey","client/src/App.tsx:389 [gatedEither; path=""/admin/reports"" component={gatedEither(AdminReports, ""report_management"", ""reports"")}] ; client/src/App.tsx:390 [gatedEither; path=""/admin/management-report"" component={gatedEither(ManagementReport, ""report_management"", ""reports"", ""admin_settings"")}]","","HIDDEN","true","Not used for this section","Page/tile access ONLY through the seven-action visibility OR; no resolved action-specific operation. The action's name does not describe this effect.","Named action only grants visibility"
"report_management","Management Report","view_reports","Reports","grey","client/src/App.tsx:389 [gatedEither; path=""/admin/reports"" component={gatedEither(AdminReports, ""report_management"", ""reports"")}] ; client/src/App.tsx:390 [gatedEither; path=""/admin/management-report"" component={gatedEither(ManagementReport, ""report_management"", ""reports"", ""admin_settings"")}] ; client/src/pages/ManagementReport.tsx:382 [ReportExportGate; shared helper/component (see caller inventory)]","","HIDDEN","true","Not used for this section","Read by gatedEither, ReportExportGate. Reports controls export affordances/endpoints, not just viewing.","Reports also controls exports"
"report_management","Management Report","export","Export","grey","client/src/App.tsx:389 [gatedEither; path=""/admin/reports"" component={gatedEither(AdminReports, ""report_management"", ""reports"")}] ; client/src/App.tsx:390 [gatedEither; path=""/admin/management-report"" component={gatedEither(ManagementReport, ""report_management"", ""reports"", ""admin_settings"")}]","","HIDDEN","true","Not used for this section","Page/tile access ONLY through the seven-action visibility OR; no resolved action-specific operation. The action's name does not describe this effect.","Named action only grants visibility"
"report_management","Management Report","approve","Approve","grey","client/src/App.tsx:389 [gatedEither; path=""/admin/reports"" component={gatedEither(AdminReports, ""report_management"", ""reports"")}] ; client/src/App.tsx:390 [gatedEither; path=""/admin/management-report"" component={gatedEither(ManagementReport, ""report_management"", ""reports"", ""admin_settings"")}]","","HIDDEN","true","Not used for this section","Page/tile access ONLY through the seven-action visibility OR; no resolved action-specific operation. The action's name does not describe this effect.","Named action only grants visibility"
"report_management","Management Report","notify","Notify","grey","","","CORRECTLY-OFF","true","Not used for this section","No resolved feature reader.","Tick has no resolved feature effect"
"report_site_purchases","Site Purchases Report","view","View","tickable","client/src/App.tsx:292 [gatedEither; path=""/site/purchases"" component={gatedEither(SitePurchasesReport, ""report_site_purchases"", ""site_procurement"")}]","","LIVE","true","No normal active-cell tooltip; when grant restricted: ""You cannot change this grant"". Notify header when disabled: ""Push notifications are disabled for this user"".","Page/tile access ONLY through the seven-action visibility OR; no resolved action-specific operation. The action's name does not describe this effect.","Not exclusive: six other actions also grant visibility"
"report_site_purchases","Site Purchases Report","create","Create","grey","client/src/App.tsx:292 [gatedEither; path=""/site/purchases"" component={gatedEither(SitePurchasesReport, ""report_site_purchases"", ""site_procurement"")}]","","HIDDEN","true","Not used for this section","Page/tile access ONLY through the seven-action visibility OR; no resolved action-specific operation. The action's name does not describe this effect.","Named action only grants visibility"
"report_site_purchases","Site Purchases Report","edit","Edit","tickable","client/src/App.tsx:292 [gatedEither; path=""/site/purchases"" component={gatedEither(SitePurchasesReport, ""report_site_purchases"", ""site_procurement"")}]","server/routes.ts:1605 [assertEdit; PUT ""/api/site-purchases/:id""]","LIVE","true","No normal active-cell tooltip; when grant restricted: ""You cannot change this grant"". Notify header when disabled: ""Push notifications are disabled for this user"".","Read by gatedEither, assertEdit. May also authorize delete/cancel via edit-tier gates; see evidence.",""
"report_site_purchases","Site Purchases Report","delete","Delete","grey","client/src/App.tsx:292 [gatedEither; path=""/site/purchases"" component={gatedEither(SitePurchasesReport, ""report_site_purchases"", ""site_procurement"")}]","","HIDDEN","true","Not used for this section","Page/tile access ONLY through the seven-action visibility OR; no resolved action-specific operation. The action's name does not describe this effect.","Named action only grants visibility"
"report_site_purchases","Site Purchases Report","view_reports","Reports","grey","client/src/App.tsx:292 [gatedEither; path=""/site/purchases"" component={gatedEither(SitePurchasesReport, ""report_site_purchases"", ""site_procurement"")}]","","HIDDEN","true","Not used for this section","Page/tile access ONLY through the seven-action visibility OR; no resolved action-specific operation. The action's name does not describe this effect.","Named action only grants visibility"
"report_site_purchases","Site Purchases Report","export","Export","grey","client/src/App.tsx:292 [gatedEither; path=""/site/purchases"" component={gatedEither(SitePurchasesReport, ""report_site_purchases"", ""site_procurement"")}]","","HIDDEN","true","Not used for this section","Page/tile access ONLY through the seven-action visibility OR; no resolved action-specific operation. The action's name does not describe this effect.","Named action only grants visibility"
"report_site_purchases","Site Purchases Report","approve","Approve","grey","client/src/App.tsx:292 [gatedEither; path=""/site/purchases"" component={gatedEither(SitePurchasesReport, ""report_site_purchases"", ""site_procurement"")}]","","HIDDEN","true","Not used for this section","Page/tile access ONLY through the seven-action visibility OR; no resolved action-specific operation. The action's name does not describe this effect.","Named action only grants visibility"
"report_site_purchases","Site Purchases Report","notify","Notify","grey","","","CORRECTLY-OFF","true","Not used for this section","No resolved feature reader.","Tick has no resolved feature effect"
"stores_inventory","Stores — GRNs, Issues & Ledger","view","View","tickable","client/src/App.tsx:248 [gatedEither; path=""/stores/hub"" component={gatedEither(StoresHub, ""stores_hub"", ""stores_inventory"")}] ; client/src/App.tsx:294 [gatedEither; path=""/site/requirements"" component={gatedEither(SiteRequirementsList, ""site_dprs"", ""stores_inventory"", ""plant_equipment"", ""labour_management"")}] ; client/src/App.tsx:373 [gated; path=""/stores"" component={gated(StoresHome, ""stores_inventory"")}] ; client/src/App.tsx:374 [gated; path=""/stores/items"" component={gated(StoresItems, ""stores_inventory"")}] ; client/src/App.tsx:375 [gated; path=""/stores/grns"" component={gated(StoresGrn, ""stores_inventory"")}] ; client/src/App.tsx:376 [gated; path=""/stores/grns/new"" component={gated(() => <StoresGrn isNew />, ""stores_inventory"")}] ; client/src/App.tsx:377 [gated; path=""/stores/grns/:id"" component={gated((p: any) => <StoresGrn detailId={parseInt(p.id)} />, ""stores_inventory"")}] ; client/src/App.tsx:378 [gated; path=""/stores/issues"" component={gated(StoresIssue, ""stores_inventory"")}] ; client/src/App.tsx:379 [gated; path=""/stores/issues/new"" component={gated(() => <StoresIssue isNew />, ""stores_inventory"")}] ; client/src/App.tsx:380 [gated; path=""/stores/issues/:id"" component={gated((p: any) => <StoresIssue detailId={parseInt(p.id)} />, ""stores_inventory"")}] ; client/src/App.tsx:381 [gated; path=""/stores/ledger/:itemId"" component={gated(StoresLedger, ""stores_inventory"")}] ; client/src/App.tsx:382 [gatedEither; path=""/stores/diesel-register"" component={gatedEither(StoresDieselRegister, ""diesel_req_view"", ""site_diesel"", ""stores_inventory"")}] ; client/src/components/HubShell.tsx:133 [sectionVisible; shared helper/component (see caller inventory)] ; client/src/pages/DieselRequirements.tsx:1159 [sectionCan; shared helper/component (see caller inventory)] ; client/src/pages/PurchaseIndents.tsx:679 [sectionCan; shared helper/component (see caller inventory)] ; client/src/pages/SiteHub.tsx:227 [sectionVisible; HubActionTile navigation: href=""/site/requirements?returnTo=/site/hub""] ; client/src/pages/SiteRequirementsList.tsx:1405 [sectionVisible; shared helper/component (see caller inventory)] ; client/src/pages/SiteRequirementsList.tsx:1408 [sectionVisible; shared helper/component (see caller inventory)] ; client/src/pages/StoresDieselRegister.tsx:129 [sectionVisible; shared helper/component (see caller inventory)] ; client/src/pages/StoresHome.tsx:27 [sectionVisible; shared helper/component (see caller inventory)] ; client/src/pages/StoresHub.tsx:33 [sectionVisible; shared helper/component (see caller inventory)]","server/routes.ts:231 [direct matrix read; shared helper/component (see caller inventory)] ; server/routes.ts:13027 [assertView; GET ""/api/stores/items""] ; server/routes.ts:13039 [assertView; GET ""/api/stores/stock-balance""] ; server/routes.ts:13086 [assertView; GET ""/api/stores/grns/pending-receipt-count""] ; server/routes.ts:13106 [assertView; GET ""/api/stores/grns""] ; server/routes.ts:13134 [assertView; GET ""/api/stores/grns/supplier-history""] ; server/routes.ts:13153 [assertView; GET ""/api/stores/grns/recent-items""] ; server/routes.ts:13165 [assertView; GET ""/api/stores/grns/recent-suppliers""] ; server/routes.ts:13180 [assertView; GET ""/api/stores/grns/stale""] ; server/routes.ts:13196 [assertView; GET ""/api/stores/grns/:id""] ; server/routes.ts:13392 [assertView; GET ""/api/stores/issues/recent-items""] ; server/routes.ts:13404 [assertView; GET ""/api/stores/issues""] ; server/routes.ts:13427 [assertView; GET ""/api/stores/issues/:id""] ; server/routes.ts:13512 [assertView; GET ""/api/stores/stock-summary""] ; server/routes.ts:13524 [assertView; GET ""/api/stores/ledger/:itemId""] ; server/routes.ts:13539 [assertView; GET ""/api/stores/next-doc-number""] ; server/routes.ts:13554 [assertView; GET ""/api/stores/indent-grn-counts""] ; server/routes.ts:13565 [assertView; GET ""/api/stores/indent-fulfilment-status""] ; server/routes.ts:13576 [assertView; GET ""/api/stores/indent-received-per-item""] ; server/routes.ts:1376 [assertDieselOrStoresView -> server/routes.ts:222; GET ""/api/attachments""] ; server/routes.ts:1404 [assertDieselOrStoresView -> server/routes.ts:222; GET ""/api/attachments/counts""] ; server/routes.ts:10744 [assertDieselOrStoresView -> server/routes.ts:222; GET ""/api/diesel-requirements""] ; server/routes.ts:10760 [assertDieselOrStoresView -> server/routes.ts:222; GET ""/api/diesel-requirements/summary""] ; server/routes.ts:10777 [assertDieselOrStoresView -> server/routes.ts:222; GET ""/api/diesel-requirements/daily-report""] ; server/routes.ts:10798 [assertDieselOrStoresView -> server/routes.ts:222; GET ""/api/diesel-requirements/comparison""] ; server/routes.ts:10829 [assertDieselOrStoresView -> server/routes.ts:222; GET ""/api/diesel-requirements/recent-items""] ; server/routes.ts:10847 [assertDieselOrStoresView -> server/routes.ts:222; GET ""/api/diesel-requirements/receipt-status""] ; server/routes.ts:10928 [assertDieselOrStoresView -> server/routes.ts:222; GET ""/api/diesel-requirements/:id""]","LIVE","true","No normal active-cell tooltip; when grant restricted: ""You cannot change this grant"". Notify header when disabled: ""Push notifications are disabled for this user"".","Read by gatedEither, gated, sectionVisible, sectionCan, direct matrix read, assertView, assertDieselOrStoresView -> server/routes.ts:222. ","Not exclusive: six other actions also grant visibility"
"stores_inventory","Stores — GRNs, Issues & Ledger","create","Create","tickable","client/src/App.tsx:248 [gatedEither; path=""/stores/hub"" component={gatedEither(StoresHub, ""stores_hub"", ""stores_inventory"")}] ; client/src/App.tsx:294 [gatedEither; path=""/site/requirements"" component={gatedEither(SiteRequirementsList, ""site_dprs"", ""stores_inventory"", ""plant_equipment"", ""labour_management"")}] ; client/src/App.tsx:373 [gated; path=""/stores"" component={gated(StoresHome, ""stores_inventory"")}] ; client/src/App.tsx:374 [gated; path=""/stores/items"" component={gated(StoresItems, ""stores_inventory"")}] ; client/src/App.tsx:375 [gated; path=""/stores/grns"" component={gated(StoresGrn, ""stores_inventory"")}] ; client/src/App.tsx:376 [gated; path=""/stores/grns/new"" component={gated(() => <StoresGrn isNew />, ""stores_inventory"")}] ; client/src/App.tsx:377 [gated; path=""/stores/grns/:id"" component={gated((p: any) => <StoresGrn detailId={parseInt(p.id)} />, ""stores_inventory"")}] ; client/src/App.tsx:378 [gated; path=""/stores/issues"" component={gated(StoresIssue, ""stores_inventory"")}] ; client/src/App.tsx:379 [gated; path=""/stores/issues/new"" component={gated(() => <StoresIssue isNew />, ""stores_inventory"")}] ; client/src/App.tsx:380 [gated; path=""/stores/issues/:id"" component={gated((p: any) => <StoresIssue detailId={parseInt(p.id)} />, ""stores_inventory"")}] ; client/src/App.tsx:381 [gated; path=""/stores/ledger/:itemId"" component={gated(StoresLedger, ""stores_inventory"")}] ; client/src/App.tsx:382 [gatedEither; path=""/stores/diesel-register"" component={gatedEither(StoresDieselRegister, ""diesel_req_view"", ""site_diesel"", ""stores_inventory"")}] ; client/src/components/HubShell.tsx:133 [sectionVisible; shared helper/component (see caller inventory)] ; client/src/pages/PurchaseIndents.tsx:680 [sectionCan; shared helper/component (see caller inventory)] ; client/src/pages/SiteHub.tsx:227 [sectionVisible; HubActionTile navigation: href=""/site/requirements?returnTo=/site/hub""] ; client/src/pages/SiteRequirementsList.tsx:1405 [sectionVisible; shared helper/component (see caller inventory)] ; client/src/pages/SiteRequirementsList.tsx:1408 [sectionVisible; shared helper/component (see caller inventory)] ; client/src/pages/StoresDieselRegister.tsx:129 [sectionVisible; shared helper/component (see caller inventory)] ; client/src/pages/StoresHome.tsx:27 [sectionVisible; shared helper/component (see caller inventory)] ; client/src/pages/StoresHub.tsx:33 [sectionVisible; shared helper/component (see caller inventory)] ; client/src/pages/irn/IrnDetailPage.tsx:80 [sectionCan; shared helper/component (see caller inventory)] ; client/src/pages/irn/IrnDetailPage.tsx:82 [sectionCan; shared helper/component (see caller inventory)]","server/routes.ts:9482 [assertCreate; PATCH ""/api/purchase-indents/:id/stores-verify""] ; server/routes.ts:9512 [assertCreate; PATCH ""/api/purchase-indents/:id/stores-bypass""] ; server/routes.ts:9784 [assertCreate; PATCH ""/api/irn/:id/stores-verify""] ; server/routes.ts:9857 [direct matrix read; PATCH ""/api/irn/:id/close""] ; server/routes.ts:9956 [assertCreate; POST ""/api/irn/:id/record-issue""] ; server/routes.ts:13050 [assertCreate; POST ""/api/stores/items""] ; server/routes.ts:13215 [assertCreate; POST ""/api/stores/grns""] ; server/routes.ts:13446 [assertCreate; POST ""/api/stores/issues""] ; server/routes.ts:23214 [direct matrix read; PATCH ""/api/site-requirements/:id/item-status""]","LIVE","true","No normal active-cell tooltip; when grant restricted: ""You cannot change this grant"". Notify header when disabled: ""Push notifications are disabled for this user"".","Read by gatedEither, gated, sectionVisible, sectionCan, assertCreate, direct matrix read. ",""
"stores_inventory","Stores — GRNs, Issues & Ledger","edit","Edit","tickable","client/src/App.tsx:248 [gatedEither; path=""/stores/hub"" component={gatedEither(StoresHub, ""stores_hub"", ""stores_inventory"")}] ; client/src/App.tsx:294 [gatedEither; path=""/site/requirements"" component={gatedEither(SiteRequirementsList, ""site_dprs"", ""stores_inventory"", ""plant_equipment"", ""labour_management"")}] ; client/src/App.tsx:373 [gated; path=""/stores"" component={gated(StoresHome, ""stores_inventory"")}] ; client/src/App.tsx:374 [gated; path=""/stores/items"" component={gated(StoresItems, ""stores_inventory"")}] ; client/src/App.tsx:375 [gated; path=""/stores/grns"" component={gated(StoresGrn, ""stores_inventory"")}] ; client/src/App.tsx:376 [gated; path=""/stores/grns/new"" component={gated(() => <StoresGrn isNew />, ""stores_inventory"")}] ; client/src/App.tsx:377 [gated; path=""/stores/grns/:id"" component={gated((p: any) => <StoresGrn detailId={parseInt(p.id)} />, ""stores_inventory"")}] ; client/src/App.tsx:378 [gated; path=""/stores/issues"" component={gated(StoresIssue, ""stores_inventory"")}] ; client/src/App.tsx:379 [gated; path=""/stores/issues/new"" component={gated(() => <StoresIssue isNew />, ""stores_inventory"")}] ; client/src/App.tsx:380 [gated; path=""/stores/issues/:id"" component={gated((p: any) => <StoresIssue detailId={parseInt(p.id)} />, ""stores_inventory"")}] ; client/src/App.tsx:381 [gated; path=""/stores/ledger/:itemId"" component={gated(StoresLedger, ""stores_inventory"")}] ; client/src/App.tsx:382 [gatedEither; path=""/stores/diesel-register"" component={gatedEither(StoresDieselRegister, ""diesel_req_view"", ""site_diesel"", ""stores_inventory"")}] ; client/src/components/HubShell.tsx:133 [sectionVisible; shared helper/component (see caller inventory)] ; client/src/pages/SiteHub.tsx:227 [sectionVisible; HubActionTile navigation: href=""/site/requirements?returnTo=/site/hub""] ; client/src/pages/SiteRequirementsList.tsx:1405 [sectionVisible; shared helper/component (see caller inventory)] ; client/src/pages/SiteRequirementsList.tsx:1408 [sectionVisible; shared helper/component (see caller inventory)] ; client/src/pages/StoresDieselRegister.tsx:129 [sectionVisible; shared helper/component (see caller inventory)] ; client/src/pages/StoresGrn.tsx:900 [EditPermissionButton mapped record type; shared helper/component (see caller inventory)] ; client/src/pages/StoresHome.tsx:27 [sectionVisible; shared helper/component (see caller inventory)] ; client/src/pages/StoresHub.tsx:33 [sectionVisible; shared helper/component (see caller inventory)]","server/routes.ts:13061 [assertEdit; PATCH ""/api/stores/items/:id""] ; server/routes.ts:13073 [assertEdit; POST ""/api/stores/items/:id/toggle""] ; server/routes.ts:13259 [assertEdit; PATCH ""/api/stores/grns/:id""] ; server/routes.ts:13343 [assertEdit; PUT ""/api/stores/grns/:id""]","LIVE","true","No normal active-cell tooltip; when grant restricted: ""You cannot change this grant"". Notify header when disabled: ""Push notifications are disabled for this user"".","Read by gatedEither, gated, sectionVisible, EditPermissionButton mapped record type, assertEdit. May also authorize delete/cancel via edit-tier gates; see evidence.",""
"stores_inventory","Stores — GRNs, Issues & Ledger","delete","Delete","grey","client/src/App.tsx:248 [gatedEither; path=""/stores/hub"" component={gatedEither(StoresHub, ""stores_hub"", ""stores_inventory"")}] ; client/src/App.tsx:294 [gatedEither; path=""/site/requirements"" component={gatedEither(SiteRequirementsList, ""site_dprs"", ""stores_inventory"", ""plant_equipment"", ""labour_management"")}] ; client/src/App.tsx:373 [gated; path=""/stores"" component={gated(StoresHome, ""stores_inventory"")}] ; client/src/App.tsx:374 [gated; path=""/stores/items"" component={gated(StoresItems, ""stores_inventory"")}] ; client/src/App.tsx:375 [gated; path=""/stores/grns"" component={gated(StoresGrn, ""stores_inventory"")}] ; client/src/App.tsx:376 [gated; path=""/stores/grns/new"" component={gated(() => <StoresGrn isNew />, ""stores_inventory"")}] ; client/src/App.tsx:377 [gated; path=""/stores/grns/:id"" component={gated((p: any) => <StoresGrn detailId={parseInt(p.id)} />, ""stores_inventory"")}] ; client/src/App.tsx:378 [gated; path=""/stores/issues"" component={gated(StoresIssue, ""stores_inventory"")}] ; client/src/App.tsx:379 [gated; path=""/stores/issues/new"" component={gated(() => <StoresIssue isNew />, ""stores_inventory"")}] ; client/src/App.tsx:380 [gated; path=""/stores/issues/:id"" component={gated((p: any) => <StoresIssue detailId={parseInt(p.id)} />, ""stores_inventory"")}] ; client/src/App.tsx:381 [gated; path=""/stores/ledger/:itemId"" component={gated(StoresLedger, ""stores_inventory"")}] ; client/src/App.tsx:382 [gatedEither; path=""/stores/diesel-register"" component={gatedEither(StoresDieselRegister, ""diesel_req_view"", ""site_diesel"", ""stores_inventory"")}] ; client/src/components/HubShell.tsx:133 [sectionVisible; shared helper/component (see caller inventory)] ; client/src/pages/SiteHub.tsx:227 [sectionVisible; HubActionTile navigation: href=""/site/requirements?returnTo=/site/hub""] ; client/src/pages/SiteRequirementsList.tsx:1405 [sectionVisible; shared helper/component (see caller inventory)] ; client/src/pages/SiteRequirementsList.tsx:1408 [sectionVisible; shared helper/component (see caller inventory)] ; client/src/pages/StoresDieselRegister.tsx:129 [sectionVisible; shared helper/component (see caller inventory)] ; client/src/pages/StoresHome.tsx:27 [sectionVisible; shared helper/component (see caller inventory)] ; client/src/pages/StoresHub.tsx:33 [sectionVisible; shared helper/component (see caller inventory)]","","HIDDEN","true","Not used for this section","Page/tile access ONLY through the seven-action visibility OR; no resolved action-specific operation. The action's name does not describe this effect.","Named action only grants visibility"
"stores_inventory","Stores — GRNs, Issues & Ledger","view_reports","Reports","grey","client/src/App.tsx:248 [gatedEither; path=""/stores/hub"" component={gatedEither(StoresHub, ""stores_hub"", ""stores_inventory"")}] ; client/src/App.tsx:294 [gatedEither; path=""/site/requirements"" component={gatedEither(SiteRequirementsList, ""site_dprs"", ""stores_inventory"", ""plant_equipment"", ""labour_management"")}] ; client/src/App.tsx:373 [gated; path=""/stores"" component={gated(StoresHome, ""stores_inventory"")}] ; client/src/App.tsx:374 [gated; path=""/stores/items"" component={gated(StoresItems, ""stores_inventory"")}] ; client/src/App.tsx:375 [gated; path=""/stores/grns"" component={gated(StoresGrn, ""stores_inventory"")}] ; client/src/App.tsx:376 [gated; path=""/stores/grns/new"" component={gated(() => <StoresGrn isNew />, ""stores_inventory"")}] ; client/src/App.tsx:377 [gated; path=""/stores/grns/:id"" component={gated((p: any) => <StoresGrn detailId={parseInt(p.id)} />, ""stores_inventory"")}] ; client/src/App.tsx:378 [gated; path=""/stores/issues"" component={gated(StoresIssue, ""stores_inventory"")}] ; client/src/App.tsx:379 [gated; path=""/stores/issues/new"" component={gated(() => <StoresIssue isNew />, ""stores_inventory"")}] ; client/src/App.tsx:380 [gated; path=""/stores/issues/:id"" component={gated((p: any) => <StoresIssue detailId={parseInt(p.id)} />, ""stores_inventory"")}] ; client/src/App.tsx:381 [gated; path=""/stores/ledger/:itemId"" component={gated(StoresLedger, ""stores_inventory"")}] ; client/src/App.tsx:382 [gatedEither; path=""/stores/diesel-register"" component={gatedEither(StoresDieselRegister, ""diesel_req_view"", ""site_diesel"", ""stores_inventory"")}] ; client/src/components/HubShell.tsx:133 [sectionVisible; shared helper/component (see caller inventory)] ; client/src/pages/SiteHub.tsx:227 [sectionVisible; HubActionTile navigation: href=""/site/requirements?returnTo=/site/hub""] ; client/src/pages/SiteRequirementsList.tsx:1405 [sectionVisible; shared helper/component (see caller inventory)] ; client/src/pages/SiteRequirementsList.tsx:1408 [sectionVisible; shared helper/component (see caller inventory)] ; client/src/pages/StoresDieselRegister.tsx:129 [sectionVisible; shared helper/component (see caller inventory)] ; client/src/pages/StoresHome.tsx:27 [sectionVisible; shared helper/component (see caller inventory)] ; client/src/pages/StoresHub.tsx:33 [sectionVisible; shared helper/component (see caller inventory)]","","HIDDEN","true","Not used for this section","Page/tile access ONLY through the seven-action visibility OR; no resolved action-specific operation. The action's name does not describe this effect.","Named action only grants visibility"
"stores_inventory","Stores — GRNs, Issues & Ledger","export","Export","grey","client/src/App.tsx:248 [gatedEither; path=""/stores/hub"" component={gatedEither(StoresHub, ""stores_hub"", ""stores_inventory"")}] ; client/src/App.tsx:294 [gatedEither; path=""/site/requirements"" component={gatedEither(SiteRequirementsList, ""site_dprs"", ""stores_inventory"", ""plant_equipment"", ""labour_management"")}] ; client/src/App.tsx:373 [gated; path=""/stores"" component={gated(StoresHome, ""stores_inventory"")}] ; client/src/App.tsx:374 [gated; path=""/stores/items"" component={gated(StoresItems, ""stores_inventory"")}] ; client/src/App.tsx:375 [gated; path=""/stores/grns"" component={gated(StoresGrn, ""stores_inventory"")}] ; client/src/App.tsx:376 [gated; path=""/stores/grns/new"" component={gated(() => <StoresGrn isNew />, ""stores_inventory"")}] ; client/src/App.tsx:377 [gated; path=""/stores/grns/:id"" component={gated((p: any) => <StoresGrn detailId={parseInt(p.id)} />, ""stores_inventory"")}] ; client/src/App.tsx:378 [gated; path=""/stores/issues"" component={gated(StoresIssue, ""stores_inventory"")}] ; client/src/App.tsx:379 [gated; path=""/stores/issues/new"" component={gated(() => <StoresIssue isNew />, ""stores_inventory"")}] ; client/src/App.tsx:380 [gated; path=""/stores/issues/:id"" component={gated((p: any) => <StoresIssue detailId={parseInt(p.id)} />, ""stores_inventory"")}] ; client/src/App.tsx:381 [gated; path=""/stores/ledger/:itemId"" component={gated(StoresLedger, ""stores_inventory"")}] ; client/src/App.tsx:382 [gatedEither; path=""/stores/diesel-register"" component={gatedEither(StoresDieselRegister, ""diesel_req_view"", ""site_diesel"", ""stores_inventory"")}] ; client/src/components/HubShell.tsx:133 [sectionVisible; shared helper/component (see caller inventory)] ; client/src/pages/SiteHub.tsx:227 [sectionVisible; HubActionTile navigation: href=""/site/requirements?returnTo=/site/hub""] ; client/src/pages/SiteRequirementsList.tsx:1405 [sectionVisible; shared helper/component (see caller inventory)] ; client/src/pages/SiteRequirementsList.tsx:1408 [sectionVisible; shared helper/component (see caller inventory)] ; client/src/pages/StoresDieselRegister.tsx:129 [sectionVisible; shared helper/component (see caller inventory)] ; client/src/pages/StoresHome.tsx:27 [sectionVisible; shared helper/component (see caller inventory)] ; client/src/pages/StoresHub.tsx:33 [sectionVisible; shared helper/component (see caller inventory)]","","HIDDEN","true","Not used for this section","Page/tile access ONLY through the seven-action visibility OR; no resolved action-specific operation. The action's name does not describe this effect.","Named action only grants visibility"
"stores_inventory","Stores — GRNs, Issues & Ledger","approve","Approve","tickable","client/src/App.tsx:248 [gatedEither; path=""/stores/hub"" component={gatedEither(StoresHub, ""stores_hub"", ""stores_inventory"")}] ; client/src/App.tsx:294 [gatedEither; path=""/site/requirements"" component={gatedEither(SiteRequirementsList, ""site_dprs"", ""stores_inventory"", ""plant_equipment"", ""labour_management"")}] ; client/src/App.tsx:373 [gated; path=""/stores"" component={gated(StoresHome, ""stores_inventory"")}] ; client/src/App.tsx:374 [gated; path=""/stores/items"" component={gated(StoresItems, ""stores_inventory"")}] ; client/src/App.tsx:375 [gated; path=""/stores/grns"" component={gated(StoresGrn, ""stores_inventory"")}] ; client/src/App.tsx:376 [gated; path=""/stores/grns/new"" component={gated(() => <StoresGrn isNew />, ""stores_inventory"")}] ; client/src/App.tsx:377 [gated; path=""/stores/grns/:id"" component={gated((p: any) => <StoresGrn detailId={parseInt(p.id)} />, ""stores_inventory"")}] ; client/src/App.tsx:378 [gated; path=""/stores/issues"" component={gated(StoresIssue, ""stores_inventory"")}] ; client/src/App.tsx:379 [gated; path=""/stores/issues/new"" component={gated(() => <StoresIssue isNew />, ""stores_inventory"")}] ; client/src/App.tsx:380 [gated; path=""/stores/issues/:id"" component={gated((p: any) => <StoresIssue detailId={parseInt(p.id)} />, ""stores_inventory"")}] ; client/src/App.tsx:381 [gated; path=""/stores/ledger/:itemId"" component={gated(StoresLedger, ""stores_inventory"")}] ; client/src/App.tsx:382 [gatedEither; path=""/stores/diesel-register"" component={gatedEither(StoresDieselRegister, ""diesel_req_view"", ""site_diesel"", ""stores_inventory"")}] ; client/src/components/HubShell.tsx:133 [sectionVisible; shared helper/component (see caller inventory)] ; client/src/pages/SiteHub.tsx:227 [sectionVisible; HubActionTile navigation: href=""/site/requirements?returnTo=/site/hub""] ; client/src/pages/SiteRequirementsList.tsx:1405 [sectionVisible; shared helper/component (see caller inventory)] ; client/src/pages/SiteRequirementsList.tsx:1408 [sectionVisible; shared helper/component (see caller inventory)] ; client/src/pages/StoresDieselRegister.tsx:129 [sectionVisible; shared helper/component (see caller inventory)] ; client/src/pages/StoresHome.tsx:27 [sectionVisible; shared helper/component (see caller inventory)] ; client/src/pages/StoresHub.tsx:33 [sectionVisible; shared helper/component (see caller inventory)]","","LIVE","true","No normal active-cell tooltip; when grant restricted: ""You cannot change this grant"". Notify header when disabled: ""Push notifications are disabled for this user"".","Page/tile access ONLY through the seven-action visibility OR; no resolved action-specific operation. The action's name does not describe this effect.","Named action only grants visibility"
"stores_inventory","Stores — GRNs, Issues & Ledger","notify","Notify","tickable","","server/routes.ts:13249 [sendPushToSection; POST ""/api/stores/grns""] ; server/routes.ts:13474 [sendPushToSection; POST ""/api/stores/issues""]","LIVE","true","No normal active-cell tooltip; when grant restricted: ""You cannot change this grant"". Notify header when disabled: ""Push notifications are disabled for this user"".","Recipient eligibility for concrete sendPushToSection events; also requires user notifications and subscription.",""
"labour_management","Site Requirements — Labour Allocation","view","View","tickable","client/src/App.tsx:294 [gatedEither; path=""/site/requirements"" component={gatedEither(SiteRequirementsList, ""site_dprs"", ""stores_inventory"", ""plant_equipment"", ""labour_management"")}] ; client/src/pages/SiteHub.tsx:228 [sectionVisible; HubActionTile navigation: href=""/site/requirements?returnTo=/site/hub""] ; client/src/pages/SiteRequirementsList.tsx:1407 [sectionVisible; shared helper/component (see caller inventory)]","","LIVE","false","No normal active-cell tooltip; when grant restricted: ""You cannot change this grant"". Notify header when disabled: ""Push notifications are disabled for this user"".","Page/tile access ONLY through the seven-action visibility OR; no resolved action-specific operation. The action's name does not describe this effect.","Not exclusive: six other actions also grant visibility"
"labour_management","Site Requirements — Labour Allocation","create","Create","tickable","client/src/App.tsx:294 [gatedEither; path=""/site/requirements"" component={gatedEither(SiteRequirementsList, ""site_dprs"", ""stores_inventory"", ""plant_equipment"", ""labour_management"")}] ; client/src/pages/SiteHub.tsx:228 [sectionVisible; HubActionTile navigation: href=""/site/requirements?returnTo=/site/hub""] ; client/src/pages/SiteRequirementsList.tsx:1407 [sectionVisible; shared helper/component (see caller inventory)]","server/routes.ts:23216 [direct matrix read; PATCH ""/api/site-requirements/:id/item-status""]","LIVE","false","No normal active-cell tooltip; when grant restricted: ""You cannot change this grant"". Notify header when disabled: ""Push notifications are disabled for this user"".","Read by gatedEither, sectionVisible, direct matrix read. ",""
"labour_management","Site Requirements — Labour Allocation","edit","Edit","grey","client/src/App.tsx:294 [gatedEither; path=""/site/requirements"" component={gatedEither(SiteRequirementsList, ""site_dprs"", ""stores_inventory"", ""plant_equipment"", ""labour_management"")}] ; client/src/pages/SiteHub.tsx:228 [sectionVisible; HubActionTile navigation: href=""/site/requirements?returnTo=/site/hub""] ; client/src/pages/SiteRequirementsList.tsx:1407 [sectionVisible; shared helper/component (see caller inventory)]","","HIDDEN","false","Not used for this section","Page/tile access ONLY through the seven-action visibility OR; no resolved action-specific operation. The action's name does not describe this effect.","Named action only grants visibility"
"labour_management","Site Requirements — Labour Allocation","delete","Delete","grey","client/src/App.tsx:294 [gatedEither; path=""/site/requirements"" component={gatedEither(SiteRequirementsList, ""site_dprs"", ""stores_inventory"", ""plant_equipment"", ""labour_management"")}] ; client/src/pages/SiteHub.tsx:228 [sectionVisible; HubActionTile navigation: href=""/site/requirements?returnTo=/site/hub""] ; client/src/pages/SiteRequirementsList.tsx:1407 [sectionVisible; shared helper/component (see caller inventory)]","","HIDDEN","false","Not used for this section","Page/tile access ONLY through the seven-action visibility OR; no resolved action-specific operation. The action's name does not describe this effect.","Named action only grants visibility"
"labour_management","Site Requirements — Labour Allocation","view_reports","Reports","grey","client/src/App.tsx:294 [gatedEither; path=""/site/requirements"" component={gatedEither(SiteRequirementsList, ""site_dprs"", ""stores_inventory"", ""plant_equipment"", ""labour_management"")}] ; client/src/pages/SiteHub.tsx:228 [sectionVisible; HubActionTile navigation: href=""/site/requirements?returnTo=/site/hub""] ; client/src/pages/SiteRequirementsList.tsx:1407 [sectionVisible; shared helper/component (see caller inventory)]","","HIDDEN","false","Not used for this section","Page/tile access ONLY through the seven-action visibility OR; no resolved action-specific operation. The action's name does not describe this effect.","Named action only grants visibility"
"labour_management","Site Requirements — Labour Allocation","export","Export","grey","client/src/App.tsx:294 [gatedEither; path=""/site/requirements"" component={gatedEither(SiteRequirementsList, ""site_dprs"", ""stores_inventory"", ""plant_equipment"", ""labour_management"")}] ; client/src/pages/SiteHub.tsx:228 [sectionVisible; HubActionTile navigation: href=""/site/requirements?returnTo=/site/hub""] ; client/src/pages/SiteRequirementsList.tsx:1407 [sectionVisible; shared helper/component (see caller inventory)]","","HIDDEN","false","Not used for this section","Page/tile access ONLY through the seven-action visibility OR; no resolved action-specific operation. The action's name does not describe this effect.","Named action only grants visibility"
"labour_management","Site Requirements — Labour Allocation","approve","Approve","grey","client/src/App.tsx:294 [gatedEither; path=""/site/requirements"" component={gatedEither(SiteRequirementsList, ""site_dprs"", ""stores_inventory"", ""plant_equipment"", ""labour_management"")}] ; client/src/pages/SiteHub.tsx:228 [sectionVisible; HubActionTile navigation: href=""/site/requirements?returnTo=/site/hub""] ; client/src/pages/SiteRequirementsList.tsx:1407 [sectionVisible; shared helper/component (see caller inventory)]","","HIDDEN","false","Not used for this section","Page/tile access ONLY through the seven-action visibility OR; no resolved action-specific operation. The action's name does not describe this effect.","Named action only grants visibility"
"labour_management","Site Requirements — Labour Allocation","notify","Notify","grey","","","CORRECTLY-OFF","false","Not used for this section","No resolved feature reader.","Tick has no resolved feature effect"
"estimator_portal","Estimator Portal (login + hub)","view","View","tickable","client/src/components/HubShell.tsx:120 [sectionVisible; shared helper/component (see caller inventory)]","","LIVE","true","No normal active-cell tooltip; when grant restricted: ""You cannot change this grant"". Notify header when disabled: ""Push notifications are disabled for this user"".","Page/tile access ONLY through the seven-action visibility OR; no resolved action-specific operation. The action's name does not describe this effect.","Not exclusive: six other actions also grant visibility"
"estimator_portal","Estimator Portal (login + hub)","create","Create","grey","client/src/components/HubShell.tsx:120 [sectionVisible; shared helper/component (see caller inventory)]","","HIDDEN","true","Not used for this section","Page/tile access ONLY through the seven-action visibility OR; no resolved action-specific operation. The action's name does not describe this effect.","Named action only grants visibility"
"estimator_portal","Estimator Portal (login + hub)","edit","Edit","grey","client/src/components/HubShell.tsx:120 [sectionVisible; shared helper/component (see caller inventory)]","","HIDDEN","true","Not used for this section","Page/tile access ONLY through the seven-action visibility OR; no resolved action-specific operation. The action's name does not describe this effect.","Named action only grants visibility"
"estimator_portal","Estimator Portal (login + hub)","delete","Delete","grey","client/src/components/HubShell.tsx:120 [sectionVisible; shared helper/component (see caller inventory)]","","HIDDEN","true","Not used for this section","Page/tile access ONLY through the seven-action visibility OR; no resolved action-specific operation. The action's name does not describe this effect.","Named action only grants visibility"
"estimator_portal","Estimator Portal (login + hub)","view_reports","Reports","grey","client/src/components/HubShell.tsx:120 [sectionVisible; shared helper/component (see caller inventory)]","","HIDDEN","true","Not used for this section","Page/tile access ONLY through the seven-action visibility OR; no resolved action-specific operation. The action's name does not describe this effect.","Named action only grants visibility"
"estimator_portal","Estimator Portal (login + hub)","export","Export","grey","client/src/components/HubShell.tsx:120 [sectionVisible; shared helper/component (see caller inventory)]","","HIDDEN","true","Not used for this section","Page/tile access ONLY through the seven-action visibility OR; no resolved action-specific operation. The action's name does not describe this effect.","Named action only grants visibility"
"estimator_portal","Estimator Portal (login + hub)","approve","Approve","grey","client/src/components/HubShell.tsx:120 [sectionVisible; shared helper/component (see caller inventory)]","","HIDDEN","true","Not used for this section","Page/tile access ONLY through the seven-action visibility OR; no resolved action-specific operation. The action's name does not describe this effect.","Named action only grants visibility"
"estimator_portal","Estimator Portal (login + hub)","notify","Notify","grey","","","CORRECTLY-OFF","true","Not used for this section","No resolved feature reader.","Tick has no resolved feature effect"
"mix_calculator","Bituminous Mix Rate Calculator","view","View","tickable","client/src/components/HubShell.tsx:121 [sectionVisible; shared helper/component (see caller inventory)]","","LIVE","true","No normal active-cell tooltip; when grant restricted: ""You cannot change this grant"". Notify header when disabled: ""Push notifications are disabled for this user"".","Page/tile access ONLY through the seven-action visibility OR; no resolved action-specific operation. The action's name does not describe this effect.","Not exclusive: six other actions also grant visibility"
"mix_calculator","Bituminous Mix Rate Calculator","create","Create","tickable","client/src/components/HubShell.tsx:121 [sectionVisible; shared helper/component (see caller inventory)] ; client/src/pages/MixEstimates.tsx:49 [sectionCan; shared helper/component (see caller inventory)] ; client/src/pages/MixImpact.tsx:575 [sectionCan; shared helper/component (see caller inventory)] ; client/src/pages/ScenarioComparison.tsx:40 [sectionCan; shared helper/component (see caller inventory)]","server/routes.ts:155 [direct matrix read; shared helper/component (see caller inventory)] ; server/routes.ts:156 [direct matrix read; shared helper/component (see caller inventory)] ; server/routes.ts:12732 [assertMixCalcWrite; POST ""/api/mix-estimates""] ; server/routes.ts:12746 [assertMixCalcWrite; PUT ""/api/mix-estimates/:id""] ; server/routes.ts:12788 [assertMixCalcWrite; POST ""/api/price-scenarios""] ; server/routes.ts:12815 [assertMixCalcWrite; PATCH ""/api/price-scenarios/:id""] ; server/routes.ts:12842 [assertMixCalcWrite; PATCH ""/api/mix-estimates/rename-contractor""] ; server/routes.ts:12855 [assertMixCalcWrite; PATCH ""/api/mix-estimates/rename-project""]","LIVE","true","No normal active-cell tooltip; when grant restricted: ""You cannot change this grant"". Notify header when disabled: ""Push notifications are disabled for this user"".","Read by sectionVisible, sectionCan, direct matrix read, assertMixCalcWrite. ",""
"mix_calculator","Bituminous Mix Rate Calculator","edit","Edit","tickable","client/src/components/HubShell.tsx:121 [sectionVisible; shared helper/component (see caller inventory)] ; client/src/pages/MixImpact.tsx:575 [sectionCan; shared helper/component (see caller inventory)] ; client/src/pages/ScenarioComparison.tsx:40 [sectionCan; shared helper/component (see caller inventory)]","server/routes.ts:156 [direct matrix read; shared helper/component (see caller inventory)] ; server/routes.ts:12746 [assertMixCalcWrite; PUT ""/api/mix-estimates/:id""] ; server/routes.ts:12815 [assertMixCalcWrite; PATCH ""/api/price-scenarios/:id""] ; server/routes.ts:12842 [assertMixCalcWrite; PATCH ""/api/mix-estimates/rename-contractor""] ; server/routes.ts:12855 [assertMixCalcWrite; PATCH ""/api/mix-estimates/rename-project""]","LIVE","true","No normal active-cell tooltip; when grant restricted: ""You cannot change this grant"". Notify header when disabled: ""Push notifications are disabled for this user"".","Read by sectionVisible, sectionCan, direct matrix read, assertMixCalcWrite. May also authorize delete/cancel via edit-tier gates; see evidence.",""
"mix_calculator","Bituminous Mix Rate Calculator","delete","Delete","grey","client/src/components/HubShell.tsx:121 [sectionVisible; shared helper/component (see caller inventory)]","server/routes.ts:157 [direct matrix read; shared helper/component (see caller inventory)] ; server/routes.ts:12763 [assertMixCalcWrite; DELETE ""/api/mix-estimates/:id""] ; server/routes.ts:12829 [assertMixCalcWrite; DELETE ""/api/price-scenarios/:id""]","HIDDEN","true","Not used for this section","Read by sectionVisible, direct matrix read, assertMixCalcWrite. ",""
"mix_calculator","Bituminous Mix Rate Calculator","view_reports","Reports","grey","client/src/components/HubShell.tsx:121 [sectionVisible; shared helper/component (see caller inventory)] ; client/src/pages/MixComparativeReport.tsx:77 [ReportExportGate; shared helper/component (see caller inventory)] ; client/src/pages/MixImpact.tsx:708 [ReportExportGate; shared helper/component (see caller inventory)] ; client/src/pages/ScenarioComparison.tsx:176 [ReportExportGate; shared helper/component (see caller inventory)]","","HIDDEN","true","Not used for this section","Read by sectionVisible, ReportExportGate. Reports controls export affordances/endpoints, not just viewing.","Reports also controls exports"
"mix_calculator","Bituminous Mix Rate Calculator","export","Export","grey","client/src/components/HubShell.tsx:121 [sectionVisible; shared helper/component (see caller inventory)]","","HIDDEN","true","Not used for this section","Page/tile access ONLY through the seven-action visibility OR; no resolved action-specific operation. The action's name does not describe this effect.","Named action only grants visibility"
"mix_calculator","Bituminous Mix Rate Calculator","approve","Approve","grey","client/src/components/HubShell.tsx:121 [sectionVisible; shared helper/component (see caller inventory)]","","HIDDEN","true","Not used for this section","Page/tile access ONLY through the seven-action visibility OR; no resolved action-specific operation. The action's name does not describe this effect.","Named action only grants visibility"
"mix_calculator","Bituminous Mix Rate Calculator","notify","Notify","grey","","","CORRECTLY-OFF","true","Not used for this section","No resolved feature reader.","Tick has no resolved feature effect"
"concrete_calculator","Concrete Rate Calculator (v1 & v2)","view","View","tickable","client/src/App.tsx:391 [gatedEither; path=""/admin/concrete-estimates"" component={gatedEither(ConcreteEstimates, ""concrete_calculator"", ""concrete_estimates_manage"", ""reports"", ""admin_settings"")}] ; client/src/components/HubShell.tsx:122 [sectionVisible; shared helper/component (see caller inventory)]","","LIVE","true","No normal active-cell tooltip; when grant restricted: ""You cannot change this grant"". Notify header when disabled: ""Push notifications are disabled for this user"".","Page/tile access ONLY through the seven-action visibility OR; no resolved action-specific operation. The action's name does not describe this effect.","Not exclusive: six other actions also grant visibility"
"concrete_calculator","Concrete Rate Calculator (v1 & v2)","create","Create","grey","client/src/App.tsx:391 [gatedEither; path=""/admin/concrete-estimates"" component={gatedEither(ConcreteEstimates, ""concrete_calculator"", ""concrete_estimates_manage"", ""reports"", ""admin_settings"")}] ; client/src/components/HubShell.tsx:122 [sectionVisible; shared helper/component (see caller inventory)]","","HIDDEN","true","Not used for this section","Page/tile access ONLY through the seven-action visibility OR; no resolved action-specific operation. The action's name does not describe this effect.","Named action only grants visibility"
"concrete_calculator","Concrete Rate Calculator (v1 & v2)","edit","Edit","grey","client/src/App.tsx:391 [gatedEither; path=""/admin/concrete-estimates"" component={gatedEither(ConcreteEstimates, ""concrete_calculator"", ""concrete_estimates_manage"", ""reports"", ""admin_settings"")}] ; client/src/components/HubShell.tsx:122 [sectionVisible; shared helper/component (see caller inventory)]","","HIDDEN","true","Not used for this section","Page/tile access ONLY through the seven-action visibility OR; no resolved action-specific operation. The action's name does not describe this effect.","Named action only grants visibility"
"concrete_calculator","Concrete Rate Calculator (v1 & v2)","delete","Delete","grey","client/src/App.tsx:391 [gatedEither; path=""/admin/concrete-estimates"" component={gatedEither(ConcreteEstimates, ""concrete_calculator"", ""concrete_estimates_manage"", ""reports"", ""admin_settings"")}] ; client/src/components/HubShell.tsx:122 [sectionVisible; shared helper/component (see caller inventory)]","","HIDDEN","true","Not used for this section","Page/tile access ONLY through the seven-action visibility OR; no resolved action-specific operation. The action's name does not describe this effect.","Named action only grants visibility"
"concrete_calculator","Concrete Rate Calculator (v1 & v2)","view_reports","Reports","grey","client/src/App.tsx:391 [gatedEither; path=""/admin/concrete-estimates"" component={gatedEither(ConcreteEstimates, ""concrete_calculator"", ""concrete_estimates_manage"", ""reports"", ""admin_settings"")}] ; client/src/components/HubShell.tsx:122 [sectionVisible; shared helper/component (see caller inventory)] ; client/src/pages/ConcreteCalculator.tsx:3871 [ReportExportGate; shared helper/component (see caller inventory)] ; client/src/pages/ConcreteCalculator.tsx:3972 [ReportExportGate; shared helper/component (see caller inventory)] ; client/src/pages/ConcreteCalculator.tsx:4116 [ReportExportGate; shared helper/component (see caller inventory)] ; client/src/pages/ConcreteCalculator.tsx:4281 [ReportExportGate; shared helper/component (see caller inventory)] ; client/src/pages/ConcreteCalculator.tsx:4387 [ReportExportGate; shared helper/component (see caller inventory)]","","HIDDEN","true","Not used for this section","Read by gatedEither, sectionVisible, ReportExportGate. Reports controls export affordances/endpoints, not just viewing.","Reports also controls exports"
"concrete_calculator","Concrete Rate Calculator (v1 & v2)","export","Export","grey","client/src/App.tsx:391 [gatedEither; path=""/admin/concrete-estimates"" component={gatedEither(ConcreteEstimates, ""concrete_calculator"", ""concrete_estimates_manage"", ""reports"", ""admin_settings"")}] ; client/src/components/HubShell.tsx:122 [sectionVisible; shared helper/component (see caller inventory)]","","HIDDEN","true","Not used for this section","Page/tile access ONLY through the seven-action visibility OR; no resolved action-specific operation. The action's name does not describe this effect.","Named action only grants visibility"
"concrete_calculator","Concrete Rate Calculator (v1 & v2)","approve","Approve","grey","client/src/App.tsx:391 [gatedEither; path=""/admin/concrete-estimates"" component={gatedEither(ConcreteEstimates, ""concrete_calculator"", ""concrete_estimates_manage"", ""reports"", ""admin_settings"")}] ; client/src/components/HubShell.tsx:122 [sectionVisible; shared helper/component (see caller inventory)]","","HIDDEN","true","Not used for this section","Page/tile access ONLY through the seven-action visibility OR; no resolved action-specific operation. The action's name does not describe this effect.","Named action only grants visibility"
"concrete_calculator","Concrete Rate Calculator (v1 & v2)","notify","Notify","grey","","","CORRECTLY-OFF","true","Not used for this section","No resolved feature reader.","Tick has no resolved feature effect"
"qto_boq","QTO & BOQ Estimator","view","View","tickable","client/src/App.tsx:358 [gated; path=""/work-program"" component={gated(BoqProjects, ""qto_boq"")}] ; client/src/App.tsx:359 [gated; path=""/work-program/planning-masters"" component={gated(PlanningMasters, ""qto_boq"")}] ; client/src/App.tsx:360 [gated; path=""/work-program/:id"" component={gated(BoqProjectDetail, ""qto_boq"")}] ; client/src/App.tsx:361 [gated; path=""/work-program/:id/settings"" component={gated(BoqProgramSettings, ""qto_boq"")}] ; client/src/App.tsx:362 [gated; path=""/work-program/:id/programme"" component={gated(WorkProgramme, ""qto_boq"")}] ; client/src/App.tsx:363 [gated; path=""/work-program/:id/demand"" component={gated(WorkDemand, ""qto_boq"")}] ; client/src/App.tsx:364 [gated; path=""/work-program/:id/earthwork"" component={gated(EarthworkControl, ""qto_boq"")}] ; client/src/App.tsx:365 [gated; path=""/work-program/:id/execution-arrangements"" component={gated(ExecutionArrangements, ""qto_boq"")}] ; client/src/App.tsx:366 [gatedEither; path=""/work-program/:id/scope"" component={gatedEither(ScopeSetup, ""project_scope"", ""qto_boq"")}] ; client/src/App.tsx:367 [gated; path=""/work-program/:id/geometry"" component={gated(RoadGeometry, ""qto_boq"")}] ; client/src/App.tsx:368 [gated; path=""/work-program/:id/resource-review"" component={gated(ResourceReview, ""qto_boq"")}] ; client/src/App.tsx:369 [gated; path=""/work-program/:id/item-review"" component={gated(BoqItemReview, ""qto_boq"")}] ; client/src/App.tsx:370 [gated; path=""/norms"" component={gated(NormsLibrary, ""qto_boq"")}] ; client/src/components/HubShell.tsx:123 [sectionVisible; shared helper/component (see caller inventory)] ; client/src/components/HubShell.tsx:136 [sectionVisible; shared helper/component (see caller inventory)] ; client/src/components/HubShell.tsx:137 [sectionVisible; shared helper/component (see caller inventory)]","server/routes.ts:14876 [assertView; GET ""/api/boq/projects/:id/road-geometry""] ; server/routes.ts:14986 [direct matrix read; shared helper/component (see caller inventory)] ; server/routes.ts:18471 [assertView; shared helper/component (see caller inventory)] ; server/routes.ts:18922 [assertView; GET ""/api/earthwork-arrangements/:id/execution-evidence""] ; server/routes.ts:14992 [canViewScope -> server/routes.ts:14981; GET ""/api/boq/projects/:id/scope-segments""] ; server/routes.ts:15238 [canViewScope -> server/routes.ts:14981; GET ""/api/boq/projects/:id/scope-reconciliation""]","LIVE","true","No normal active-cell tooltip; when grant restricted: ""You cannot change this grant"". Notify header when disabled: ""Push notifications are disabled for this user"".","Read by gated, gatedEither, sectionVisible, assertView, direct matrix read, canViewScope -> server/routes.ts:14981. ","Not exclusive: six other actions also grant visibility"
"qto_boq","QTO & BOQ Estimator","create","Create","grey","client/src/App.tsx:358 [gated; path=""/work-program"" component={gated(BoqProjects, ""qto_boq"")}] ; client/src/App.tsx:359 [gated; path=""/work-program/planning-masters"" component={gated(PlanningMasters, ""qto_boq"")}] ; client/src/App.tsx:360 [gated; path=""/work-program/:id"" component={gated(BoqProjectDetail, ""qto_boq"")}] ; client/src/App.tsx:361 [gated; path=""/work-program/:id/settings"" component={gated(BoqProgramSettings, ""qto_boq"")}] ; client/src/App.tsx:362 [gated; path=""/work-program/:id/programme"" component={gated(WorkProgramme, ""qto_boq"")}] ; client/src/App.tsx:363 [gated; path=""/work-program/:id/demand"" component={gated(WorkDemand, ""qto_boq"")}] ; client/src/App.tsx:364 [gated; path=""/work-program/:id/earthwork"" component={gated(EarthworkControl, ""qto_boq"")}] ; client/src/App.tsx:365 [gated; path=""/work-program/:id/execution-arrangements"" component={gated(ExecutionArrangements, ""qto_boq"")}] ; client/src/App.tsx:366 [gatedEither; path=""/work-program/:id/scope"" component={gatedEither(ScopeSetup, ""project_scope"", ""qto_boq"")}] ; client/src/App.tsx:367 [gated; path=""/work-program/:id/geometry"" component={gated(RoadGeometry, ""qto_boq"")}] ; client/src/App.tsx:368 [gated; path=""/work-program/:id/resource-review"" component={gated(ResourceReview, ""qto_boq"")}] ; client/src/App.tsx:369 [gated; path=""/work-program/:id/item-review"" component={gated(BoqItemReview, ""qto_boq"")}] ; client/src/App.tsx:370 [gated; path=""/norms"" component={gated(NormsLibrary, ""qto_boq"")}] ; client/src/components/HubShell.tsx:123 [sectionVisible; shared helper/component (see caller inventory)] ; client/src/components/HubShell.tsx:136 [sectionVisible; shared helper/component (see caller inventory)] ; client/src/components/HubShell.tsx:137 [sectionVisible; shared helper/component (see caller inventory)]","","HIDDEN","true","Not used for this section","Page/tile access ONLY through the seven-action visibility OR; no resolved action-specific operation. The action's name does not describe this effect.","Named action only grants visibility"
"qto_boq","QTO & BOQ Estimator","edit","Edit","tickable","client/src/App.tsx:358 [gated; path=""/work-program"" component={gated(BoqProjects, ""qto_boq"")}] ; client/src/App.tsx:359 [gated; path=""/work-program/planning-masters"" component={gated(PlanningMasters, ""qto_boq"")}] ; client/src/App.tsx:360 [gated; path=""/work-program/:id"" component={gated(BoqProjectDetail, ""qto_boq"")}] ; client/src/App.tsx:361 [gated; path=""/work-program/:id/settings"" component={gated(BoqProgramSettings, ""qto_boq"")}] ; client/src/App.tsx:362 [gated; path=""/work-program/:id/programme"" component={gated(WorkProgramme, ""qto_boq"")}] ; client/src/App.tsx:363 [gated; path=""/work-program/:id/demand"" component={gated(WorkDemand, ""qto_boq"")}] ; client/src/App.tsx:364 [gated; path=""/work-program/:id/earthwork"" component={gated(EarthworkControl, ""qto_boq"")}] ; client/src/App.tsx:365 [gated; path=""/work-program/:id/execution-arrangements"" component={gated(ExecutionArrangements, ""qto_boq"")}] ; client/src/App.tsx:366 [gatedEither; path=""/work-program/:id/scope"" component={gatedEither(ScopeSetup, ""project_scope"", ""qto_boq"")}] ; client/src/App.tsx:367 [gated; path=""/work-program/:id/geometry"" component={gated(RoadGeometry, ""qto_boq"")}] ; client/src/App.tsx:368 [gated; path=""/work-program/:id/resource-review"" component={gated(ResourceReview, ""qto_boq"")}] ; client/src/App.tsx:369 [gated; path=""/work-program/:id/item-review"" component={gated(BoqItemReview, ""qto_boq"")}] ; client/src/App.tsx:370 [gated; path=""/norms"" component={gated(NormsLibrary, ""qto_boq"")}] ; client/src/components/HubShell.tsx:123 [sectionVisible; shared helper/component (see caller inventory)] ; client/src/components/HubShell.tsx:136 [sectionVisible; shared helper/component (see caller inventory)] ; client/src/components/HubShell.tsx:137 [sectionVisible; shared helper/component (see caller inventory)] ; client/src/pages/ExecutionArrangements.tsx:113 [sectionCan; shared helper/component (see caller inventory)]","server/routes.ts:14813 [assertEdit; PATCH ""/api/boq/projects/:id""] ; server/routes.ts:14892 [assertEdit; PUT ""/api/boq/projects/:id/road-geometry""] ; server/routes.ts:14965 [assertEdit; PUT ""/api/boq/projects/:id/program-settings""] ; server/routes.ts:15306 [assertEdit; POST ""/api/boq/projects/:id/mix-links""] ; server/routes.ts:15318 [assertEdit; PUT ""/api/boq/projects/:id/mix-links""] ; server/routes.ts:15332 [assertEdit; DELETE ""/api/boq/projects/:id/mix-links/:linkId""] ; server/routes.ts:15343 [assertEdit; POST ""/api/boq/projects/:id/duplicate""] ; server/routes.ts:15464 [assertEdit; PATCH ""/api/boq/items/:id""] ; server/routes.ts:15488 [assertEdit; POST ""/api/boq/projects/:id/auto-map-all""] ; server/routes.ts:15531 [assertEdit; PATCH ""/api/boq/items/:id/work-type""] ; server/routes.ts:15547 [assertEdit; PATCH ""/api/boq/items/:id/planning-include""] ; server/routes.ts:15561 [assertEdit; PATCH ""/api/boq/projects/:id/planning-include-bulk""] ; server/routes.ts:15673 [assertEdit; POST ""/api/boq/projects/:id/programme/publish-baseline""] ; server/routes.ts:15879 [assertEdit; POST ""/api/boq/programme/bars/:id/revision-preview""] ; server/routes.ts:15890 [assertEdit; POST ""/api/boq/programme/bars/:id/revise-schedule""] ; server/routes.ts:16139 [assertEdit; POST ""/api/boq/projects/:id/programme""] ; server/routes.ts:16174 [assertEdit; POST ""/api/boq/projects/:id/programme/bulk""] ; server/routes.ts:16197 [assertEdit; PATCH ""/api/boq/programme/bars/:id""] ; server/routes.ts:18471 [assertEdit; shared helper/component (see caller inventory)] ; server/routes.ts:18556 [assertEdit; POST ""/api/boq/projects/:id/earthwork-arrangements""] ; server/routes.ts:19046 [assertEdit; PATCH ""/api/earthwork-arrangements/:id""] ; server/routes.ts:19653 [assertEdit; DELETE ""/api/earthwork-arrangements/:id""] ; server/routes.ts:19813 [assertEdit; POST ""/api/earthwork-arrangements/:id/programme-allocations""] ; server/routes.ts:19838 [assertEdit; PATCH ""/api/earthwork-arrangements/:id/programme-allocations/:allocId""] ; server/routes.ts:19863 [assertEdit; DELETE ""/api/earthwork-arrangements/:id/programme-allocations/:allocId""] ; server/routes.ts:19917 [assertEdit; POST ""/api/boq/projects/:id/earthwork-baselines""] ; server/routes.ts:19958 [assertEdit; POST ""/api/boq/projects/:id/earthwork-forecasts""] ; server/routes.ts:19996 [assertEdit; PATCH ""/api/earthwork-forecasts/:id""] ; server/routes.ts:20023 [assertEdit; PATCH ""/api/boq/items/:itemId/shoulder-class""] ; server/routes.ts:20061 [assertEdit; PATCH ""/api/boq/items/:itemId/bulk-classification""] ; server/routes.ts:20415 [assertEdit; POST ""/api/boq/projects/:id/auto-sequence""] ; server/routes.ts:21141 [assertEdit; POST ""/api/boq/projects/:id/parse-structure-schedule""] ; server/routes.ts:21644 [assertEdit; POST ""/api/boq/projects/:id/auto-sequence-structures""] ; server/routes.ts:21673 [assertEdit; POST ""/api/boq/projects/:id/import-structure""] ; server/routes.ts:21984 [assertEdit; POST ""/api/boq/projects/:id/programme/restore""] ; server/routes.ts:22008 [assertEdit; POST ""/api/boq/projects/:id/auto-build-recipes""] ; server/routes.ts:22150 [assertEdit; POST ""/api/planning/equipment-types""] ; server/routes.ts:22160 [assertEdit; PATCH ""/api/planning/equipment-types/:id""] ; server/routes.ts:22191 [assertEdit; POST ""/api/planning/labour-types""] ; server/routes.ts:22201 [assertEdit; PATCH ""/api/planning/labour-types/:id""]","LIVE","true","No normal active-cell tooltip; when grant restricted: ""You cannot change this grant"". Notify header when disabled: ""Push notifications are disabled for this user"".","Read by gated, gatedEither, sectionVisible, sectionCan, assertEdit. May also authorize delete/cancel via edit-tier gates; see evidence.",""
"qto_boq","QTO & BOQ Estimator","delete","Delete","grey","client/src/App.tsx:358 [gated; path=""/work-program"" component={gated(BoqProjects, ""qto_boq"")}] ; client/src/App.tsx:359 [gated; path=""/work-program/planning-masters"" component={gated(PlanningMasters, ""qto_boq"")}] ; client/src/App.tsx:360 [gated; path=""/work-program/:id"" component={gated(BoqProjectDetail, ""qto_boq"")}] ; client/src/App.tsx:361 [gated; path=""/work-program/:id/settings"" component={gated(BoqProgramSettings, ""qto_boq"")}] ; client/src/App.tsx:362 [gated; path=""/work-program/:id/programme"" component={gated(WorkProgramme, ""qto_boq"")}] ; client/src/App.tsx:363 [gated; path=""/work-program/:id/demand"" component={gated(WorkDemand, ""qto_boq"")}] ; client/src/App.tsx:364 [gated; path=""/work-program/:id/earthwork"" component={gated(EarthworkControl, ""qto_boq"")}] ; client/src/App.tsx:365 [gated; path=""/work-program/:id/execution-arrangements"" component={gated(ExecutionArrangements, ""qto_boq"")}] ; client/src/App.tsx:366 [gatedEither; path=""/work-program/:id/scope"" component={gatedEither(ScopeSetup, ""project_scope"", ""qto_boq"")}] ; client/src/App.tsx:367 [gated; path=""/work-program/:id/geometry"" component={gated(RoadGeometry, ""qto_boq"")}] ; client/src/App.tsx:368 [gated; path=""/work-program/:id/resource-review"" component={gated(ResourceReview, ""qto_boq"")}] ; client/src/App.tsx:369 [gated; path=""/work-program/:id/item-review"" component={gated(BoqItemReview, ""qto_boq"")}] ; client/src/App.tsx:370 [gated; path=""/norms"" component={gated(NormsLibrary, ""qto_boq"")}] ; client/src/components/HubShell.tsx:123 [sectionVisible; shared helper/component (see caller inventory)] ; client/src/components/HubShell.tsx:136 [sectionVisible; shared helper/component (see caller inventory)] ; client/src/components/HubShell.tsx:137 [sectionVisible; shared helper/component (see caller inventory)]","","HIDDEN","true","Not used for this section","Page/tile access ONLY through the seven-action visibility OR; no resolved action-specific operation. The action's name does not describe this effect.","Named action only grants visibility"
"qto_boq","QTO & BOQ Estimator","view_reports","Reports","grey","client/src/App.tsx:358 [gated; path=""/work-program"" component={gated(BoqProjects, ""qto_boq"")}] ; client/src/App.tsx:359 [gated; path=""/work-program/planning-masters"" component={gated(PlanningMasters, ""qto_boq"")}] ; client/src/App.tsx:360 [gated; path=""/work-program/:id"" component={gated(BoqProjectDetail, ""qto_boq"")}] ; client/src/App.tsx:361 [gated; path=""/work-program/:id/settings"" component={gated(BoqProgramSettings, ""qto_boq"")}] ; client/src/App.tsx:362 [gated; path=""/work-program/:id/programme"" component={gated(WorkProgramme, ""qto_boq"")}] ; client/src/App.tsx:363 [gated; path=""/work-program/:id/demand"" component={gated(WorkDemand, ""qto_boq"")}] ; client/src/App.tsx:364 [gated; path=""/work-program/:id/earthwork"" component={gated(EarthworkControl, ""qto_boq"")}] ; client/src/App.tsx:365 [gated; path=""/work-program/:id/execution-arrangements"" component={gated(ExecutionArrangements, ""qto_boq"")}] ; client/src/App.tsx:366 [gatedEither; path=""/work-program/:id/scope"" component={gatedEither(ScopeSetup, ""project_scope"", ""qto_boq"")}] ; client/src/App.tsx:367 [gated; path=""/work-program/:id/geometry"" component={gated(RoadGeometry, ""qto_boq"")}] ; client/src/App.tsx:368 [gated; path=""/work-program/:id/resource-review"" component={gated(ResourceReview, ""qto_boq"")}] ; client/src/App.tsx:369 [gated; path=""/work-program/:id/item-review"" component={gated(BoqItemReview, ""qto_boq"")}] ; client/src/App.tsx:370 [gated; path=""/norms"" component={gated(NormsLibrary, ""qto_boq"")}] ; client/src/components/HubShell.tsx:123 [sectionVisible; shared helper/component (see caller inventory)] ; client/src/components/HubShell.tsx:136 [sectionVisible; shared helper/component (see caller inventory)] ; client/src/components/HubShell.tsx:137 [sectionVisible; shared helper/component (see caller inventory)]","","HIDDEN","true","Not used for this section","Page/tile access ONLY through the seven-action visibility OR; no resolved action-specific operation. The action's name does not describe this effect.","Named action only grants visibility"
"qto_boq","QTO & BOQ Estimator","export","Export","grey","client/src/App.tsx:358 [gated; path=""/work-program"" component={gated(BoqProjects, ""qto_boq"")}] ; client/src/App.tsx:359 [gated; path=""/work-program/planning-masters"" component={gated(PlanningMasters, ""qto_boq"")}] ; client/src/App.tsx:360 [gated; path=""/work-program/:id"" component={gated(BoqProjectDetail, ""qto_boq"")}] ; client/src/App.tsx:361 [gated; path=""/work-program/:id/settings"" component={gated(BoqProgramSettings, ""qto_boq"")}] ; client/src/App.tsx:362 [gated; path=""/work-program/:id/programme"" component={gated(WorkProgramme, ""qto_boq"")}] ; client/src/App.tsx:363 [gated; path=""/work-program/:id/demand"" component={gated(WorkDemand, ""qto_boq"")}] ; client/src/App.tsx:364 [gated; path=""/work-program/:id/earthwork"" component={gated(EarthworkControl, ""qto_boq"")}] ; client/src/App.tsx:365 [gated; path=""/work-program/:id/execution-arrangements"" component={gated(ExecutionArrangements, ""qto_boq"")}] ; client/src/App.tsx:366 [gatedEither; path=""/work-program/:id/scope"" component={gatedEither(ScopeSetup, ""project_scope"", ""qto_boq"")}] ; client/src/App.tsx:367 [gated; path=""/work-program/:id/geometry"" component={gated(RoadGeometry, ""qto_boq"")}] ; client/src/App.tsx:368 [gated; path=""/work-program/:id/resource-review"" component={gated(ResourceReview, ""qto_boq"")}] ; client/src/App.tsx:369 [gated; path=""/work-program/:id/item-review"" component={gated(BoqItemReview, ""qto_boq"")}] ; client/src/App.tsx:370 [gated; path=""/norms"" component={gated(NormsLibrary, ""qto_boq"")}] ; client/src/components/HubShell.tsx:123 [sectionVisible; shared helper/component (see caller inventory)] ; client/src/components/HubShell.tsx:136 [sectionVisible; shared helper/component (see caller inventory)] ; client/src/components/HubShell.tsx:137 [sectionVisible; shared helper/component (see caller inventory)]","","HIDDEN","true","Not used for this section","Page/tile access ONLY through the seven-action visibility OR; no resolved action-specific operation. The action's name does not describe this effect.","Named action only grants visibility"
"qto_boq","QTO & BOQ Estimator","approve","Approve","tickable","client/src/App.tsx:358 [gated; path=""/work-program"" component={gated(BoqProjects, ""qto_boq"")}] ; client/src/App.tsx:359 [gated; path=""/work-program/planning-masters"" component={gated(PlanningMasters, ""qto_boq"")}] ; client/src/App.tsx:360 [gated; path=""/work-program/:id"" component={gated(BoqProjectDetail, ""qto_boq"")}] ; client/src/App.tsx:361 [gated; path=""/work-program/:id/settings"" component={gated(BoqProgramSettings, ""qto_boq"")}] ; client/src/App.tsx:362 [gated; path=""/work-program/:id/programme"" component={gated(WorkProgramme, ""qto_boq"")}] ; client/src/App.tsx:363 [gated; path=""/work-program/:id/demand"" component={gated(WorkDemand, ""qto_boq"")}] ; client/src/App.tsx:364 [gated; path=""/work-program/:id/earthwork"" component={gated(EarthworkControl, ""qto_boq"")}] ; client/src/App.tsx:365 [gated; path=""/work-program/:id/execution-arrangements"" component={gated(ExecutionArrangements, ""qto_boq"")}] ; client/src/App.tsx:366 [gatedEither; path=""/work-program/:id/scope"" component={gatedEither(ScopeSetup, ""project_scope"", ""qto_boq"")}] ; client/src/App.tsx:367 [gated; path=""/work-program/:id/geometry"" component={gated(RoadGeometry, ""qto_boq"")}] ; client/src/App.tsx:368 [gated; path=""/work-program/:id/resource-review"" component={gated(ResourceReview, ""qto_boq"")}] ; client/src/App.tsx:369 [gated; path=""/work-program/:id/item-review"" component={gated(BoqItemReview, ""qto_boq"")}] ; client/src/App.tsx:370 [gated; path=""/norms"" component={gated(NormsLibrary, ""qto_boq"")}] ; client/src/components/HubShell.tsx:123 [sectionVisible; shared helper/component (see caller inventory)] ; client/src/components/HubShell.tsx:136 [sectionVisible; shared helper/component (see caller inventory)] ; client/src/components/HubShell.tsx:137 [sectionVisible; shared helper/component (see caller inventory)]","server/routes.ts:19314 [assertApprove; PATCH ""/api/earthwork-arrangements/:id""] ; server/routes.ts:19398 [assertApprove; PATCH ""/api/earthwork-arrangements/:id""]","LIVE","true","No normal active-cell tooltip; when grant restricted: ""You cannot change this grant"". Notify header when disabled: ""Push notifications are disabled for this user"".","Read by gated, gatedEither, sectionVisible, assertApprove. ","Check route verbs: approval can mean verify/issue/reject/close/reopen"
"qto_boq","QTO & BOQ Estimator","notify","Notify","grey","","","CORRECTLY-OFF","true","Not used for this section","No resolved feature reader.","Tick has no resolved feature effect"
"project_scope","Project Scope & Working Reaches","view","View","tickable","client/src/App.tsx:366 [gatedEither; path=""/work-program/:id/scope"" component={gatedEither(ScopeSetup, ""project_scope"", ""qto_boq"")}]","server/routes.ts:14986 [direct matrix read; shared helper/component (see caller inventory)] ; server/routes.ts:14992 [canViewScope -> server/routes.ts:14981; GET ""/api/boq/projects/:id/scope-segments""] ; server/routes.ts:15238 [canViewScope -> server/routes.ts:14981; GET ""/api/boq/projects/:id/scope-reconciliation""]","LIVE","true","No normal active-cell tooltip; when grant restricted: ""You cannot change this grant"". Notify header when disabled: ""Push notifications are disabled for this user"".","Read by gatedEither, direct matrix read, canViewScope -> server/routes.ts:14981. ","Not exclusive: six other actions also grant visibility"
"project_scope","Project Scope & Working Reaches","create","Create","grey","client/src/App.tsx:366 [gatedEither; path=""/work-program/:id/scope"" component={gatedEither(ScopeSetup, ""project_scope"", ""qto_boq"")}]","","HIDDEN","true","Not used for this section","Page/tile access ONLY through the seven-action visibility OR; no resolved action-specific operation. The action's name does not describe this effect.","Named action only grants visibility"
"project_scope","Project Scope & Working Reaches","edit","Edit","tickable","client/src/App.tsx:366 [gatedEither; path=""/work-program/:id/scope"" component={gatedEither(ScopeSetup, ""project_scope"", ""qto_boq"")}]","server/routes.ts:15080 [assertEdit; POST ""/api/boq/projects/:id/scope-segments""] ; server/routes.ts:15098 [assertEdit; PATCH ""/api/boq/scope-segments/:segId""] ; server/routes.ts:15214 [assertEdit; DELETE ""/api/boq/scope-segments/:segId""] ; server/routes.ts:15267 [assertEdit; PATCH ""/api/boq/projects/:id/corridor""]","LIVE","true","No normal active-cell tooltip; when grant restricted: ""You cannot change this grant"". Notify header when disabled: ""Push notifications are disabled for this user"".","Read by gatedEither, assertEdit. May also authorize delete/cancel via edit-tier gates; see evidence.",""
"project_scope","Project Scope & Working Reaches","delete","Delete","grey","client/src/App.tsx:366 [gatedEither; path=""/work-program/:id/scope"" component={gatedEither(ScopeSetup, ""project_scope"", ""qto_boq"")}]","","HIDDEN","true","Not used for this section","Page/tile access ONLY through the seven-action visibility OR; no resolved action-specific operation. The action's name does not describe this effect.","Named action only grants visibility"
"project_scope","Project Scope & Working Reaches","view_reports","Reports","grey","client/src/App.tsx:366 [gatedEither; path=""/work-program/:id/scope"" component={gatedEither(ScopeSetup, ""project_scope"", ""qto_boq"")}]","","HIDDEN","true","Not used for this section","Page/tile access ONLY through the seven-action visibility OR; no resolved action-specific operation. The action's name does not describe this effect.","Named action only grants visibility"
"project_scope","Project Scope & Working Reaches","export","Export","grey","client/src/App.tsx:366 [gatedEither; path=""/work-program/:id/scope"" component={gatedEither(ScopeSetup, ""project_scope"", ""qto_boq"")}]","","HIDDEN","true","Not used for this section","Page/tile access ONLY through the seven-action visibility OR; no resolved action-specific operation. The action's name does not describe this effect.","Named action only grants visibility"
"project_scope","Project Scope & Working Reaches","approve","Approve","tickable","client/src/App.tsx:366 [gatedEither; path=""/work-program/:id/scope"" component={gatedEither(ScopeSetup, ""project_scope"", ""qto_boq"")}]","server/routes.ts:2089 [direct matrix read; shared helper/component (see caller inventory)] ; server/routes.ts:15182 [assertApprove; POST ""/api/boq/scope-segments/:segId/confirm""]","LIVE","true","No normal active-cell tooltip; when grant restricted: ""You cannot change this grant"". Notify header when disabled: ""Push notifications are disabled for this user"".","Read by gatedEither, direct matrix read, assertApprove. ","Check route verbs: approval can mean verify/issue/reject/close/reopen"
"project_scope","Project Scope & Working Reaches","notify","Notify","grey","","","CORRECTLY-OFF","true","Not used for this section","No resolved feature reader.","Tick has no resolved feature effect"
"rate_cards","Rate Cards — View & Edit","view","View","tickable","client/src/App.tsx:347 [gatedEither; path=""/plant/rate-cards"" component={gatedEither(RateCards, ""rate_cards"", ""vendor_masters_manage"", ""admin_settings"")}] ; client/src/components/HubShell.tsx:124 [sectionVisible; shared helper/component (see caller inventory)] ; client/src/pages/VendorBills.tsx:3471 [sectionVisible; shared helper/component (see caller inventory)]","","LIVE","true","No normal active-cell tooltip; when grant restricted: ""You cannot change this grant"". Notify header when disabled: ""Push notifications are disabled for this user"".","Page/tile access ONLY through the seven-action visibility OR; no resolved action-specific operation. The action's name does not describe this effect.","Not exclusive: six other actions also grant visibility"
"rate_cards","Rate Cards — View & Edit","create","Create","grey","client/src/App.tsx:347 [gatedEither; path=""/plant/rate-cards"" component={gatedEither(RateCards, ""rate_cards"", ""vendor_masters_manage"", ""admin_settings"")}] ; client/src/components/HubShell.tsx:124 [sectionVisible; shared helper/component (see caller inventory)] ; client/src/pages/VendorBills.tsx:3471 [sectionVisible; shared helper/component (see caller inventory)]","","HIDDEN","true","Not used for this section","Page/tile access ONLY through the seven-action visibility OR; no resolved action-specific operation. The action's name does not describe this effect.","Named action only grants visibility"
"rate_cards","Rate Cards — View & Edit","edit","Edit","grey","client/src/App.tsx:347 [gatedEither; path=""/plant/rate-cards"" component={gatedEither(RateCards, ""rate_cards"", ""vendor_masters_manage"", ""admin_settings"")}] ; client/src/components/HubShell.tsx:124 [sectionVisible; shared helper/component (see caller inventory)] ; client/src/pages/VendorBills.tsx:3471 [sectionVisible; shared helper/component (see caller inventory)]","","HIDDEN","true","Not used for this section","Page/tile access ONLY through the seven-action visibility OR; no resolved action-specific operation. The action's name does not describe this effect.","Named action only grants visibility"
"rate_cards","Rate Cards — View & Edit","delete","Delete","grey","client/src/App.tsx:347 [gatedEither; path=""/plant/rate-cards"" component={gatedEither(RateCards, ""rate_cards"", ""vendor_masters_manage"", ""admin_settings"")}] ; client/src/components/HubShell.tsx:124 [sectionVisible; shared helper/component (see caller inventory)] ; client/src/pages/VendorBills.tsx:3471 [sectionVisible; shared helper/component (see caller inventory)]","","HIDDEN","true","Not used for this section","Page/tile access ONLY through the seven-action visibility OR; no resolved action-specific operation. The action's name does not describe this effect.","Named action only grants visibility"
"rate_cards","Rate Cards — View & Edit","view_reports","Reports","grey","client/src/App.tsx:347 [gatedEither; path=""/plant/rate-cards"" component={gatedEither(RateCards, ""rate_cards"", ""vendor_masters_manage"", ""admin_settings"")}] ; client/src/components/HubShell.tsx:124 [sectionVisible; shared helper/component (see caller inventory)] ; client/src/pages/VendorBills.tsx:3471 [sectionVisible; shared helper/component (see caller inventory)]","","HIDDEN","true","Not used for this section","Page/tile access ONLY through the seven-action visibility OR; no resolved action-specific operation. The action's name does not describe this effect.","Named action only grants visibility"
"rate_cards","Rate Cards — View & Edit","export","Export","grey","client/src/App.tsx:347 [gatedEither; path=""/plant/rate-cards"" component={gatedEither(RateCards, ""rate_cards"", ""vendor_masters_manage"", ""admin_settings"")}] ; client/src/components/HubShell.tsx:124 [sectionVisible; shared helper/component (see caller inventory)] ; client/src/pages/VendorBills.tsx:3471 [sectionVisible; shared helper/component (see caller inventory)]","","HIDDEN","true","Not used for this section","Page/tile access ONLY through the seven-action visibility OR; no resolved action-specific operation. The action's name does not describe this effect.","Named action only grants visibility"
"rate_cards","Rate Cards — View & Edit","approve","Approve","grey","client/src/App.tsx:347 [gatedEither; path=""/plant/rate-cards"" component={gatedEither(RateCards, ""rate_cards"", ""vendor_masters_manage"", ""admin_settings"")}] ; client/src/components/HubShell.tsx:124 [sectionVisible; shared helper/component (see caller inventory)] ; client/src/pages/VendorBills.tsx:3471 [sectionVisible; shared helper/component (see caller inventory)]","","HIDDEN","true","Not used for this section","Page/tile access ONLY through the seven-action visibility OR; no resolved action-specific operation. The action's name does not describe this effect.","Named action only grants visibility"
"rate_cards","Rate Cards — View & Edit","notify","Notify","grey","","","CORRECTLY-OFF","true","Not used for this section","No resolved feature reader.","Tick has no resolved feature effect"
"master_parties","Party / Job Master","view","View","tickable","client/src/App.tsx:394 [gated; path=""/masters/vendors"" component={gated(VendorMaster, ""master_parties"")}] ; client/src/App.tsx:395 [gatedEither; path=""/masters/section/:section"" component={gatedEither(PlantMasters, ""master_parties"", ""master_materials"", ""master_equipment"", ""master_personnel"", ""sites_plants_manage"", ""admin_settings"")}] ; client/src/components/HubShell.tsx:144 [sectionVisible; shared helper/component (see caller inventory)] ; client/src/pages/AdminMastersHub.tsx:34 [sectionVisible; HubActionTile navigation: href=""/masters/section/parties""] ; client/src/pages/AdminMastersHub.tsx:43 [sectionVisible; HubActionTile navigation: href=""/masters/section/sites""] ; client/src/pages/AdminMastersHub.tsx:52 [sectionVisible; HubActionTile navigation: href=""/masters/vendors""] ; client/src/pages/Plant.tsx:194 [sectionVisible; shared helper/component (see caller inventory)] ; client/src/pages/Plant.tsx:2138 [sectionVisible; shared helper/component (see caller inventory)] ; client/src/pages/Plant.tsx:2139 [sectionVisible; shared helper/component (see caller inventory)] ; client/src/pages/PlantMasters.tsx:103 [sectionVisible; shared helper/component (see caller inventory)]","server/vendor-master.ts:72 [assertView; shared helper/component (see caller inventory)]","LIVE","true","No normal active-cell tooltip; when grant restricted: ""You cannot change this grant"". Notify header when disabled: ""Push notifications are disabled for this user"".","Read by gated, gatedEither, sectionVisible, assertView. ","Not exclusive: six other actions also grant visibility"
"master_parties","Party / Job Master","create","Create","tickable","client/src/App.tsx:394 [gated; path=""/masters/vendors"" component={gated(VendorMaster, ""master_parties"")}] ; client/src/App.tsx:395 [gatedEither; path=""/masters/section/:section"" component={gatedEither(PlantMasters, ""master_parties"", ""master_materials"", ""master_equipment"", ""master_personnel"", ""sites_plants_manage"", ""admin_settings"")}] ; client/src/components/HubShell.tsx:144 [sectionVisible; shared helper/component (see caller inventory)] ; client/src/pages/AdminMastersHub.tsx:34 [sectionVisible; HubActionTile navigation: href=""/masters/section/parties""] ; client/src/pages/AdminMastersHub.tsx:43 [sectionVisible; HubActionTile navigation: href=""/masters/section/sites""] ; client/src/pages/AdminMastersHub.tsx:52 [sectionVisible; HubActionTile navigation: href=""/masters/vendors""] ; client/src/pages/Plant.tsx:194 [sectionVisible; shared helper/component (see caller inventory)] ; client/src/pages/Plant.tsx:2138 [sectionVisible; shared helper/component (see caller inventory)] ; client/src/pages/Plant.tsx:2139 [sectionVisible; shared helper/component (see caller inventory)] ; client/src/pages/Plant.tsx:2152 [sectionCan; shared helper/component (see caller inventory)] ; client/src/pages/Plant.tsx:2450 [sectionCan; shared helper/component (see caller inventory)] ; client/src/pages/PlantMasters.tsx:103 [sectionVisible; shared helper/component (see caller inventory)]","server/routes.ts:3895 [assertCreate; POST ""/api/plant-module/parties""]","LIVE","true","No normal active-cell tooltip; when grant restricted: ""You cannot change this grant"". Notify header when disabled: ""Push notifications are disabled for this user"".","Read by gated, gatedEither, sectionVisible, sectionCan, assertCreate. ",""
"master_parties","Party / Job Master","edit","Edit","tickable","client/src/App.tsx:394 [gated; path=""/masters/vendors"" component={gated(VendorMaster, ""master_parties"")}] ; client/src/App.tsx:395 [gatedEither; path=""/masters/section/:section"" component={gatedEither(PlantMasters, ""master_parties"", ""master_materials"", ""master_equipment"", ""master_personnel"", ""sites_plants_manage"", ""admin_settings"")}] ; client/src/components/HubShell.tsx:144 [sectionVisible; shared helper/component (see caller inventory)] ; client/src/pages/AdminMastersHub.tsx:34 [sectionVisible; HubActionTile navigation: href=""/masters/section/parties""] ; client/src/pages/AdminMastersHub.tsx:43 [sectionVisible; HubActionTile navigation: href=""/masters/section/sites""] ; client/src/pages/AdminMastersHub.tsx:52 [sectionVisible; HubActionTile navigation: href=""/masters/vendors""] ; client/src/pages/Plant.tsx:194 [sectionVisible; shared helper/component (see caller inventory)] ; client/src/pages/Plant.tsx:2138 [sectionVisible; shared helper/component (see caller inventory)] ; client/src/pages/Plant.tsx:2139 [sectionVisible; shared helper/component (see caller inventory)] ; client/src/pages/Plant.tsx:2151 [sectionCan; shared helper/component (see caller inventory)] ; client/src/pages/Plant.tsx:2449 [sectionCan; shared helper/component (see caller inventory)] ; client/src/pages/PlantMasters.tsx:103 [sectionVisible; shared helper/component (see caller inventory)]","server/routes.ts:3905 [assertEdit; PATCH ""/api/plant-module/parties/:id""]","LIVE","true","No normal active-cell tooltip; when grant restricted: ""You cannot change this grant"". Notify header when disabled: ""Push notifications are disabled for this user"".","Read by gated, gatedEither, sectionVisible, sectionCan, assertEdit. May also authorize delete/cancel via edit-tier gates; see evidence.",""
"master_parties","Party / Job Master","delete","Delete","grey","client/src/App.tsx:394 [gated; path=""/masters/vendors"" component={gated(VendorMaster, ""master_parties"")}] ; client/src/App.tsx:395 [gatedEither; path=""/masters/section/:section"" component={gatedEither(PlantMasters, ""master_parties"", ""master_materials"", ""master_equipment"", ""master_personnel"", ""sites_plants_manage"", ""admin_settings"")}] ; client/src/components/HubShell.tsx:144 [sectionVisible; shared helper/component (see caller inventory)] ; client/src/pages/AdminMastersHub.tsx:34 [sectionVisible; HubActionTile navigation: href=""/masters/section/parties""] ; client/src/pages/AdminMastersHub.tsx:43 [sectionVisible; HubActionTile navigation: href=""/masters/section/sites""] ; client/src/pages/AdminMastersHub.tsx:52 [sectionVisible; HubActionTile navigation: href=""/masters/vendors""] ; client/src/pages/Plant.tsx:194 [sectionVisible; shared helper/component (see caller inventory)] ; client/src/pages/Plant.tsx:2138 [sectionVisible; shared helper/component (see caller inventory)] ; client/src/pages/Plant.tsx:2139 [sectionVisible; shared helper/component (see caller inventory)] ; client/src/pages/PlantMasters.tsx:103 [sectionVisible; shared helper/component (see caller inventory)]","","HIDDEN","true","Not used for this section","Page/tile access ONLY through the seven-action visibility OR; no resolved action-specific operation. The action's name does not describe this effect.","Named action only grants visibility"
"master_parties","Party / Job Master","view_reports","Reports","tickable","client/src/App.tsx:394 [gated; path=""/masters/vendors"" component={gated(VendorMaster, ""master_parties"")}] ; client/src/App.tsx:395 [gatedEither; path=""/masters/section/:section"" component={gatedEither(PlantMasters, ""master_parties"", ""master_materials"", ""master_equipment"", ""master_personnel"", ""sites_plants_manage"", ""admin_settings"")}] ; client/src/components/HubShell.tsx:144 [sectionVisible; shared helper/component (see caller inventory)] ; client/src/pages/AdminMastersHub.tsx:34 [sectionVisible; HubActionTile navigation: href=""/masters/section/parties""] ; client/src/pages/AdminMastersHub.tsx:43 [sectionVisible; HubActionTile navigation: href=""/masters/section/sites""] ; client/src/pages/AdminMastersHub.tsx:52 [sectionVisible; HubActionTile navigation: href=""/masters/vendors""] ; client/src/pages/Plant.tsx:194 [sectionVisible; shared helper/component (see caller inventory)] ; client/src/pages/Plant.tsx:2138 [sectionVisible; shared helper/component (see caller inventory)] ; client/src/pages/Plant.tsx:2139 [sectionVisible; shared helper/component (see caller inventory)] ; client/src/pages/Plant.tsx:2452 [sectionCan; shared helper/component (see caller inventory)] ; client/src/pages/PlantMasters.tsx:103 [sectionVisible; shared helper/component (see caller inventory)]","","LIVE","true","No normal active-cell tooltip; when grant restricted: ""You cannot change this grant"". Notify header when disabled: ""Push notifications are disabled for this user"".","Read by gated, gatedEither, sectionVisible, sectionCan. Reports controls export affordances/endpoints, not just viewing.","Reports also controls exports"
"master_parties","Party / Job Master","export","Export","grey","client/src/App.tsx:394 [gated; path=""/masters/vendors"" component={gated(VendorMaster, ""master_parties"")}] ; client/src/App.tsx:395 [gatedEither; path=""/masters/section/:section"" component={gatedEither(PlantMasters, ""master_parties"", ""master_materials"", ""master_equipment"", ""master_personnel"", ""sites_plants_manage"", ""admin_settings"")}] ; client/src/components/HubShell.tsx:144 [sectionVisible; shared helper/component (see caller inventory)] ; client/src/pages/AdminMastersHub.tsx:34 [sectionVisible; HubActionTile navigation: href=""/masters/section/parties""] ; client/src/pages/AdminMastersHub.tsx:43 [sectionVisible; HubActionTile navigation: href=""/masters/section/sites""] ; client/src/pages/AdminMastersHub.tsx:52 [sectionVisible; HubActionTile navigation: href=""/masters/vendors""] ; client/src/pages/Plant.tsx:194 [sectionVisible; shared helper/component (see caller inventory)] ; client/src/pages/Plant.tsx:2138 [sectionVisible; shared helper/component (see caller inventory)] ; client/src/pages/Plant.tsx:2139 [sectionVisible; shared helper/component (see caller inventory)] ; client/src/pages/PlantMasters.tsx:103 [sectionVisible; shared helper/component (see caller inventory)]","","HIDDEN","true","Not used for this section","Page/tile access ONLY through the seven-action visibility OR; no resolved action-specific operation. The action's name does not describe this effect.","Named action only grants visibility"
"master_parties","Party / Job Master","approve","Approve","grey","client/src/App.tsx:394 [gated; path=""/masters/vendors"" component={gated(VendorMaster, ""master_parties"")}] ; client/src/App.tsx:395 [gatedEither; path=""/masters/section/:section"" component={gatedEither(PlantMasters, ""master_parties"", ""master_materials"", ""master_equipment"", ""master_personnel"", ""sites_plants_manage"", ""admin_settings"")}] ; client/src/components/HubShell.tsx:144 [sectionVisible; shared helper/component (see caller inventory)] ; client/src/pages/AdminMastersHub.tsx:34 [sectionVisible; HubActionTile navigation: href=""/masters/section/parties""] ; client/src/pages/AdminMastersHub.tsx:43 [sectionVisible; HubActionTile navigation: href=""/masters/section/sites""] ; client/src/pages/AdminMastersHub.tsx:52 [sectionVisible; HubActionTile navigation: href=""/masters/vendors""] ; client/src/pages/Plant.tsx:194 [sectionVisible; shared helper/component (see caller inventory)] ; client/src/pages/Plant.tsx:2138 [sectionVisible; shared helper/component (see caller inventory)] ; client/src/pages/Plant.tsx:2139 [sectionVisible; shared helper/component (see caller inventory)] ; client/src/pages/PlantMasters.tsx:103 [sectionVisible; shared helper/component (see caller inventory)]","","HIDDEN","true","Not used for this section","Page/tile access ONLY through the seven-action visibility OR; no resolved action-specific operation. The action's name does not describe this effect.","Named action only grants visibility"
"master_parties","Party / Job Master","notify","Notify","grey","","","CORRECTLY-OFF","true","Not used for this section","No resolved feature reader.","Tick has no resolved feature effect"
"master_materials","Materials, Mix Types & Templates","view","View","tickable","client/src/App.tsx:395 [gatedEither; path=""/masters/section/:section"" component={gatedEither(PlantMasters, ""master_parties"", ""master_materials"", ""master_equipment"", ""master_personnel"", ""sites_plants_manage"", ""admin_settings"")}] ; client/src/components/HubShell.tsx:144 [sectionVisible; shared helper/component (see caller inventory)] ; client/src/pages/AdminMastersHub.tsx:69 [sectionVisible; HubActionTile navigation: href=""/masters/section/materials""] ; client/src/pages/AdminMastersHub.tsx:78 [sectionVisible; HubActionTile navigation: href=""/masters/section/mix-templates""] ; client/src/pages/Plant.tsx:195 [sectionVisible; shared helper/component (see caller inventory)] ; client/src/pages/Plant.tsx:2140 [sectionVisible; shared helper/component (see caller inventory)] ; client/src/pages/Plant.tsx:2141 [sectionVisible; shared helper/component (see caller inventory)] ; client/src/pages/PlantMasters.tsx:103 [sectionVisible; shared helper/component (see caller inventory)]","","LIVE","true","No normal active-cell tooltip; when grant restricted: ""You cannot change this grant"". Notify header when disabled: ""Push notifications are disabled for this user"".","Page/tile access ONLY through the seven-action visibility OR; no resolved action-specific operation. The action's name does not describe this effect.","Not exclusive: six other actions also grant visibility"
"master_materials","Materials, Mix Types & Templates","create","Create","tickable","client/src/App.tsx:395 [gatedEither; path=""/masters/section/:section"" component={gatedEither(PlantMasters, ""master_parties"", ""master_materials"", ""master_equipment"", ""master_personnel"", ""sites_plants_manage"", ""admin_settings"")}] ; client/src/components/HubShell.tsx:144 [sectionVisible; shared helper/component (see caller inventory)] ; client/src/pages/AdminMastersHub.tsx:69 [sectionVisible; HubActionTile navigation: href=""/masters/section/materials""] ; client/src/pages/AdminMastersHub.tsx:78 [sectionVisible; HubActionTile navigation: href=""/masters/section/mix-templates""] ; client/src/pages/Plant.tsx:195 [sectionVisible; shared helper/component (see caller inventory)] ; client/src/pages/Plant.tsx:2140 [sectionVisible; shared helper/component (see caller inventory)] ; client/src/pages/Plant.tsx:2141 [sectionVisible; shared helper/component (see caller inventory)] ; client/src/pages/Plant.tsx:2647 [sectionCan; shared helper/component (see caller inventory)] ; client/src/pages/Plant.tsx:3376 [sectionCan; shared helper/component (see caller inventory)] ; client/src/pages/PlantMasters.tsx:103 [sectionVisible; shared helper/component (see caller inventory)]","server/routes.ts:3937 [assertCreate; POST ""/api/plant-module/materials""] ; server/routes.ts:4045 [assertCreate; POST ""/api/plant-module/mix-types""] ; server/routes.ts:4123 [assertCreate; POST ""/api/plant-module/mix-templates""]","LIVE","true","No normal active-cell tooltip; when grant restricted: ""You cannot change this grant"". Notify header when disabled: ""Push notifications are disabled for this user"".","Read by gatedEither, sectionVisible, sectionCan, assertCreate. ",""
"master_materials","Materials, Mix Types & Templates","edit","Edit","tickable","client/src/App.tsx:395 [gatedEither; path=""/masters/section/:section"" component={gatedEither(PlantMasters, ""master_parties"", ""master_materials"", ""master_equipment"", ""master_personnel"", ""sites_plants_manage"", ""admin_settings"")}] ; client/src/components/HubShell.tsx:144 [sectionVisible; shared helper/component (see caller inventory)] ; client/src/pages/AdminMastersHub.tsx:69 [sectionVisible; HubActionTile navigation: href=""/masters/section/materials""] ; client/src/pages/AdminMastersHub.tsx:78 [sectionVisible; HubActionTile navigation: href=""/masters/section/mix-templates""] ; client/src/pages/Plant.tsx:195 [sectionVisible; shared helper/component (see caller inventory)] ; client/src/pages/Plant.tsx:2140 [sectionVisible; shared helper/component (see caller inventory)] ; client/src/pages/Plant.tsx:2141 [sectionVisible; shared helper/component (see caller inventory)] ; client/src/pages/Plant.tsx:2646 [sectionCan; shared helper/component (see caller inventory)] ; client/src/pages/Plant.tsx:3375 [sectionCan; shared helper/component (see caller inventory)] ; client/src/pages/PlantMasters.tsx:103 [sectionVisible; shared helper/component (see caller inventory)]","server/routes.ts:3947 [assertEdit; PATCH ""/api/plant-module/materials/:id""] ; server/routes.ts:3982 [assertEdit; POST ""/api/plant-materials/:id/uom-conversions""] ; server/routes.ts:4011 [assertEdit; PATCH ""/api/plant-materials/:id/uom-conversions/:convId""] ; server/routes.ts:4055 [assertEdit; PATCH ""/api/plant-module/mix-types/:id""] ; server/routes.ts:4136 [assertEdit; PATCH ""/api/plant-module/mix-templates/:id""]","LIVE","true","No normal active-cell tooltip; when grant restricted: ""You cannot change this grant"". Notify header when disabled: ""Push notifications are disabled for this user"".","Read by gatedEither, sectionVisible, sectionCan, assertEdit. May also authorize delete/cancel via edit-tier gates; see evidence.",""
"master_materials","Materials, Mix Types & Templates","delete","Delete","grey","client/src/App.tsx:395 [gatedEither; path=""/masters/section/:section"" component={gatedEither(PlantMasters, ""master_parties"", ""master_materials"", ""master_equipment"", ""master_personnel"", ""sites_plants_manage"", ""admin_settings"")}] ; client/src/components/HubShell.tsx:144 [sectionVisible; shared helper/component (see caller inventory)] ; client/src/pages/AdminMastersHub.tsx:69 [sectionVisible; HubActionTile navigation: href=""/masters/section/materials""] ; client/src/pages/AdminMastersHub.tsx:78 [sectionVisible; HubActionTile navigation: href=""/masters/section/mix-templates""] ; client/src/pages/Plant.tsx:195 [sectionVisible; shared helper/component (see caller inventory)] ; client/src/pages/Plant.tsx:2140 [sectionVisible; shared helper/component (see caller inventory)] ; client/src/pages/Plant.tsx:2141 [sectionVisible; shared helper/component (see caller inventory)] ; client/src/pages/PlantMasters.tsx:103 [sectionVisible; shared helper/component (see caller inventory)]","","HIDDEN","true","Not used for this section","Page/tile access ONLY through the seven-action visibility OR; no resolved action-specific operation. The action's name does not describe this effect.","Named action only grants visibility"
"master_materials","Materials, Mix Types & Templates","view_reports","Reports","tickable","client/src/App.tsx:395 [gatedEither; path=""/masters/section/:section"" component={gatedEither(PlantMasters, ""master_parties"", ""master_materials"", ""master_equipment"", ""master_personnel"", ""sites_plants_manage"", ""admin_settings"")}] ; client/src/components/HubShell.tsx:144 [sectionVisible; shared helper/component (see caller inventory)] ; client/src/pages/AdminMastersHub.tsx:69 [sectionVisible; HubActionTile navigation: href=""/masters/section/materials""] ; client/src/pages/AdminMastersHub.tsx:78 [sectionVisible; HubActionTile navigation: href=""/masters/section/mix-templates""] ; client/src/pages/Plant.tsx:195 [sectionVisible; shared helper/component (see caller inventory)] ; client/src/pages/Plant.tsx:2140 [sectionVisible; shared helper/component (see caller inventory)] ; client/src/pages/Plant.tsx:2141 [sectionVisible; shared helper/component (see caller inventory)] ; client/src/pages/Plant.tsx:2649 [sectionCan; shared helper/component (see caller inventory)] ; client/src/pages/Plant.tsx:3378 [sectionCan; shared helper/component (see caller inventory)] ; client/src/pages/PlantMasters.tsx:103 [sectionVisible; shared helper/component (see caller inventory)]","","LIVE","true","No normal active-cell tooltip; when grant restricted: ""You cannot change this grant"". Notify header when disabled: ""Push notifications are disabled for this user"".","Read by gatedEither, sectionVisible, sectionCan. Reports controls export affordances/endpoints, not just viewing.","Reports also controls exports"
"master_materials","Materials, Mix Types & Templates","export","Export","grey","client/src/App.tsx:395 [gatedEither; path=""/masters/section/:section"" component={gatedEither(PlantMasters, ""master_parties"", ""master_materials"", ""master_equipment"", ""master_personnel"", ""sites_plants_manage"", ""admin_settings"")}] ; client/src/components/HubShell.tsx:144 [sectionVisible; shared helper/component (see caller inventory)] ; client/src/pages/AdminMastersHub.tsx:69 [sectionVisible; HubActionTile navigation: href=""/masters/section/materials""] ; client/src/pages/AdminMastersHub.tsx:78 [sectionVisible; HubActionTile navigation: href=""/masters/section/mix-templates""] ; client/src/pages/Plant.tsx:195 [sectionVisible; shared helper/component (see caller inventory)] ; client/src/pages/Plant.tsx:2140 [sectionVisible; shared helper/component (see caller inventory)] ; client/src/pages/Plant.tsx:2141 [sectionVisible; shared helper/component (see caller inventory)] ; client/src/pages/PlantMasters.tsx:103 [sectionVisible; shared helper/component (see caller inventory)]","","HIDDEN","true","Not used for this section","Page/tile access ONLY through the seven-action visibility OR; no resolved action-specific operation. The action's name does not describe this effect.","Named action only grants visibility"
"master_materials","Materials, Mix Types & Templates","approve","Approve","grey","client/src/App.tsx:395 [gatedEither; path=""/masters/section/:section"" component={gatedEither(PlantMasters, ""master_parties"", ""master_materials"", ""master_equipment"", ""master_personnel"", ""sites_plants_manage"", ""admin_settings"")}] ; client/src/components/HubShell.tsx:144 [sectionVisible; shared helper/component (see caller inventory)] ; client/src/pages/AdminMastersHub.tsx:69 [sectionVisible; HubActionTile navigation: href=""/masters/section/materials""] ; client/src/pages/AdminMastersHub.tsx:78 [sectionVisible; HubActionTile navigation: href=""/masters/section/mix-templates""] ; client/src/pages/Plant.tsx:195 [sectionVisible; shared helper/component (see caller inventory)] ; client/src/pages/Plant.tsx:2140 [sectionVisible; shared helper/component (see caller inventory)] ; client/src/pages/Plant.tsx:2141 [sectionVisible; shared helper/component (see caller inventory)] ; client/src/pages/PlantMasters.tsx:103 [sectionVisible; shared helper/component (see caller inventory)]","","HIDDEN","true","Not used for this section","Page/tile access ONLY through the seven-action visibility OR; no resolved action-specific operation. The action's name does not describe this effect.","Named action only grants visibility"
"master_materials","Materials, Mix Types & Templates","notify","Notify","grey","","","CORRECTLY-OFF","true","Not used for this section","No resolved feature reader.","Tick has no resolved feature effect"
"master_equipment","Equipment Master","view","View","tickable","client/src/App.tsx:395 [gatedEither; path=""/masters/section/:section"" component={gatedEither(PlantMasters, ""master_parties"", ""master_materials"", ""master_equipment"", ""master_personnel"", ""sites_plants_manage"", ""admin_settings"")}] ; client/src/components/HubShell.tsx:144 [sectionVisible; shared helper/component (see caller inventory)] ; client/src/pages/AdminMastersHub.tsx:95 [sectionVisible; HubActionTile navigation: href=""/masters/section/equipment""] ; client/src/pages/Plant.tsx:196 [sectionVisible; shared helper/component (see caller inventory)] ; client/src/pages/Plant.tsx:2142 [sectionVisible; shared helper/component (see caller inventory)] ; client/src/pages/PlantMasters.tsx:103 [sectionVisible; shared helper/component (see caller inventory)]","","LIVE","true","No normal active-cell tooltip; when grant restricted: ""You cannot change this grant"". Notify header when disabled: ""Push notifications are disabled for this user"".","Page/tile access ONLY through the seven-action visibility OR; no resolved action-specific operation. The action's name does not describe this effect.","Not exclusive: six other actions also grant visibility"
"master_equipment","Equipment Master","create","Create","tickable","client/src/App.tsx:395 [gatedEither; path=""/masters/section/:section"" component={gatedEither(PlantMasters, ""master_parties"", ""master_materials"", ""master_equipment"", ""master_personnel"", ""sites_plants_manage"", ""admin_settings"")}] ; client/src/components/HubShell.tsx:144 [sectionVisible; shared helper/component (see caller inventory)] ; client/src/pages/AdminMastersHub.tsx:95 [sectionVisible; HubActionTile navigation: href=""/masters/section/equipment""] ; client/src/pages/Plant.tsx:196 [sectionVisible; shared helper/component (see caller inventory)] ; client/src/pages/Plant.tsx:2142 [sectionVisible; shared helper/component (see caller inventory)] ; client/src/pages/Plant.tsx:4286 [sectionCan; shared helper/component (see caller inventory)] ; client/src/pages/PlantEquipmentUsage.tsx:61 [sectionCan; shared helper/component (see caller inventory)] ; client/src/pages/PlantMasters.tsx:103 [sectionVisible; shared helper/component (see caller inventory)]","server/routes.ts:4428 [assertCreate; POST ""/api/plant-module/equipment""]","LIVE","true","No normal active-cell tooltip; when grant restricted: ""You cannot change this grant"". Notify header when disabled: ""Push notifications are disabled for this user"".","Read by gatedEither, sectionVisible, sectionCan, assertCreate. ",""
"master_equipment","Equipment Master","edit","Edit","tickable","client/src/App.tsx:395 [gatedEither; path=""/masters/section/:section"" component={gatedEither(PlantMasters, ""master_parties"", ""master_materials"", ""master_equipment"", ""master_personnel"", ""sites_plants_manage"", ""admin_settings"")}] ; client/src/components/HubShell.tsx:144 [sectionVisible; shared helper/component (see caller inventory)] ; client/src/pages/AdminMastersHub.tsx:95 [sectionVisible; HubActionTile navigation: href=""/masters/section/equipment""] ; client/src/pages/Plant.tsx:196 [sectionVisible; shared helper/component (see caller inventory)] ; client/src/pages/Plant.tsx:2142 [sectionVisible; shared helper/component (see caller inventory)] ; client/src/pages/Plant.tsx:4285 [sectionCan; shared helper/component (see caller inventory)] ; client/src/pages/PlantMasters.tsx:103 [sectionVisible; shared helper/component (see caller inventory)]","server/routes.ts:4438 [assertEdit; PATCH ""/api/plant-module/equipment/:id""] ; server/routes.ts:4465 [assertEdit; PATCH ""/api/plant-module/equipment/:id/toggle-active""]","LIVE","true","No normal active-cell tooltip; when grant restricted: ""You cannot change this grant"". Notify header when disabled: ""Push notifications are disabled for this user"".","Read by gatedEither, sectionVisible, sectionCan, assertEdit. May also authorize delete/cancel via edit-tier gates; see evidence.",""
"master_equipment","Equipment Master","delete","Delete","grey","client/src/App.tsx:395 [gatedEither; path=""/masters/section/:section"" component={gatedEither(PlantMasters, ""master_parties"", ""master_materials"", ""master_equipment"", ""master_personnel"", ""sites_plants_manage"", ""admin_settings"")}] ; client/src/components/HubShell.tsx:144 [sectionVisible; shared helper/component (see caller inventory)] ; client/src/pages/AdminMastersHub.tsx:95 [sectionVisible; HubActionTile navigation: href=""/masters/section/equipment""] ; client/src/pages/Plant.tsx:196 [sectionVisible; shared helper/component (see caller inventory)] ; client/src/pages/Plant.tsx:2142 [sectionVisible; shared helper/component (see caller inventory)] ; client/src/pages/PlantMasters.tsx:103 [sectionVisible; shared helper/component (see caller inventory)]","","HIDDEN","true","Not used for this section","Page/tile access ONLY through the seven-action visibility OR; no resolved action-specific operation. The action's name does not describe this effect.","Named action only grants visibility"
"master_equipment","Equipment Master","view_reports","Reports","tickable","client/src/App.tsx:395 [gatedEither; path=""/masters/section/:section"" component={gatedEither(PlantMasters, ""master_parties"", ""master_materials"", ""master_equipment"", ""master_personnel"", ""sites_plants_manage"", ""admin_settings"")}] ; client/src/components/HubShell.tsx:144 [sectionVisible; shared helper/component (see caller inventory)] ; client/src/pages/AdminMastersHub.tsx:95 [sectionVisible; HubActionTile navigation: href=""/masters/section/equipment""] ; client/src/pages/Plant.tsx:196 [sectionVisible; shared helper/component (see caller inventory)] ; client/src/pages/Plant.tsx:2142 [sectionVisible; shared helper/component (see caller inventory)] ; client/src/pages/Plant.tsx:4288 [sectionCan; shared helper/component (see caller inventory)] ; client/src/pages/PlantMasters.tsx:103 [sectionVisible; shared helper/component (see caller inventory)]","","LIVE","true","No normal active-cell tooltip; when grant restricted: ""You cannot change this grant"". Notify header when disabled: ""Push notifications are disabled for this user"".","Read by gatedEither, sectionVisible, sectionCan. Reports controls export affordances/endpoints, not just viewing.","Reports also controls exports"
"master_equipment","Equipment Master","export","Export","grey","client/src/App.tsx:395 [gatedEither; path=""/masters/section/:section"" component={gatedEither(PlantMasters, ""master_parties"", ""master_materials"", ""master_equipment"", ""master_personnel"", ""sites_plants_manage"", ""admin_settings"")}] ; client/src/components/HubShell.tsx:144 [sectionVisible; shared helper/component (see caller inventory)] ; client/src/pages/AdminMastersHub.tsx:95 [sectionVisible; HubActionTile navigation: href=""/masters/section/equipment""] ; client/src/pages/Plant.tsx:196 [sectionVisible; shared helper/component (see caller inventory)] ; client/src/pages/Plant.tsx:2142 [sectionVisible; shared helper/component (see caller inventory)] ; client/src/pages/PlantMasters.tsx:103 [sectionVisible; shared helper/component (see caller inventory)]","","HIDDEN","true","Not used for this section","Page/tile access ONLY through the seven-action visibility OR; no resolved action-specific operation. The action's name does not describe this effect.","Named action only grants visibility"
"master_equipment","Equipment Master","approve","Approve","grey","client/src/App.tsx:395 [gatedEither; path=""/masters/section/:section"" component={gatedEither(PlantMasters, ""master_parties"", ""master_materials"", ""master_equipment"", ""master_personnel"", ""sites_plants_manage"", ""admin_settings"")}] ; client/src/components/HubShell.tsx:144 [sectionVisible; shared helper/component (see caller inventory)] ; client/src/pages/AdminMastersHub.tsx:95 [sectionVisible; HubActionTile navigation: href=""/masters/section/equipment""] ; client/src/pages/Plant.tsx:196 [sectionVisible; shared helper/component (see caller inventory)] ; client/src/pages/Plant.tsx:2142 [sectionVisible; shared helper/component (see caller inventory)] ; client/src/pages/PlantMasters.tsx:103 [sectionVisible; shared helper/component (see caller inventory)]","","HIDDEN","true","Not used for this section","Page/tile access ONLY through the seven-action visibility OR; no resolved action-specific operation. The action's name does not describe this effect.","Named action only grants visibility"
"master_equipment","Equipment Master","notify","Notify","grey","","","CORRECTLY-OFF","true","Not used for this section","No resolved feature reader.","Tick has no resolved feature effect"
"master_personnel","Personnel Master","view","View","tickable","client/src/App.tsx:395 [gatedEither; path=""/masters/section/:section"" component={gatedEither(PlantMasters, ""master_parties"", ""master_materials"", ""master_equipment"", ""master_personnel"", ""sites_plants_manage"", ""admin_settings"")}] ; client/src/components/HubShell.tsx:144 [sectionVisible; shared helper/component (see caller inventory)] ; client/src/pages/AdminMastersHub.tsx:104 [sectionVisible; HubActionTile navigation: href=""/masters/section/personnel""] ; client/src/pages/Plant.tsx:197 [sectionVisible; shared helper/component (see caller inventory)] ; client/src/pages/Plant.tsx:2143 [sectionVisible; shared helper/component (see caller inventory)] ; client/src/pages/PlantMasters.tsx:103 [sectionVisible; shared helper/component (see caller inventory)]","","LIVE","true","No normal active-cell tooltip; when grant restricted: ""You cannot change this grant"". Notify header when disabled: ""Push notifications are disabled for this user"".","Page/tile access ONLY through the seven-action visibility OR; no resolved action-specific operation. The action's name does not describe this effect.","Not exclusive: six other actions also grant visibility"
"master_personnel","Personnel Master","create","Create","tickable","client/src/App.tsx:395 [gatedEither; path=""/masters/section/:section"" component={gatedEither(PlantMasters, ""master_parties"", ""master_materials"", ""master_equipment"", ""master_personnel"", ""sites_plants_manage"", ""admin_settings"")}] ; client/src/components/HubShell.tsx:144 [sectionVisible; shared helper/component (see caller inventory)] ; client/src/pages/AdminMastersHub.tsx:104 [sectionVisible; HubActionTile navigation: href=""/masters/section/personnel""] ; client/src/pages/Plant.tsx:197 [sectionVisible; shared helper/component (see caller inventory)] ; client/src/pages/Plant.tsx:2143 [sectionVisible; shared helper/component (see caller inventory)] ; client/src/pages/Plant.tsx:4815 [sectionCan; shared helper/component (see caller inventory)] ; client/src/pages/PlantMasters.tsx:103 [sectionVisible; shared helper/component (see caller inventory)]","server/routes.ts:1514 [direct matrix read; POST ""/api/personnel""]","LIVE","true","No normal active-cell tooltip; when grant restricted: ""You cannot change this grant"". Notify header when disabled: ""Push notifications are disabled for this user"".","Read by gatedEither, sectionVisible, sectionCan, direct matrix read. ",""
"master_personnel","Personnel Master","edit","Edit","tickable","client/src/App.tsx:395 [gatedEither; path=""/masters/section/:section"" component={gatedEither(PlantMasters, ""master_parties"", ""master_materials"", ""master_equipment"", ""master_personnel"", ""sites_plants_manage"", ""admin_settings"")}] ; client/src/components/HubShell.tsx:144 [sectionVisible; shared helper/component (see caller inventory)] ; client/src/pages/AdminMastersHub.tsx:104 [sectionVisible; HubActionTile navigation: href=""/masters/section/personnel""] ; client/src/pages/Plant.tsx:197 [sectionVisible; shared helper/component (see caller inventory)] ; client/src/pages/Plant.tsx:2143 [sectionVisible; shared helper/component (see caller inventory)] ; client/src/pages/Plant.tsx:4814 [sectionCan; shared helper/component (see caller inventory)] ; client/src/pages/PlantMasters.tsx:103 [sectionVisible; shared helper/component (see caller inventory)]","server/routes.ts:1543 [assertEdit; PATCH ""/api/personnel/:id""] ; server/routes.ts:1556 [assertEdit; PATCH ""/api/personnel/:id/toggle-active""]","LIVE","true","No normal active-cell tooltip; when grant restricted: ""You cannot change this grant"". Notify header when disabled: ""Push notifications are disabled for this user"".","Read by gatedEither, sectionVisible, sectionCan, assertEdit. May also authorize delete/cancel via edit-tier gates; see evidence.",""
"master_personnel","Personnel Master","delete","Delete","grey","client/src/App.tsx:395 [gatedEither; path=""/masters/section/:section"" component={gatedEither(PlantMasters, ""master_parties"", ""master_materials"", ""master_equipment"", ""master_personnel"", ""sites_plants_manage"", ""admin_settings"")}] ; client/src/components/HubShell.tsx:144 [sectionVisible; shared helper/component (see caller inventory)] ; client/src/pages/AdminMastersHub.tsx:104 [sectionVisible; HubActionTile navigation: href=""/masters/section/personnel""] ; client/src/pages/Plant.tsx:197 [sectionVisible; shared helper/component (see caller inventory)] ; client/src/pages/Plant.tsx:2143 [sectionVisible; shared helper/component (see caller inventory)] ; client/src/pages/PlantMasters.tsx:103 [sectionVisible; shared helper/component (see caller inventory)]","","HIDDEN","true","Not used for this section","Page/tile access ONLY through the seven-action visibility OR; no resolved action-specific operation. The action's name does not describe this effect.","Named action only grants visibility"
"master_personnel","Personnel Master","view_reports","Reports","grey","client/src/App.tsx:395 [gatedEither; path=""/masters/section/:section"" component={gatedEither(PlantMasters, ""master_parties"", ""master_materials"", ""master_equipment"", ""master_personnel"", ""sites_plants_manage"", ""admin_settings"")}] ; client/src/components/HubShell.tsx:144 [sectionVisible; shared helper/component (see caller inventory)] ; client/src/pages/AdminMastersHub.tsx:104 [sectionVisible; HubActionTile navigation: href=""/masters/section/personnel""] ; client/src/pages/Plant.tsx:197 [sectionVisible; shared helper/component (see caller inventory)] ; client/src/pages/Plant.tsx:2143 [sectionVisible; shared helper/component (see caller inventory)] ; client/src/pages/PlantMasters.tsx:103 [sectionVisible; shared helper/component (see caller inventory)]","","HIDDEN","true","Not used for this section","Page/tile access ONLY through the seven-action visibility OR; no resolved action-specific operation. The action's name does not describe this effect.","Named action only grants visibility"
"master_personnel","Personnel Master","export","Export","grey","client/src/App.tsx:395 [gatedEither; path=""/masters/section/:section"" component={gatedEither(PlantMasters, ""master_parties"", ""master_materials"", ""master_equipment"", ""master_personnel"", ""sites_plants_manage"", ""admin_settings"")}] ; client/src/components/HubShell.tsx:144 [sectionVisible; shared helper/component (see caller inventory)] ; client/src/pages/AdminMastersHub.tsx:104 [sectionVisible; HubActionTile navigation: href=""/masters/section/personnel""] ; client/src/pages/Plant.tsx:197 [sectionVisible; shared helper/component (see caller inventory)] ; client/src/pages/Plant.tsx:2143 [sectionVisible; shared helper/component (see caller inventory)] ; client/src/pages/PlantMasters.tsx:103 [sectionVisible; shared helper/component (see caller inventory)]","","HIDDEN","true","Not used for this section","Page/tile access ONLY through the seven-action visibility OR; no resolved action-specific operation. The action's name does not describe this effect.","Named action only grants visibility"
"master_personnel","Personnel Master","approve","Approve","grey","client/src/App.tsx:395 [gatedEither; path=""/masters/section/:section"" component={gatedEither(PlantMasters, ""master_parties"", ""master_materials"", ""master_equipment"", ""master_personnel"", ""sites_plants_manage"", ""admin_settings"")}] ; client/src/components/HubShell.tsx:144 [sectionVisible; shared helper/component (see caller inventory)] ; client/src/pages/AdminMastersHub.tsx:104 [sectionVisible; HubActionTile navigation: href=""/masters/section/personnel""] ; client/src/pages/Plant.tsx:197 [sectionVisible; shared helper/component (see caller inventory)] ; client/src/pages/Plant.tsx:2143 [sectionVisible; shared helper/component (see caller inventory)] ; client/src/pages/PlantMasters.tsx:103 [sectionVisible; shared helper/component (see caller inventory)]","","HIDDEN","true","Not used for this section","Page/tile access ONLY through the seven-action visibility OR; no resolved action-specific operation. The action's name does not describe this effect.","Named action only grants visibility"
"master_personnel","Personnel Master","notify","Notify","grey","","","CORRECTLY-OFF","true","Not used for this section","No resolved feature reader.","Tick has no resolved feature effect"
"admin_settings","Admin Settings (legacy)","view","View","tickable","client/src/App.tsx:300 [gatedEither; path=""/plant/new"" component={gatedEither(PlantNew, ""site_management"", ""sites_plants_manage"", ""admin_settings"")}] ; client/src/App.tsx:322 [gatedEither; path=""/plant/ldo-backfill"" component={gatedEither(PlantLdoBackfill, ""admin_ldo_tools"", ""admin_settings"")}] ; client/src/App.tsx:323 [gatedEither; path=""/plant/ldo-dip-backfill"" component={gatedEither(PlantLdoDipBackfill, ""admin_ldo_tools"", ""admin_settings"")}] ; client/src/App.tsx:347 [gatedEither; path=""/plant/rate-cards"" component={gatedEither(RateCards, ""rate_cards"", ""vendor_masters_manage"", ""admin_settings"")}] ; client/src/App.tsx:349 [gatedEither; path=""/plant/data-sync"" component={gatedEither(DataSync, ""data_sync"", ""admin_settings"")}] ; client/src/App.tsx:350 [gatedEither; path=""/plant/:id"" component={gatedEither(PlantDetails, ""site_management"", ""sites_plants_manage"", ""admin_settings"")}] ; client/src/App.tsx:385 [gatedEither; path=""/admin/site-backfill"" component={gatedEither(SiteBackfill, ""site_management"", ""admin_settings"")}] ; client/src/App.tsx:386 [gated; path=""/admin/settings"" component={gated(AdminSettings, ""admin_settings"")}] ; client/src/App.tsx:390 [gatedEither; path=""/admin/management-report"" component={gatedEither(ManagementReport, ""report_management"", ""reports"", ""admin_settings"")}] ; client/src/App.tsx:391 [gatedEither; path=""/admin/concrete-estimates"" component={gatedEither(ConcreteEstimates, ""concrete_calculator"", ""concrete_estimates_manage"", ""reports"", ""admin_settings"")}] ; client/src/App.tsx:395 [gatedEither; path=""/masters/section/:section"" component={gatedEither(PlantMasters, ""master_parties"", ""master_materials"", ""master_equipment"", ""master_personnel"", ""sites_plants_manage"", ""admin_settings"")}] ; client/src/App.tsx:398 [gatedEither; path=""/edit-requests"" component={gatedEither(EditRequestsPage, ""admin_settings"", ""user_management"")}] ; client/src/pages/AdminMastersHub.tsx:43 [sectionVisible; HubActionTile navigation: href=""/masters/section/sites""] ; client/src/pages/FinanceHub.tsx:172 [sectionVisible; HubActionTile navigation: href={`/plant/rate-cards?returnTo=${HUB}`}] ; client/src/pages/Plant.tsx:2139 [sectionVisible; shared helper/component (see caller inventory)] ; client/src/pages/PlantMasters.tsx:103 [sectionVisible; shared helper/component (see caller inventory)] ; client/src/pages/VendorBills.tsx:3471 [sectionVisible; shared helper/component (see caller inventory)]","server/management-report.ts:42 [direct matrix read; shared helper/component (see caller inventory)] ; server/management-report.ts:108 [direct matrix read; GET ""/api/admin/management-report/accessible-sites""] ; server/management-report.ts:138 [assertViewReportOrAdmin -> server/management-report.ts:35; GET ""/api/admin/management-report/materials""] ; server/management-report.ts:271 [assertViewReportOrAdmin -> server/management-report.ts:35; GET ""/api/admin/management-report/production""] ; server/management-report.ts:343 [assertViewReportOrAdmin -> server/management-report.ts:35; GET ""/api/admin/management-report/fuel""] ; server/management-report.ts:453 [assertViewReportOrAdmin -> server/management-report.ts:35; GET ""/api/admin/management-report/labour""] ; server/management-report.ts:498 [assertViewReportOrAdmin -> server/management-report.ts:35; GET ""/api/admin/management-report/financials""]","LIVE","true","No normal active-cell tooltip; when grant restricted: ""You cannot change this grant"". Notify header when disabled: ""Push notifications are disabled for this user"".","Read by gatedEither, gated, sectionVisible, direct matrix read, assertViewReportOrAdmin -> server/management-report.ts:35. ","Not exclusive: six other actions also grant visibility"
"admin_settings","Admin Settings (legacy)","create","Create","tickable","client/src/App.tsx:300 [gatedEither; path=""/plant/new"" component={gatedEither(PlantNew, ""site_management"", ""sites_plants_manage"", ""admin_settings"")}] ; client/src/App.tsx:322 [gatedEither; path=""/plant/ldo-backfill"" component={gatedEither(PlantLdoBackfill, ""admin_ldo_tools"", ""admin_settings"")}] ; client/src/App.tsx:323 [gatedEither; path=""/plant/ldo-dip-backfill"" component={gatedEither(PlantLdoDipBackfill, ""admin_ldo_tools"", ""admin_settings"")}] ; client/src/App.tsx:347 [gatedEither; path=""/plant/rate-cards"" component={gatedEither(RateCards, ""rate_cards"", ""vendor_masters_manage"", ""admin_settings"")}] ; client/src/App.tsx:349 [gatedEither; path=""/plant/data-sync"" component={gatedEither(DataSync, ""data_sync"", ""admin_settings"")}] ; client/src/App.tsx:350 [gatedEither; path=""/plant/:id"" component={gatedEither(PlantDetails, ""site_management"", ""sites_plants_manage"", ""admin_settings"")}] ; client/src/App.tsx:385 [gatedEither; path=""/admin/site-backfill"" component={gatedEither(SiteBackfill, ""site_management"", ""admin_settings"")}] ; client/src/App.tsx:386 [gated; path=""/admin/settings"" component={gated(AdminSettings, ""admin_settings"")}] ; client/src/App.tsx:390 [gatedEither; path=""/admin/management-report"" component={gatedEither(ManagementReport, ""report_management"", ""reports"", ""admin_settings"")}] ; client/src/App.tsx:391 [gatedEither; path=""/admin/concrete-estimates"" component={gatedEither(ConcreteEstimates, ""concrete_calculator"", ""concrete_estimates_manage"", ""reports"", ""admin_settings"")}] ; client/src/App.tsx:395 [gatedEither; path=""/masters/section/:section"" component={gatedEither(PlantMasters, ""master_parties"", ""master_materials"", ""master_equipment"", ""master_personnel"", ""sites_plants_manage"", ""admin_settings"")}] ; client/src/App.tsx:398 [gatedEither; path=""/edit-requests"" component={gatedEither(EditRequestsPage, ""admin_settings"", ""user_management"")}] ; client/src/pages/AdminMastersHub.tsx:43 [sectionVisible; HubActionTile navigation: href=""/masters/section/sites""] ; client/src/pages/FinanceHub.tsx:172 [sectionVisible; HubActionTile navigation: href={`/plant/rate-cards?returnTo=${HUB}`}] ; client/src/pages/Plant.tsx:2139 [sectionVisible; shared helper/component (see caller inventory)] ; client/src/pages/Plant.tsx:2152 [sectionCan; shared helper/component (see caller inventory)] ; client/src/pages/PlantMasters.tsx:103 [sectionVisible; shared helper/component (see caller inventory)] ; client/src/pages/VendorBills.tsx:3471 [sectionVisible; shared helper/component (see caller inventory)]","server/routes.ts:1150 [assertCreateEither; POST ""/api/sites""] ; server/routes.ts:1188 [assertCreateEither; POST ""/api/sites/seed""] ; server/routes.ts:1741 [assertCreateEither; POST ""/api/notifications""] ; server/routes.ts:3791 [assertCreateEither; POST ""/api/plant""] ; server/routes.ts:11595 [assertCreateEither; POST ""/api/vendor-aliases""] ; server/routes.ts:12458 [assertCreateEither; POST ""/api/vendor-rate-cards""] ; server/routes.ts:12470 [assertCreateEither; PATCH ""/api/vendor-rate-cards/:id/transport-setup""] ; server/routes.ts:12494 [assertCreateEither; POST ""/api/vendor-rate-cards/bulk-upsert""] ; server/routes.ts:12902 [assertCreateEither; POST ""/api/concrete-estimates""] ; server/routes.ts:12976 [assertCreateEither; POST ""/api/concrete/v2/estimates""]","LIVE","true","No normal active-cell tooltip; when grant restricted: ""You cannot change this grant"". Notify header when disabled: ""Push notifications are disabled for this user"".","Read by gatedEither, gated, sectionVisible, sectionCan, assertCreateEither. ",""
"admin_settings","Admin Settings (legacy)","edit","Edit","tickable","client/src/App.tsx:300 [gatedEither; path=""/plant/new"" component={gatedEither(PlantNew, ""site_management"", ""sites_plants_manage"", ""admin_settings"")}] ; client/src/App.tsx:322 [gatedEither; path=""/plant/ldo-backfill"" component={gatedEither(PlantLdoBackfill, ""admin_ldo_tools"", ""admin_settings"")}] ; client/src/App.tsx:323 [gatedEither; path=""/plant/ldo-dip-backfill"" component={gatedEither(PlantLdoDipBackfill, ""admin_ldo_tools"", ""admin_settings"")}] ; client/src/App.tsx:347 [gatedEither; path=""/plant/rate-cards"" component={gatedEither(RateCards, ""rate_cards"", ""vendor_masters_manage"", ""admin_settings"")}] ; client/src/App.tsx:349 [gatedEither; path=""/plant/data-sync"" component={gatedEither(DataSync, ""data_sync"", ""admin_settings"")}] ; client/src/App.tsx:350 [gatedEither; path=""/plant/:id"" component={gatedEither(PlantDetails, ""site_management"", ""sites_plants_manage"", ""admin_settings"")}] ; client/src/App.tsx:385 [gatedEither; path=""/admin/site-backfill"" component={gatedEither(SiteBackfill, ""site_management"", ""admin_settings"")}] ; client/src/App.tsx:386 [gated; path=""/admin/settings"" component={gated(AdminSettings, ""admin_settings"")}] ; client/src/App.tsx:390 [gatedEither; path=""/admin/management-report"" component={gatedEither(ManagementReport, ""report_management"", ""reports"", ""admin_settings"")}] ; client/src/App.tsx:391 [gatedEither; path=""/admin/concrete-estimates"" component={gatedEither(ConcreteEstimates, ""concrete_calculator"", ""concrete_estimates_manage"", ""reports"", ""admin_settings"")}] ; client/src/App.tsx:395 [gatedEither; path=""/masters/section/:section"" component={gatedEither(PlantMasters, ""master_parties"", ""master_materials"", ""master_equipment"", ""master_personnel"", ""sites_plants_manage"", ""admin_settings"")}] ; client/src/App.tsx:398 [gatedEither; path=""/edit-requests"" component={gatedEither(EditRequestsPage, ""admin_settings"", ""user_management"")}] ; client/src/pages/AdminMastersHub.tsx:43 [sectionVisible; HubActionTile navigation: href=""/masters/section/sites""] ; client/src/pages/DataSync.tsx:20 [sectionCan; shared helper/component (see caller inventory)] ; client/src/pages/FinanceHub.tsx:172 [sectionVisible; HubActionTile navigation: href={`/plant/rate-cards?returnTo=${HUB}`}] ; client/src/pages/Plant.tsx:2139 [sectionVisible; shared helper/component (see caller inventory)] ; client/src/pages/Plant.tsx:2151 [sectionCan; shared helper/component (see caller inventory)] ; client/src/pages/PlantMasters.tsx:103 [sectionVisible; shared helper/component (see caller inventory)] ; client/src/pages/VendorBills.tsx:3471 [sectionVisible; shared helper/component (see caller inventory)]","server/routes.ts:1164 [assertEditEither; PATCH ""/api/sites/:id""] ; server/routes.ts:3838 [assertEditEither; PATCH ""/api/plant/:id""] ; server/routes.ts:12916 [assertEditEither; PATCH ""/api/concrete-estimates/:id""] ; server/routes.ts:12990 [assertEditEither; PATCH ""/api/concrete/v2/estimates/:id""]","LIVE","true","No normal active-cell tooltip; when grant restricted: ""You cannot change this grant"". Notify header when disabled: ""Push notifications are disabled for this user"".","Read by gatedEither, gated, sectionVisible, sectionCan, assertEditEither. May also authorize delete/cancel via edit-tier gates; see evidence.",""
"admin_settings","Admin Settings (legacy)","delete","Delete","grey","client/src/App.tsx:300 [gatedEither; path=""/plant/new"" component={gatedEither(PlantNew, ""site_management"", ""sites_plants_manage"", ""admin_settings"")}] ; client/src/App.tsx:322 [gatedEither; path=""/plant/ldo-backfill"" component={gatedEither(PlantLdoBackfill, ""admin_ldo_tools"", ""admin_settings"")}] ; client/src/App.tsx:323 [gatedEither; path=""/plant/ldo-dip-backfill"" component={gatedEither(PlantLdoDipBackfill, ""admin_ldo_tools"", ""admin_settings"")}] ; client/src/App.tsx:347 [gatedEither; path=""/plant/rate-cards"" component={gatedEither(RateCards, ""rate_cards"", ""vendor_masters_manage"", ""admin_settings"")}] ; client/src/App.tsx:349 [gatedEither; path=""/plant/data-sync"" component={gatedEither(DataSync, ""data_sync"", ""admin_settings"")}] ; client/src/App.tsx:350 [gatedEither; path=""/plant/:id"" component={gatedEither(PlantDetails, ""site_management"", ""sites_plants_manage"", ""admin_settings"")}] ; client/src/App.tsx:385 [gatedEither; path=""/admin/site-backfill"" component={gatedEither(SiteBackfill, ""site_management"", ""admin_settings"")}] ; client/src/App.tsx:386 [gated; path=""/admin/settings"" component={gated(AdminSettings, ""admin_settings"")}] ; client/src/App.tsx:390 [gatedEither; path=""/admin/management-report"" component={gatedEither(ManagementReport, ""report_management"", ""reports"", ""admin_settings"")}] ; client/src/App.tsx:391 [gatedEither; path=""/admin/concrete-estimates"" component={gatedEither(ConcreteEstimates, ""concrete_calculator"", ""concrete_estimates_manage"", ""reports"", ""admin_settings"")}] ; client/src/App.tsx:395 [gatedEither; path=""/masters/section/:section"" component={gatedEither(PlantMasters, ""master_parties"", ""master_materials"", ""master_equipment"", ""master_personnel"", ""sites_plants_manage"", ""admin_settings"")}] ; client/src/App.tsx:398 [gatedEither; path=""/edit-requests"" component={gatedEither(EditRequestsPage, ""admin_settings"", ""user_management"")}] ; client/src/pages/AdminMastersHub.tsx:43 [sectionVisible; HubActionTile navigation: href=""/masters/section/sites""] ; client/src/pages/FinanceHub.tsx:172 [sectionVisible; HubActionTile navigation: href={`/plant/rate-cards?returnTo=${HUB}`}] ; client/src/pages/Plant.tsx:2139 [sectionVisible; shared helper/component (see caller inventory)] ; client/src/pages/PlantMasters.tsx:103 [sectionVisible; shared helper/component (see caller inventory)] ; client/src/pages/VendorBills.tsx:3471 [sectionVisible; shared helper/component (see caller inventory)]","","HIDDEN","true","Not used for this section","Page/tile access ONLY through the seven-action visibility OR; no resolved action-specific operation. The action's name does not describe this effect.","Named action only grants visibility"
"admin_settings","Admin Settings (legacy)","view_reports","Reports","tickable","client/src/App.tsx:300 [gatedEither; path=""/plant/new"" component={gatedEither(PlantNew, ""site_management"", ""sites_plants_manage"", ""admin_settings"")}] ; client/src/App.tsx:322 [gatedEither; path=""/plant/ldo-backfill"" component={gatedEither(PlantLdoBackfill, ""admin_ldo_tools"", ""admin_settings"")}] ; client/src/App.tsx:323 [gatedEither; path=""/plant/ldo-dip-backfill"" component={gatedEither(PlantLdoDipBackfill, ""admin_ldo_tools"", ""admin_settings"")}] ; client/src/App.tsx:347 [gatedEither; path=""/plant/rate-cards"" component={gatedEither(RateCards, ""rate_cards"", ""vendor_masters_manage"", ""admin_settings"")}] ; client/src/App.tsx:349 [gatedEither; path=""/plant/data-sync"" component={gatedEither(DataSync, ""data_sync"", ""admin_settings"")}] ; client/src/App.tsx:350 [gatedEither; path=""/plant/:id"" component={gatedEither(PlantDetails, ""site_management"", ""sites_plants_manage"", ""admin_settings"")}] ; client/src/App.tsx:385 [gatedEither; path=""/admin/site-backfill"" component={gatedEither(SiteBackfill, ""site_management"", ""admin_settings"")}] ; client/src/App.tsx:386 [gated; path=""/admin/settings"" component={gated(AdminSettings, ""admin_settings"")}] ; client/src/App.tsx:390 [gatedEither; path=""/admin/management-report"" component={gatedEither(ManagementReport, ""report_management"", ""reports"", ""admin_settings"")}] ; client/src/App.tsx:391 [gatedEither; path=""/admin/concrete-estimates"" component={gatedEither(ConcreteEstimates, ""concrete_calculator"", ""concrete_estimates_manage"", ""reports"", ""admin_settings"")}] ; client/src/App.tsx:395 [gatedEither; path=""/masters/section/:section"" component={gatedEither(PlantMasters, ""master_parties"", ""master_materials"", ""master_equipment"", ""master_personnel"", ""sites_plants_manage"", ""admin_settings"")}] ; client/src/App.tsx:398 [gatedEither; path=""/edit-requests"" component={gatedEither(EditRequestsPage, ""admin_settings"", ""user_management"")}] ; client/src/pages/AdminMastersHub.tsx:43 [sectionVisible; HubActionTile navigation: href=""/masters/section/sites""] ; client/src/pages/DataSync.tsx:19 [sectionCan; shared helper/component (see caller inventory)] ; client/src/pages/FinanceHub.tsx:172 [sectionVisible; HubActionTile navigation: href={`/plant/rate-cards?returnTo=${HUB}`}] ; client/src/pages/ManagementReport.tsx:382 [ReportExportGate; shared helper/component (see caller inventory)] ; client/src/pages/Plant.tsx:2139 [sectionVisible; shared helper/component (see caller inventory)] ; client/src/pages/PlantMasters.tsx:103 [sectionVisible; shared helper/component (see caller inventory)] ; client/src/pages/VendorBills.tsx:3471 [sectionVisible; shared helper/component (see caller inventory)]","","LIVE","true","No normal active-cell tooltip; when grant restricted: ""You cannot change this grant"". Notify header when disabled: ""Push notifications are disabled for this user"".","Read by gatedEither, gated, sectionVisible, sectionCan, ReportExportGate. Reports controls export affordances/endpoints, not just viewing.","Reports also controls exports"
"admin_settings","Admin Settings (legacy)","export","Export","grey","client/src/App.tsx:300 [gatedEither; path=""/plant/new"" component={gatedEither(PlantNew, ""site_management"", ""sites_plants_manage"", ""admin_settings"")}] ; client/src/App.tsx:322 [gatedEither; path=""/plant/ldo-backfill"" component={gatedEither(PlantLdoBackfill, ""admin_ldo_tools"", ""admin_settings"")}] ; client/src/App.tsx:323 [gatedEither; path=""/plant/ldo-dip-backfill"" component={gatedEither(PlantLdoDipBackfill, ""admin_ldo_tools"", ""admin_settings"")}] ; client/src/App.tsx:347 [gatedEither; path=""/plant/rate-cards"" component={gatedEither(RateCards, ""rate_cards"", ""vendor_masters_manage"", ""admin_settings"")}] ; client/src/App.tsx:349 [gatedEither; path=""/plant/data-sync"" component={gatedEither(DataSync, ""data_sync"", ""admin_settings"")}] ; client/src/App.tsx:350 [gatedEither; path=""/plant/:id"" component={gatedEither(PlantDetails, ""site_management"", ""sites_plants_manage"", ""admin_settings"")}] ; client/src/App.tsx:385 [gatedEither; path=""/admin/site-backfill"" component={gatedEither(SiteBackfill, ""site_management"", ""admin_settings"")}] ; client/src/App.tsx:386 [gated; path=""/admin/settings"" component={gated(AdminSettings, ""admin_settings"")}] ; client/src/App.tsx:390 [gatedEither; path=""/admin/management-report"" component={gatedEither(ManagementReport, ""report_management"", ""reports"", ""admin_settings"")}] ; client/src/App.tsx:391 [gatedEither; path=""/admin/concrete-estimates"" component={gatedEither(ConcreteEstimates, ""concrete_calculator"", ""concrete_estimates_manage"", ""reports"", ""admin_settings"")}] ; client/src/App.tsx:395 [gatedEither; path=""/masters/section/:section"" component={gatedEither(PlantMasters, ""master_parties"", ""master_materials"", ""master_equipment"", ""master_personnel"", ""sites_plants_manage"", ""admin_settings"")}] ; client/src/App.tsx:398 [gatedEither; path=""/edit-requests"" component={gatedEither(EditRequestsPage, ""admin_settings"", ""user_management"")}] ; client/src/pages/AdminMastersHub.tsx:43 [sectionVisible; HubActionTile navigation: href=""/masters/section/sites""] ; client/src/pages/FinanceHub.tsx:172 [sectionVisible; HubActionTile navigation: href={`/plant/rate-cards?returnTo=${HUB}`}] ; client/src/pages/Plant.tsx:2139 [sectionVisible; shared helper/component (see caller inventory)] ; client/src/pages/PlantMasters.tsx:103 [sectionVisible; shared helper/component (see caller inventory)] ; client/src/pages/VendorBills.tsx:3471 [sectionVisible; shared helper/component (see caller inventory)]","","HIDDEN","true","Not used for this section","Page/tile access ONLY through the seven-action visibility OR; no resolved action-specific operation. The action's name does not describe this effect.","Named action only grants visibility"
"admin_settings","Admin Settings (legacy)","approve","Approve","grey","client/src/App.tsx:300 [gatedEither; path=""/plant/new"" component={gatedEither(PlantNew, ""site_management"", ""sites_plants_manage"", ""admin_settings"")}] ; client/src/App.tsx:322 [gatedEither; path=""/plant/ldo-backfill"" component={gatedEither(PlantLdoBackfill, ""admin_ldo_tools"", ""admin_settings"")}] ; client/src/App.tsx:323 [gatedEither; path=""/plant/ldo-dip-backfill"" component={gatedEither(PlantLdoDipBackfill, ""admin_ldo_tools"", ""admin_settings"")}] ; client/src/App.tsx:347 [gatedEither; path=""/plant/rate-cards"" component={gatedEither(RateCards, ""rate_cards"", ""vendor_masters_manage"", ""admin_settings"")}] ; client/src/App.tsx:349 [gatedEither; path=""/plant/data-sync"" component={gatedEither(DataSync, ""data_sync"", ""admin_settings"")}] ; client/src/App.tsx:350 [gatedEither; path=""/plant/:id"" component={gatedEither(PlantDetails, ""site_management"", ""sites_plants_manage"", ""admin_settings"")}] ; client/src/App.tsx:385 [gatedEither; path=""/admin/site-backfill"" component={gatedEither(SiteBackfill, ""site_management"", ""admin_settings"")}] ; client/src/App.tsx:386 [gated; path=""/admin/settings"" component={gated(AdminSettings, ""admin_settings"")}] ; client/src/App.tsx:390 [gatedEither; path=""/admin/management-report"" component={gatedEither(ManagementReport, ""report_management"", ""reports"", ""admin_settings"")}] ; client/src/App.tsx:391 [gatedEither; path=""/admin/concrete-estimates"" component={gatedEither(ConcreteEstimates, ""concrete_calculator"", ""concrete_estimates_manage"", ""reports"", ""admin_settings"")}] ; client/src/App.tsx:395 [gatedEither; path=""/masters/section/:section"" component={gatedEither(PlantMasters, ""master_parties"", ""master_materials"", ""master_equipment"", ""master_personnel"", ""sites_plants_manage"", ""admin_settings"")}] ; client/src/App.tsx:398 [gatedEither; path=""/edit-requests"" component={gatedEither(EditRequestsPage, ""admin_settings"", ""user_management"")}] ; client/src/pages/AdminMastersHub.tsx:43 [sectionVisible; HubActionTile navigation: href=""/masters/section/sites""] ; client/src/pages/FinanceHub.tsx:172 [sectionVisible; HubActionTile navigation: href={`/plant/rate-cards?returnTo=${HUB}`}] ; client/src/pages/Plant.tsx:2139 [sectionVisible; shared helper/component (see caller inventory)] ; client/src/pages/PlantMasters.tsx:103 [sectionVisible; shared helper/component (see caller inventory)] ; client/src/pages/VendorBills.tsx:3471 [sectionVisible; shared helper/component (see caller inventory)]","","HIDDEN","true","Not used for this section","Page/tile access ONLY through the seven-action visibility OR; no resolved action-specific operation. The action's name does not describe this effect.","Named action only grants visibility"
"admin_settings","Admin Settings (legacy)","notify","Notify","grey","","","CORRECTLY-OFF","true","Not used for this section","No resolved feature reader.","Tick has no resolved feature effect"
"site_management","Sites & Plants — Add / Configure","view","View","tickable","client/src/App.tsx:300 [gatedEither; path=""/plant/new"" component={gatedEither(PlantNew, ""site_management"", ""sites_plants_manage"", ""admin_settings"")}] ; client/src/App.tsx:350 [gatedEither; path=""/plant/:id"" component={gatedEither(PlantDetails, ""site_management"", ""sites_plants_manage"", ""admin_settings"")}] ; client/src/App.tsx:385 [gatedEither; path=""/admin/site-backfill"" component={gatedEither(SiteBackfill, ""site_management"", ""admin_settings"")}]","","LIVE","true","No normal active-cell tooltip; when grant restricted: ""You cannot change this grant"". Notify header when disabled: ""Push notifications are disabled for this user"".","Page/tile access ONLY through the seven-action visibility OR; no resolved action-specific operation. The action's name does not describe this effect.","Not exclusive: six other actions also grant visibility"
"site_management","Sites & Plants — Add / Configure","create","Create","grey","client/src/App.tsx:300 [gatedEither; path=""/plant/new"" component={gatedEither(PlantNew, ""site_management"", ""sites_plants_manage"", ""admin_settings"")}] ; client/src/App.tsx:350 [gatedEither; path=""/plant/:id"" component={gatedEither(PlantDetails, ""site_management"", ""sites_plants_manage"", ""admin_settings"")}] ; client/src/App.tsx:385 [gatedEither; path=""/admin/site-backfill"" component={gatedEither(SiteBackfill, ""site_management"", ""admin_settings"")}]","","HIDDEN","true","Not used for this section","Page/tile access ONLY through the seven-action visibility OR; no resolved action-specific operation. The action's name does not describe this effect.","Named action only grants visibility"
"site_management","Sites & Plants — Add / Configure","edit","Edit","grey","client/src/App.tsx:300 [gatedEither; path=""/plant/new"" component={gatedEither(PlantNew, ""site_management"", ""sites_plants_manage"", ""admin_settings"")}] ; client/src/App.tsx:350 [gatedEither; path=""/plant/:id"" component={gatedEither(PlantDetails, ""site_management"", ""sites_plants_manage"", ""admin_settings"")}] ; client/src/App.tsx:385 [gatedEither; path=""/admin/site-backfill"" component={gatedEither(SiteBackfill, ""site_management"", ""admin_settings"")}]","","HIDDEN","true","Not used for this section","Page/tile access ONLY through the seven-action visibility OR; no resolved action-specific operation. The action's name does not describe this effect.","Named action only grants visibility"
"site_management","Sites & Plants — Add / Configure","delete","Delete","grey","client/src/App.tsx:300 [gatedEither; path=""/plant/new"" component={gatedEither(PlantNew, ""site_management"", ""sites_plants_manage"", ""admin_settings"")}] ; client/src/App.tsx:350 [gatedEither; path=""/plant/:id"" component={gatedEither(PlantDetails, ""site_management"", ""sites_plants_manage"", ""admin_settings"")}] ; client/src/App.tsx:385 [gatedEither; path=""/admin/site-backfill"" component={gatedEither(SiteBackfill, ""site_management"", ""admin_settings"")}]","","HIDDEN","true","Not used for this section","Page/tile access ONLY through the seven-action visibility OR; no resolved action-specific operation. The action's name does not describe this effect.","Named action only grants visibility"
"site_management","Sites & Plants — Add / Configure","view_reports","Reports","grey","client/src/App.tsx:300 [gatedEither; path=""/plant/new"" component={gatedEither(PlantNew, ""site_management"", ""sites_plants_manage"", ""admin_settings"")}] ; client/src/App.tsx:350 [gatedEither; path=""/plant/:id"" component={gatedEither(PlantDetails, ""site_management"", ""sites_plants_manage"", ""admin_settings"")}] ; client/src/App.tsx:385 [gatedEither; path=""/admin/site-backfill"" component={gatedEither(SiteBackfill, ""site_management"", ""admin_settings"")}]","","HIDDEN","true","Not used for this section","Page/tile access ONLY through the seven-action visibility OR; no resolved action-specific operation. The action's name does not describe this effect.","Named action only grants visibility"
"site_management","Sites & Plants — Add / Configure","export","Export","grey","client/src/App.tsx:300 [gatedEither; path=""/plant/new"" component={gatedEither(PlantNew, ""site_management"", ""sites_plants_manage"", ""admin_settings"")}] ; client/src/App.tsx:350 [gatedEither; path=""/plant/:id"" component={gatedEither(PlantDetails, ""site_management"", ""sites_plants_manage"", ""admin_settings"")}] ; client/src/App.tsx:385 [gatedEither; path=""/admin/site-backfill"" component={gatedEither(SiteBackfill, ""site_management"", ""admin_settings"")}]","","HIDDEN","true","Not used for this section","Page/tile access ONLY through the seven-action visibility OR; no resolved action-specific operation. The action's name does not describe this effect.","Named action only grants visibility"
"site_management","Sites & Plants — Add / Configure","approve","Approve","grey","client/src/App.tsx:300 [gatedEither; path=""/plant/new"" component={gatedEither(PlantNew, ""site_management"", ""sites_plants_manage"", ""admin_settings"")}] ; client/src/App.tsx:350 [gatedEither; path=""/plant/:id"" component={gatedEither(PlantDetails, ""site_management"", ""sites_plants_manage"", ""admin_settings"")}] ; client/src/App.tsx:385 [gatedEither; path=""/admin/site-backfill"" component={gatedEither(SiteBackfill, ""site_management"", ""admin_settings"")}]","","HIDDEN","true","Not used for this section","Page/tile access ONLY through the seven-action visibility OR; no resolved action-specific operation. The action's name does not describe this effect.","Named action only grants visibility"
"site_management","Sites & Plants — Add / Configure","notify","Notify","grey","","","CORRECTLY-OFF","true","Not used for this section","No resolved feature reader.","Tick has no resolved feature effect"
"sites_plants_manage","Sites & Plant Reports — Manage","view","View","tickable","client/src/App.tsx:300 [gatedEither; path=""/plant/new"" component={gatedEither(PlantNew, ""site_management"", ""sites_plants_manage"", ""admin_settings"")}] ; client/src/App.tsx:350 [gatedEither; path=""/plant/:id"" component={gatedEither(PlantDetails, ""site_management"", ""sites_plants_manage"", ""admin_settings"")}] ; client/src/App.tsx:395 [gatedEither; path=""/masters/section/:section"" component={gatedEither(PlantMasters, ""master_parties"", ""master_materials"", ""master_equipment"", ""master_personnel"", ""sites_plants_manage"", ""admin_settings"")}] ; client/src/pages/AdminMastersHub.tsx:43 [sectionVisible; HubActionTile navigation: href=""/masters/section/sites""] ; client/src/pages/Plant.tsx:2139 [sectionVisible; shared helper/component (see caller inventory)] ; client/src/pages/PlantMasters.tsx:103 [sectionVisible; shared helper/component (see caller inventory)]","","LIVE","true","No normal active-cell tooltip; when grant restricted: ""You cannot change this grant"". Notify header when disabled: ""Push notifications are disabled for this user"".","Page/tile access ONLY through the seven-action visibility OR; no resolved action-specific operation. The action's name does not describe this effect.","Not exclusive: six other actions also grant visibility"
"sites_plants_manage","Sites & Plant Reports — Manage","create","Create","tickable","client/src/App.tsx:300 [gatedEither; path=""/plant/new"" component={gatedEither(PlantNew, ""site_management"", ""sites_plants_manage"", ""admin_settings"")}] ; client/src/App.tsx:350 [gatedEither; path=""/plant/:id"" component={gatedEither(PlantDetails, ""site_management"", ""sites_plants_manage"", ""admin_settings"")}] ; client/src/App.tsx:395 [gatedEither; path=""/masters/section/:section"" component={gatedEither(PlantMasters, ""master_parties"", ""master_materials"", ""master_equipment"", ""master_personnel"", ""sites_plants_manage"", ""admin_settings"")}] ; client/src/pages/AdminMastersHub.tsx:43 [sectionVisible; HubActionTile navigation: href=""/masters/section/sites""] ; client/src/pages/Plant.tsx:2139 [sectionVisible; shared helper/component (see caller inventory)] ; client/src/pages/Plant.tsx:2152 [sectionCan; shared helper/component (see caller inventory)] ; client/src/pages/PlantMasters.tsx:103 [sectionVisible; shared helper/component (see caller inventory)]","server/routes.ts:1150 [assertCreateEither; POST ""/api/sites""] ; server/routes.ts:1188 [assertCreateEither; POST ""/api/sites/seed""] ; server/routes.ts:3791 [assertCreateEither; POST ""/api/plant""]","LIVE","true","No normal active-cell tooltip; when grant restricted: ""You cannot change this grant"". Notify header when disabled: ""Push notifications are disabled for this user"".","Read by gatedEither, sectionVisible, sectionCan, assertCreateEither. ",""
"sites_plants_manage","Sites & Plant Reports — Manage","edit","Edit","tickable","client/src/App.tsx:300 [gatedEither; path=""/plant/new"" component={gatedEither(PlantNew, ""site_management"", ""sites_plants_manage"", ""admin_settings"")}] ; client/src/App.tsx:350 [gatedEither; path=""/plant/:id"" component={gatedEither(PlantDetails, ""site_management"", ""sites_plants_manage"", ""admin_settings"")}] ; client/src/App.tsx:395 [gatedEither; path=""/masters/section/:section"" component={gatedEither(PlantMasters, ""master_parties"", ""master_materials"", ""master_equipment"", ""master_personnel"", ""sites_plants_manage"", ""admin_settings"")}] ; client/src/pages/AdminMastersHub.tsx:43 [sectionVisible; HubActionTile navigation: href=""/masters/section/sites""] ; client/src/pages/Plant.tsx:2139 [sectionVisible; shared helper/component (see caller inventory)] ; client/src/pages/Plant.tsx:2151 [sectionCan; shared helper/component (see caller inventory)] ; client/src/pages/PlantMasters.tsx:103 [sectionVisible; shared helper/component (see caller inventory)]","server/routes.ts:1164 [assertEditEither; PATCH ""/api/sites/:id""] ; server/routes.ts:3838 [assertEditEither; PATCH ""/api/plant/:id""]","LIVE","true","No normal active-cell tooltip; when grant restricted: ""You cannot change this grant"". Notify header when disabled: ""Push notifications are disabled for this user"".","Read by gatedEither, sectionVisible, sectionCan, assertEditEither. May also authorize delete/cancel via edit-tier gates; see evidence.",""
"sites_plants_manage","Sites & Plant Reports — Manage","delete","Delete","grey","client/src/App.tsx:300 [gatedEither; path=""/plant/new"" component={gatedEither(PlantNew, ""site_management"", ""sites_plants_manage"", ""admin_settings"")}] ; client/src/App.tsx:350 [gatedEither; path=""/plant/:id"" component={gatedEither(PlantDetails, ""site_management"", ""sites_plants_manage"", ""admin_settings"")}] ; client/src/App.tsx:395 [gatedEither; path=""/masters/section/:section"" component={gatedEither(PlantMasters, ""master_parties"", ""master_materials"", ""master_equipment"", ""master_personnel"", ""sites_plants_manage"", ""admin_settings"")}] ; client/src/pages/AdminMastersHub.tsx:43 [sectionVisible; HubActionTile navigation: href=""/masters/section/sites""] ; client/src/pages/Plant.tsx:2139 [sectionVisible; shared helper/component (see caller inventory)] ; client/src/pages/PlantMasters.tsx:103 [sectionVisible; shared helper/component (see caller inventory)]","","HIDDEN","true","Not used for this section","Page/tile access ONLY through the seven-action visibility OR; no resolved action-specific operation. The action's name does not describe this effect.","Named action only grants visibility"
"sites_plants_manage","Sites & Plant Reports — Manage","view_reports","Reports","grey","client/src/App.tsx:300 [gatedEither; path=""/plant/new"" component={gatedEither(PlantNew, ""site_management"", ""sites_plants_manage"", ""admin_settings"")}] ; client/src/App.tsx:350 [gatedEither; path=""/plant/:id"" component={gatedEither(PlantDetails, ""site_management"", ""sites_plants_manage"", ""admin_settings"")}] ; client/src/App.tsx:395 [gatedEither; path=""/masters/section/:section"" component={gatedEither(PlantMasters, ""master_parties"", ""master_materials"", ""master_equipment"", ""master_personnel"", ""sites_plants_manage"", ""admin_settings"")}] ; client/src/pages/AdminMastersHub.tsx:43 [sectionVisible; HubActionTile navigation: href=""/masters/section/sites""] ; client/src/pages/Plant.tsx:2139 [sectionVisible; shared helper/component (see caller inventory)] ; client/src/pages/PlantMasters.tsx:103 [sectionVisible; shared helper/component (see caller inventory)]","","HIDDEN","true","Not used for this section","Page/tile access ONLY through the seven-action visibility OR; no resolved action-specific operation. The action's name does not describe this effect.","Named action only grants visibility"
"sites_plants_manage","Sites & Plant Reports — Manage","export","Export","grey","client/src/App.tsx:300 [gatedEither; path=""/plant/new"" component={gatedEither(PlantNew, ""site_management"", ""sites_plants_manage"", ""admin_settings"")}] ; client/src/App.tsx:350 [gatedEither; path=""/plant/:id"" component={gatedEither(PlantDetails, ""site_management"", ""sites_plants_manage"", ""admin_settings"")}] ; client/src/App.tsx:395 [gatedEither; path=""/masters/section/:section"" component={gatedEither(PlantMasters, ""master_parties"", ""master_materials"", ""master_equipment"", ""master_personnel"", ""sites_plants_manage"", ""admin_settings"")}] ; client/src/pages/AdminMastersHub.tsx:43 [sectionVisible; HubActionTile navigation: href=""/masters/section/sites""] ; client/src/pages/Plant.tsx:2139 [sectionVisible; shared helper/component (see caller inventory)] ; client/src/pages/PlantMasters.tsx:103 [sectionVisible; shared helper/component (see caller inventory)]","","HIDDEN","true","Not used for this section","Page/tile access ONLY through the seven-action visibility OR; no resolved action-specific operation. The action's name does not describe this effect.","Named action only grants visibility"
"sites_plants_manage","Sites & Plant Reports — Manage","approve","Approve","grey","client/src/App.tsx:300 [gatedEither; path=""/plant/new"" component={gatedEither(PlantNew, ""site_management"", ""sites_plants_manage"", ""admin_settings"")}] ; client/src/App.tsx:350 [gatedEither; path=""/plant/:id"" component={gatedEither(PlantDetails, ""site_management"", ""sites_plants_manage"", ""admin_settings"")}] ; client/src/App.tsx:395 [gatedEither; path=""/masters/section/:section"" component={gatedEither(PlantMasters, ""master_parties"", ""master_materials"", ""master_equipment"", ""master_personnel"", ""sites_plants_manage"", ""admin_settings"")}] ; client/src/pages/AdminMastersHub.tsx:43 [sectionVisible; HubActionTile navigation: href=""/masters/section/sites""] ; client/src/pages/Plant.tsx:2139 [sectionVisible; shared helper/component (see caller inventory)] ; client/src/pages/PlantMasters.tsx:103 [sectionVisible; shared helper/component (see caller inventory)]","","HIDDEN","true","Not used for this section","Page/tile access ONLY through the seven-action visibility OR; no resolved action-specific operation. The action's name does not describe this effect.","Named action only grants visibility"
"sites_plants_manage","Sites & Plant Reports — Manage","notify","Notify","grey","","","CORRECTLY-OFF","true","Not used for this section","No resolved feature reader.","Tick has no resolved feature effect"
"vendor_masters_manage","Vendor Aliases & Rate Cards — Manage","view","View","tickable","client/src/App.tsx:347 [gatedEither; path=""/plant/rate-cards"" component={gatedEither(RateCards, ""rate_cards"", ""vendor_masters_manage"", ""admin_settings"")}] ; client/src/pages/FinanceHub.tsx:172 [sectionVisible; HubActionTile navigation: href={`/plant/rate-cards?returnTo=${HUB}`}] ; client/src/pages/VendorBills.tsx:3471 [sectionVisible; shared helper/component (see caller inventory)]","","LIVE","true","No normal active-cell tooltip; when grant restricted: ""You cannot change this grant"". Notify header when disabled: ""Push notifications are disabled for this user"".","Page/tile access ONLY through the seven-action visibility OR; no resolved action-specific operation. The action's name does not describe this effect.","Not exclusive: six other actions also grant visibility"
"vendor_masters_manage","Vendor Aliases & Rate Cards — Manage","create","Create","tickable","client/src/App.tsx:347 [gatedEither; path=""/plant/rate-cards"" component={gatedEither(RateCards, ""rate_cards"", ""vendor_masters_manage"", ""admin_settings"")}] ; client/src/pages/FinanceHub.tsx:172 [sectionVisible; HubActionTile navigation: href={`/plant/rate-cards?returnTo=${HUB}`}] ; client/src/pages/VendorBills.tsx:3471 [sectionVisible; shared helper/component (see caller inventory)]","server/routes.ts:11595 [assertCreateEither; POST ""/api/vendor-aliases""] ; server/routes.ts:12458 [assertCreateEither; POST ""/api/vendor-rate-cards""] ; server/routes.ts:12470 [assertCreateEither; PATCH ""/api/vendor-rate-cards/:id/transport-setup""] ; server/routes.ts:12494 [assertCreateEither; POST ""/api/vendor-rate-cards/bulk-upsert""]","LIVE","true","No normal active-cell tooltip; when grant restricted: ""You cannot change this grant"". Notify header when disabled: ""Push notifications are disabled for this user"".","Read by gatedEither, sectionVisible, assertCreateEither. ",""
"vendor_masters_manage","Vendor Aliases & Rate Cards — Manage","edit","Edit","grey","client/src/App.tsx:347 [gatedEither; path=""/plant/rate-cards"" component={gatedEither(RateCards, ""rate_cards"", ""vendor_masters_manage"", ""admin_settings"")}] ; client/src/pages/FinanceHub.tsx:172 [sectionVisible; HubActionTile navigation: href={`/plant/rate-cards?returnTo=${HUB}`}] ; client/src/pages/VendorBills.tsx:3471 [sectionVisible; shared helper/component (see caller inventory)]","","HIDDEN","true","Not used for this section","Page/tile access ONLY through the seven-action visibility OR; no resolved action-specific operation. The action's name does not describe this effect.","Named action only grants visibility"
"vendor_masters_manage","Vendor Aliases & Rate Cards — Manage","delete","Delete","grey","client/src/App.tsx:347 [gatedEither; path=""/plant/rate-cards"" component={gatedEither(RateCards, ""rate_cards"", ""vendor_masters_manage"", ""admin_settings"")}] ; client/src/pages/FinanceHub.tsx:172 [sectionVisible; HubActionTile navigation: href={`/plant/rate-cards?returnTo=${HUB}`}] ; client/src/pages/VendorBills.tsx:3471 [sectionVisible; shared helper/component (see caller inventory)]","","HIDDEN","true","Not used for this section","Page/tile access ONLY through the seven-action visibility OR; no resolved action-specific operation. The action's name does not describe this effect.","Named action only grants visibility"
"vendor_masters_manage","Vendor Aliases & Rate Cards — Manage","view_reports","Reports","grey","client/src/App.tsx:347 [gatedEither; path=""/plant/rate-cards"" component={gatedEither(RateCards, ""rate_cards"", ""vendor_masters_manage"", ""admin_settings"")}] ; client/src/pages/FinanceHub.tsx:172 [sectionVisible; HubActionTile navigation: href={`/plant/rate-cards?returnTo=${HUB}`}] ; client/src/pages/VendorBills.tsx:3471 [sectionVisible; shared helper/component (see caller inventory)]","","HIDDEN","true","Not used for this section","Page/tile access ONLY through the seven-action visibility OR; no resolved action-specific operation. The action's name does not describe this effect.","Named action only grants visibility"
"vendor_masters_manage","Vendor Aliases & Rate Cards — Manage","export","Export","grey","client/src/App.tsx:347 [gatedEither; path=""/plant/rate-cards"" component={gatedEither(RateCards, ""rate_cards"", ""vendor_masters_manage"", ""admin_settings"")}] ; client/src/pages/FinanceHub.tsx:172 [sectionVisible; HubActionTile navigation: href={`/plant/rate-cards?returnTo=${HUB}`}] ; client/src/pages/VendorBills.tsx:3471 [sectionVisible; shared helper/component (see caller inventory)]","","HIDDEN","true","Not used for this section","Page/tile access ONLY through the seven-action visibility OR; no resolved action-specific operation. The action's name does not describe this effect.","Named action only grants visibility"
"vendor_masters_manage","Vendor Aliases & Rate Cards — Manage","approve","Approve","grey","client/src/App.tsx:347 [gatedEither; path=""/plant/rate-cards"" component={gatedEither(RateCards, ""rate_cards"", ""vendor_masters_manage"", ""admin_settings"")}] ; client/src/pages/FinanceHub.tsx:172 [sectionVisible; HubActionTile navigation: href={`/plant/rate-cards?returnTo=${HUB}`}] ; client/src/pages/VendorBills.tsx:3471 [sectionVisible; shared helper/component (see caller inventory)]","","HIDDEN","true","Not used for this section","Page/tile access ONLY through the seven-action visibility OR; no resolved action-specific operation. The action's name does not describe this effect.","Named action only grants visibility"
"vendor_masters_manage","Vendor Aliases & Rate Cards — Manage","notify","Notify","grey","","","CORRECTLY-OFF","true","Not used for this section","No resolved feature reader.","Tick has no resolved feature effect"
"concrete_estimates_manage","Concrete Estimates — Manage","view","View","tickable","client/src/App.tsx:391 [gatedEither; path=""/admin/concrete-estimates"" component={gatedEither(ConcreteEstimates, ""concrete_calculator"", ""concrete_estimates_manage"", ""reports"", ""admin_settings"")}]","","LIVE","true","No normal active-cell tooltip; when grant restricted: ""You cannot change this grant"". Notify header when disabled: ""Push notifications are disabled for this user"".","Page/tile access ONLY through the seven-action visibility OR; no resolved action-specific operation. The action's name does not describe this effect.","Not exclusive: six other actions also grant visibility"
"concrete_estimates_manage","Concrete Estimates — Manage","create","Create","tickable","client/src/App.tsx:391 [gatedEither; path=""/admin/concrete-estimates"" component={gatedEither(ConcreteEstimates, ""concrete_calculator"", ""concrete_estimates_manage"", ""reports"", ""admin_settings"")}]","server/routes.ts:12902 [assertCreateEither; POST ""/api/concrete-estimates""] ; server/routes.ts:12976 [assertCreateEither; POST ""/api/concrete/v2/estimates""]","LIVE","true","No normal active-cell tooltip; when grant restricted: ""You cannot change this grant"". Notify header when disabled: ""Push notifications are disabled for this user"".","Read by gatedEither, assertCreateEither. ",""
"concrete_estimates_manage","Concrete Estimates — Manage","edit","Edit","tickable","client/src/App.tsx:391 [gatedEither; path=""/admin/concrete-estimates"" component={gatedEither(ConcreteEstimates, ""concrete_calculator"", ""concrete_estimates_manage"", ""reports"", ""admin_settings"")}]","server/routes.ts:12916 [assertEditEither; PATCH ""/api/concrete-estimates/:id""] ; server/routes.ts:12990 [assertEditEither; PATCH ""/api/concrete/v2/estimates/:id""]","LIVE","true","No normal active-cell tooltip; when grant restricted: ""You cannot change this grant"". Notify header when disabled: ""Push notifications are disabled for this user"".","Read by gatedEither, assertEditEither. May also authorize delete/cancel via edit-tier gates; see evidence.",""
"concrete_estimates_manage","Concrete Estimates — Manage","delete","Delete","grey","client/src/App.tsx:391 [gatedEither; path=""/admin/concrete-estimates"" component={gatedEither(ConcreteEstimates, ""concrete_calculator"", ""concrete_estimates_manage"", ""reports"", ""admin_settings"")}]","","HIDDEN","true","Not used for this section","Page/tile access ONLY through the seven-action visibility OR; no resolved action-specific operation. The action's name does not describe this effect.","Named action only grants visibility"
"concrete_estimates_manage","Concrete Estimates — Manage","view_reports","Reports","grey","client/src/App.tsx:391 [gatedEither; path=""/admin/concrete-estimates"" component={gatedEither(ConcreteEstimates, ""concrete_calculator"", ""concrete_estimates_manage"", ""reports"", ""admin_settings"")}]","","HIDDEN","true","Not used for this section","Page/tile access ONLY through the seven-action visibility OR; no resolved action-specific operation. The action's name does not describe this effect.","Named action only grants visibility"
"concrete_estimates_manage","Concrete Estimates — Manage","export","Export","grey","client/src/App.tsx:391 [gatedEither; path=""/admin/concrete-estimates"" component={gatedEither(ConcreteEstimates, ""concrete_calculator"", ""concrete_estimates_manage"", ""reports"", ""admin_settings"")}]","","HIDDEN","true","Not used for this section","Page/tile access ONLY through the seven-action visibility OR; no resolved action-specific operation. The action's name does not describe this effect.","Named action only grants visibility"
"concrete_estimates_manage","Concrete Estimates — Manage","approve","Approve","grey","client/src/App.tsx:391 [gatedEither; path=""/admin/concrete-estimates"" component={gatedEither(ConcreteEstimates, ""concrete_calculator"", ""concrete_estimates_manage"", ""reports"", ""admin_settings"")}]","","HIDDEN","true","Not used for this section","Page/tile access ONLY through the seven-action visibility OR; no resolved action-specific operation. The action's name does not describe this effect.","Named action only grants visibility"
"concrete_estimates_manage","Concrete Estimates — Manage","notify","Notify","grey","","","CORRECTLY-OFF","true","Not used for this section","No resolved feature reader.","Tick has no resolved feature effect"
"admin_notifications_manage","Admin Notifications — Create","view","View","tickable","","","DEAD","true","No normal active-cell tooltip; when grant restricted: ""You cannot change this grant"". Notify header when disabled: ""Push notifications are disabled for this user"".","No resolved feature reader.","Tick has no resolved feature effect"
"admin_notifications_manage","Admin Notifications — Create","create","Create","tickable","","server/routes.ts:1741 [assertCreateEither; POST ""/api/notifications""]","LIVE","true","No normal active-cell tooltip; when grant restricted: ""You cannot change this grant"". Notify header when disabled: ""Push notifications are disabled for this user"".","Read by assertCreateEither. ",""
"admin_notifications_manage","Admin Notifications — Create","edit","Edit","grey","","","CORRECTLY-OFF","true","Not used for this section","No resolved feature reader.","Tick has no resolved feature effect"
"admin_notifications_manage","Admin Notifications — Create","delete","Delete","grey","","","CORRECTLY-OFF","true","Not used for this section","No resolved feature reader.","Tick has no resolved feature effect"
"admin_notifications_manage","Admin Notifications — Create","view_reports","Reports","grey","","","CORRECTLY-OFF","true","Not used for this section","No resolved feature reader.","Tick has no resolved feature effect"
"admin_notifications_manage","Admin Notifications — Create","export","Export","grey","","","CORRECTLY-OFF","true","Not used for this section","No resolved feature reader.","Tick has no resolved feature effect"
"admin_notifications_manage","Admin Notifications — Create","approve","Approve","grey","","","CORRECTLY-OFF","true","Not used for this section","No resolved feature reader.","Tick has no resolved feature effect"
"admin_notifications_manage","Admin Notifications — Create","notify","Notify","grey","","","CORRECTLY-OFF","true","Not used for this section","No resolved feature reader.","Tick has no resolved feature effect"
"admin_ldo_tools","LDO Backfill & Reconciliation Tools","view","View","tickable","client/src/App.tsx:322 [gatedEither; path=""/plant/ldo-backfill"" component={gatedEither(PlantLdoBackfill, ""admin_ldo_tools"", ""admin_settings"")}] ; client/src/App.tsx:323 [gatedEither; path=""/plant/ldo-dip-backfill"" component={gatedEither(PlantLdoDipBackfill, ""admin_ldo_tools"", ""admin_settings"")}]","","LIVE","true","No normal active-cell tooltip; when grant restricted: ""You cannot change this grant"". Notify header when disabled: ""Push notifications are disabled for this user"".","Page/tile access ONLY through the seven-action visibility OR; no resolved action-specific operation. The action's name does not describe this effect.","Not exclusive: six other actions also grant visibility"
"admin_ldo_tools","LDO Backfill & Reconciliation Tools","create","Create","grey","client/src/App.tsx:322 [gatedEither; path=""/plant/ldo-backfill"" component={gatedEither(PlantLdoBackfill, ""admin_ldo_tools"", ""admin_settings"")}] ; client/src/App.tsx:323 [gatedEither; path=""/plant/ldo-dip-backfill"" component={gatedEither(PlantLdoDipBackfill, ""admin_ldo_tools"", ""admin_settings"")}]","","HIDDEN","true","Not used for this section","Page/tile access ONLY through the seven-action visibility OR; no resolved action-specific operation. The action's name does not describe this effect.","Named action only grants visibility"
"admin_ldo_tools","LDO Backfill & Reconciliation Tools","edit","Edit","grey","client/src/App.tsx:322 [gatedEither; path=""/plant/ldo-backfill"" component={gatedEither(PlantLdoBackfill, ""admin_ldo_tools"", ""admin_settings"")}] ; client/src/App.tsx:323 [gatedEither; path=""/plant/ldo-dip-backfill"" component={gatedEither(PlantLdoDipBackfill, ""admin_ldo_tools"", ""admin_settings"")}]","","HIDDEN","true","Not used for this section","Page/tile access ONLY through the seven-action visibility OR; no resolved action-specific operation. The action's name does not describe this effect.","Named action only grants visibility"
"admin_ldo_tools","LDO Backfill & Reconciliation Tools","delete","Delete","grey","client/src/App.tsx:322 [gatedEither; path=""/plant/ldo-backfill"" component={gatedEither(PlantLdoBackfill, ""admin_ldo_tools"", ""admin_settings"")}] ; client/src/App.tsx:323 [gatedEither; path=""/plant/ldo-dip-backfill"" component={gatedEither(PlantLdoDipBackfill, ""admin_ldo_tools"", ""admin_settings"")}]","","HIDDEN","true","Not used for this section","Page/tile access ONLY through the seven-action visibility OR; no resolved action-specific operation. The action's name does not describe this effect.","Named action only grants visibility"
"admin_ldo_tools","LDO Backfill & Reconciliation Tools","view_reports","Reports","grey","client/src/App.tsx:322 [gatedEither; path=""/plant/ldo-backfill"" component={gatedEither(PlantLdoBackfill, ""admin_ldo_tools"", ""admin_settings"")}] ; client/src/App.tsx:323 [gatedEither; path=""/plant/ldo-dip-backfill"" component={gatedEither(PlantLdoDipBackfill, ""admin_ldo_tools"", ""admin_settings"")}]","","HIDDEN","true","Not used for this section","Page/tile access ONLY through the seven-action visibility OR; no resolved action-specific operation. The action's name does not describe this effect.","Named action only grants visibility"
"admin_ldo_tools","LDO Backfill & Reconciliation Tools","export","Export","grey","client/src/App.tsx:322 [gatedEither; path=""/plant/ldo-backfill"" component={gatedEither(PlantLdoBackfill, ""admin_ldo_tools"", ""admin_settings"")}] ; client/src/App.tsx:323 [gatedEither; path=""/plant/ldo-dip-backfill"" component={gatedEither(PlantLdoDipBackfill, ""admin_ldo_tools"", ""admin_settings"")}]","","HIDDEN","true","Not used for this section","Page/tile access ONLY through the seven-action visibility OR; no resolved action-specific operation. The action's name does not describe this effect.","Named action only grants visibility"
"admin_ldo_tools","LDO Backfill & Reconciliation Tools","approve","Approve","grey","client/src/App.tsx:322 [gatedEither; path=""/plant/ldo-backfill"" component={gatedEither(PlantLdoBackfill, ""admin_ldo_tools"", ""admin_settings"")}] ; client/src/App.tsx:323 [gatedEither; path=""/plant/ldo-dip-backfill"" component={gatedEither(PlantLdoDipBackfill, ""admin_ldo_tools"", ""admin_settings"")}]","","HIDDEN","true","Not used for this section","Page/tile access ONLY through the seven-action visibility OR; no resolved action-specific operation. The action's name does not describe this effect.","Named action only grants visibility"
"admin_ldo_tools","LDO Backfill & Reconciliation Tools","notify","Notify","grey","","","CORRECTLY-OFF","true","Not used for this section","No resolved feature reader.","Tick has no resolved feature effect"
"admin_ledger_tools","Stock Ledger Rebuild / Reassign / Transfer","view","View","tickable","client/src/App.tsx:324 [gatedEither; path=""/plant/stock-reassign"" component={gatedEither(PlantStockReassign, ""admin_ledger_tools"", ""plant_stock"")}] ; client/src/App.tsx:325 [gatedEither; path=""/plant/stock-transfer"" component={gatedEither(PlantStockTransfer, ""admin_ledger_tools"", ""plant_stock"")}] ; client/src/App.tsx:327 [gatedEither; path=""/plant/ledger-rebuild"" component={gatedEither(PlantLedgerRebuild, ""admin_ledger_tools"", ""plant_stock"")}]","","LIVE","true","No normal active-cell tooltip; when grant restricted: ""You cannot change this grant"". Notify header when disabled: ""Push notifications are disabled for this user"".","Page/tile access ONLY through the seven-action visibility OR; no resolved action-specific operation. The action's name does not describe this effect.","Not exclusive: six other actions also grant visibility"
"admin_ledger_tools","Stock Ledger Rebuild / Reassign / Transfer","create","Create","grey","client/src/App.tsx:324 [gatedEither; path=""/plant/stock-reassign"" component={gatedEither(PlantStockReassign, ""admin_ledger_tools"", ""plant_stock"")}] ; client/src/App.tsx:325 [gatedEither; path=""/plant/stock-transfer"" component={gatedEither(PlantStockTransfer, ""admin_ledger_tools"", ""plant_stock"")}] ; client/src/App.tsx:327 [gatedEither; path=""/plant/ledger-rebuild"" component={gatedEither(PlantLedgerRebuild, ""admin_ledger_tools"", ""plant_stock"")}]","","HIDDEN","true","Not used for this section","Page/tile access ONLY through the seven-action visibility OR; no resolved action-specific operation. The action's name does not describe this effect.","Named action only grants visibility"
"admin_ledger_tools","Stock Ledger Rebuild / Reassign / Transfer","edit","Edit","grey","client/src/App.tsx:324 [gatedEither; path=""/plant/stock-reassign"" component={gatedEither(PlantStockReassign, ""admin_ledger_tools"", ""plant_stock"")}] ; client/src/App.tsx:325 [gatedEither; path=""/plant/stock-transfer"" component={gatedEither(PlantStockTransfer, ""admin_ledger_tools"", ""plant_stock"")}] ; client/src/App.tsx:327 [gatedEither; path=""/plant/ledger-rebuild"" component={gatedEither(PlantLedgerRebuild, ""admin_ledger_tools"", ""plant_stock"")}]","","HIDDEN","true","Not used for this section","Page/tile access ONLY through the seven-action visibility OR; no resolved action-specific operation. The action's name does not describe this effect.","Named action only grants visibility"
"admin_ledger_tools","Stock Ledger Rebuild / Reassign / Transfer","delete","Delete","grey","client/src/App.tsx:324 [gatedEither; path=""/plant/stock-reassign"" component={gatedEither(PlantStockReassign, ""admin_ledger_tools"", ""plant_stock"")}] ; client/src/App.tsx:325 [gatedEither; path=""/plant/stock-transfer"" component={gatedEither(PlantStockTransfer, ""admin_ledger_tools"", ""plant_stock"")}] ; client/src/App.tsx:327 [gatedEither; path=""/plant/ledger-rebuild"" component={gatedEither(PlantLedgerRebuild, ""admin_ledger_tools"", ""plant_stock"")}]","","HIDDEN","true","Not used for this section","Page/tile access ONLY through the seven-action visibility OR; no resolved action-specific operation. The action's name does not describe this effect.","Named action only grants visibility"
"admin_ledger_tools","Stock Ledger Rebuild / Reassign / Transfer","view_reports","Reports","grey","client/src/App.tsx:324 [gatedEither; path=""/plant/stock-reassign"" component={gatedEither(PlantStockReassign, ""admin_ledger_tools"", ""plant_stock"")}] ; client/src/App.tsx:325 [gatedEither; path=""/plant/stock-transfer"" component={gatedEither(PlantStockTransfer, ""admin_ledger_tools"", ""plant_stock"")}] ; client/src/App.tsx:327 [gatedEither; path=""/plant/ledger-rebuild"" component={gatedEither(PlantLedgerRebuild, ""admin_ledger_tools"", ""plant_stock"")}]","","HIDDEN","true","Not used for this section","Page/tile access ONLY through the seven-action visibility OR; no resolved action-specific operation. The action's name does not describe this effect.","Named action only grants visibility"
"admin_ledger_tools","Stock Ledger Rebuild / Reassign / Transfer","export","Export","grey","client/src/App.tsx:324 [gatedEither; path=""/plant/stock-reassign"" component={gatedEither(PlantStockReassign, ""admin_ledger_tools"", ""plant_stock"")}] ; client/src/App.tsx:325 [gatedEither; path=""/plant/stock-transfer"" component={gatedEither(PlantStockTransfer, ""admin_ledger_tools"", ""plant_stock"")}] ; client/src/App.tsx:327 [gatedEither; path=""/plant/ledger-rebuild"" component={gatedEither(PlantLedgerRebuild, ""admin_ledger_tools"", ""plant_stock"")}]","","HIDDEN","true","Not used for this section","Page/tile access ONLY through the seven-action visibility OR; no resolved action-specific operation. The action's name does not describe this effect.","Named action only grants visibility"
"admin_ledger_tools","Stock Ledger Rebuild / Reassign / Transfer","approve","Approve","grey","client/src/App.tsx:324 [gatedEither; path=""/plant/stock-reassign"" component={gatedEither(PlantStockReassign, ""admin_ledger_tools"", ""plant_stock"")}] ; client/src/App.tsx:325 [gatedEither; path=""/plant/stock-transfer"" component={gatedEither(PlantStockTransfer, ""admin_ledger_tools"", ""plant_stock"")}] ; client/src/App.tsx:327 [gatedEither; path=""/plant/ledger-rebuild"" component={gatedEither(PlantLedgerRebuild, ""admin_ledger_tools"", ""plant_stock"")}]","","HIDDEN","true","Not used for this section","Page/tile access ONLY through the seven-action visibility OR; no resolved action-specific operation. The action's name does not describe this effect.","Named action only grants visibility"
"admin_ledger_tools","Stock Ledger Rebuild / Reassign / Transfer","notify","Notify","grey","","","CORRECTLY-OFF","true","Not used for this section","No resolved feature reader.","Tick has no resolved feature effect"
"data_sync","Data Export / Import (Admin Tool)","view","View","tickable","client/src/App.tsx:349 [gatedEither; path=""/plant/data-sync"" component={gatedEither(DataSync, ""data_sync"", ""admin_settings"")}]","","LIVE","true","No normal active-cell tooltip; when grant restricted: ""You cannot change this grant"". Notify header when disabled: ""Push notifications are disabled for this user"".","Page/tile access ONLY through the seven-action visibility OR; no resolved action-specific operation. The action's name does not describe this effect.","Not exclusive: six other actions also grant visibility"
"data_sync","Data Export / Import (Admin Tool)","create","Create","grey","client/src/App.tsx:349 [gatedEither; path=""/plant/data-sync"" component={gatedEither(DataSync, ""data_sync"", ""admin_settings"")}]","","HIDDEN","true","Not used for this section","Page/tile access ONLY through the seven-action visibility OR; no resolved action-specific operation. The action's name does not describe this effect.","Named action only grants visibility"
"data_sync","Data Export / Import (Admin Tool)","edit","Edit","grey","client/src/App.tsx:349 [gatedEither; path=""/plant/data-sync"" component={gatedEither(DataSync, ""data_sync"", ""admin_settings"")}]","","HIDDEN","true","Not used for this section","Page/tile access ONLY through the seven-action visibility OR; no resolved action-specific operation. The action's name does not describe this effect.","Named action only grants visibility"
"data_sync","Data Export / Import (Admin Tool)","delete","Delete","grey","client/src/App.tsx:349 [gatedEither; path=""/plant/data-sync"" component={gatedEither(DataSync, ""data_sync"", ""admin_settings"")}]","","HIDDEN","true","Not used for this section","Page/tile access ONLY through the seven-action visibility OR; no resolved action-specific operation. The action's name does not describe this effect.","Named action only grants visibility"
"data_sync","Data Export / Import (Admin Tool)","view_reports","Reports","grey","client/src/App.tsx:349 [gatedEither; path=""/plant/data-sync"" component={gatedEither(DataSync, ""data_sync"", ""admin_settings"")}]","","HIDDEN","true","Not used for this section","Page/tile access ONLY through the seven-action visibility OR; no resolved action-specific operation. The action's name does not describe this effect.","Named action only grants visibility"
"data_sync","Data Export / Import (Admin Tool)","export","Export","grey","client/src/App.tsx:349 [gatedEither; path=""/plant/data-sync"" component={gatedEither(DataSync, ""data_sync"", ""admin_settings"")}]","","HIDDEN","true","Not used for this section","Page/tile access ONLY through the seven-action visibility OR; no resolved action-specific operation. The action's name does not describe this effect.","Named action only grants visibility"
"data_sync","Data Export / Import (Admin Tool)","approve","Approve","grey","client/src/App.tsx:349 [gatedEither; path=""/plant/data-sync"" component={gatedEither(DataSync, ""data_sync"", ""admin_settings"")}]","","HIDDEN","true","Not used for this section","Page/tile access ONLY through the seven-action visibility OR; no resolved action-specific operation. The action's name does not describe this effect.","Named action only grants visibility"
"data_sync","Data Export / Import (Admin Tool)","notify","Notify","grey","","","CORRECTLY-OFF","true","Not used for this section","No resolved feature reader.","Tick has no resolved feature effect"
"user_management","User Management — View & Edit Profiles","view","View","tickable","client/src/App.tsx:387 [gatedEither; path=""/admin/users"" component={gatedEither(UserManagement, ""user_management"", ""permission_manager"")}] ; client/src/App.tsx:398 [gatedEither; path=""/edit-requests"" component={gatedEither(EditRequestsPage, ""admin_settings"", ""user_management"")}] ; client/src/pages/UserManagement.tsx:182 [direct matrix read; shared helper/component (see caller inventory)]","server/auth-routes.ts:429 [requireUserMgmt; GET ""/api/auth/users""] ; server/auth-routes.ts:714 [requireUserMgmt; GET ""/api/auth/users/:id/permissions""] ; server/auth-routes.ts:766 [requireUserMgmt; GET ""/api/auth/users/:id/site-access""] ; server/auth-routes.ts:823 [requireUserMgmt; GET ""/api/auth/users/site-access-audit""] ; server/routes.ts:1853 [assertView; GET ""/api/push/subscriptions""]","LIVE","true","No normal active-cell tooltip; when grant restricted: ""You cannot change this grant"". Notify header when disabled: ""Push notifications are disabled for this user"".","Read by gatedEither, direct matrix read, requireUserMgmt, assertView. ","Not exclusive: six other actions also grant visibility"
"user_management","User Management — View & Edit Profiles","create","Create","tickable","client/src/App.tsx:387 [gatedEither; path=""/admin/users"" component={gatedEither(UserManagement, ""user_management"", ""permission_manager"")}] ; client/src/App.tsx:398 [gatedEither; path=""/edit-requests"" component={gatedEither(EditRequestsPage, ""admin_settings"", ""user_management"")}] ; client/src/pages/UserManagement.tsx:183 [direct matrix read; shared helper/component (see caller inventory)]","server/auth-routes.ts:558 [requireUserMgmt; POST ""/api/auth/users""] ; server/auth-routes.ts:603 [requireUserMgmt; POST ""/api/auth/users/:id/complete-setup""]","LIVE","true","No normal active-cell tooltip; when grant restricted: ""You cannot change this grant"". Notify header when disabled: ""Push notifications are disabled for this user"".","Read by gatedEither, direct matrix read, requireUserMgmt. ",""
"user_management","User Management — View & Edit Profiles","edit","Edit","tickable","client/src/App.tsx:387 [gatedEither; path=""/admin/users"" component={gatedEither(UserManagement, ""user_management"", ""permission_manager"")}] ; client/src/App.tsx:398 [gatedEither; path=""/edit-requests"" component={gatedEither(EditRequestsPage, ""admin_settings"", ""user_management"")}] ; client/src/pages/UserManagement.tsx:184 [direct matrix read; shared helper/component (see caller inventory)]","server/auth-routes.ts:627 [requireUserMgmt; PATCH ""/api/auth/users/:id""] ; server/auth-routes.ts:699 [requireUserMgmt; POST ""/api/auth/users/:id/password""] ; server/auth-routes.ts:722 [requireUserMgmt; PUT ""/api/auth/users/:id/permissions""] ; server/auth-routes.ts:783 [requireUserMgmt; PUT ""/api/auth/users/:id/site-access""] ; server/auth-routes.ts:850 [requireUserMgmt; POST ""/api/auth/users/:id/copy-permissions""]","LIVE","true","No normal active-cell tooltip; when grant restricted: ""You cannot change this grant"". Notify header when disabled: ""Push notifications are disabled for this user"".","Read by gatedEither, direct matrix read, requireUserMgmt. May also authorize delete/cancel via edit-tier gates; see evidence.",""
"user_management","User Management — View & Edit Profiles","delete","Delete","grey","client/src/App.tsx:387 [gatedEither; path=""/admin/users"" component={gatedEither(UserManagement, ""user_management"", ""permission_manager"")}] ; client/src/App.tsx:398 [gatedEither; path=""/edit-requests"" component={gatedEither(EditRequestsPage, ""admin_settings"", ""user_management"")}]","","HIDDEN","true","Not used for this section","Page/tile access ONLY through the seven-action visibility OR; no resolved action-specific operation. The action's name does not describe this effect.","Named action only grants visibility"
"user_management","User Management — View & Edit Profiles","view_reports","Reports","grey","client/src/App.tsx:387 [gatedEither; path=""/admin/users"" component={gatedEither(UserManagement, ""user_management"", ""permission_manager"")}] ; client/src/App.tsx:398 [gatedEither; path=""/edit-requests"" component={gatedEither(EditRequestsPage, ""admin_settings"", ""user_management"")}]","","HIDDEN","true","Not used for this section","Page/tile access ONLY through the seven-action visibility OR; no resolved action-specific operation. The action's name does not describe this effect.","Named action only grants visibility"
"user_management","User Management — View & Edit Profiles","export","Export","grey","client/src/App.tsx:387 [gatedEither; path=""/admin/users"" component={gatedEither(UserManagement, ""user_management"", ""permission_manager"")}] ; client/src/App.tsx:398 [gatedEither; path=""/edit-requests"" component={gatedEither(EditRequestsPage, ""admin_settings"", ""user_management"")}]","","HIDDEN","true","Not used for this section","Page/tile access ONLY through the seven-action visibility OR; no resolved action-specific operation. The action's name does not describe this effect.","Named action only grants visibility"
"user_management","User Management — View & Edit Profiles","approve","Approve","grey","client/src/App.tsx:387 [gatedEither; path=""/admin/users"" component={gatedEither(UserManagement, ""user_management"", ""permission_manager"")}] ; client/src/App.tsx:398 [gatedEither; path=""/edit-requests"" component={gatedEither(EditRequestsPage, ""admin_settings"", ""user_management"")}]","","HIDDEN","true","Not used for this section","Page/tile access ONLY through the seven-action visibility OR; no resolved action-specific operation. The action's name does not describe this effect.","Named action only grants visibility"
"user_management","User Management — View & Edit Profiles","notify","Notify","grey","","","CORRECTLY-OFF","true","Not used for this section","No resolved feature reader.","Tick has no resolved feature effect"
"permission_manager","Manage Permissions for Other Users","view","View","tickable","client/src/App.tsx:387 [gatedEither; path=""/admin/users"" component={gatedEither(UserManagement, ""user_management"", ""permission_manager"")}]","","LIVE","true","No normal active-cell tooltip; when grant restricted: ""You cannot change this grant"". Notify header when disabled: ""Push notifications are disabled for this user"".","Page/tile access ONLY through the seven-action visibility OR; no resolved action-specific operation. The action's name does not describe this effect.","Not exclusive: six other actions also grant visibility"
"permission_manager","Manage Permissions for Other Users","create","Create","grey","client/src/App.tsx:387 [gatedEither; path=""/admin/users"" component={gatedEither(UserManagement, ""user_management"", ""permission_manager"")}]","","HIDDEN","true","Not used for this section","Page/tile access ONLY through the seven-action visibility OR; no resolved action-specific operation. The action's name does not describe this effect.","Named action only grants visibility"
"permission_manager","Manage Permissions for Other Users","edit","Edit","grey","client/src/App.tsx:387 [gatedEither; path=""/admin/users"" component={gatedEither(UserManagement, ""user_management"", ""permission_manager"")}]","","HIDDEN","true","Not used for this section","Page/tile access ONLY through the seven-action visibility OR; no resolved action-specific operation. The action's name does not describe this effect.","Named action only grants visibility"
"permission_manager","Manage Permissions for Other Users","delete","Delete","grey","client/src/App.tsx:387 [gatedEither; path=""/admin/users"" component={gatedEither(UserManagement, ""user_management"", ""permission_manager"")}]","","HIDDEN","true","Not used for this section","Page/tile access ONLY through the seven-action visibility OR; no resolved action-specific operation. The action's name does not describe this effect.","Named action only grants visibility"
"permission_manager","Manage Permissions for Other Users","view_reports","Reports","grey","client/src/App.tsx:387 [gatedEither; path=""/admin/users"" component={gatedEither(UserManagement, ""user_management"", ""permission_manager"")}]","","HIDDEN","true","Not used for this section","Page/tile access ONLY through the seven-action visibility OR; no resolved action-specific operation. The action's name does not describe this effect.","Named action only grants visibility"
"permission_manager","Manage Permissions for Other Users","export","Export","grey","client/src/App.tsx:387 [gatedEither; path=""/admin/users"" component={gatedEither(UserManagement, ""user_management"", ""permission_manager"")}]","","HIDDEN","true","Not used for this section","Page/tile access ONLY through the seven-action visibility OR; no resolved action-specific operation. The action's name does not describe this effect.","Named action only grants visibility"
"permission_manager","Manage Permissions for Other Users","approve","Approve","grey","client/src/App.tsx:387 [gatedEither; path=""/admin/users"" component={gatedEither(UserManagement, ""user_management"", ""permission_manager"")}]","","HIDDEN","true","Not used for this section","Page/tile access ONLY through the seven-action visibility OR; no resolved action-specific operation. The action's name does not describe this effect.","Named action only grants visibility"
"permission_manager","Manage Permissions for Other Users","notify","Notify","grey","","","CORRECTLY-OFF","true","Not used for this section","No resolved feature reader.","Tick has no resolved feature effect"
"device_approval","Device Approval","view","View","tickable","client/src/App.tsx:388 [gated; path=""/admin/devices"" component={gated(DeviceApproval, ""device_approval"")}] ; client/src/pages/DeviceApproval.tsx:36 [direct matrix read; shared helper/component (see caller inventory)]","server/auth-routes.ts:868 [requireDeviceMgmt; GET ""/api/auth/devices""]","LIVE","true","No normal active-cell tooltip; when grant restricted: ""You cannot change this grant"". Notify header when disabled: ""Push notifications are disabled for this user"".","Read by gated, direct matrix read, requireDeviceMgmt. ","Not exclusive: six other actions also grant visibility"
"device_approval","Device Approval","create","Create","grey","client/src/App.tsx:388 [gated; path=""/admin/devices"" component={gated(DeviceApproval, ""device_approval"")}]","","HIDDEN","true","Not used for this section","Page/tile access ONLY through the seven-action visibility OR; no resolved action-specific operation. The action's name does not describe this effect.","Named action only grants visibility"
"device_approval","Device Approval","edit","Edit","tickable","client/src/App.tsx:388 [gated; path=""/admin/devices"" component={gated(DeviceApproval, ""device_approval"")}] ; client/src/pages/DeviceApproval.tsx:37 [direct matrix read; shared helper/component (see caller inventory)]","server/auth-routes.ts:891 [requireDeviceMgmt; POST ""/api/auth/devices/:id/approve""] ; server/auth-routes.ts:904 [requireDeviceMgmt; POST ""/api/auth/devices/:id/revoke""]","LIVE","true","No normal active-cell tooltip; when grant restricted: ""You cannot change this grant"". Notify header when disabled: ""Push notifications are disabled for this user"".","Read by gated, direct matrix read, requireDeviceMgmt. May also authorize delete/cancel via edit-tier gates; see evidence.",""
"device_approval","Device Approval","delete","Delete","grey","client/src/App.tsx:388 [gated; path=""/admin/devices"" component={gated(DeviceApproval, ""device_approval"")}]","","HIDDEN","true","Not used for this section","Page/tile access ONLY through the seven-action visibility OR; no resolved action-specific operation. The action's name does not describe this effect.","Named action only grants visibility"
"device_approval","Device Approval","view_reports","Reports","grey","client/src/App.tsx:388 [gated; path=""/admin/devices"" component={gated(DeviceApproval, ""device_approval"")}]","","HIDDEN","true","Not used for this section","Page/tile access ONLY through the seven-action visibility OR; no resolved action-specific operation. The action's name does not describe this effect.","Named action only grants visibility"
"device_approval","Device Approval","export","Export","grey","client/src/App.tsx:388 [gated; path=""/admin/devices"" component={gated(DeviceApproval, ""device_approval"")}]","","HIDDEN","true","Not used for this section","Page/tile access ONLY through the seven-action visibility OR; no resolved action-specific operation. The action's name does not describe this effect.","Named action only grants visibility"
"device_approval","Device Approval","approve","Approve","grey","client/src/App.tsx:388 [gated; path=""/admin/devices"" component={gated(DeviceApproval, ""device_approval"")}]","","HIDDEN","true","Not used for this section","Page/tile access ONLY through the seven-action visibility OR; no resolved action-specific operation. The action's name does not describe this effect.","Named action only grants visibility"
"device_approval","Device Approval","notify","Notify","grey","","","CORRECTLY-OFF","true","Not used for this section","No resolved feature reader.","Tick has no resolved feature effect"
"push_notifications","Push Notification Admin","view","View","tickable","","","DEAD","true","No normal active-cell tooltip; when grant restricted: ""You cannot change this grant"". Notify header when disabled: ""Push notifications are disabled for this user"".","No resolved feature reader.","Tick has no resolved feature effect"
"push_notifications","Push Notification Admin","create","Create","grey","","","CORRECTLY-OFF","true","Not used for this section","No resolved feature reader.","Tick has no resolved feature effect"
"push_notifications","Push Notification Admin","edit","Edit","grey","","","CORRECTLY-OFF","true","Not used for this section","No resolved feature reader.","Tick has no resolved feature effect"
"push_notifications","Push Notification Admin","delete","Delete","grey","","","CORRECTLY-OFF","true","Not used for this section","No resolved feature reader.","Tick has no resolved feature effect"
"push_notifications","Push Notification Admin","view_reports","Reports","grey","","","CORRECTLY-OFF","true","Not used for this section","No resolved feature reader.","Tick has no resolved feature effect"
"push_notifications","Push Notification Admin","export","Export","grey","","","CORRECTLY-OFF","true","Not used for this section","No resolved feature reader.","Tick has no resolved feature effect"
"push_notifications","Push Notification Admin","approve","Approve","grey","","","CORRECTLY-OFF","true","Not used for this section","No resolved feature reader.","Tick has no resolved feature effect"
"push_notifications","Push Notification Admin","notify","Notify","grey","","","CORRECTLY-OFF","true","Not used for this section","No resolved feature reader.","Tick has no resolved feature effect"
"hmp_operations","HMP Operations (legacy)","view","View","grey","","","CORRECTLY-OFF","true","Not used for this section","No resolved feature reader.","Tick has no resolved feature effect"
"hmp_operations","HMP Operations (legacy)","create","Create","grey","","","CORRECTLY-OFF","true","Not used for this section","No resolved feature reader.","Tick has no resolved feature effect"
"hmp_operations","HMP Operations (legacy)","edit","Edit","grey","","","CORRECTLY-OFF","true","Not used for this section","No resolved feature reader.","Tick has no resolved feature effect"
"hmp_operations","HMP Operations (legacy)","delete","Delete","grey","","","CORRECTLY-OFF","true","Not used for this section","No resolved feature reader.","Tick has no resolved feature effect"
"hmp_operations","HMP Operations (legacy)","view_reports","Reports","grey","","","CORRECTLY-OFF","true","Not used for this section","No resolved feature reader.","Tick has no resolved feature effect"
"hmp_operations","HMP Operations (legacy)","export","Export","grey","","","CORRECTLY-OFF","true","Not used for this section","No resolved feature reader.","Tick has no resolved feature effect"
"hmp_operations","HMP Operations (legacy)","approve","Approve","grey","","","CORRECTLY-OFF","true","Not used for this section","No resolved feature reader.","Tick has no resolved feature effect"
"hmp_operations","HMP Operations (legacy)","notify","Notify","grey","","","CORRECTLY-OFF","true","Not used for this section","No resolved feature reader.","Tick has no resolved feature effect"
"reports_analysis","Reports & Analysis (legacy)","view","View","grey","","","CORRECTLY-OFF","true","Not used for this section","No resolved feature reader.","Tick has no resolved feature effect"
"reports_analysis","Reports & Analysis (legacy)","create","Create","grey","","","CORRECTLY-OFF","true","Not used for this section","No resolved feature reader.","Tick has no resolved feature effect"
"reports_analysis","Reports & Analysis (legacy)","edit","Edit","grey","","","CORRECTLY-OFF","true","Not used for this section","No resolved feature reader.","Tick has no resolved feature effect"
"reports_analysis","Reports & Analysis (legacy)","delete","Delete","grey","","","CORRECTLY-OFF","true","Not used for this section","No resolved feature reader.","Tick has no resolved feature effect"
"reports_analysis","Reports & Analysis (legacy)","view_reports","Reports","grey","","","CORRECTLY-OFF","true","Not used for this section","No resolved feature reader.","Tick has no resolved feature effect"
"reports_analysis","Reports & Analysis (legacy)","export","Export","grey","","","CORRECTLY-OFF","true","Not used for this section","No resolved feature reader.","Tick has no resolved feature effect"
"reports_analysis","Reports & Analysis (legacy)","approve","Approve","grey","","","CORRECTLY-OFF","true","Not used for this section","No resolved feature reader.","Tick has no resolved feature effect"
"reports_analysis","Reports & Analysis (legacy)","notify","Notify","grey","","","CORRECTLY-OFF","true","Not used for this section","No resolved feature reader.","Tick has no resolved feature effect"
"estimates_manager","Estimates Manager (legacy)","view","View","grey","","","CORRECTLY-OFF","true","Not used for this section","No resolved feature reader.","Tick has no resolved feature effect"
"estimates_manager","Estimates Manager (legacy)","create","Create","grey","","","CORRECTLY-OFF","true","Not used for this section","No resolved feature reader.","Tick has no resolved feature effect"
"estimates_manager","Estimates Manager (legacy)","edit","Edit","grey","","","CORRECTLY-OFF","true","Not used for this section","No resolved feature reader.","Tick has no resolved feature effect"
"estimates_manager","Estimates Manager (legacy)","delete","Delete","grey","","","CORRECTLY-OFF","true","Not used for this section","No resolved feature reader.","Tick has no resolved feature effect"
"estimates_manager","Estimates Manager (legacy)","view_reports","Reports","grey","","","CORRECTLY-OFF","true","Not used for this section","No resolved feature reader.","Tick has no resolved feature effect"
"estimates_manager","Estimates Manager (legacy)","export","Export","grey","","","CORRECTLY-OFF","true","Not used for this section","No resolved feature reader.","Tick has no resolved feature effect"
"estimates_manager","Estimates Manager (legacy)","approve","Approve","grey","","","CORRECTLY-OFF","true","Not used for this section","No resolved feature reader.","Tick has no resolved feature effect"
"estimates_manager","Estimates Manager (legacy)","notify","Notify","grey","","","CORRECTLY-OFF","true","Not used for this section","No resolved feature reader.","Tick has no resolved feature effect"
"app_management","App Management (legacy)","view","View","grey","","","CORRECTLY-OFF","true","Not used for this section","No resolved feature reader.","Tick has no resolved feature effect"
"app_management","App Management (legacy)","create","Create","grey","","","CORRECTLY-OFF","true","Not used for this section","No resolved feature reader.","Tick has no resolved feature effect"
"app_management","App Management (legacy)","edit","Edit","grey","","","CORRECTLY-OFF","true","Not used for this section","No resolved feature reader.","Tick has no resolved feature effect"
"app_management","App Management (legacy)","delete","Delete","grey","","","CORRECTLY-OFF","true","Not used for this section","No resolved feature reader.","Tick has no resolved feature effect"
"app_management","App Management (legacy)","view_reports","Reports","grey","","","CORRECTLY-OFF","true","Not used for this section","No resolved feature reader.","Tick has no resolved feature effect"
"app_management","App Management (legacy)","export","Export","grey","","","CORRECTLY-OFF","true","Not used for this section","No resolved feature reader.","Tick has no resolved feature effect"
"app_management","App Management (legacy)","approve","Approve","grey","","","CORRECTLY-OFF","true","Not used for this section","No resolved feature reader.","Tick has no resolved feature effect"
"app_management","App Management (legacy)","notify","Notify","grey","","","CORRECTLY-OFF","true","Not used for this section","No resolved feature reader.","Tick has no resolved feature effect"
