file,source,name,call
"client/src/components/ActivityReceiptStrip.tsx","client/src/components/ActivityReceiptStrip.tsx:149","useQuery","useQuery<ArrangementRow[]>({ queryKey: [""earthwork-arrangements-item"", boqProjectId, boqItemId], queryFn: async () => { const res = await fetch(`/api/boq/projects/${boqProjectId}/earthwork-arrangements/item/${boqItemId}`, { credentials: ""include"" }); if (!res.ok) return []; return res.json(); }, })"
"client/src/components/ActivityReceiptStrip.tsx","client/src/components/ActivityReceiptStrip.tsx:152","fetch","fetch(`/api/boq/projects/${boqProjectId}/earthwork-arrangements/item/${boqItemId}`, { credentials: ""include"" })"
"client/src/components/ActivityReceiptStrip.tsx","client/src/components/ActivityReceiptStrip.tsx:157","useQuery","useQuery<ArrangementBarAllocation[]>({ queryKey: [""arrangement-programme-allocations"", boqProjectId], queryFn: async () => { const res = await fetch(`/api/boq/projects/${boqProjectId}/arrangement-programme-allocations`, { credentials: ""include"" }); if (!res.ok) return []; return res.json(); }, })"
"client/src/components/ActivityReceiptStrip.tsx","client/src/components/ActivityReceiptStrip.tsx:160","fetch","fetch(`/api/boq/projects/${boqProjectId}/arrangement-programme-allocations`, { credentials: ""include"" })"
"client/src/components/ActivityReceiptStrip.tsx","client/src/components/ActivityReceiptStrip.tsx:165","useQuery","useQuery<SiteMaterialTrip[]>({ queryKey: [""/api/site-material-trips"", siteName, date], queryFn: async () => { const res = await fetch(`/api/site-material-trips?site=${encodeURIComponent(siteName)}&dateFrom=${date}&dateTo=${date}`, { credentials: ""include"" }); if (!res.ok) return []; return res.json(); }, enabled: !!siteName && !!date, })"
"client/src/components/ActivityReceiptStrip.tsx","client/src/components/ActivityReceiptStrip.tsx:168","fetch","fetch(`/api/site-material-trips?site=${encodeURIComponent(siteName)}&dateFrom=${date}&dateTo=${date}`, { credentials: ""include"" })"
"client/src/components/ActivityReceiptStrip.tsx","client/src/components/ActivityReceiptStrip.tsx:178","useQuery","useQuery<Array<{ id: number; name: string }>>({ queryKey: [""/api/sites""], })"
"client/src/components/ActivityReceiptStrip.tsx","client/src/components/ActivityReceiptStrip.tsx:182","useQuery","useQuery<any[]>({ queryKey: [""/api/site-requirements"", ""daily-fulfilment"", stripSiteId, date], queryFn: async () => { const res = await fetch(`/api/site-requirements?siteId=${stripSiteId}&dateFrom=${date}&dateTo=${date}`, { credentials: ""include"" }); return res.ok ? res.json() : []; }, enabled: stripSiteId != null && !!date, staleTime: 30_000, })"
"client/src/components/ActivityReceiptStrip.tsx","client/src/components/ActivityReceiptStrip.tsx:185","fetch","fetch(`/api/site-requirements?siteId=${stripSiteId}&dateFrom=${date}&dateTo=${date}`, { credentials: ""include"" })"
"client/src/components/ActivityReceiptStrip.tsx","client/src/components/ActivityReceiptStrip.tsx:297","useQuery","useQuery<any>({ queryKey: [""/api/procurement/applicable-pi"", boqProjectId, boqItemId], queryFn: async () => { const res = await fetch(`/api/procurement/applicable-pi?boqProjectId=${boqProjectId}&boqItemId=${boqItemId}`, { credentials: ""include"" }); if (!res.ok) return null; return res.json(); }, enabled: hlcResponsible && !!boqProjectId && !!boqItemId, staleTime: 30_000, })"
"client/src/components/ActivityReceiptStrip.tsx","client/src/components/ActivityReceiptStrip.tsx:300","fetch","fetch(`/api/procurement/applicable-pi?boqProjectId=${boqProjectId}&boqItemId=${boqItemId}`, { credentials: ""include"" })"
"client/src/components/ActivityReceiptStrip.tsx","client/src/components/ActivityReceiptStrip.tsx:346","useQuery","useQuery<SiteMaterialTrip[]>({ queryKey: [""/api/site-material-trips"", ""by-arrangement"", arrangementIdForTotals], queryFn: async () => { const res = await fetch(`/api/site-material-trips?earthworkArrangementId=${arrangementIdForTotals}`, { credentials: ""include"" }); return res.ok ? res.json() : []; }, enabled: arrangementIdForTotals != null, staleTime: 30_000, })"
"client/src/components/ActivityReceiptStrip.tsx","client/src/components/ActivityReceiptStrip.tsx:349","fetch","fetch(`/api/site-material-trips?earthworkArrangementId=${arrangementIdForTotals}`, { credentials: ""include"" })"
"client/src/components/ActivityReceiptStrip.tsx","client/src/components/ActivityReceiptStrip.tsx:671","useMutation","useMutation({ mutationFn: async (tripId: number) => { const res = await apiRequest(""PATCH"", `/api/site-material-trips/${tripId}`, { boqProjectId: ctx.boqProjectId ?? undefined, boqItemId: ctx.boqItemId ?? undefined, programmeBarId: ctx.programmeBarId ?? undefined, earthworkArrangementId: ctx.earthworkArrangementId ?? undefined, }); return res.json(); }, onSuccess: () => { queryClient.invalidateQueries({ queryKey: [""/api/site-material-trips"", ctx.siteName, ctx.date] }); invalidateSiteMaterialSuggestions(ctx.siteName); queryClient.invalidateQueries({ predicate: (query) => typeof query.queryKey[0] === ""string"" && query.queryKey[0].startsWith(""/api/materials-received"") }); toast({ title: ""Receipt linked"", description: ""The existing receipt is now linked to this activity."" }); }, onError: (e: any) => toast({ title: ""Could not link receipt"", description: e?.message ?? ""You may not have permission to edit receipts."", variant: ""destructive"" }), })"
"client/src/components/ActivityReceiptStrip.tsx","client/src/components/ActivityReceiptStrip.tsx:673","apiRequest","apiRequest(""PATCH"", `/api/site-material-trips/${tripId}`, { boqProjectId: ctx.boqProjectId ?? undefined, boqItemId: ctx.boqItemId ?? undefined, programmeBarId: ctx.programmeBarId ?? undefined, earthworkArrangementId: ctx.earthworkArrangementId ?? undefined, })"
"client/src/components/ActivityReceiptStrip.tsx","client/src/components/ActivityReceiptStrip.tsx:693","useMutation","useMutation({ mutationFn: async () => { for (const t of trips) { await apiRequest(""PATCH"", `/api/site-material-trips/${t.id}`, { boqProjectId: ctx.boqProjectId ?? undefined, boqItemId: ctx.boqItemId ?? undefined, programmeBarId: ctx.programmeBarId ?? undefined, earthworkArrangementId: ctx.earthworkArrangementId ?? undefined, }); } }, onSuccess: () => { queryClient.invalidateQueries({ queryKey: [""/api/site-material-trips"", ctx.siteName, ctx.date] }); invalidateSiteMaterialSuggestions(ctx.siteName); queryClient.invalidateQueries({ predicate: (query) => typeof query.queryKey[0] === ""string"" && query.queryKey[0].startsWith(""/api/materials-received"") }); toast({ title: ""Receipts linked"", description: `${trips.length} receipts are now linked to this activity.` }); }, onError: (e: any) => toast({ title: ""Could not link all receipts"", description: e?.message ?? ""Some receipts may not have been linked — check and retry."", variant: ""destructive"" }), })"
"client/src/components/ActivityReceiptStrip.tsx","client/src/components/ActivityReceiptStrip.tsx:696","apiRequest","apiRequest(""PATCH"", `/api/site-material-trips/${t.id}`, { boqProjectId: ctx.boqProjectId ?? undefined, boqItemId: ctx.boqItemId ?? undefined, programmeBarId: ctx.programmeBarId ?? undefined, earthworkArrangementId: ctx.earthworkArrangementId ?? undefined, })"
"client/src/components/ActivityReceiptStrip.tsx","client/src/components/ActivityReceiptStrip.tsx:828","useMutation","useMutation({ mutationFn: async () => { // The EXISTING Site Material Trip transaction — prefilled context, the // engineer supplies only the actual evidence. No DPR-only duplicate. const res = await apiRequest(""POST"", ""/api/site-material-trips"", { date: props.date, time: form.time, site: props.siteName, material: arrangement?.materialLabel || dailyMaterialName || """", supplier: form.supplier.trim() || supplierToday, vehicleNumber: form.vehicleNumber, quantity: parseFloat(form.quantity) || 0, uom: form.uom, location: form.location, receiptNumber: form.receiptNumber, notes: form.notes, workType: ""road"", boqProjectId: props.boqProjectId, boqItemId: props.boqItemId, programmeBarId: props.programmeBarId ?? undefined, earthworkArrangementId: arrangementIdForTrip, transportType: dailyOverride?.fulfilmentType === ""hlc"" ? ""in_house"" : ""agency_vendor"", // 06S §3: auto-attach the single matched PI — never on ambiguity/none. indentId: piMatch?.indentId ?? undefined, indentItemId: piMatch?.indentItemId ?? undefined, // 06S §6: unloading destination (omitting = stretch; send explicitly). unloadedAt: form.unloadedAt, yardLabel: form.unloadedAt === ""yard"" ? form.yardLabel : undefined, }); return res.json(); }, onSuccess: async (trip: any) => { for (const file of stagedPhotos) { const uploadResponse = await uploadFile(file); if (!uploadResponse) continue; try { await apiRequest(""POST"", ""/api/attachments"", { moduleType: ""site_material_trip"", linkedRecordId: trip.id, fileName: file.name, objectPath: uploadResponse.objectPath, mimeType: file.type || ""application/octet-stream"", fileSize: file.size, }); } catch { toast({ title: ""Some photos failed to attach"", description: file.name, variant: ""destructive"" }); } } queryClient.invalidateQueries({ queryKey: [""/api/site-material-trips"", props.siteName, props.date] }); queryClient.invalidateQueries({ queryKey: [""/api/site-material-trips""] }); invalidateSiteMaterialSuggestions(props.siteName); queryClient.invalidateQueries({ predicate: (query) => typeof query.queryKey[0] === ""string"" && query.queryKey[0].startsWith(""/api/materials-received"") }); // 06G rapid repeat-trip mode: the dialog STAYS OPEN. Keep all context; // clear only the truck-specific fields; refresh time; focus vehicle no. setStagedPhotos([]); setForm((f) => ({ ...f, vehicleNumber: """", quantity: """", receiptNumber: """", notes: """", time: format(new Date(), ""HH:mm""), })); setSessionTrips((n) => n + 1); toast({ title: ""Trip added"", description: ""Saved and linked. Ready for the next truck."" }); setTimeout(() => vehicleRef.current?.focus(), 50); }, onError: (e: any) => toast({ title: ""Could not record receipt"", description: e?.message ?? ""Check your Site Materials permission."", variant: ""destructive"" }), })"
"client/src/components/ActivityReceiptStrip.tsx","client/src/components/ActivityReceiptStrip.tsx:832","apiRequest","apiRequest(""POST"", ""/api/site-material-trips"", { date: props.date, time: form.time, site: props.siteName, material: arrangement?.materialLabel || dailyMaterialName || """", supplier: form.supplier.trim() || supplierToday, vehicleNumber: form.vehicleNumber, quantity: parseFloat(form.quantity) || 0, uom: form.uom, location: form.location, receiptNumber: form.receiptNumber, notes: form.notes, workType: ""road"", boqProjectId: props.boqProjectId, boqItemId: props.boqItemId, programmeBarId: props.programmeBarId ?? undefined, earthworkArrangementId: arrangementIdForTrip, transportType: dailyOverride?.fulfilmentType === ""hlc"" ? ""in_house"" : ""agency_vendor"", // 06S §3: auto-attach the single matched PI — never on ambiguity/none. indentId: piMatch?.indentId ?? undefined, indentItemId: piMatch?.indentItemId ?? undefined, // 06S §6: unloading destination (omitting = stretch; send explicitly). unloadedAt: form.unloadedAt, yardLabel: form.unloadedAt === ""yard"" ? form.yardLabel : undefined, })"
"client/src/components/ActivityReceiptStrip.tsx","client/src/components/ActivityReceiptStrip.tsx:864","apiRequest","apiRequest(""POST"", ""/api/attachments"", { moduleType: ""site_material_trip"", linkedRecordId: trip.id, fileName: file.name, objectPath: uploadResponse.objectPath, mimeType: file.type || ""application/octet-stream"", fileSize: file.size, })"
"client/src/components/AdminNotifications.tsx","client/src/components/AdminNotifications.tsx:58","useQuery","useQuery<Notification[]>({ queryKey: [""/api/notifications""], refetchInterval: 30000, })"
"client/src/components/AdminNotifications.tsx","client/src/components/AdminNotifications.tsx:63","useQuery","useQuery<{ count: number }>({ queryKey: [""/api/notifications/unread-count""], refetchInterval: 30000, })"
"client/src/components/AdminNotifications.tsx","client/src/components/AdminNotifications.tsx:77","useMutation","useMutation({ mutationFn: async (id: number) => { await apiRequest(""PATCH"", `/api/notifications/${id}/read`); }, onSuccess: () => { queryClient.invalidateQueries({ queryKey: [""/api/notifications""] }); queryClient.invalidateQueries({ queryKey: [""/api/notifications/unread-count""] }); }, })"
"client/src/components/AdminNotifications.tsx","client/src/components/AdminNotifications.tsx:79","apiRequest","apiRequest(""PATCH"", `/api/notifications/${id}/read`)"
"client/src/components/AdminNotifications.tsx","client/src/components/AdminNotifications.tsx:87","useMutation","useMutation({ mutationFn: async () => { await apiRequest(""PATCH"", ""/api/notifications/read-all""); }, onSuccess: () => { queryClient.invalidateQueries({ queryKey: [""/api/notifications""] }); queryClient.invalidateQueries({ queryKey: [""/api/notifications/unread-count""] }); }, })"
"client/src/components/AdminNotifications.tsx","client/src/components/AdminNotifications.tsx:89","apiRequest","apiRequest(""PATCH"", ""/api/notifications/read-all"")"
"client/src/components/AdminNotifications.tsx","client/src/components/AdminNotifications.tsx:97","useMutation","useMutation({ mutationFn: async (id: number) => { await apiRequest(""DELETE"", `/api/notifications/${id}`); }, onSuccess: () => { queryClient.invalidateQueries({ queryKey: [""/api/notifications""] }); queryClient.invalidateQueries({ queryKey: [""/api/notifications/unread-count""] }); }, })"
"client/src/components/AdminNotifications.tsx","client/src/components/AdminNotifications.tsx:99","apiRequest","apiRequest(""DELETE"", `/api/notifications/${id}`)"
"client/src/components/ArrangementOutcomeControl.tsx","client/src/components/ArrangementOutcomeControl.tsx:58","useQueryClient","useQueryClient()"
"client/src/components/ArrangementOutcomeControl.tsx","client/src/components/ArrangementOutcomeControl.tsx:73","useQuery","useQuery<{ latestOutcome: OutcomeEvent | null; outcomeHistory: OutcomeEvent[] }>({ queryKey, queryFn: async () => { const response = await fetch(`/api/dpr/programme-bar-outcomes?projectId=${projectId}&programmeBarId=${programmeBarId}`, { credentials: ""include"" }); if (!response.ok) throw new Error(""Could not load arrangement status history""); return response.json(); }, })"
"client/src/components/ArrangementOutcomeControl.tsx","client/src/components/ArrangementOutcomeControl.tsx:76","fetch","fetch(`/api/dpr/programme-bar-outcomes?projectId=${projectId}&programmeBarId=${programmeBarId}`, { credentials: ""include"" })"
"client/src/components/ArrangementOutcomeControl.tsx","client/src/components/ArrangementOutcomeControl.tsx:82","useMutation","useMutation({ mutationFn: async () => { if (requiresReason && !reason) throw new Error(""Select a reason.""); if (reason === ""other"" && !reasonOther.trim()) throw new Error(""Enter the other reason.""); if (outcome === ""rescheduled"" && !rescheduledDate) throw new Error(""Select the rescheduled date.""); if (needsAcceptedQty && (actualQuantity === """" || !Number.isFinite(Number(actualQuantity)) || Number(actualQuantity) < 0 || !actualUom.trim())) { throw new Error(""Accepted quantity and UOM are required when Override is used.""); } if (needsAcceptedQty && !reason) { throw new Error(""Select a reason when an accepted quantity override is used.""); } const response = await fetch(""/api/dpr/programme-bar-outcomes"", { method: ""POST"", credentials: ""include"", headers: { ""Content-Type"": ""application/json"" }, body: JSON.stringify({ programmeBarId, eventDate, outcome, reason: (requiresReason || needsAcceptedQty) ? reason : null, reasonOther: (requiresReason || needsAcceptedQty) && reason === ""other"" ? reasonOther.trim() : null, rescheduledDate: outcome === ""rescheduled"" ? rescheduledDate : null, actualQuantity: needsAcceptedQty ? Number(actualQuantity) : null, actualUom: needsAcceptedQty ? actualUom.trim() : null, remarks: remarks.trim() || null, }), }); const body = await response.json(); if (!response.ok) throw new Error(body.message ?? `Could not record status (${response.status})`); return body; }, onSuccess: async () => { await Promise.all([ queryClient.invalidateQueries({ queryKey }), queryClient.invalidateQueries({ queryKey: [""/api/dpr/programme-bars"", projectId] }), ]); setReason(""""); setReasonOther(""""); setRescheduledDate(""""); setActualQuantity(""""); setRemarks(""""); setOverrideAcceptedQty(false); toast({ title: ""Arrangement status recorded"", description: ""The immutable history has been preserved."" }); }, onError: (error: Error) => toast({ title: ""Could not record arrangement status"", description: error.message, variant: ""destructive"" }), })"
"client/src/components/ArrangementOutcomeControl.tsx","client/src/components/ArrangementOutcomeControl.tsx:93","fetch","fetch(""/api/dpr/programme-bar-outcomes"", { method: ""POST"", credentials: ""include"", headers: { ""Content-Type"": ""application/json"" }, body: JSON.stringify({ programmeBarId, eventDate, outcome, reason: (requiresReason || needsAcceptedQty) ? reason : null, reasonOther: (requiresReason || needsAcceptedQty) && reason === ""other"" ? reasonOther.trim() : null, rescheduledDate: outcome === ""rescheduled"" ? rescheduledDate : null, actualQuantity: needsAcceptedQty ? Number(actualQuantity) : null, actualUom: needsAcceptedQty ? actualUom.trim() : null, remarks: remarks.trim() || null, }), })"
"client/src/components/AttachmentGallery.tsx","client/src/components/AttachmentGallery.tsx:34","useQuery","useQuery<Attachment[]>({ queryKey: [""/api/attachments"", moduleType, linkedRecordId], queryFn: async () => { const params = new URLSearchParams({ moduleType, linkedRecordId: String(linkedRecordId), }); const res = await apiRequest(""GET"", `/api/attachments?${params.toString()}`); return res.json(); }, enabled: Number.isFinite(linkedRecordId) && linkedRecordId > 0, })"
"client/src/components/AttachmentGallery.tsx","client/src/components/AttachmentGallery.tsx:41","apiRequest","apiRequest(""GET"", `/api/attachments?${params.toString()}`)"
"client/src/components/AttachmentGallery.tsx","client/src/components/AttachmentGallery.tsx:110","useMutation","useMutation({ mutationFn: async (id: number) => { await apiRequest(""DELETE"", `/api/attachments/${id}`); }, onSuccess: () => { queryClient.invalidateQueries({ queryKey: [""/api/attachments"", moduleType, linkedRecordId] }); }, onError: (err: any) => { toast({ title: ""Failed to delete attachment"", description: err?.message, variant: ""destructive"" }); }, })"
"client/src/components/AttachmentGallery.tsx","client/src/components/AttachmentGallery.tsx:112","apiRequest","apiRequest(""DELETE"", `/api/attachments/${id}`)"
"client/src/components/AttachmentUploader.tsx","client/src/components/AttachmentUploader.tsx:86","apiRequest","apiRequest(""POST"", ""/api/attachments"", { moduleType, linkedRecordId, siteId: siteId ?? null, boqProjectId: boqProjectId ?? null, boqItemId: boqItemId ?? null, structureId: structureId ?? null, equipmentId: equipmentId ?? null, materialId: materialId ?? null, fileName: file.name, objectPath: uploadResponse.objectPath, mimeType: file.type || ""application/octet-stream"", fileSize: file.size, caption: caption ?? null, docType: docType ?? null, })"
"client/src/components/BarArrangementPanel.tsx","client/src/components/BarArrangementPanel.tsx:68","useQueryClient","useQueryClient()"
"client/src/components/BarArrangementPanel.tsx","client/src/components/BarArrangementPanel.tsx:77","useQuery","useQuery<Arrangement[]>({ queryKey: [""earthwork-arrangements-item"", projectId, boqItemId], queryFn: async () => { const res = await fetch(`/api/boq/projects/${projectId}/earthwork-arrangements/item/${boqItemId}`, { credentials: ""include"" }); if (!res.ok) return []; return res.json(); }, enabled: open, })"
"client/src/components/BarArrangementPanel.tsx","client/src/components/BarArrangementPanel.tsx:80","fetch","fetch(`/api/boq/projects/${projectId}/earthwork-arrangements/item/${boqItemId}`, { credentials: ""include"" })"
"client/src/components/BarArrangementPanel.tsx","client/src/components/BarArrangementPanel.tsx:87","useQuery","useQuery<BarAllocation[]>({ queryKey: [""/api/boq/projects"", projectId, ""arrangement-programme-allocations""], queryFn: async () => { const res = await fetch(`/api/boq/projects/${projectId}/arrangement-programme-allocations`, { credentials: ""include"" }); if (!res.ok) return []; return res.json(); }, enabled: open, })"
"client/src/components/BarArrangementPanel.tsx","client/src/components/BarArrangementPanel.tsx:90","fetch","fetch(`/api/boq/projects/${projectId}/arrangement-programme-allocations`, { credentials: ""include"" })"
"client/src/components/BarArrangementPanel.tsx","client/src/components/BarArrangementPanel.tsx:129","useMutation","useMutation({ mutationFn: async () => { const res = await fetch(`/api/earthwork-arrangements/${linkArrId}/programme-allocations`, { method: ""POST"", credentials: ""include"", headers: { ""Content-Type"": ""application/json"" }, body: JSON.stringify({ programmeBarId: barId, allocatedQty: Number(linkQty) }), }); const data = await res.json(); if (!res.ok) throw new Error(data.message ?? data.error ?? `Error ${res.status}`); return data; }, onSuccess: () => { toast({ title: ""Arrangement linked to stretch"", description: `${linkQty} ${unit} now phased to this bar's programme.` }); setLinkArrId(null); setLinkQty(""""); refresh(); }, onError: (err: Error) => toast({ title: ""Link failed"", description: err.message, variant: ""destructive"" }), })"
"client/src/components/BarArrangementPanel.tsx","client/src/components/BarArrangementPanel.tsx:131","fetch","fetch(`/api/earthwork-arrangements/${linkArrId}/programme-allocations`, { method: ""POST"", credentials: ""include"", headers: { ""Content-Type"": ""application/json"" }, body: JSON.stringify({ programmeBarId: barId, allocatedQty: Number(linkQty) }), })"
"client/src/components/BarArrangementPanel.tsx","client/src/components/BarArrangementPanel.tsx:151","useMutation","useMutation({ mutationFn: async () => { const res = await fetch(`/api/boq/items/${boqItemId}/bulk-classification`, { method: ""PATCH"", credentials: ""include"", headers: { ""Content-Type"": ""application/json"" }, body: JSON.stringify({ classification: overrideValue, reason: overrideReason || undefined }), }); const data = await res.json(); if (!res.ok) throw new Error(data.message ?? data.error ?? `Error ${res.status}`); return data; }, onSuccess: () => { toast({ title: ""Classification updated"", description: ""Manual override recorded; it takes precedence over auto-detection."" }); setOverrideValue(""""); setOverrideReason(""""); refresh(); queryClient.invalidateQueries({ queryKey: [""boq-items""] }); }, onError: (err: Error) => toast({ title: ""Override failed"", description: err.message, variant: ""destructive"" }), })"
"client/src/components/BarArrangementPanel.tsx","client/src/components/BarArrangementPanel.tsx:153","fetch","fetch(`/api/boq/items/${boqItemId}/bulk-classification`, { method: ""PATCH"", credentials: ""include"", headers: { ""Content-Type"": ""application/json"" }, body: JSON.stringify({ classification: overrideValue, reason: overrideReason || undefined }), })"
"client/src/components/BarArrangementPanel.tsx","client/src/components/BarArrangementPanel.tsx:171","useMutation","useMutation({ mutationFn: async (alloc: BarAllocation) => { const res = await fetch(`/api/earthwork-arrangements/${alloc.arrangementId}/programme-allocations/${alloc.id}`, { method: ""DELETE"", credentials: ""include"", }); if (!res.ok) throw new Error(""Unlink failed""); }, onSuccess: () => { toast({ title: ""Stretch link removed"", description: ""Quantity falls back to whole-item (legacy) timing."" }); refresh(); }, onError: (err: Error) => toast({ title: ""Unlink failed"", description: err.message, variant: ""destructive"" }), })"
"client/src/components/BarArrangementPanel.tsx","client/src/components/BarArrangementPanel.tsx:173","fetch","fetch(`/api/earthwork-arrangements/${alloc.arrangementId}/programme-allocations/${alloc.id}`, { method: ""DELETE"", credentials: ""include"", })"
"client/src/components/BoqImportWizard.tsx","client/src/components/BoqImportWizard.tsx:123","useMutation","useMutation({ mutationFn: ({ items, mode }: { items: any[]; mode: ""append"" | ""replace"" }) => apiRequest(""POST"", `/api/boq/projects/${projectId}/import`, { items, mode }), onSuccess: async (res) => { const result = await res.json(); await queryClient.invalidateQueries({ queryKey: [""/api/boq/projects""] }); await queryClient.invalidateQueries({ queryKey: [""/api/boq/projects"", projectId, ""items""] }); onSuccess(result); }, onError: () => toast({ title: ""Import failed"", variant: ""destructive"" }), })"
"client/src/components/BoqImportWizard.tsx","client/src/components/BoqImportWizard.tsx:125","apiRequest","apiRequest(""POST"", `/api/boq/projects/${projectId}/import`, { items, mode })"
"client/src/components/BulkTripArrangement.tsx","client/src/components/BulkTripArrangement.tsx:19","useQuery","useQuery<ArrangementOption[]>({ queryKey:[""/api/site-material-trips/arrangement-options"",filters.site], queryFn: async () => { const rows = await (await apiRequest(""GET"",`/api/site-material-trips/arrangement-options?site=${encodeURIComponent(filters.site!)}`)).json(); if (!Array.isArray(rows)) throw Error(""Invalid arrangement response.""); return rows; }, enabled:expanded && !!filters.site, })"
"client/src/components/BulkTripArrangement.tsx","client/src/components/BulkTripArrangement.tsx:22","(await apiRequest(""GET"",`/api/site-material-trips/arrangement-options?site=${encodeURIComponent(filters.site!)}`)).json","(await apiRequest(""GET"",`/api/site-material-trips/arrangement-options?site=${encodeURIComponent(filters.site!)}`)).json()"
"client/src/components/BulkTripArrangement.tsx","client/src/components/BulkTripArrangement.tsx:22","apiRequest","apiRequest(""GET"",`/api/site-material-trips/arrangement-options?site=${encodeURIComponent(filters.site!)}`)"
"client/src/components/BulkTripArrangement.tsx","client/src/components/BulkTripArrangement.tsx:33","useQuery","useQuery<TripArrangementPreview>({ queryKey:[""trip-arrangement-preview"",payload], queryFn:async ()=>(await apiRequest(""POST"",""/api/site-material-trips/arrangement/preview"",payload)).json(), enabled:!!ready, })"
"client/src/components/BulkTripArrangement.tsx","client/src/components/BulkTripArrangement.tsx:35","(await apiRequest(""POST"",""/api/site-material-trips/arrangement/preview"",payload)).json","(await apiRequest(""POST"",""/api/site-material-trips/arrangement/preview"",payload)).json()"
"client/src/components/BulkTripArrangement.tsx","client/src/components/BulkTripArrangement.tsx:35","apiRequest","apiRequest(""POST"",""/api/site-material-trips/arrangement/preview"",payload)"
"client/src/components/BulkTripArrangement.tsx","client/src/components/BulkTripArrangement.tsx:38","useMutation","useMutation({ mutationFn:async ()=>{ if(!confirmation || !ready) throw Error(""Review the current filters before linking.""); return (await apiRequest(""POST"",""/api/site-material-trips/arrangement/bulk"",{...payload,previewToken:confirmation.previewToken})).json(); }, onSuccess:result=>{ setConfirmation(null); setMessage(`Linked ${result.updatedCount} trips. ${result.exclusionMessage || """"} No other trip fields were changed.`); queryClient.invalidateQueries({predicate:q=>String(q.queryKey[0]).startsWith(""/api/site-material-trips"")}); queryClient.invalidateQueries({queryKey:[""trip-arrangement-preview""]}); queryClient.invalidateQueries({predicate:q=>String(q.queryKey[0]).startsWith(""/api/materials-received"")}); }, onError:error=>{setConfirmation(null);setMessage(error.message);void preview.refetch();}, })"
"client/src/components/BulkTripArrangement.tsx","client/src/components/BulkTripArrangement.tsx:41","(await apiRequest(""POST"",""/api/site-material-trips/arrangement/bulk"",{...payload,previewToken:confirmation.previewToken})).json","(await apiRequest(""POST"",""/api/site-material-trips/arrangement/bulk"",{...payload,previewToken:confirmation.previewToken})).json()"
"client/src/components/BulkTripArrangement.tsx","client/src/components/BulkTripArrangement.tsx:41","apiRequest","apiRequest(""POST"",""/api/site-material-trips/arrangement/bulk"",{...payload,previewToken:confirmation.previewToken})"
"client/src/components/BulkTripArrangement.tsx","client/src/components/BulkTripArrangement.tsx:50","preview.refetch","preview.refetch()"
"client/src/components/BulkTripArrangement.tsx","client/src/components/BulkTripArrangement.tsx:70","options.refetch","options.refetch()"
"client/src/components/BulkTripArrangement.tsx","client/src/components/BulkTripArrangement.tsx:80","preview.refetch","preview.refetch()"
"client/src/components/CancelDialog.tsx","client/src/components/CancelDialog.tsx:37","useMutation","useMutation({ mutationFn: async () => { await apiRequest(""POST"", cancelUrl, { reason: reason.trim() }); }, onSuccess: () => { invalidateQueryKeys.forEach((key) => { queryClient.invalidateQueries({ queryKey: Array.isArray(key) ? key : [key] }); }); toast({ title: ""Cancelled"", description: `${recordLabel} has been cancelled.` }); setReason(""""); onOpenChange(false); onCancelled?.(); }, onError: (err: any) => { toast({ title: ""Cancellation failed"", description: err.message, variant: ""destructive"" }); }, })"
"client/src/components/CancelDialog.tsx","client/src/components/CancelDialog.tsx:39","apiRequest","apiRequest(""POST"", cancelUrl, { reason: reason.trim() })"
"client/src/components/ChainageOverlapGuard.tsx","client/src/components/ChainageOverlapGuard.tsx:125","useQuery","useQuery<{ entries: (PriorChainageEntry & { activity?: string | null; chainageFrom?: string | null; chainageTo?: string | null })[] }>({ queryKey: [""/api/dprs/chainage-overlap-context"", key, excludeDprId ?? null], queryFn: async () => { const params = new URLSearchParams({ boqItemIds: key }); if (excludeDprId != null) params.set(""excludeDprId"", String(excludeDprId)); const res = await fetch(`/api/dprs/chainage-overlap-context?${params}`, { credentials: ""include"" }); if (!res.ok) throw new Error(""Failed to load overlap context""); return res.json(); }, enabled: ids.length > 0, staleTime: 60_000, })"
"client/src/components/ChainageOverlapGuard.tsx","client/src/components/ChainageOverlapGuard.tsx:130","fetch","fetch(`/api/dprs/chainage-overlap-context?${params}`, { credentials: ""include"" })"
"client/src/components/CutFillOutcomeControls.tsx","client/src/components/CutFillOutcomeControls.tsx:64","useQuery","useQuery<any>({ queryKey: [""/api/earthwork-arrangements"", arrangementId], queryFn: async () => { const r = await fetch(`/api/earthwork-arrangements/${arrangementId}`, { credentials: ""include"" }); return r.ok ? r.json() : null; }, enabled: fillMode && !!arrangementId, })"
"client/src/components/CutFillOutcomeControls.tsx","client/src/components/CutFillOutcomeControls.tsx:66","fetch","fetch(`/api/earthwork-arrangements/${arrangementId}`, { credentials: ""include"" })"
"client/src/components/CutFillOutcomeControls.tsx","client/src/components/CutFillOutcomeControls.tsx:69","useQuery","useQuery<{ sources: CutFillSourceOption[] }>({ queryKey: [""/api/boq/projects"", projectId, ""cut-fill-sources""], queryFn: async () => { const r = await fetch(`/api/boq/projects/${projectId}/cut-fill-sources`, { credentials: ""include"" }); return r.ok ? r.json() : { sources: [] }; }, enabled: !!projectId && fillMode, })"
"client/src/components/CutFillOutcomeControls.tsx","client/src/components/CutFillOutcomeControls.tsx:71","fetch","fetch(`/api/boq/projects/${projectId}/cut-fill-sources`, { credentials: ""include"" })"
"client/src/components/CutFillOutcomeControls.tsx","client/src/components/CutFillOutcomeControls.tsx:74","useQuery","useQuery<any>({ queryKey: [""/api/boq/projects"", projectId, ""cut-fill-reconciliation""], queryFn: async () => { const r = await fetch(`/api/boq/projects/${projectId}/cut-fill-reconciliation`, { credentials: ""include"" }); return r.ok ? r.json() : null; }, enabled: !!projectId && fillMode, })"
"client/src/components/CutFillOutcomeControls.tsx","client/src/components/CutFillOutcomeControls.tsx:76","fetch","fetch(`/api/boq/projects/${projectId}/cut-fill-reconciliation`, { credentials: ""include"" })"
"client/src/components/DailyDieselReport.tsx","client/src/components/DailyDieselReport.tsx:27","useQuery","useQuery<Report>({ queryKey: [""/api/diesel-requirements/daily-report"", params.toString()], enabled: valid, queryFn: async () => { const response = await fetch(`/api/diesel-requirements/daily-report?${params}`); if (!response.ok) throw new Error((await response.json()).message || ""Unable to load daily report""); return response.json(); }, })"
"client/src/components/DailyDieselReport.tsx","client/src/components/DailyDieselReport.tsx:31","fetch","fetch(`/api/diesel-requirements/daily-report?${params}`)"
"client/src/components/DailyDieselReport.tsx","client/src/components/DailyDieselReport.tsx:38","setExportError","setExportError("""")"
"client/src/components/DailyDieselReport.tsx","client/src/components/DailyDieselReport.tsx:80","setExportError","setExportError(e instanceof Error ? e.message : ""Export failed"")"
"client/src/components/DailyDieselReport.tsx","client/src/components/DailyDieselReport.tsx:94","exportReport","exportReport(""pdf"")"
"client/src/components/DailyDieselReport.tsx","client/src/components/DailyDieselReport.tsx:95","exportReport","exportReport(""xlsx"")"
"client/src/components/DprDayTripsPanel.tsx","client/src/components/DprDayTripsPanel.tsx:18","useQuery","useQuery<SiteMaterialTrip[]>({ queryKey: [""/api/site-material-trips"", siteName, date], queryFn: async () => { const res = await fetch(`/api/site-material-trips?site=${encodeURIComponent(siteName)}&dateFrom=${date}&dateTo=${date}`, { credentials: ""include"" }); return res.ok ? res.json() : []; }, enabled: !!siteName && !!date, })"
"client/src/components/DprDayTripsPanel.tsx","client/src/components/DprDayTripsPanel.tsx:21","fetch","fetch(`/api/site-material-trips?site=${encodeURIComponent(siteName)}&dateFrom=${date}&dateTo=${date}`, { credentials: ""include"" })"
"client/src/components/DprEquipmentCompact.tsx","client/src/components/DprEquipmentCompact.tsx:220","fetchLatestPriorClosing(equipmentId, beforeDate, site).then","fetchLatestPriorClosing(equipmentId, beforeDate, site).then(data => { if (cancelled || data.closingReading == null || readingContinuityAppliedFor.current === requestKey) return; readingContinuityAppliedFor.current = requestKey; const patch: Partial<DprEquipmentFields> = { openingReading: Number(data.closingReading) }; if (isIdle && row.closingReading == null && !closingReadingEdited.current) { patch.closingReading = Number(data.closingReading); } onChange(patch); })"
"client/src/components/DprEquipmentCompact.tsx","client/src/components/DprEquipmentCompact.tsx:220","fetchLatestPriorClosing","fetchLatestPriorClosing(equipmentId, beforeDate, site)"
"client/src/components/DprEquipmentCompact.tsx","client/src/components/DprEquipmentCompact.tsx:236","fetch(`/api/equipment/${row.equipmentId}/latest-confirmed-diesel-tank?beforeDate=${encodeURIComponent(beforeDate)}&site=${encodeURIComponent(site)}`, { credentials: ""include"" })
      .then(res => res.ok ? res.json() : null)
      .then(data => {
        if (cancelled || row.openingDiesel != null || data?.dieselBalanceInTank == null || continuityAppliedFor.current === requestKey) return;
        continuityAppliedFor.current = requestKey;
        const openingDiesel = Number(data.dieselBalanceInTank);
        onChange({
          openingDiesel,
          ...(isIdle && row.dieselBalanceInTank == null && !closingTankEdited.current
            ? { dieselBalanceInTank: openingDiesel }
            : {}),
        });
      })
      .catch","fetch(`/api/equipment/${row.equipmentId}/latest-confirmed-diesel-tank?beforeDate=${encodeURIComponent(beforeDate)}&site=${encodeURIComponent(site)}`, { credentials: ""include"" }) .then(res => res.ok ? res.json() : null) .then(data => { if (cancelled || row.openingDiesel != null || data?.dieselBalanceInTank == null || continuityAppliedFor.current === requestKey) return; continuityAppliedFor.current = requestKey; const openingDiesel = Number(data.dieselBalanceInTank); onChange({ openingDiesel, ...(isIdle && row.dieselBalanceInTank == null && !closingTankEdited.current ? { dieselBalanceInTank: openingDiesel } : {}), }); }) .catch(() => undefined)"
"client/src/components/DprEquipmentCompact.tsx","client/src/components/DprEquipmentCompact.tsx:236","fetch(`/api/equipment/${row.equipmentId}/latest-confirmed-diesel-tank?beforeDate=${encodeURIComponent(beforeDate)}&site=${encodeURIComponent(site)}`, { credentials: ""include"" })
      .then(res => res.ok ? res.json() : null)
      .then","fetch(`/api/equipment/${row.equipmentId}/latest-confirmed-diesel-tank?beforeDate=${encodeURIComponent(beforeDate)}&site=${encodeURIComponent(site)}`, { credentials: ""include"" }) .then(res => res.ok ? res.json() : null) .then(data => { if (cancelled || row.openingDiesel != null || data?.dieselBalanceInTank == null || continuityAppliedFor.current === requestKey) return; continuityAppliedFor.current = requestKey; const openingDiesel = Number(data.dieselBalanceInTank); onChange({ openingDiesel, ...(isIdle && row.dieselBalanceInTank == null && !closingTankEdited.current ? { dieselBalanceInTank: openingDiesel } : {}), }); })"
"client/src/components/DprEquipmentCompact.tsx","client/src/components/DprEquipmentCompact.tsx:236","fetch(`/api/equipment/${row.equipmentId}/latest-confirmed-diesel-tank?beforeDate=${encodeURIComponent(beforeDate)}&site=${encodeURIComponent(site)}`, { credentials: ""include"" })
      .then","fetch(`/api/equipment/${row.equipmentId}/latest-confirmed-diesel-tank?beforeDate=${encodeURIComponent(beforeDate)}&site=${encodeURIComponent(site)}`, { credentials: ""include"" }) .then(res => res.ok ? res.json() : null)"
"client/src/components/DprEquipmentCompact.tsx","client/src/components/DprEquipmentCompact.tsx:236","fetch","fetch(`/api/equipment/${row.equipmentId}/latest-confirmed-diesel-tank?beforeDate=${encodeURIComponent(beforeDate)}&site=${encodeURIComponent(site)}`, { credentials: ""include"" })"
"client/src/components/DprForm.tsx","client/src/components/DprForm.tsx:18","useQuery","useQuery<Site[]>({ queryKey: [""/api/sites""], })"
"client/src/components/DprMaterialsReceived.tsx","client/src/components/DprMaterialsReceived.tsx:68","refetch","refetch()"
"client/src/components/DprMaterialsReceived.tsx","client/src/components/DprMaterialsReceived.tsx:110","useQuery","useQuery<MaterialReceipt[]>({ queryKey: [url], enabled: scoped, })"
"client/src/components/DprPhotoGroups.tsx","client/src/components/DprPhotoGroups.tsx:36","useQuery","useQuery<Attachment[]>({ queryKey: [""/api/attachments"", ""dpr_progress"", dprId], queryFn: async () => { const params = new URLSearchParams({ moduleType: ""dpr_progress"", linkedRecordId: String(dprId) }); const res = await apiRequest(""GET"", `/api/attachments?${params.toString()}`); return res.json(); }, enabled: Number.isFinite(dprId) && dprId > 0, })"
"client/src/components/DprPhotoGroups.tsx","client/src/components/DprPhotoGroups.tsx:40","apiRequest","apiRequest(""GET"", `/api/attachments?${params.toString()}`)"
"client/src/components/DprPreviewDialog.tsx","client/src/components/DprPreviewDialog.tsx:73","useQuery","useQuery<PreviewDpr>({ queryKey: [""/api/dprs"", requestedSavedDprId], queryFn: async () => { if (requestedSavedDprId == null) throw new Error(""A saved DPR ID is required""); const res = await fetch(`/api/dprs/${requestedSavedDprId}`, { credentials: ""include"" }); if (!res.ok) throw new Error(""Failed to load DPR""); return res.json(); }, enabled: requestedSavedDprId != null, staleTime: 60_000, })"
"client/src/components/DprPreviewDialog.tsx","client/src/components/DprPreviewDialog.tsx:77","fetch","fetch(`/api/dprs/${requestedSavedDprId}`, { credentials: ""include"" })"
"client/src/components/DprPreviewDialog.tsx","client/src/components/DprPreviewDialog.tsx:85","useQuery","useQuery<Site[]>({ queryKey: [""/api/sites""] })"
"client/src/components/DryerSourceFixDialog.tsx","client/src/components/DryerSourceFixDialog.tsx:37","useMutation","useMutation({ mutationFn: async (value: DryerSource) => { if (!target) throw new Error(""No target""); if (target.mode === ""shift-log"") { await apiRequest(""PATCH"", `/api/plant-module/shift-logs/${target.recordId}/dryer-source`, { dryerFedFrom: value, }); } else { await apiRequest(""PATCH"", ""/api/plant-module/heating-sessions/align-dryer-source"", { sessionIds: target.sessionIds, targetValue: value, }); } }, onSuccess: () => { queryClient.invalidateQueries({ queryKey: [""/api/plant-module/shift-logs""] }); queryClient.invalidateQueries({ queryKey: [""/api/plant-module/shift-logs/by-date""] }); queryClient.invalidateQueries({ queryKey: [""/api/plant-module/heating-sessions""] }); queryClient.invalidateQueries({ queryKey: [""/api/plant-module/heating-sessions/dryer-source-mismatches""] }); queryClient.invalidateQueries({ queryKey: [""/api/plant-module/daily-reports""] }); queryClient.invalidateQueries({ queryKey: [""/api/plant-module/daily-reports-index""] }); toast({ title: ""Dryer source corrected"" }); setSelected(null); onOpenChange(false); onFixed?.(); }, onError: (err: any) => { toast({ title: ""Save failed"", description: err.message, variant: ""destructive"" }); }, })"
"client/src/components/DryerSourceFixDialog.tsx","client/src/components/DryerSourceFixDialog.tsx:41","apiRequest","apiRequest(""PATCH"", `/api/plant-module/shift-logs/${target.recordId}/dryer-source`, { dryerFedFrom: value, })"
"client/src/components/DryerSourceFixDialog.tsx","client/src/components/DryerSourceFixDialog.tsx:45","apiRequest","apiRequest(""PATCH"", ""/api/plant-module/heating-sessions/align-dryer-source"", { sessionIds: target.sessionIds, targetValue: value, })"
"client/src/components/EarthworkArrangementDialog.tsx","client/src/components/EarthworkArrangementDialog.tsx:241","useQueryClient","useQueryClient()"
"client/src/components/EarthworkArrangementDialog.tsx","client/src/components/EarthworkArrangementDialog.tsx:252","useMutation","useMutation({ mutationFn: async (action: ""approve"" | ""reject"") => { const res = await fetch(`/api/earthwork-arrangements/${arr.id}`, { method: ""PATCH"", credentials: ""include"", headers: { ""Content-Type"": ""application/json"" }, body: JSON.stringify({ revisionAction: action }), }); const data = await res.json(); if (!res.ok) throw new Error(data.message ?? data.error ?? `Error ${res.status}`); return data; }, onSuccess: (_, action) => { toast(action === ""approve"" ? { title: ""Revision approved"", description: ""New terms are now in effect; demand and value figures refresh immediately."" } : { title: ""Revision rejected"", description: ""Proposal kept in history; current terms unchanged."" }); if (projectId != null) invalidateArrangementQueries(queryClient, projectId); onSaved(); }, onError: (err: Error) => toast({ title: ""Revision action failed"", description: err.message, variant: ""destructive"" }), })"
"client/src/components/EarthworkArrangementDialog.tsx","client/src/components/EarthworkArrangementDialog.tsx:254","fetch","fetch(`/api/earthwork-arrangements/${arr.id}`, { method: ""PATCH"", credentials: ""include"", headers: { ""Content-Type"": ""application/json"" }, body: JSON.stringify({ revisionAction: action }), })"
"client/src/components/EarthworkArrangementDialog.tsx","client/src/components/EarthworkArrangementDialog.tsx:282","useMutation","useMutation({ mutationFn: async ({ newStatus, effectiveFrom, reason }: { newStatus: string; effectiveFrom: string; reason?: string }) => { const res = await fetch(`/api/earthwork-arrangements/${arr.id}`, { method: ""PATCH"", credentials: ""include"", headers: { ""Content-Type"": ""application/json"" }, body: JSON.stringify({ status: newStatus, effectiveFrom, statusReason: reason || undefined }), }); const data = await res.json(); if (!res.ok) throw new Error(data.message ?? data.error ?? `Error ${res.status}`); return data; }, onSuccess: (_, variables) => { toast({ title: `Status updated to ${variables.newStatus.replace(/_/g, "" "")}` }); // Instruction 026 A2: demand must refresh immediately on status change if (projectId != null) invalidateArrangementQueries(queryClient, projectId); onSaved(); }, onError: (err: Error) => { toast({ title: ""Status update failed"", description: err.message, variant: ""destructive"" }); }, })"
"client/src/components/EarthworkArrangementDialog.tsx","client/src/components/EarthworkArrangementDialog.tsx:284","fetch","fetch(`/api/earthwork-arrangements/${arr.id}`, { method: ""PATCH"", credentials: ""include"", headers: { ""Content-Type"": ""application/json"" }, body: JSON.stringify({ status: newStatus, effectiveFrom, statusReason: reason || undefined }), })"
"client/src/components/EarthworkArrangementDialog.tsx","client/src/components/EarthworkArrangementDialog.tsx:647","useQueryClient","useQueryClient()"
"client/src/components/EarthworkArrangementDialog.tsx","client/src/components/EarthworkArrangementDialog.tsx:689","useQuery","useQuery<ScopeSegmentRecordLike[]>({ queryKey: [`/api/boq/projects/${projectId}/scope-segments`], queryFn: () => fetch(`/api/boq/projects/${projectId}/scope-segments`, { credentials: ""include"" }).then(r => r.ok ? r.json() : []), enabled: open && projectId > 0, staleTime: 30_000, })"
"client/src/components/EarthworkArrangementDialog.tsx","client/src/components/EarthworkArrangementDialog.tsx:691","fetch(`/api/boq/projects/${projectId}/scope-segments`, { credentials: ""include"" }).then","fetch(`/api/boq/projects/${projectId}/scope-segments`, { credentials: ""include"" }).then(r => r.ok ? r.json() : [])"
"client/src/components/EarthworkArrangementDialog.tsx","client/src/components/EarthworkArrangementDialog.tsx:691","fetch","fetch(`/api/boq/projects/${projectId}/scope-segments`, { credentials: ""include"" })"
"client/src/components/EarthworkArrangementDialog.tsx","client/src/components/EarthworkArrangementDialog.tsx:695","useQuery","useQuery<any[]>({ queryKey: [""/api/boq/projects"", projectId, ""items"", ""cut-fill""], queryFn: async () => { const response = await fetch(`/api/boq/projects/${projectId}/items`, { credentials: ""include"" }); return response.ok ? response.json() : []; }, enabled: open && projectId > 0 && arrangementType === ""reused_excavated"", })"
"client/src/components/EarthworkArrangementDialog.tsx","client/src/components/EarthworkArrangementDialog.tsx:698","fetch","fetch(`/api/boq/projects/${projectId}/items`, { credentials: ""include"" })"
"client/src/components/EarthworkArrangementDialog.tsx","client/src/components/EarthworkArrangementDialog.tsx:950","fetch","fetch(url, { method, credentials: ""include"", headers: { ""Content-Type"": ""application/json"" }, body: JSON.stringify(body), })"
"client/src/components/EarthworkArrangementDialog.tsx","client/src/components/EarthworkArrangementDialog.tsx:971","useMutation","useMutation({ mutationFn: async () => sendArrangement(buildBody(""draft"")), onSuccess: (data: any) => { if (data?.revisionPending) { toast({ title: ""Revision submitted for approval"", description: ""Current approved values stay in effect until the revision is approved."" }); } else if (data?.appliedNow) { toast({ title: ""Changes applied immediately"", description: ""Recorded as an approved revision (Edit and Apply Now)."" }); } else { toast({ title: isOperationalEdit ? ""Changes saved"" : ""Draft saved"", description: `Arrangement saved for ${materialLabel}` }); } invalidateArrangementQueries(queryClient, projectId); onSaved(); onClose(); }, onError: onSaveError(""Save failed""), })"
"client/src/components/EarthworkArrangementDialog.tsx","client/src/components/EarthworkArrangementDialog.tsx:989","useMutation","useMutation({ mutationFn: async (mode: ""revise"" | ""reason"" | ""apply_now"") => { const base = editChallenge!.body; const body = mode === ""revise"" ? { ...base, saveIntent: ""revise"", revisionReason: editReason } : mode === ""apply_now"" ? { ...base, saveIntent: ""apply_now"", editReason } : { ...base, editReason }; return sendArrangement(body); }, onSuccess: (data: any, mode) => { setEditChallenge(null); setEditReason(""""); toast(mode === ""revise"" ? { title: ""Revision submitted for approval"", description: ""Current approved values stay in effect until the revision is approved."" } : mode === ""apply_now"" ? { title: ""Changes applied immediately"", description: ""Recorded as an approved revision (Edit and Apply Now)."" } : { title: ""Changes saved"", description: ""Operational change applied and audited."" }); invalidateArrangementQueries(queryClient, projectId); onSaved(); onClose(); }, onError: onSaveError(""Save failed""), })"
"client/src/components/EarthworkArrangementDialog.tsx","client/src/components/EarthworkArrangementDialog.tsx:1015","useMutation","useMutation({ mutationFn: async () => sendArrangement(buildBody(""submit"")), onSuccess: () => { toast({ title: ""Submitted for approval"", description: `Arrangement submitted for ${materialLabel}` }); invalidateArrangementQueries(queryClient, projectId); onSaved(); onClose(); }, onError: onSaveError(""Submit failed""), })"
"client/src/components/EquipmentMasterCreateDialog.tsx","client/src/components/EquipmentMasterCreateDialog.tsx:61","useQuery","useQuery<PlantSettingsWithSite[]>({ queryKey: [""/api/plant-module/plant-settings""], })"
"client/src/components/EquipmentMasterCreateDialog.tsx","client/src/components/EquipmentMasterCreateDialog.tsx:93","useMutation","useMutation({ mutationFn: async (data: Record<string, unknown>) => { const response = await apiRequest(""POST"", ""/api/plant-module/equipment"", data); return response.json() as Promise<EquipmentMasterType>; }, onSuccess: (equipment) => { queryClient.invalidateQueries({ queryKey: [""/api/plant-module/equipment""] }); setOpen(false); reset(); onCreated?.(equipment); toast({ title: ""Equipment created successfully"" }); }, onError: (error: any) => { if (isForbiddenError(error)) { toast({ title: ""Permission denied"", description: NO_CREATE_PERMISSION_DESCRIPTION, variant: ""destructive"" }); } else { toast({ title: ""Error"", description: error.message, variant: ""destructive"" }); } }, })"
"client/src/components/EquipmentMasterCreateDialog.tsx","client/src/components/EquipmentMasterCreateDialog.tsx:95","apiRequest","apiRequest(""POST"", ""/api/plant-module/equipment"", data)"
"client/src/components/ExecutionStateBadge.tsx","client/src/components/ExecutionStateBadge.tsx:41","useQuery","useQuery<ProjectArrangement[]>({ queryKey: [""earthwork-arrangements-project"", projectId], queryFn: async () => { const res = await fetch(`/api/boq/projects/${projectId}/earthwork-arrangements`, { credentials: ""include"" }); if (!res.ok) return []; return res.json(); }, enabled, staleTime: 30_000, })"
"client/src/components/ExecutionStateBadge.tsx","client/src/components/ExecutionStateBadge.tsx:44","fetch","fetch(`/api/boq/projects/${projectId}/earthwork-arrangements`, { credentials: ""include"" })"
"client/src/components/ExecutionStateBadge.tsx","client/src/components/ExecutionStateBadge.tsx:51","useQuery","useQuery<ProjectBarAllocation[]>({ queryKey: [""/api/boq/projects"", projectId, ""arrangement-programme-allocations""], queryFn: async () => { const res = await fetch(`/api/boq/projects/${projectId}/arrangement-programme-allocations`, { credentials: ""include"" }); if (!res.ok) return []; return res.json(); }, enabled, staleTime: 30_000, })"
"client/src/components/ExecutionStateBadge.tsx","client/src/components/ExecutionStateBadge.tsx:54","fetch","fetch(`/api/boq/projects/${projectId}/arrangement-programme-allocations`, { credentials: ""include"" })"
"client/src/components/HeatingSessionDialog.tsx","client/src/components/HeatingSessionDialog.tsx:180","useQuery","useQuery<DgCandidate[]>({ queryKey: [""/api/plant-module/generator-candidates"", { date: form.date, plant: form.plantName }], enabled: open && !!form.date && !!form.plantName, queryFn: async () => { const res = await fetch( `/api/plant-module/generator-candidates?date=${encodeURIComponent(form.date)}&plant=${encodeURIComponent(form.plantName)}`, { credentials: ""include"" } ); if (!res.ok) throw new Error(""Failed to fetch DG candidates""); return res.json(); }, })"
"client/src/components/HeatingSessionDialog.tsx","client/src/components/HeatingSessionDialog.tsx:184","fetch","fetch( `/api/plant-module/generator-candidates?date=${encodeURIComponent(form.date)}&plant=${encodeURIComponent(form.plantName)}`, { credentials: ""include"" } )"
"client/src/components/HeatingSessionDialog.tsx","client/src/components/HeatingSessionDialog.tsx:192","useQuery","useQuery<{ id: number | null; name: string }[]>({ queryKey: [""/api/plant-module/generators""], enabled: open, })"
"client/src/components/HeatingSessionDialog.tsx","client/src/components/HeatingSessionDialog.tsx:215","useQuery","useQuery<{ previousBalance: number; previousClosingReading: number }>({ queryKey: [""/api/plant-module/equipment-usage/previous-balance"", selectedGeneratorEquipmentId], enabled: open && selectedGeneratorEquipmentId != null, queryFn: async () => { const res = await fetch(`/api/plant-module/equipment-usage/previous-balance/${selectedGeneratorEquipmentId}`, { credentials: ""include"" }); if (!res.ok) throw new Error(""Failed to fetch DG tank balance""); return res.json(); }, })"
"client/src/components/HeatingSessionDialog.tsx","client/src/components/HeatingSessionDialog.tsx:219","fetch","fetch(`/api/plant-module/equipment-usage/previous-balance/${selectedGeneratorEquipmentId}`, { credentials: ""include"" })"
"client/src/components/HeatingSessionDialog.tsx","client/src/components/HeatingSessionDialog.tsx:244","fetch(
      `/api/plant-module/ldo-dip-readings?tankNumber=1&readingType=closing&plant=${encodeURIComponent(form.plantName)}&dateTo=${form.date}`,
      { credentials: ""include"" }
    )
      .then(r => r.ok ? r.json() : null)
      .then((rows: any[] | null) => {
        if (cancelled || !rows || !rows.length) return;
        // Take the most recent row before or on the session date
        const sorted = rows
          .filter((r: any) => r.date <= form.date)
          .sort((a: any, b: any) => b.date.localeCompare(a.date) || (b.time || """").localeCompare(a.time || """"));
        const last = sorted[0];
        if (!last || last.depthCm == null) return;
        const next = String(last.depthCm);
        setForm(prev => {
          if (prev.ldoTank1OpeningDip && prev.ldoTank1OpeningDip !== autoFilledDipT1Ref.current) return prev;
          autoFilledDipT1Ref.current = next;
          return { ...prev, ldoTank1OpeningDip: next, autoFilledDipT1: true, autoFilledDipT1Source: `${last.date} closing dip` };
        });
      })
      .catch","fetch( `/api/plant-module/ldo-dip-readings?tankNumber=1&readingType=closing&plant=${encodeURIComponent(form.plantName)}&dateTo=${form.date}`, { credentials: ""include"" } ) .then(r => r.ok ? r.json() : null) .then((rows: any[] | null) => { if (cancelled || !rows || !rows.length) return; // Take the most recent row before or on the session date const sorted = rows .filter((r: any) => r.date <= form.date) .sort((a: any, b: any) => b.date.localeCompare(a.date) || (b.time || """").localeCompare(a.time || """")); const last = sorted[0]; if (!last || last.depthCm == null) return; const next = String(last.depthCm); setForm(prev => { if (prev.ldoTank1OpeningDip && prev.ldoTank1OpeningDip !== autoFilledDipT1Ref.current) return prev; autoFilledDipT1Ref.current = next; return { ...prev, ldoTank1OpeningDip: next, autoFilledDipT1: true, autoFilledDipT1Source: `${last.date} closing dip` }; }); }) .catch(() => {})"
"client/src/components/HeatingSessionDialog.tsx","client/src/components/HeatingSessionDialog.tsx:244","fetch(
      `/api/plant-module/ldo-dip-readings?tankNumber=1&readingType=closing&plant=${encodeURIComponent(form.plantName)}&dateTo=${form.date}`,
      { credentials: ""include"" }
    )
      .then(r => r.ok ? r.json() : null)
      .then","fetch( `/api/plant-module/ldo-dip-readings?tankNumber=1&readingType=closing&plant=${encodeURIComponent(form.plantName)}&dateTo=${form.date}`, { credentials: ""include"" } ) .then(r => r.ok ? r.json() : null) .then((rows: any[] | null) => { if (cancelled || !rows || !rows.length) return; // Take the most recent row before or on the session date const sorted = rows .filter((r: any) => r.date <= form.date) .sort((a: any, b: any) => b.date.localeCompare(a.date) || (b.time || """").localeCompare(a.time || """")); const last = sorted[0]; if (!last || last.depthCm == null) return; const next = String(last.depthCm); setForm(prev => { if (prev.ldoTank1OpeningDip && prev.ldoTank1OpeningDip !== autoFilledDipT1Ref.current) return prev; autoFilledDipT1Ref.current = next; return { ...prev, ldoTank1OpeningDip: next, autoFilledDipT1: true, autoFilledDipT1Source: `${last.date} closing dip` }; }); })"
"client/src/components/HeatingSessionDialog.tsx","client/src/components/HeatingSessionDialog.tsx:244","fetch(
      `/api/plant-module/ldo-dip-readings?tankNumber=1&readingType=closing&plant=${encodeURIComponent(form.plantName)}&dateTo=${form.date}`,
      { credentials: ""include"" }
    )
      .then","fetch( `/api/plant-module/ldo-dip-readings?tankNumber=1&readingType=closing&plant=${encodeURIComponent(form.plantName)}&dateTo=${form.date}`, { credentials: ""include"" } ) .then(r => r.ok ? r.json() : null)"
"client/src/components/HeatingSessionDialog.tsx","client/src/components/HeatingSessionDialog.tsx:244","fetch","fetch( `/api/plant-module/ldo-dip-readings?tankNumber=1&readingType=closing&plant=${encodeURIComponent(form.plantName)}&dateTo=${form.date}`, { credentials: ""include"" } )"
"client/src/components/HeatingSessionDialog.tsx","client/src/components/HeatingSessionDialog.tsx:266","fetch(
      `/api/plant-module/ldo-dip-readings?tankNumber=2&readingType=closing&plant=${encodeURIComponent(form.plantName)}&dateTo=${form.date}`,
      { credentials: ""include"" }
    )
      .then(r => r.ok ? r.json() : null)
      .then((rows: any[] | null) => {
        if (cancelled || !rows || !rows.length) return;
        const sorted = rows
          .filter((r: any) => r.date <= form.date)
          .sort((a: any, b: any) => b.date.localeCompare(a.date) || (b.time || """").localeCompare(a.time || """"));
        const last = sorted[0];
        if (!last || last.depthCm == null) return;
        const next = String(last.depthCm);
        setForm(prev => {
          if (prev.ldoTank2OpeningDip && prev.ldoTank2OpeningDip !== autoFilledDipT2Ref.current) return prev;
          autoFilledDipT2Ref.current = next;
          return { ...prev, ldoTank2OpeningDip: next, autoFilledDipT2: true, autoFilledDipT2Source: `${last.date} closing dip` };
        });
      })
      .catch","fetch( `/api/plant-module/ldo-dip-readings?tankNumber=2&readingType=closing&plant=${encodeURIComponent(form.plantName)}&dateTo=${form.date}`, { credentials: ""include"" } ) .then(r => r.ok ? r.json() : null) .then((rows: any[] | null) => { if (cancelled || !rows || !rows.length) return; const sorted = rows .filter((r: any) => r.date <= form.date) .sort((a: any, b: any) => b.date.localeCompare(a.date) || (b.time || """").localeCompare(a.time || """")); const last = sorted[0]; if (!last || last.depthCm == null) return; const next = String(last.depthCm); setForm(prev => { if (prev.ldoTank2OpeningDip && prev.ldoTank2OpeningDip !== autoFilledDipT2Ref.current) return prev; autoFilledDipT2Ref.current = next; return { ...prev, ldoTank2OpeningDip: next, autoFilledDipT2: true, autoFilledDipT2Source: `${last.date} closing dip` }; }); }) .catch(() => {})"
"client/src/components/HeatingSessionDialog.tsx","client/src/components/HeatingSessionDialog.tsx:266","fetch(
      `/api/plant-module/ldo-dip-readings?tankNumber=2&readingType=closing&plant=${encodeURIComponent(form.plantName)}&dateTo=${form.date}`,
      { credentials: ""include"" }
    )
      .then(r => r.ok ? r.json() : null)
      .then","fetch( `/api/plant-module/ldo-dip-readings?tankNumber=2&readingType=closing&plant=${encodeURIComponent(form.plantName)}&dateTo=${form.date}`, { credentials: ""include"" } ) .then(r => r.ok ? r.json() : null) .then((rows: any[] | null) => { if (cancelled || !rows || !rows.length) return; const sorted = rows .filter((r: any) => r.date <= form.date) .sort((a: any, b: any) => b.date.localeCompare(a.date) || (b.time || """").localeCompare(a.time || """")); const last = sorted[0]; if (!last || last.depthCm == null) return; const next = String(last.depthCm); setForm(prev => { if (prev.ldoTank2OpeningDip && prev.ldoTank2OpeningDip !== autoFilledDipT2Ref.current) return prev; autoFilledDipT2Ref.current = next; return { ...prev, ldoTank2OpeningDip: next, autoFilledDipT2: true, autoFilledDipT2Source: `${last.date} closing dip` }; }); })"
"client/src/components/HeatingSessionDialog.tsx","client/src/components/HeatingSessionDialog.tsx:266","fetch(
      `/api/plant-module/ldo-dip-readings?tankNumber=2&readingType=closing&plant=${encodeURIComponent(form.plantName)}&dateTo=${form.date}`,
      { credentials: ""include"" }
    )
      .then","fetch( `/api/plant-module/ldo-dip-readings?tankNumber=2&readingType=closing&plant=${encodeURIComponent(form.plantName)}&dateTo=${form.date}`, { credentials: ""include"" } ) .then(r => r.ok ? r.json() : null)"
"client/src/components/HeatingSessionDialog.tsx","client/src/components/HeatingSessionDialog.tsx:266","fetch","fetch( `/api/plant-module/ldo-dip-readings?tankNumber=2&readingType=closing&plant=${encodeURIComponent(form.plantName)}&dateTo=${form.date}`, { credentials: ""include"" } )"
"client/src/components/HeatingSessionDialog.tsx","client/src/components/HeatingSessionDialog.tsx:300","fetch(`/api/plant-module/ldo-meter/last?tank=1&before=${encodeURIComponent(before)}&plant=${encodeURIComponent(form.plantName)}`, { credentials: ""include"" })
      .then(r => r.ok ? r.json() : null)
      .then((data: any) => {
        if (seq !== fetchSeqRef.current) return;
        if (data && typeof data.value === ""number"") {
          const next = String(data.value);
          setForm(prev => {
            if (prev.ldoTank1OpeningMeter && prev.ldoTank1OpeningMeter !== autoFilledOpeningRef.current) return prev;
            autoFilledOpeningRef.current = next;
            return {
              ...prev,
              ldoTank1OpeningMeter: next,
              autoFilledOpening: true,
              autoFilledSource: data.source,
            };
          });
        }
      })
      .catch","fetch(`/api/plant-module/ldo-meter/last?tank=1&before=${encodeURIComponent(before)}&plant=${encodeURIComponent(form.plantName)}`, { credentials: ""include"" }) .then(r => r.ok ? r.json() : null) .then((data: any) => { if (seq !== fetchSeqRef.current) return; if (data && typeof data.value === ""number"") { const next = String(data.value); setForm(prev => { if (prev.ldoTank1OpeningMeter && prev.ldoTank1OpeningMeter !== autoFilledOpeningRef.current) return prev; autoFilledOpeningRef.current = next; return { ...prev, ldoTank1OpeningMeter: next, autoFilledOpening: true, autoFilledSource: data.source, }; }); } }) .catch(() => {})"
"client/src/components/HeatingSessionDialog.tsx","client/src/components/HeatingSessionDialog.tsx:300","fetch(`/api/plant-module/ldo-meter/last?tank=1&before=${encodeURIComponent(before)}&plant=${encodeURIComponent(form.plantName)}`, { credentials: ""include"" })
      .then(r => r.ok ? r.json() : null)
      .then","fetch(`/api/plant-module/ldo-meter/last?tank=1&before=${encodeURIComponent(before)}&plant=${encodeURIComponent(form.plantName)}`, { credentials: ""include"" }) .then(r => r.ok ? r.json() : null) .then((data: any) => { if (seq !== fetchSeqRef.current) return; if (data && typeof data.value === ""number"") { const next = String(data.value); setForm(prev => { if (prev.ldoTank1OpeningMeter && prev.ldoTank1OpeningMeter !== autoFilledOpeningRef.current) return prev; autoFilledOpeningRef.current = next; return { ...prev, ldoTank1OpeningMeter: next, autoFilledOpening: true, autoFilledSource: data.source, }; }); } })"
"client/src/components/HeatingSessionDialog.tsx","client/src/components/HeatingSessionDialog.tsx:300","fetch(`/api/plant-module/ldo-meter/last?tank=1&before=${encodeURIComponent(before)}&plant=${encodeURIComponent(form.plantName)}`, { credentials: ""include"" })
      .then","fetch(`/api/plant-module/ldo-meter/last?tank=1&before=${encodeURIComponent(before)}&plant=${encodeURIComponent(form.plantName)}`, { credentials: ""include"" }) .then(r => r.ok ? r.json() : null)"
"client/src/components/HeatingSessionDialog.tsx","client/src/components/HeatingSessionDialog.tsx:300","fetch","fetch(`/api/plant-module/ldo-meter/last?tank=1&before=${encodeURIComponent(before)}&plant=${encodeURIComponent(form.plantName)}`, { credentials: ""include"" })"
"client/src/components/HeatingSessionDialog.tsx","client/src/components/HeatingSessionDialog.tsx:399","useMutation","useMutation({ mutationFn: async () => { // If the operator picked an Equipment Usage DG row in ""link"" mode, // materialize it into a generator_logs row first so we have an id // to reference from the heating session. let mirroredId: number | undefined; if (form.dgMode === ""link"" && form.linkSelection?.startsWith(""eu-"")) { const eqUsageId = parseInt(form.linkSelection.slice(3)); const mirrorRes = await fetch(""/api/plant-module/generator-logs/from-equipment-usage"", { method: ""POST"", headers: { ""Content-Type"": ""application/json"" }, body: JSON.stringify({ equipmentUsageId: eqUsageId }), credentials: ""include"", }); if (!mirrorRes.ok) { let body: any = {}; try { body = await mirrorRes.json(); } catch {} throw new Error(body?.message || ""Failed to mirror equipment usage DG into generator logs""); } const mirrored = await mirrorRes.json(); mirroredId = mirrored.id; } const payload = buildPayload(mirroredId); const url = form.id ? `/api/plant-module/heating-sessions/${form.id}` : ""/api/plant-module/heating-sessions""; const method = form.id ? ""PUT"" : ""POST""; const res = await fetch(url, { method, headers: { ""Content-Type"": ""application/json"" }, body: JSON.stringify(payload), credentials: ""include"", }); if (!res.ok) { let body: any = {}; try { body = await res.json(); } catch {} throw new Error(body?.message || res.statusText); } const saved: BitumenHeatingSession = await res.json(); if (!saved.isFinalized) { try { await apiRequest(""POST"", `/api/plant-module/heating-sessions/${saved.id}/finalize`, { finalizedBy: ""operator"" }); } catch { // non-fatal } } return saved; }, onSuccess: async (saved: BitumenHeatingSession) => { queryClient.invalidateQueries({ queryKey: [""/api/plant-module/heating-sessions""] }); queryClient.invalidateQueries({ queryKey: [""/api/plant-module/heating-sessions/dryer-source-mismatches""] }); queryClient.invalidateQueries({ queryKey: [""/api/plant-module/generator-logs""] }); queryClient.invalidateQueries({ queryKey: [""/api/plant-module/daily-reports""] }); toast({ title: ""Heating session saved"" }); onOpenChange(false); onSaved?.(); // Cross-check: warn if the shift log for the same date+plant has a // different dryerFedFrom (non-blocking — stock routing is unchanged). // Fire-and-forget so dialog close is not delayed. fetch( `/api/plant-module/shift-logs/by-date/${encodeURIComponent(saved.date)}?plant=${encodeURIComponent(saved.plantName)}`, { credentials: ""include"" } ).then(slRes => { if (!slRes.ok) return; return slRes.json().then((sl: any) => { if (sl.dryerFedFrom && sl.dryerFedFrom !== saved.dryerFedFrom) { const hsLabel = saved.dryerFedFrom === ""TANK_1"" ? ""Boiler tank"" : ""Dryer tank""; const slLabel = sl.dryerFedFrom === ""TANK_1"" ? ""Boiler tank"" : ""Dryer tank""; const fixTarget: DryerSourceFixTarget = { mode: ""shift-log"", recordId: sl.id, date: saved.date, suggestedValue: saved.dryerFedFrom, currentValue: sl.dryerFedFrom, }; toast({ title: ""Dryer-source mismatch"", description: `This heating session says dryer fed from ${hsLabel}, but the shift log for ${saved.date} says ${slLabel}.`, variant: ""destructive"", action: ( <ToastAction altText=""Fix shift log"" onClick={() => setFixDialog({ open: true, target: fixTarget })} > Fix shift log </ToastAction> ), }); } }); }).catch(() => { /* non-fatal */ }); }, onError: (err: any) => { toast({ title: ""Save failed"", description: err.message, variant: ""destructive"" }); }, })"
"client/src/components/HeatingSessionDialog.tsx","client/src/components/HeatingSessionDialog.tsx:407","fetch","fetch(""/api/plant-module/generator-logs/from-equipment-usage"", { method: ""POST"", headers: { ""Content-Type"": ""application/json"" }, body: JSON.stringify({ equipmentUsageId: eqUsageId }), credentials: ""include"", })"
"client/src/components/HeatingSessionDialog.tsx","client/src/components/HeatingSessionDialog.tsx:424","fetch","fetch(url, { method, headers: { ""Content-Type"": ""application/json"" }, body: JSON.stringify(payload), credentials: ""include"", })"
"client/src/components/HeatingSessionDialog.tsx","client/src/components/HeatingSessionDialog.tsx:438","apiRequest","apiRequest(""POST"", `/api/plant-module/heating-sessions/${saved.id}/finalize`, { finalizedBy: ""operator"" })"
"client/src/components/HeatingSessionDialog.tsx","client/src/components/HeatingSessionDialog.tsx:456","fetch(
        `/api/plant-module/shift-logs/by-date/${encodeURIComponent(saved.date)}?plant=${encodeURIComponent(saved.plantName)}`,
        { credentials: ""include"" }
      ).then(slRes => {
        if (!slRes.ok) return;
        return slRes.json().then((sl: any) => {
          if (sl.dryerFedFrom && sl.dryerFedFrom !== saved.dryerFedFrom) {
            const hsLabel = saved.dryerFedFrom === ""TANK_1"" ? ""Boiler tank"" : ""Dryer tank"";
            const slLabel = sl.dryerFedFrom === ""TANK_1"" ? ""Boiler tank"" : ""Dryer tank"";
            const fixTarget: DryerSourceFixTarget = {
              mode: ""shift-log"",
              recordId: sl.id,
              date: saved.date,
              suggestedValue: saved.dryerFedFrom,
              currentValue: sl.dryerFedFrom,
            };
            toast({
              title: ""Dryer-source mismatch"",
              description: `This heating session says dryer fed from ${hsLabel}, but the shift log for ${saved.date} says ${slLabel}.`,
              variant: ""destructive"",
              action: (
                <ToastAction
                  altText=""Fix shift log""
                  onClick={() => setFixDialog({ open: true, target: fixTarget })}
                >
                  Fix shift log
                </ToastAction>
              ),
            });
          }
        });
      }).catch","fetch( `/api/plant-module/shift-logs/by-date/${encodeURIComponent(saved.date)}?plant=${encodeURIComponent(saved.plantName)}`, { credentials: ""include"" } ).then(slRes => { if (!slRes.ok) return; return slRes.json().then((sl: any) => { if (sl.dryerFedFrom && sl.dryerFedFrom !== saved.dryerFedFrom) { const hsLabel = saved.dryerFedFrom === ""TANK_1"" ? ""Boiler tank"" : ""Dryer tank""; const slLabel = sl.dryerFedFrom === ""TANK_1"" ? ""Boiler tank"" : ""Dryer tank""; const fixTarget: DryerSourceFixTarget = { mode: ""shift-log"", recordId: sl.id, date: saved.date, suggestedValue: saved.dryerFedFrom, currentValue: sl.dryerFedFrom, }; toast({ title: ""Dryer-source mismatch"", description: `This heating session says dryer fed from ${hsLabel}, but the shift log for ${saved.date} says ${slLabel}.`, variant: ""destructive"", action: ( <ToastAction altText=""Fix shift log"" onClick={() => setFixDialog({ open: true, target: fixTarget })} > Fix shift log </ToastAction> ), }); } }); }).catch(() => { /* non-fatal */ })"
"client/src/components/HeatingSessionDialog.tsx","client/src/components/HeatingSessionDialog.tsx:456","fetch(
        `/api/plant-module/shift-logs/by-date/${encodeURIComponent(saved.date)}?plant=${encodeURIComponent(saved.plantName)}`,
        { credentials: ""include"" }
      ).then","fetch( `/api/plant-module/shift-logs/by-date/${encodeURIComponent(saved.date)}?plant=${encodeURIComponent(saved.plantName)}`, { credentials: ""include"" } ).then(slRes => { if (!slRes.ok) return; return slRes.json().then((sl: any) => { if (sl.dryerFedFrom && sl.dryerFedFrom !== saved.dryerFedFrom) { const hsLabel = saved.dryerFedFrom === ""TANK_1"" ? ""Boiler tank"" : ""Dryer tank""; const slLabel = sl.dryerFedFrom === ""TANK_1"" ? ""Boiler tank"" : ""Dryer tank""; const fixTarget: DryerSourceFixTarget = { mode: ""shift-log"", recordId: sl.id, date: saved.date, suggestedValue: saved.dryerFedFrom, currentValue: sl.dryerFedFrom, }; toast({ title: ""Dryer-source mismatch"", description: `This heating session says dryer fed from ${hsLabel}, but the shift log for ${saved.date} says ${slLabel}.`, variant: ""destructive"", action: ( <ToastAction altText=""Fix shift log"" onClick={() => setFixDialog({ open: true, target: fixTarget })} > Fix shift log </ToastAction> ), }); } }); })"
"client/src/components/HeatingSessionDialog.tsx","client/src/components/HeatingSessionDialog.tsx:456","fetch","fetch( `/api/plant-module/shift-logs/by-date/${encodeURIComponent(saved.date)}?plant=${encodeURIComponent(saved.plantName)}`, { credentials: ""include"" } )"
"client/src/components/HeatingSessionDialog.tsx","client/src/components/HeatingSessionDialog.tsx:496","useMutation","useMutation({ mutationFn: async (id: number) => { const res = await apiRequest(""DELETE"", `/api/plant-module/heating-sessions/${id}`); return res.json(); }, onSuccess: () => { queryClient.invalidateQueries({ queryKey: [""/api/plant-module/heating-sessions""] }); queryClient.invalidateQueries({ queryKey: [""/api/plant-module/heating-sessions/dryer-source-mismatches""] }); queryClient.invalidateQueries({ queryKey: [""/api/plant-module/generator-logs""] }); toast({ title: ""Heating session deleted"" }); onOpenChange(false); onDeleted?.(); }, onError: (err: any) => { if (err?.message === ""Cancelled"") return; toast({ title: ""Delete failed"", description: err.message, variant: ""destructive"" }); }, })"
"client/src/components/HeatingSessionDialog.tsx","client/src/components/HeatingSessionDialog.tsx:498","apiRequest","apiRequest(""DELETE"", `/api/plant-module/heating-sessions/${id}`)"
"client/src/components/HistoryDialog.tsx","client/src/components/HistoryDialog.tsx:61","useQuery","useQuery<AuditLog[]>({ queryKey: [""/api/audit-logs"", { module, transactionId }], queryFn: async () => { const res = await fetch(`/api/audit-logs?module=${encodeURIComponent(module)}&transactionId=${transactionId}`, { credentials: ""include"", }); if (!res.ok) throw new Error(""Failed to fetch history""); return res.json(); }, enabled: open && !!transactionId, })"
"client/src/components/HistoryDialog.tsx","client/src/components/HistoryDialog.tsx:64","fetch","fetch(`/api/audit-logs?module=${encodeURIComponent(module)}&transactionId=${transactionId}`, { credentials: ""include"", })"
"client/src/components/HubShell.tsx","client/src/components/HubShell.tsx:64","useQuery","useQuery<{ dieselRequirements: unknown[]; purchaseIndents: unknown[]; }>({ queryKey: [""/api/admin/site-backfill/unassigned""], enabled: isAdmin, })"
"client/src/components/HubShell.tsx","client/src/components/HubShell.tsx:77","useQuery","useQuery<unknown[]>({ queryKey: [""/api/edit-requests/pending""], queryFn: async () => { const res = await fetch(""/api/edit-requests/pending"", { credentials: ""include"" }); if (!res.ok) return []; return res.json(); }, enabled: sectionVisible(""edit_requests_review""), staleTime: 30_000, refetchInterval: 60_000, })"
"client/src/components/HubShell.tsx","client/src/components/HubShell.tsx:80","fetch","fetch(""/api/edit-requests/pending"", { credentials: ""include"" })"
"client/src/components/HubShell.tsx","client/src/components/HubShell.tsx:90","useQuery","useQuery<unknown[]>({ queryKey: [""/api/irn"", ""pending_stores""], queryFn: async () => { const res = await fetch(""/api/irn?status=pending_stores"", { credentials: ""include"" }); if (!res.ok) return []; return res.json(); }, enabled: canSeeIrn, staleTime: 60_000, })"
"client/src/components/HubShell.tsx","client/src/components/HubShell.tsx:93","fetch","fetch(""/api/irn?status=pending_stores"", { credentials: ""include"" })"
"client/src/components/LabourEntryFields.tsx","client/src/components/LabourEntryFields.tsx:25","useQuery","useQuery<string[]>({ queryKey: [""/api/dprs/labour-contractors"", site], enabled: !!site.trim(), queryFn: async () => { const response = await fetch(`/api/dprs/labour-contractors?site=${encodeURIComponent(site)}`, { credentials: ""include"" }); if (!response.ok) throw new Error(""Could not load contractor names""); return response.json(); }, })"
"client/src/components/LabourEntryFields.tsx","client/src/components/LabourEntryFields.tsx:29","fetch","fetch(`/api/dprs/labour-contractors?site=${encodeURIComponent(site)}`, { credentials: ""include"" })"
"client/src/components/PersonnelCombobox.tsx","client/src/components/PersonnelCombobox.tsx:27","useQuery","useQuery<Personnel[]>({ queryKey: [""/api/personnel""], staleTime: 5 * 60 * 1000, })"
"client/src/components/PlanVsActualTable.tsx","client/src/components/PlanVsActualTable.tsx:41","useQuery","useQuery<PlanVsActualDisplayRow[]>({ queryKey: [""/api/boq/projects"", projectId, ""plan-vs-actual""], queryFn: async () => { const res = await fetch(`/api/boq/projects/${projectId}/plan-vs-actual`, { credentials: ""include"" }); if (!res.ok) throw new Error(""Failed""); return res.json(); }, })"
"client/src/components/PlanVsActualTable.tsx","client/src/components/PlanVsActualTable.tsx:44","fetch","fetch(`/api/boq/projects/${projectId}/plan-vs-actual`, { credentials: ""include"" })"
"client/src/components/PlannedWorkArrangementWarning.tsx","client/src/components/PlannedWorkArrangementWarning.tsx:22","useQuery","useQuery<Array<{ id: number; status?: string; barCount?: number }>>({ queryKey: [""/api/boq/projects"", ""bySite"", siteId], queryFn: async () => { const res = await fetch(`/api/boq/projects?siteId=${siteId}`, { credentials: ""include"" }); return res.ok ? res.json() : []; }, enabled, staleTime: 60_000, })"
"client/src/components/PlannedWorkArrangementWarning.tsx","client/src/components/PlannedWorkArrangementWarning.tsx:25","fetch","fetch(`/api/boq/projects?siteId=${siteId}`, { credentials: ""include"" })"
"client/src/components/PlannedWorkArrangementWarning.tsx","client/src/components/PlannedWorkArrangementWarning.tsx:37","useQuery","useQuery<Array<{ id: number } & Record<string, unknown>>>({ queryKey: [""/api/boq/projects"", projectId, ""items""], queryFn: async () => { const res = await fetch(`/api/boq/projects/${projectId}/items`, { credentials: ""include"" }); return res.ok ? res.json() : []; }, enabled: enabled && projectId != null, staleTime: 60_000, })"
"client/src/components/PlannedWorkArrangementWarning.tsx","client/src/components/PlannedWorkArrangementWarning.tsx:40","fetch","fetch(`/api/boq/projects/${projectId}/items`, { credentials: ""include"" })"
"client/src/components/PlannedWorkArrangementWarning.tsx","client/src/components/PlannedWorkArrangementWarning.tsx:53","useQuery","useQuery<PlannedWorkBar[]>({ queryKey: [""/api/boq/projects"", projectId, ""programme""], queryFn: async () => { const res = await fetch(`/api/boq/projects/${projectId}/programme`, { credentials: ""include"" }); return res.ok ? res.json() : []; }, enabled: eligible && projectId != null, staleTime: 30_000, })"
"client/src/components/PlannedWorkArrangementWarning.tsx","client/src/components/PlannedWorkArrangementWarning.tsx:56","fetch","fetch(`/api/boq/projects/${projectId}/programme`, { credentials: ""include"" })"
"client/src/components/ProgrammeBarOutcomeHistory.tsx","client/src/components/ProgrammeBarOutcomeHistory.tsx:44","useQuery","useQuery<Bar[]>({ queryKey: [""/api/dpr/programme-bars"", projectId, boqItemId], queryFn: async () => { const response = await fetch(`/api/dpr/programme-bars?projectId=${projectId}&boqItemId=${boqItemId}`, { credentials: ""include"" }); return response.ok ? response.json() : []; }, enabled: !!projectId && !!boqItemId && !!programmeBarId, })"
"client/src/components/ProgrammeBarOutcomeHistory.tsx","client/src/components/ProgrammeBarOutcomeHistory.tsx:47","fetch","fetch(`/api/dpr/programme-bars?projectId=${projectId}&boqItemId=${boqItemId}`, { credentials: ""include"" })"
"client/src/components/ProgrammeBarPicker.tsx","client/src/components/ProgrammeBarPicker.tsx:127","useQuery","useQuery<PickerBar[]>({ queryKey: [""/api/dpr/programme-bars"", projectId, boqItemId], queryFn: async () => { const res = await fetch(`/api/dpr/programme-bars?projectId=${projectId}&boqItemId=${boqItemId}`, { credentials: ""include"" }); if (!res.ok) throw new Error(`programme_bars_load_failed_${res.status}`); return res.json(); }, enabled: !!projectId && !!boqItemId, retry: false, })"
"client/src/components/ProgrammeBarPicker.tsx","client/src/components/ProgrammeBarPicker.tsx:130","fetch","fetch(`/api/dpr/programme-bars?projectId=${projectId}&boqItemId=${boqItemId}`, { credentials: ""include"" })"
"client/src/components/ProgrammeBarPicker.tsx","client/src/components/ProgrammeBarPicker.tsx:452","useQuery","useQuery<PickerBar[]>({ queryKey: [""/api/dpr/programme-bars"", projectId, boqItemId], queryFn: async () => { const res = await fetch(`/api/dpr/programme-bars?projectId=${projectId}&boqItemId=${boqItemId}`, { credentials: ""include"" }); return res.ok ? res.json() : []; }, enabled: !!projectId && !!boqItemId, })"
"client/src/components/ProgrammeBarPicker.tsx","client/src/components/ProgrammeBarPicker.tsx:455","fetch","fetch(`/api/dpr/programme-bars?projectId=${projectId}&boqItemId=${boqItemId}`, { credentials: ""include"" })"
"client/src/components/PushNotificationSetup.tsx","client/src/components/PushNotificationSetup.tsx:83","apiRequest","apiRequest(""POST"", ""/api/push/subscribe"", { subscription: { endpoint: subJson.endpoint, keys: subJson.keys }, label: iosDevice ? ""iOS Device"" : ""Device"", mode: ""sync"", })"
"client/src/components/PushNotificationSetup.tsx","client/src/components/PushNotificationSetup.tsx:124","fetch","fetch(""/api/push/vapid-key"")"
"client/src/components/PushNotificationSetup.tsx","client/src/components/PushNotificationSetup.tsx:140","apiRequest","apiRequest(""POST"", ""/api/push/subscribe"", { subscription: { endpoint: subJson.endpoint, keys: subJson.keys, }, label: isIos ? ""iOS Device"" : ""Device"", mode: ""activate"", })"
"client/src/components/PushNotificationSetup.tsx","client/src/components/PushNotificationSetup.tsx:176","apiRequest","apiRequest(""DELETE"", ""/api/push/unsubscribe"", { endpoint })"
"client/src/components/ReceiptWorkContext.tsx","client/src/components/ReceiptWorkContext.tsx:98","useQuery","useQuery<BoqItemRow[]>({ queryKey: [""/api/boq/projects"", boqProjectId, ""items""], enabled: boqProjectId != null, })"
"client/src/components/ReceiptWorkContext.tsx","client/src/components/ReceiptWorkContext.tsx:102","useQuery","useQuery<ArrangementRow[]>({ queryKey: [""earthwork-arrangements-item"", boqProjectId, boqItemId, manualSite], queryFn: async () => { if (manualSite !== undefined) { const res = await fetch(`/api/site-material-trips/arrangement-options?site=${encodeURIComponent(manualSite)}`, { credentials: ""include"" }); if (!res.ok) throw new Error(""Could not load this site's arrangements.""); const rows = await res.json(); return rows.filter((row: ArrangementRow) => row.boqProjectId === boqProjectId && (row.boqItemId === boqItemId || row.boqItemAllocations?.some((allocation) => allocation.boqItemId === boqItemId))); } const res = await fetch(`/api/boq/projects/${boqProjectId}/earthwork-arrangements/item/${boqItemId}`, { credentials: ""include"" }); return res.ok ? res.json() : []; }, enabled: boqProjectId != null && boqItemId != null, })"
"client/src/components/ReceiptWorkContext.tsx","client/src/components/ReceiptWorkContext.tsx:106","fetch","fetch(`/api/site-material-trips/arrangement-options?site=${encodeURIComponent(manualSite)}`, { credentials: ""include"" })"
"client/src/components/ReceiptWorkContext.tsx","client/src/components/ReceiptWorkContext.tsx:112","fetch","fetch(`/api/boq/projects/${boqProjectId}/earthwork-arrangements/item/${boqItemId}`, { credentials: ""include"" })"
"client/src/components/ReceiptWorkContext.tsx","client/src/components/ReceiptWorkContext.tsx:117","useQuery","useQuery<ArrangementBarAllocation[]>({ queryKey: [""arrangement-programme-allocations"", boqProjectId], queryFn: async () => { const res = await fetch(`/api/boq/projects/${boqProjectId}/arrangement-programme-allocations`, { credentials: ""include"" }); return res.ok ? res.json() : []; }, enabled: boqProjectId != null && manualSite === undefined, })"
"client/src/components/ReceiptWorkContext.tsx","client/src/components/ReceiptWorkContext.tsx:120","fetch","fetch(`/api/boq/projects/${boqProjectId}/arrangement-programme-allocations`, { credentials: ""include"" })"
"client/src/components/ReceiptWorkContext.tsx","client/src/components/ReceiptWorkContext.tsx:125","useQuery","useQuery<BarRow[]>({ queryKey: [""/api/dpr/programme-bars"", boqProjectId, boqItemId], queryFn: async () => { const res = await fetch(`/api/dpr/programme-bars?projectId=${boqProjectId}&boqItemId=${boqItemId}`, { credentials: ""include"" }); return res.ok ? res.json() : []; }, enabled: boqProjectId != null && boqItemId != null, })"
"client/src/components/ReceiptWorkContext.tsx","client/src/components/ReceiptWorkContext.tsx:128","fetch","fetch(`/api/dpr/programme-bars?projectId=${boqProjectId}&boqItemId=${boqItemId}`, { credentials: ""include"" })"
"client/src/components/ReceiptWorkContext.tsx","client/src/components/ReceiptWorkContext.tsx:162","useQuery","useQuery<Array<{ id: number; name: string }>>({ queryKey: [""/api/boq/projects"", siteId], queryFn: async () => { const res = await fetch(`/api/boq/projects?siteId=${siteId}`, { credentials: ""include"" }); return res.ok ? res.json() : []; }, enabled: siteId != null, })"
"client/src/components/ReceiptWorkContext.tsx","client/src/components/ReceiptWorkContext.tsx:165","fetch","fetch(`/api/boq/projects?siteId=${siteId}`, { credentials: ""include"" })"
"client/src/components/RequirementFulfilmentPanel.tsx","client/src/components/RequirementFulfilmentPanel.tsx:65","useQuery","useQuery<Array<{ id: number; status?: string; barCount?: number }>>({ queryKey: [""/api/boq/projects"", ""bySite"", siteId], queryFn: async () => { const res = await fetch(`/api/boq/projects?siteId=${siteId}`, { credentials: ""include"" }); return res.ok ? res.json() : []; }, enabled: on, staleTime: 60_000, })"
"client/src/components/RequirementFulfilmentPanel.tsx","client/src/components/RequirementFulfilmentPanel.tsx:68","fetch","fetch(`/api/boq/projects?siteId=${siteId}`, { credentials: ""include"" })"
"client/src/components/TripRoleEditDialog.tsx","client/src/components/TripRoleEditDialog.tsx:48","useMutation","useMutation({ mutationFn: async () => { if (!choice || choice === ""unresolved"") throw new Error(""Choose Who brought it before saving.""); const ownSource = draft.materialSourceType === ""own_source""; if ((!ownSource || choice === ""different_parties"") && (vendorsLoading || vendorsError)) throw new Error(""Load the existing vendors before saving.""); const source = ownSource ? { name: """", id: null } : resolveTripVendor(draft.materialSourceSupplier, vendors); const transporter = choice === ""different_parties"" ? resolveTripVendor(draft.supplier, vendors) : source; const selected = equipment.find((item) => item.id === draft.internalEquipmentId) ?? null; const payload = tripRolePayload(choice, source, transporter, selected, draft.vehicleNumber, { materialSourceType: draft.materialSourceType, materialSourceLabel: draft.materialSourceLabel, }, false); const issue = validateTripRoles(payload, false); if (issue) throw new Error(issue); const contextPatch = contextEdited ? Object.fromEntries( (Object.keys(initialContext) as (keyof TripWorkContext)[]) .filter(key=>context[key]!==initialContext[key]).map(key=>[key,context[key]]) ) : {}; await apiRequest(""PATCH"", `/api/site-material-trips/${trip.id}`, {...payload,...contextPatch}); }, onSuccess: () => { queryClient.invalidateQueries({ predicate: (query) => typeof query.queryKey[0] === ""string"" && query.queryKey[0].startsWith(""/api/site-material-trips"") }); queryClient.invalidateQueries({ predicate: (query) => typeof query.queryKey[0] === ""string"" && query.queryKey[0].startsWith(""/api/materials-received"") }); invalidateSiteMaterialSuggestions(trip.site); onClose(); }, onError: (cause) => setError(cause instanceof Error ? cause.message : ""Roles could not be saved. Retry.""), })"
"client/src/components/TripRoleEditDialog.tsx","client/src/components/TripRoleEditDialog.tsx:66","apiRequest","apiRequest(""PATCH"", `/api/site-material-trips/${trip.id}`, {...payload,...contextPatch})"
"client/src/components/VehicleSupplierAssociationNotice.tsx","client/src/components/VehicleSupplierAssociationNotice.tsx:113","useMutation","useMutation({ mutationFn: async (variables: { site: string; vehicleNumber: string; supplier: string; expectedVersion: string | null; expectedSupplier: string | null; }) => { const response = await apiRequest( ""PATCH"", ""/api/site-material-trips/vehicle-supplier"", variables, ); return associationFromResponse(await response.json()); }, onSuccess: async (result, variables) => { // A correction updates future suggestions, never an old receipt. All // site caches are invalidated because another open surface may have // been looking at a different site while this request was in flight. await invalidateSiteMaterialSuggestions(); await queryClient.invalidateQueries({ queryKey: [""/api/site-material-trips""], }); const current = currentFormRef.current; const sameSite = current.site === variables.site; const sameVehicle = normalizeVehicleSupplierKey(current.vehicleNumber) === normalizeVehicleSupplierKey(variables.vehicleNumber); const sameSupplier = normalizeFreeTextSuggestion(current.supplier, ""supplier"") === normalizeFreeTextSuggestion(variables.supplier, ""supplier""); if ( sameSite && sameVehicle && sameSupplier && result.status === ""linked"" && result.supplier ) { onSupplierApplied?.(result.supplier, { site: variables.site, vehicleNumber: variables.vehicleNumber, }); toast({ title: ""Vehicle supplier updated"", description: ""The supplier will be suggested for future trips. Existing records are unchanged."", }); } else { toast({ title: ""Vehicle supplier updated"", description: ""The future association was saved. The form changed, so its supplier was left untouched."", }); } setConfirmOpen(false); }, onError: (error: unknown) => { toast({ title: ""Could not update vehicle supplier"", description: error instanceof Error ? error.message : ""The association was not changed. You can continue with manual entry."", variant: ""destructive"", }); }, })"
"client/src/components/VehicleSupplierAssociationNotice.tsx","client/src/components/VehicleSupplierAssociationNotice.tsx:121","apiRequest","apiRequest( ""PATCH"", ""/api/site-material-trips/vehicle-supplier"", variables, )"
"client/src/components/purchase-order-workflow.tsx","client/src/components/purchase-order-workflow.tsx:37","useQueryClient","useQueryClient()"
"client/src/components/purchase-order-workflow.tsx","client/src/components/purchase-order-workflow.tsx:39","useQuery","useQuery<{ order: Order | null; defaults: Fields }>({ queryKey: [url], queryFn: async () => { const res = await fetch(url, { credentials: ""include"" }); if (!res.ok) throw new Error((await res.json()).message || ""Could not load Purchase Order""); return res.json(); }, })"
"client/src/components/purchase-order-workflow.tsx","client/src/components/purchase-order-workflow.tsx:42","fetch","fetch(url, { credentials: ""include"" })"
"client/src/components/purchase-order-workflow.tsx","client/src/components/purchase-order-workflow.tsx:61","fetch","fetch(url + path, { method, credentials: ""include"", headers: { ""Content-Type"": ""application/json"" }, body: JSON.stringify(body), })"
"client/src/components/user-role-review.tsx","client/src/components/user-role-review.tsx:31","ACTIONS
    .filter((action) => ([""delete"", ""export"", ""notify""].includes(action) || management.has(section))
      && before[section]?.[action] && after[section]?.[action])
    .map","ACTIONS .filter((action) => ([""delete"", ""export"", ""notify""].includes(action) || management.has(section)) && before[section]?.[action] && after[section]?.[action]) .map((action) => ({ section, action, enabled: true }))"
"client/src/components/user-role-review.tsx","client/src/components/user-role-review.tsx:32","[""delete"", ""export"", ""notify""].includes","[""delete"", ""export"", ""notify""].includes(action)"
"client/src/components/vendor-bills/DraftEquipmentHireCalendar.tsx","client/src/components/vendor-bills/DraftEquipmentHireCalendar.tsx:98","useQuery","useQuery<EquipmentPerformanceReport>({ queryKey: [""/api/reports/equipment-performance"", Number(equipmentId) || null, periodFrom, periodTo], queryFn: async () => { const url = `/api/reports/equipment-performance?dateFrom=${encodeURIComponent(periodFrom)}&dateTo=${encodeURIComponent(periodTo)}&equipmentId=${encodeURIComponent(String(equipmentId))}`; const response = await fetch(url, { credentials: ""include"" }); if (!response.ok) { throw new Error((await response.text()) || ""Could not load daily equipment activity""); } return response.json(); }, enabled: validRequest, retry: false, refetchOnWindowFocus: false, })"
"client/src/components/vendor-bills/DraftEquipmentHireCalendar.tsx","client/src/components/vendor-bills/DraftEquipmentHireCalendar.tsx:102","fetch","fetch(url, { credentials: ""include"" })"
"client/src/components/vendor-bills/DraftEquipmentHireCalendar.tsx","client/src/components/vendor-bills/DraftEquipmentHireCalendar.tsx:167","exportSnapshotCallback.current","exportSnapshotCallback.current?.({ equipmentName: equipmentName || liveExportData?.equipmentName || `Equipment #${equipmentId}`, periodFrom, periodTo, rows, dieselResponsibility, consumptionNorm, meterType: masterMeterType, unavailableReason: query.isSuccess ? undefined : stateMessage || ""Daily activity unavailable."", })"
"client/src/components/vendor-bills/DraftEquipmentHireCalendar.tsx","client/src/components/vendor-bills/DraftEquipmentHireCalendar.tsx:287","useQuery","useQuery<EquipmentPerformanceReport[]>({ queryKey: [""/api/reports/equipment-performance"", ""saved-equipment-calendar"", bill?.id, equipmentIds, periodFrom, periodTo], queryFn: async () => Promise.all(equipmentIds.map(async equipmentId => { const url = `/api/reports/equipment-performance?dateFrom=${encodeURIComponent(periodFrom)}&dateTo=${encodeURIComponent(periodTo)}&equipmentId=${encodeURIComponent(String(equipmentId))}`; const response = await fetch(url, { credentials: ""include"" }); if (!response.ok) throw new Error((await response.text()) || `Could not load activity for equipment ${equipmentId}`); return response.json() as Promise<EquipmentPerformanceReport>; })), enabled: equipmentIds.length > 0 && validPeriod, retry: false, refetchOnWindowFocus: false, })"
"client/src/components/vendor-bills/DraftEquipmentHireCalendar.tsx","client/src/components/vendor-bills/DraftEquipmentHireCalendar.tsx:291","fetch","fetch(url, { credentials: ""include"" })"
"client/src/components/vendor-bills/DraftEquipmentHireCalendar.tsx","client/src/components/vendor-bills/DraftEquipmentHireCalendar.tsx:351","setExporting","setExporting(true)"
"client/src/components/vendor-bills/DraftEquipmentHireCalendar.tsx","client/src/components/vendor-bills/DraftEquipmentHireCalendar.tsx:354","onExportBill","onExportBill(format)"
"client/src/components/vendor-bills/DraftEquipmentHireCalendar.tsx","client/src/components/vendor-bills/DraftEquipmentHireCalendar.tsx:356","exportEquipmentHireCalendar","exportEquipmentHireCalendar(data, rows, format)"
"client/src/components/vendor-bills/DraftEquipmentHireCalendar.tsx","client/src/components/vendor-bills/DraftEquipmentHireCalendar.tsx:359","setExporting","setExporting(false)"
"client/src/components/vendor-bills/DraftEquipmentHireCalendar.tsx","client/src/components/vendor-bills/DraftEquipmentHireCalendar.tsx:392","exportSelection","exportSelection(""pdf"", ""calendar"")"
"client/src/components/vendor-bills/DraftEquipmentHireCalendar.tsx","client/src/components/vendor-bills/DraftEquipmentHireCalendar.tsx:401","exportSelection","exportSelection(""pdf"", ""bill"")"
"client/src/components/vendor-bills/DraftEquipmentHireCalendar.tsx","client/src/components/vendor-bills/DraftEquipmentHireCalendar.tsx:409","exportSelection","exportSelection(""pdf"", ""both"")"
"client/src/components/vendor-bills/EquipmentHireBillOutput.tsx","client/src/components/vendor-bills/EquipmentHireBillOutput.tsx:526","setExportError","setExportError(null)"
"client/src/components/vendor-bills/EquipmentHireBillOutput.tsx","client/src/components/vendor-bills/EquipmentHireBillOutput.tsx:532","setExporting","setExporting(`${mode}-${kind}`)"
"client/src/components/vendor-bills/EquipmentHireBillOutput.tsx","client/src/components/vendor-bills/EquipmentHireBillOutput.tsx:534","setExportError","setExportError(null)"
"client/src/components/vendor-bills/EquipmentHireBillOutput.tsx","client/src/components/vendor-bills/EquipmentHireBillOutput.tsx:537","onExportBill","onExportBill(kind)"
"client/src/components/vendor-bills/EquipmentHireBillOutput.tsx","client/src/components/vendor-bills/EquipmentHireBillOutput.tsx:538","exportEquipmentHireBill","exportEquipmentHireBill(data, rows, kind)"
"client/src/components/vendor-bills/EquipmentHireBillOutput.tsx","client/src/components/vendor-bills/EquipmentHireBillOutput.tsx:540","exportEquipmentHireCalendar","exportEquipmentHireCalendar(data, rows, kind)"
"client/src/components/vendor-bills/EquipmentHireBillOutput.tsx","client/src/components/vendor-bills/EquipmentHireBillOutput.tsx:543","setExportError","setExportError(message || ""The export could not be completed."")"
"client/src/components/vendor-bills/EquipmentHireBillOutput.tsx","client/src/components/vendor-bills/EquipmentHireBillOutput.tsx:545","setExporting","setExporting(null)"
"client/src/components/vendor-bills/EquipmentHireBillOutput.tsx","client/src/components/vendor-bills/EquipmentHireBillOutput.tsx:549","exporting?.endsWith","exporting?.endsWith(""-pdf"")"
"client/src/components/vendor-bills/EquipmentHireBillOutput.tsx","client/src/components/vendor-bills/EquipmentHireBillOutput.tsx:550","exporting?.endsWith","exporting?.endsWith(""-xlsx"")"
"client/src/components/vendor-bills/EquipmentHireBillOutput.tsx","client/src/components/vendor-bills/EquipmentHireBillOutput.tsx:556","download","download(""calendar"")"
"client/src/components/vendor-bills/EquipmentHireBillOutput.tsx","client/src/components/vendor-bills/EquipmentHireBillOutput.tsx:557","download","download(""bill"")"
"client/src/components/vendor-bills/EquipmentHireBillOutput.tsx","client/src/components/vendor-bills/EquipmentHireBillOutput.tsx:558","download","download(""both"")"
"client/src/components/vendor-bills/PayablesPreviewPanel.tsx","client/src/components/vendor-bills/PayablesPreviewPanel.tsx:53","setExporting","setExporting(true)"
"client/src/components/vendor-bills/PayablesPreviewPanel.tsx","client/src/components/vendor-bills/PayablesPreviewPanel.tsx:59","exportPayablesPreview","exportPayablesPreview(fresh, format)"
"client/src/components/vendor-bills/PayablesPreviewPanel.tsx","client/src/components/vendor-bills/PayablesPreviewPanel.tsx:62","setExporting","setExporting(false)"
"client/src/components/vendor-bills/PayablesPreviewPanel.tsx","client/src/components/vendor-bills/PayablesPreviewPanel.tsx:83","preview.refetch","preview.refetch()"
"client/src/components/vendor-bills/PayablesPreviewPanel.tsx","client/src/components/vendor-bills/PayablesPreviewPanel.tsx:104","download","download(""xlsx"")"
"client/src/components/vendor-bills/PayablesPreviewPanel.tsx","client/src/components/vendor-bills/PayablesPreviewPanel.tsx:105","download","download(""pdf"")"
"client/src/components/vendor-bills/WholeBillExportButtons.tsx","client/src/components/vendor-bills/WholeBillExportButtons.tsx:25","canExportWholeBill","canExportWholeBill(canExport, isFieldEngineer, isAdmin, isOwner)"
"client/src/components/vendor-bills/wholeBillExport.ts","client/src/components/vendor-bills/wholeBillExport.ts:74","printable","printable(value)"
"client/src/components/vendor-bills/wholeBillExport.ts","client/src/components/vendor-bills/wholeBillExport.ts:111","printable","printable(`${snapshot.companyName} / VENDOR BILL`)"
"client/src/components/vendor-bills/wholeBillExport.ts","client/src/components/vendor-bills/wholeBillExport.ts:115","billExportStatus","billExportStatus(snapshot)"
"client/src/components/vendor-bills/wholeBillExport.ts","client/src/components/vendor-bills/wholeBillExport.ts:121","printable","printable(line)"
"client/src/components/vendor-bills/wholeBillExport.ts","client/src/components/vendor-bills/wholeBillExport.ts:125","billExportIsDraft","billExportIsDraft(snapshot)"
"client/src/components/vendor-bills/wholeBillExport.ts","client/src/components/vendor-bills/wholeBillExport.ts:128","printable","printable(DRAFT_BILL_NOTICE)"
"client/src/components/vendor-bills/wholeBillExport.ts","client/src/components/vendor-bills/wholeBillExport.ts:134","printable","printable(DRAFT_BILL_NOTICE)"
"client/src/components/vendor-bills/wholeBillExport.ts","client/src/components/vendor-bills/wholeBillExport.ts:206","environment.download","environment.download(blob, filename)"
"client/src/components/vendor-bills/wholeBillSnapshot.ts","client/src/components/vendor-bills/wholeBillSnapshot.ts:99","billExportStatus(snapshot).replace","billExportStatus(snapshot).replace(/[^A-Z0-9_-]/g, """")"
"client/src/components/vendor-bills/wholeBillSnapshot.ts","client/src/components/vendor-bills/wholeBillSnapshot.ts:99","billExportStatus","billExportStatus(snapshot)"
"client/src/components/vendor-bills/wholeBillSnapshot.ts","client/src/components/vendor-bills/wholeBillSnapshot.ts:109","isBillExportPriced","isBillExportPriced(row)"
"client/src/components/vendor-bills/wholeBillSnapshot.ts","client/src/components/vendor-bills/wholeBillSnapshot.ts:136","billExportIsDraft","billExportIsDraft(snapshot)"
"client/src/components/vendor-bills/wholeBillSnapshot.ts","client/src/components/vendor-bills/wholeBillSnapshot.ts:172","isBillExportPriced","isBillExportPriced(row)"
"client/src/hooks/use-dpr-boq-items.ts","client/src/hooks/use-dpr-boq-items.ts:61","useQuery","useQuery<DprBoqProject[]>({ queryKey: [""/api/boq/projects"", siteId], queryFn: async () => { const response = await fetch(`/api/boq/projects?siteId=${siteId}`, { credentials: ""include"" }); if (!response.ok) throw new Error(`BOQ projects request failed (${response.status})`); const data = await response.json(); if (!Array.isArray(data)) throw new Error(""BOQ projects response was invalid""); return data; }, enabled: siteId != null, retry: false, })"
"client/src/hooks/use-dpr-boq-items.ts","client/src/hooks/use-dpr-boq-items.ts:64","fetch","fetch(`/api/boq/projects?siteId=${siteId}`, { credentials: ""include"" })"
"client/src/hooks/use-dpr-boq-items.ts","client/src/hooks/use-dpr-boq-items.ts:111","fetch","fetch(`/api/boq/projects/${project.id}/items`, { credentials: ""include"" })"
"client/src/hooks/use-dpr-boq-items.ts","client/src/hooks/use-dpr-boq-items.ts:152","useQuery","useQuery<T[]>({ queryKey: [""/api/boq/projects"", catalogueProjectId, ""items"", ""catalogue-preview""], queryFn: async () => { const response = await fetch(`/api/boq/projects/${catalogueProjectId}/items`, { credentials: ""include"" }); if (!response.ok) throw new Error(`BOQ catalogue request failed (${response.status})`); const data = await response.json(); if (!Array.isArray(data)) throw new Error(""BOQ catalogue response was invalid""); return data; }, enabled: catalogueProjectId != null, retry: false, })"
"client/src/hooks/use-dpr-boq-items.ts","client/src/hooks/use-dpr-boq-items.ts:155","fetch","fetch(`/api/boq/projects/${catalogueProjectId}/items`, { credentials: ""include"" })"
"client/src/hooks/use-dpr-boq-items.ts","client/src/hooks/use-dpr-boq-items.ts:195","useQuery","useQuery<T[]>({ queryKey: [""/api/boq/projects"", projectId, ""items""], queryFn: async () => { const response = await fetch(`/api/boq/projects/${projectId}/items`, { credentials: ""include"" }); if (!response.ok) throw new Error(`BOQ items request failed (${response.status})`); const data = await response.json(); if (!Array.isArray(data)) throw new Error(""BOQ items response was invalid""); return data; }, enabled: projectId != null && projectsQuery.isSuccess, retry: false, })"
"client/src/hooks/use-dpr-boq-items.ts","client/src/hooks/use-dpr-boq-items.ts:198","fetch","fetch(`/api/boq/projects/${projectId}/items`, { credentials: ""include"" })"
"client/src/hooks/use-dpr-boq-items.ts","client/src/hooks/use-dpr-boq-items.ts:210","projectsQuery.refetch","projectsQuery.refetch()"
"client/src/hooks/use-dpr-boq-items.ts","client/src/hooks/use-dpr-boq-items.ts:211","itemsQuery.refetch","itemsQuery.refetch()"
"client/src/hooks/use-dpr-boq-items.ts","client/src/hooks/use-dpr-boq-items.ts:242","projectsQuery.refetch","projectsQuery.refetch()"
"client/src/hooks/use-dpr-boq-items.ts","client/src/hooks/use-dpr-boq-items.ts:243","itemsQuery.refetch","itemsQuery.refetch()"
"client/src/hooks/use-dpr-equipment-performance.ts","client/src/hooks/use-dpr-equipment-performance.ts:10","useQuery","useQuery({ queryKey: [""/api/reports/equipment-performance"", ""dpr-actual"", dpr?.date, userId, canView, hasCompleteContext], queryFn: ({ signal }) => fetchDprEquipmentPerformance(dpr!.date, signal), enabled: canView && hasCompleteContext && isLiveDprPerformanceContext(dpr) && (dpr?.equipment?.length ?? 0) > 0, // A regrant must revalidate even if the previous complete-access result is // still fresh under the application's five-minute default cache policy. staleTime: 0, retry: false, })"
"client/src/hooks/use-dpr-equipment-performance.ts","client/src/hooks/use-dpr-equipment-performance.ts:12","fetchDprEquipmentPerformance","fetchDprEquipmentPerformance(dpr!.date, signal)"
"client/src/hooks/use-dpr-material-receipts.ts","client/src/hooks/use-dpr-material-receipts.ts:11","useQuery","useQuery<DprMaterialReceipt[]>({ queryKey: [`/api/materials-received?${params.toString()}`], enabled: !!site?.trim() && !!date?.trim(), })"
"client/src/hooks/use-dprs.ts","client/src/hooks/use-dprs.ts:9","useQuery","useQuery({ queryKey, queryFn: async () => { // Clean undefined filters const params = filters ? Object.fromEntries( Object.entries(filters).filter(([_, v]) => v != null && v !== '') ) as Record<string, string> : undefined; const url = filters ? `${api.dprs.list.path}?${new URLSearchParams(params)}` : api.dprs.list.path; const res = await fetch(url, { credentials: ""include"" }); if (!res.ok) throw new Error(""Failed to fetch DPRs""); return api.dprs.list.responses[200].parse(await res.json()); }, })"
"client/src/hooks/use-dprs.ts","client/src/hooks/use-dprs.ts:19","fetch","fetch(url, { credentials: ""include"" })"
"client/src/hooks/use-dprs.ts","client/src/hooks/use-dprs.ts:27","useQuery","useQuery({ queryKey: [api.dprs.get.path, id], queryFn: async () => { const url = buildUrl(api.dprs.get.path, { id }); const res = await fetch(url, { credentials: ""include"" }); if (res.status === 404) return null; if (!res.ok) throw new Error(""Failed to fetch DPR details""); return api.dprs.get.responses[200].parse(await res.json()); }, enabled: !!id, })"
"client/src/hooks/use-dprs.ts","client/src/hooks/use-dprs.ts:31","fetch","fetch(url, { credentials: ""include"" })"
"client/src/hooks/use-dprs.ts","client/src/hooks/use-dprs.ts:41","useQueryClient","useQueryClient()"
"client/src/hooks/use-dprs.ts","client/src/hooks/use-dprs.ts:44","useMutation","useMutation({ mutationFn: async (data: CreateDprRequest) => { const res = await fetch(api.dprs.create.path, { method: api.dprs.create.method, headers: { ""Content-Type"": ""application/json"" }, body: JSON.stringify(data), credentials: ""include"", }); if (!res.ok) { if (res.status === 400) { const error = api.dprs.create.responses[400].parse(await res.json()); throw new Error(error.message); } throw new Error(""Failed to create DPR""); } return api.dprs.create.responses[201].parse(await res.json()); }, onSuccess: () => { queryClient.invalidateQueries({ queryKey: [api.dprs.list.path] }); queryClient.invalidateQueries({ predicate: (q) => q.queryKey[0]?.toString().startsWith(""/api/site-purchases"") || false }); queryClient.invalidateQueries({ predicate: (q) => q.queryKey[0]?.toString().startsWith(""/api/plant-module/stock-ledger"") || false }); queryClient.invalidateQueries({ queryKey: [""/api/plant-module/stock-balances""] }); toast({ title: ""DPR Created"", description: ""Daily Progress Report has been successfully submitted."", }); }, onError: (error) => { toast({ title: ""Error"", description: error.message, variant: ""destructive"", }); }, })"
"client/src/hooks/use-dprs.ts","client/src/hooks/use-dprs.ts:46","fetch","fetch(api.dprs.create.path, { method: api.dprs.create.method, headers: { ""Content-Type"": ""application/json"" }, body: JSON.stringify(data), credentials: ""include"", })"
"client/src/hooks/use-payables-preview.ts","client/src/hooks/use-payables-preview.ts:10","apiRequest","apiRequest(""GET"", `/api/vendor-bills/payables-preview?${params}`)"
"client/src/hooks/use-payables-preview.ts","client/src/hooks/use-payables-preview.ts:14","useQuery","useQuery<VendorPayablesPreview>({ queryKey: [""/api/vendor-bills/payables-preview"", input], queryFn: () => requestPayablesPreview(input!), enabled: !!input, retry: false, staleTime: 0, refetchOnWindowFocus: false, })"
"client/src/hooks/use-site-material-suggestions.ts","client/src/hooks/use-site-material-suggestions.ts:108","useQuery","useQuery<SiteMaterialSuggestions>({ queryKey: [SITE_MATERIAL_SUGGESTIONS_QUERY_KEY, siteValue], enabled: siteValue.trim().length > 0, // Saved associations can be changed by another authorized user/device. // Refreshing never writes form state; only an explicit suggestion // selection or correction confirmation may do that. refetchOnWindowFocus: true, refetchInterval: 30_000, queryFn: async ({ signal }) => { const response = await fetch( `${SITE_MATERIAL_SUGGESTIONS_QUERY_KEY}?site=${encodeURIComponent(siteValue)}`, { credentials: ""include"", signal }, ); if (!response.ok) { throw new Error(`Suggestions unavailable (${response.status})`); } const body = (await response.json()) as Partial<SiteMaterialSuggestions>; const rawAssociations = body.vehicleSuppliers; const vehicleSuppliers: Record<string, VehicleSupplierAssociation> = {}; if (rawAssociations && typeof rawAssociations === ""object"") { for (const [key, value] of Object.entries(rawAssociations)) { if (!value || typeof value !== ""object"") continue; const association = value as Partial<VehicleSupplierAssociation>; if ( association.status !== ""linked"" && association.status !== ""conflict"" && association.status !== ""unlinked"" ) { continue; } const normalizedKey = normalizeVehicleSupplierKey(key); if (!normalizedKey) continue; vehicleSuppliers[normalizedKey] = { status: association.status, supplier: typeof association.supplier === ""string"" ? association.supplier : null, version: typeof association.version === ""string"" ? association.version : null, }; } } const base = { vehicles: Array.isArray(body.vehicles) ? body.vehicles.filter((value): value is string => typeof value === ""string"") : [], suppliers: Array.isArray(body.suppliers) ? body.suppliers.filter((value): value is string => typeof value === ""string"") : [], materialSourceSuppliers: Array.isArray(body.materialSourceSuppliers) ? body.materialSourceSuppliers.filter((value): value is string => typeof value === ""string"") : [], }; // Keep the old two-field result shape for older deployments while // exposing the augmented contract as soon as the server sends it. return ( Object.prototype.hasOwnProperty.call(body, ""vehicleSuppliers"") || Object.prototype.hasOwnProperty.call(body, ""canCorrectVehicleSupplier"") ? { ...base, vehicleSuppliers, canCorrectVehicleSupplier: body.canCorrectVehicleSupplier === true, } : base ) as SiteMaterialSuggestions; }, })"
"client/src/hooks/use-site-material-suggestions.ts","client/src/hooks/use-site-material-suggestions.ts:117","fetch","fetch( `${SITE_MATERIAL_SUGGESTIONS_QUERY_KEY}?site=${encodeURIComponent(siteValue)}`, { credentials: ""include"", signal }, )"
"client/src/hooks/use-upload.ts","client/src/hooks/use-upload.ts:65","fetch","fetch(""/api/uploads/request-url"", { method: ""POST"", headers: { ""Content-Type"": ""application/json"", }, body: JSON.stringify({ name: file.name, size: file.size, contentType: file.type || ""application/octet-stream"", }), })"
"client/src/hooks/use-upload.ts","client/src/hooks/use-upload.ts:92","fetch","fetch(uploadURL, { method: ""PUT"", body: file, headers: { ""Content-Type"": file.type || ""application/octet-stream"", }, })"
"client/src/hooks/use-upload.ts","client/src/hooks/use-upload.ts:165","fetch","fetch(""/api/uploads/request-url"", { method: ""POST"", headers: { ""Content-Type"": ""application/json"", }, body: JSON.stringify({ name: file.name, size: file.size, contentType: file.type || ""application/octet-stream"", }), })"
"client/src/hooks/useEditPermission.ts","client/src/hooks/useEditPermission.ts:17","useQuery","useQuery<{ hasPermission: boolean; request: EditPermissionRequest | null }>({ queryKey: [""/api/edit-requests/check"", recordType, recordId], queryFn: async () => { if (!recordId) return { hasPermission: false, request: null }; const res = await fetch(`/api/edit-requests/check?recordType=${recordType}&recordId=${recordId}`, { credentials: ""include"" }); if (!res.ok) return { hasPermission: false, request: null }; return res.json(); }, enabled: !!recordId, refetchInterval: 30_000, })"
"client/src/hooks/useEditPermission.ts","client/src/hooks/useEditPermission.ts:21","fetch","fetch(`/api/edit-requests/check?recordType=${recordType}&recordId=${recordId}`, { credentials: ""include"" })"
"client/src/hooks/useEditPermission.ts","client/src/hooks/useEditPermission.ts:29","useQuery","useQuery<EditPermissionRequest[]>({ queryKey: [""/api/edit-requests/mine""], queryFn: async () => { const res = await fetch(""/api/edit-requests/mine"", { credentials: ""include"" }); if (!res.ok) return []; return res.json(); }, enabled: !!recordId, refetchInterval: 30_000, })"
"client/src/hooks/useEditPermission.ts","client/src/hooks/useEditPermission.ts:32","fetch","fetch(""/api/edit-requests/mine"", { credentials: ""include"" })"
"client/src/hooks/useEditPermission.ts","client/src/hooks/useEditPermission.ts:44","useMutation","useMutation<EditPermissionRequest, Error, string>({ mutationFn: async (reason: string) => { const res = await apiRequest(""POST"", ""/api/edit-requests"", { recordType, recordId, requestReason: reason }); return res.json(); }, onSuccess: () => { queryClient.invalidateQueries({ queryKey: [""/api/edit-requests/mine""] }); queryClient.invalidateQueries({ queryKey: [""/api/edit-requests/check"", recordType, recordId] }); toast({ title: ""Request sent"", description: ""Waiting for admin approval."" }); }, onError: (err: any) => { const msg = err?.message || ""Failed to send edit request.""; toast({ title: ""Request failed"", description: msg, variant: ""destructive"" }); }, })"
"client/src/hooks/useEditPermission.ts","client/src/hooks/useEditPermission.ts:46","apiRequest","apiRequest(""POST"", ""/api/edit-requests"", { recordType, recordId, requestReason: reason })"
"client/src/hooks/useEditPermission.ts","client/src/hooks/useEditPermission.ts:60","useMutation","useMutation<void, Error, number>({ mutationFn: async (requestId: number) => { await apiRequest(""POST"", `/api/edit-requests/${requestId}/consume`, {}); }, onSuccess: () => { queryClient.invalidateQueries({ queryKey: [""/api/edit-requests/check"", recordType, recordId] }); queryClient.invalidateQueries({ queryKey: [""/api/edit-requests/mine""] }); }, })"
"client/src/hooks/useEditPermission.ts","client/src/hooks/useEditPermission.ts:62","apiRequest","apiRequest(""POST"", `/api/edit-requests/${requestId}/consume`, {})"
"client/src/hooks/useEditPermission.ts","client/src/hooks/useEditPermission.ts:96","checkQuery.refetch","checkQuery.refetch()"
"client/src/hooks/useEditPermission.ts","client/src/hooks/useEditPermission.ts:97","myRequestsQuery.refetch","myRequestsQuery.refetch()"
"client/src/lib/auth-context.tsx","client/src/lib/auth-context.tsx:79","useQueryClient","useQueryClient()"
"client/src/lib/auth-context.tsx","client/src/lib/auth-context.tsx:96","useQuery","useQuery<MeResponse | null>({ queryKey: [""/api/auth/me""], queryFn: async () => { const r = await fetch(SESSION_PING_PATH, { credentials: ""include"" }); if (r.status === 401) return null; if (!r.ok) throw new Error(`auth: ${r.status}`); return (await r.json()) as MeResponse; }, refetchOnWindowFocus: true, staleTime: 60_000, })"
"client/src/lib/auth-context.tsx","client/src/lib/auth-context.tsx:99","fetch","fetch(SESSION_PING_PATH, { credentials: ""include"" })"
"client/src/lib/auth-context.tsx","client/src/lib/auth-context.tsx:140","meQuery.refetch","meQuery.refetch()"
"client/src/lib/auth-context.tsx","client/src/lib/auth-context.tsx:191","meQuery.refetch","meQuery.refetch()"
"client/src/lib/auth-context.tsx","client/src/lib/auth-context.tsx:195","fetch","fetch(""/api/auth/logout"", { method: ""POST"", credentials: ""include"", })"
"client/src/lib/auth-context.tsx","client/src/lib/auth-context.tsx:204","meQuery.refetch","meQuery.refetch()"
"client/src/lib/dprEquipmentEfficiency.ts","client/src/lib/dprEquipmentEfficiency.ts:156","fetch","fetch(dprEquipmentPerformanceUrl(date), { credentials: ""include"", signal })"
"client/src/lib/equipmentContinuity.ts","client/src/lib/equipmentContinuity.ts:20","fetch","fetch( `/api/equipment/${equipmentId}/latest-closing?beforeDate=${encodeURIComponent(beforeDate)}&site=${encodeURIComponent(site)}${inc}`, { credentials: ""include"" }, )"
"client/src/lib/equipmentIdentification.ts","client/src/lib/equipmentIdentification.ts:13","fetch","fetch(""/api/reports/equipment-performance"", { credentials: ""include"" })"
"client/src/lib/estimatorAuth.ts","client/src/lib/estimatorAuth.ts:29","fetch","fetch('/api/estimator/session', { method: 'DELETE', credentials: 'include' })"
"client/src/lib/executionArrangementApproval.ts","client/src/lib/executionArrangementApproval.ts:9","fetch","fetch(`/api/earthwork-arrangements/${arrangementId}`, { method: ""PATCH"", credentials: ""include"", headers: { ""Content-Type"": ""application/json"" }, body: JSON.stringify({ status: ""approved"", effectiveFrom }), })"
"client/src/lib/featureFlags.ts","client/src/lib/featureFlags.ts:17","useQuery","useQuery<AppConfig>({ queryKey: [""/api/config""], staleTime: Infinity, gcTime: Infinity, })"
"client/src/lib/queryClient.ts","client/src/lib/queryClient.ts:47","fetch","fetch(url, { method, headers: data ? { ""Content-Type"": ""application/json"" } : {}, body: data ? JSON.stringify(data) : undefined, credentials: ""include"", })"
"client/src/lib/queryClient.ts","client/src/lib/queryClient.ts:64","fetch","fetch(queryKey.join(""/"") as string, { credentials: ""include"", })"
"client/src/pages/Account.tsx","client/src/pages/Account.tsx:50","(async () => {
      try {
        const registration = await navigator.serviceWorker.ready;
        const subscription = await registration.pushManager.getSubscription();
        if (!subscription) {
          setStatus(""inactive"");
          return;
        }
        const subJson = subscription.toJSON();
        try {
          await apiRequest(""POST"", ""/api/push/subscribe"", {
            subscription: { endpoint: subJson.endpoint, keys: subJson.keys },
            label: ""Device"",
            mode: ""sync"",
          });
          setStatus(""active"");
        } catch (error) {
          // apiRequest throws on non-2xx responses. A disabled account or a
          // device bound to another account cannot use this local token.
          if (isNotificationsDisabledError(error) || isSubscriptionOwnershipError(error)) {
            await subscription.unsubscribe().catch(() => {});
            setStatus(isNotificationsDisabledError(error) ? ""not_allowed"" : ""inactive"");
            return;
          }
          setStatus(""inactive"");
        }
      } catch {
        setStatus(""inactive"");
      }
    })","(async () => { try { const registration = await navigator.serviceWorker.ready; const subscription = await registration.pushManager.getSubscription(); if (!subscription) { setStatus(""inactive""); return; } const subJson = subscription.toJSON(); try { await apiRequest(""POST"", ""/api/push/subscribe"", { subscription: { endpoint: subJson.endpoint, keys: subJson.keys }, label: ""Device"", mode: ""sync"", }); setStatus(""active""); } catch (error) { // apiRequest throws on non-2xx responses. A disabled account or a // device bound to another account cannot use this local token. if (isNotificationsDisabledError(error) || isSubscriptionOwnershipError(error)) { await subscription.unsubscribe().catch(() => {}); setStatus(isNotificationsDisabledError(error) ? ""not_allowed"" : ""inactive""); return; } setStatus(""inactive""); } } catch { setStatus(""inactive""); } })()"
"client/src/pages/Account.tsx","client/src/pages/Account.tsx:60","apiRequest","apiRequest(""POST"", ""/api/push/subscribe"", { subscription: { endpoint: subJson.endpoint, keys: subJson.keys }, label: ""Device"", mode: ""sync"", })"
"client/src/pages/Account.tsx","client/src/pages/Account.tsx:91","fetch","fetch(""/api/push/vapid-key"")"
"client/src/pages/Account.tsx","client/src/pages/Account.tsx:106","apiRequest","apiRequest(""POST"", ""/api/push/subscribe"", { subscription: { endpoint: subJson.endpoint, keys: subJson.keys }, label: ""Device"", mode: ""activate"", })"
"client/src/pages/Account.tsx","client/src/pages/Account.tsx:140","apiRequest","apiRequest(""DELETE"", ""/api/push/unsubscribe"", { endpoint })"
"client/src/pages/Account.tsx","client/src/pages/Account.tsx:193","useMutation","useMutation({ mutationFn: async (fullName: string) => { const res = await apiRequest(""PATCH"", ""/api/auth/me"", { fullName }); if (!res.ok) { const body = await res.json().catch(() => ({})); throw new Error(body.message || body.error || ""Failed to update name""); } return res.json(); }, onSuccess: () => { queryClient.invalidateQueries({ queryKey: [""/api/auth/me""] }); setEditingName(false); toast({ title: ""Name updated"" }); }, onError: (err: Error) => { toast({ title: ""Could not update name"", description: err.message, variant: ""destructive"" }); }, })"
"client/src/pages/Account.tsx","client/src/pages/Account.tsx:195","apiRequest","apiRequest(""PATCH"", ""/api/auth/me"", { fullName })"
"client/src/pages/AdminReports.tsx","client/src/pages/AdminReports.tsx:82","useQuery","useQuery<DprWithDetails[]>({ queryKey: [""/api/dprs/with-details""], enabled: authenticated, })"
"client/src/pages/AdminReports.tsx","client/src/pages/AdminReports.tsx:455","window.print","window.print()"
"client/src/pages/AdminSettings.tsx","client/src/pages/AdminSettings.tsx:39","useQuery","useQuery<{ companyName: string; companyShortName: string; appTagline: string; logoFile: string }>({ queryKey: [""/api/admin/branding""], enabled: authenticated, })"
"client/src/pages/AdminSettings.tsx","client/src/pages/AdminSettings.tsx:45","useQuery","useQuery<{ licensedModules: string[] }>({ queryKey: [""/api/admin/licensed-modules""], enabled: authenticated, })"
"client/src/pages/AdminSettings.tsx","client/src/pages/AdminSettings.tsx:54","useMutation","useMutation({ mutationFn: async (modules: string[]) => { const response = await apiRequest(""POST"", ""/api/admin/licensed-modules"", { licensedModules: modules }); if (!response.ok) { const error = await response.json(); throw new Error(error.message || ""Failed to save""); } return response.json(); }, onSuccess: () => { queryClient.invalidateQueries({ queryKey: [""/api/admin/licensed-modules""] }); queryClient.invalidateQueries({ queryKey: [""/api/config""] }); toast({ title: ""Module licensing saved"", description: ""Sidebar will update for all users on next page load."" }); }, onError: (error: any) => { toast({ title: ""Error"", description: error.message || ""Failed to save"", variant: ""destructive"" }); }, })"
"client/src/pages/AdminSettings.tsx","client/src/pages/AdminSettings.tsx:56","apiRequest","apiRequest(""POST"", ""/api/admin/licensed-modules"", { licensedModules: modules })"
"client/src/pages/AdminSettings.tsx","client/src/pages/AdminSettings.tsx:94","useQuery","useQuery<{ tank1: string | null; tank2: string | null }>({ queryKey: [""/api/admin/ldo-received-by""], enabled: authenticated, })"
"client/src/pages/AdminSettings.tsx","client/src/pages/AdminSettings.tsx:114","useMutation","useMutation({ mutationFn: async (data: { tank1: string; tank2: string }) => { const response = await apiRequest(""POST"", ""/api/admin/ldo-received-by"", data); if (!response.ok) { const error = await response.json(); throw new Error(error.message || ""Failed to save""); } }, onSuccess: () => { queryClient.invalidateQueries({ queryKey: [""/api/admin/ldo-received-by""] }); toast({ title: ""LDO Defaults Saved"", description: ""Received By defaults have been updated."" }); }, onError: (error: any) => { toast({ title: ""Error"", description: error.message || ""Failed to save defaults"", variant: ""destructive"" }); }, })"
"client/src/pages/AdminSettings.tsx","client/src/pages/AdminSettings.tsx:116","apiRequest","apiRequest(""POST"", ""/api/admin/ldo-received-by"", data)"
"client/src/pages/AdminSettings.tsx","client/src/pages/AdminSettings.tsx:131","useMutation","useMutation({ mutationFn: async (data: { companyName: string; companyShortName: string; appTagline: string }) => { const response = await apiRequest(""POST"", ""/api/admin/branding"", data); if (!response.ok) { const error = await response.json(); throw new Error(error.message || ""Failed to save""); } }, onSuccess: () => { queryClient.invalidateQueries({ queryKey: [""/api/config""] }); queryClient.invalidateQueries({ queryKey: [""/api/admin/branding""] }); toast({ title: ""Branding Saved"", description: ""Company branding has been updated."" }); }, onError: (error: any) => { toast({ title: ""Error"", description: error.message || ""Failed to save branding"", variant: ""destructive"" }); }, })"
"client/src/pages/AdminSettings.tsx","client/src/pages/AdminSettings.tsx:133","apiRequest","apiRequest(""POST"", ""/api/admin/branding"", data)"
"client/src/pages/AdminSettings.tsx","client/src/pages/AdminSettings.tsx:149","useMutation","useMutation({ mutationFn: async (data: { newPin: string }) => { const response = await apiRequest(""POST"", ""/api/admin/change-pin"", data); if (!response.ok) { const error = await response.json(); throw new Error(error.message || ""Failed to update PIN""); } }, onSuccess: () => { toast({ title: ""Admin PIN Updated"", description: ""Admin PIN has been changed successfully."", }); setNewAdminPin(""""); setConfirmAdminPin(""""); }, onError: (error: any) => { toast({ title: ""Error"", description: error.message || ""Failed to update admin PIN"", variant: ""destructive"", }); }, })"
"client/src/pages/AdminSettings.tsx","client/src/pages/AdminSettings.tsx:151","apiRequest","apiRequest(""POST"", ""/api/admin/change-pin"", data)"
"client/src/pages/AdminSettings.tsx","client/src/pages/AdminSettings.tsx:174","useMutation","useMutation({ mutationFn: async (data: { newPin: string }) => { const response = await apiRequest(""POST"", ""/api/admin/change-manager-pin"", data); if (!response.ok) { const error = await response.json(); throw new Error(error.message || ""Failed to update PIN""); } }, onSuccess: () => { toast({ title: ""Manager PIN Updated"", description: ""Manager PIN has been changed successfully."", }); setNewManagerPin(""""); setConfirmManagerPin(""""); }, onError: (error: any) => { toast({ title: ""Error"", description: error.message || ""Failed to update manager PIN"", variant: ""destructive"", }); }, })"
"client/src/pages/AdminSettings.tsx","client/src/pages/AdminSettings.tsx:176","apiRequest","apiRequest(""POST"", ""/api/admin/change-manager-pin"", data)"
"client/src/pages/BoqItemRecipes.tsx","client/src/pages/BoqItemRecipes.tsx:201","useQuery","useQuery<PlanningMixTemplate[]>({ queryKey: [""/api/planning/mix-templates""], queryFn: async () => { const res = await fetch(""/api/planning/mix-templates"", { credentials: ""include"" }); return res.ok ? res.json() : []; }, })"
"client/src/pages/BoqItemRecipes.tsx","client/src/pages/BoqItemRecipes.tsx:204","fetch","fetch(""/api/planning/mix-templates"", { credentials: ""include"" })"
"client/src/pages/BoqItemRecipes.tsx","client/src/pages/BoqItemRecipes.tsx:216","useQuery","useQuery<BoqMixTemplateLink[]>({ queryKey: [""/api/boq/projects"", projectId, ""mix-links""], queryFn: async () => { const res = await fetch(`/api/boq/projects/${projectId}/mix-links`, { credentials: ""include"" }); return res.ok ? res.json() : []; }, enabled: !!projectId && [""bituminous"", ""granular"", ""spray_coat""].includes(layerType), })"
"client/src/pages/BoqItemRecipes.tsx","client/src/pages/BoqItemRecipes.tsx:219","fetch","fetch(`/api/boq/projects/${projectId}/mix-links`, { credentials: ""include"" })"
"client/src/pages/BoqItemRecipes.tsx","client/src/pages/BoqItemRecipes.tsx:240","useQuery","useQuery<MixTemplateWithComponents>({ queryKey: [""/api/planning/mix-templates"", mixTemplateId, ""components""], queryFn: async () => { const res = await fetch(`/api/planning/mix-templates/${mixTemplateId}/components`, { credentials: ""include"" }); return res.ok ? res.json() : null; }, enabled: !!mixTemplateId && layerType === ""bituminous"", })"
"client/src/pages/BoqItemRecipes.tsx","client/src/pages/BoqItemRecipes.tsx:243","fetch","fetch(`/api/planning/mix-templates/${mixTemplateId}/components`, { credentials: ""include"" })"
"client/src/pages/BoqItemRecipes.tsx","client/src/pages/BoqItemRecipes.tsx:302","useMutation","useMutation({ mutationFn: async () => { await apiRequest(""PATCH"", `/api/boq/items/${item.id}`, { layerConfig: layerConfig ?? null }); // Always PUT materials when a layer type is selected so that: // - derived rows are applied, AND // - stale auto-rows are cleared when config produces no rows // (Only skip PUT when layerType is ""none"", i.e. user wants manual materials) if (layerType !== ""none"") { const payload: InsertBoqItemMaterials[] = derivedRows.map((r, i) => ({ boqItemId: item.id, materialName: r.materialName, uom: r.uom, qtyPerBoqUnit: r.qtyPerBoqUnit, wastagePct: 0, isAuto: true, applicationNote: r.applicationNote ?? null, sortOrder: i, })); await apiRequest(""PUT"", `/api/boq/items/${item.id}/materials`, { rows: payload }); } }, onSuccess: async () => { lastSavedLcRef.current = JSON.stringify(layerConfig); setDirty(false); onLayerConfigChange(layerConfig); // Invalidate the parent items list so the updated layerConfig is reflected // when the dialog is closed and reopened (prevents stale-cache reversion). await queryClient.invalidateQueries({ queryKey: [""/api/boq/projects"", projectId, ""items""] }); if (layerType !== ""none"") { await queryClient.invalidateQueries({ queryKey: [""/api/boq/items"", item.id, ""materials""] }); toast({ title: derivedRows.length > 0 ? `Layer config saved — ${derivedRows.length} material rows applied` : ""Layer config saved — auto materials cleared"", }); } else { toast({ title: ""Layer config saved"" }); } }, onError: () => toast({ title: ""Failed to save"", variant: ""destructive"" }), })"
"client/src/pages/BoqItemRecipes.tsx","client/src/pages/BoqItemRecipes.tsx:304","apiRequest","apiRequest(""PATCH"", `/api/boq/items/${item.id}`, { layerConfig: layerConfig ?? null })"
"client/src/pages/BoqItemRecipes.tsx","client/src/pages/BoqItemRecipes.tsx:320","apiRequest","apiRequest(""PUT"", `/api/boq/items/${item.id}/materials`, { rows: payload })"
"client/src/pages/BoqItemRecipes.tsx","client/src/pages/BoqItemRecipes.tsx:550","useQuery","useQuery<ProgramSettingsMinimal | null>({ queryKey: [""/api/boq/projects"", projectId, ""program-settings""], queryFn: async () => { if (!projectId || projectId <= 0) return null; const res = await fetch(`/api/boq/projects/${projectId}/program-settings`, { credentials: ""include"" }); return res.ok ? res.json() : null; }, enabled: !!projectId && projectId > 0, staleTime: 60_000, })"
"client/src/pages/BoqItemRecipes.tsx","client/src/pages/BoqItemRecipes.tsx:554","fetch","fetch(`/api/boq/projects/${projectId}/program-settings`, { credentials: ""include"" })"
"client/src/pages/BoqItemRecipes.tsx","client/src/pages/BoqItemRecipes.tsx:593","useQuery","useQuery<BoqItemEquipmentWithMaster[]>({ queryKey: [""/api/boq/items"", boqItemId, ""equipment""], queryFn: async () => { const res = await fetch(`/api/boq/items/${boqItemId}/equipment`, { credentials: ""include"" }); return res.ok ? res.json() : []; }, })"
"client/src/pages/BoqItemRecipes.tsx","client/src/pages/BoqItemRecipes.tsx:596","fetch","fetch(`/api/boq/items/${boqItemId}/equipment`, { credentials: ""include"" })"
"client/src/pages/BoqItemRecipes.tsx","client/src/pages/BoqItemRecipes.tsx:608","useMutation","useMutation({ mutationFn: async () => { const payload: InsertBoqItemEquipment[] = rows .filter((r) => r.equipmentName.trim() || r.planningEquipTypeId !== ""__manual__"") .map((r, i) => ({ boqItemId, planningEquipmentTypeId: r.planningEquipTypeId !== ""__manual__"" ? parseInt(r.planningEquipTypeId) : null, equipmentMasterId: null, equipmentName: r.planningEquipTypeId !== ""__manual__"" ? (masterList.find((m) => m.id === parseInt(r.planningEquipTypeId))?.name ?? r.equipmentName) : r.equipmentName.toUpperCase(), qtyPerBoqUnit: r.qtyPerBoqUnit ? parseFloat(r.qtyPerBoqUnit) : 0, count: parseInt(r.count) || 1, notes: r.notes || null, sortOrder: i, })); await apiRequest(""PUT"", `/api/boq/items/${boqItemId}/equipment`, { rows: payload }); }, onSuccess: async () => { await queryClient.invalidateQueries({ queryKey: [""/api/boq/items"", boqItemId, ""equipment""] }); await queryClient.invalidateQueries({ queryKey: [""/api/boq/projects""] }); toast({ title: ""Equipment recipe saved"" }); setDirty(false); }, onError: () => toast({ title: ""Save failed"", variant: ""destructive"" }), })"
"client/src/pages/BoqItemRecipes.tsx","client/src/pages/BoqItemRecipes.tsx:624","apiRequest","apiRequest(""PUT"", `/api/boq/items/${boqItemId}/equipment`, { rows: payload })"
"client/src/pages/BoqItemRecipes.tsx","client/src/pages/BoqItemRecipes.tsx:922","useQuery","useQuery<Array<{ spec: string | null; purpose: string | null; outputPerHr: number; unit: string; snlItemCode: string }>>({ queryKey: [""/api/boq/items"", boqItemId, ""equipment-output-suggestion"", equipmentName], queryFn: async () => { if (!equipmentName.trim()) return []; const res = await fetch(`/api/boq/items/${boqItemId}/equipment-output-suggestion?equipmentName=${encodeURIComponent(equipmentName)}`, { credentials: ""include"" }); return res.ok ? res.json() : []; }, enabled: open && !!equipmentName.trim(), staleTime: 60_000, })"
"client/src/pages/BoqItemRecipes.tsx","client/src/pages/BoqItemRecipes.tsx:926","fetch","fetch(`/api/boq/items/${boqItemId}/equipment-output-suggestion?equipmentName=${encodeURIComponent(equipmentName)}`, { credentials: ""include"" })"
"client/src/pages/BoqItemRecipes.tsx","client/src/pages/BoqItemRecipes.tsx:1007","useQuery","useQuery<BoqItemLabourRow[]>({ queryKey: [""/api/boq/items"", boqItemId, ""labour""], queryFn: async () => { const res = await fetch(`/api/boq/items/${boqItemId}/labour`, { credentials: ""include"" }); return res.ok ? res.json() : []; }, })"
"client/src/pages/BoqItemRecipes.tsx","client/src/pages/BoqItemRecipes.tsx:1009","fetch","fetch(`/api/boq/items/${boqItemId}/labour`, { credentials: ""include"" })"
"client/src/pages/BoqItemRecipes.tsx","client/src/pages/BoqItemRecipes.tsx:1015","useMutation","useMutation({ mutationFn: async () => { const payload: InsertBoqItemLabour[] = rows.filter((r) => r.designation.trim()).map((r, i) => ({ boqItemId, planningLabourTypeId: r.planningLabourTypeId !== ""__manual__"" ? parseInt(r.planningLabourTypeId) : null, designation: r.designation.trim(), qtyPerBoqUnit: r.qtyPerBoqUnit ? parseFloat(r.qtyPerBoqUnit) : 0, notes: r.notes || null, sortOrder: i, })); await apiRequest(""PUT"", `/api/boq/items/${boqItemId}/labour`, { rows: payload }); }, onSuccess: async () => { await queryClient.invalidateQueries({ queryKey: [""/api/boq/items"", boqItemId, ""labour""] }); toast({ title: ""Labour recipe saved"" }); setDirty(false); }, onError: () => toast({ title: ""Save failed"", variant: ""destructive"" }), })"
"client/src/pages/BoqItemRecipes.tsx","client/src/pages/BoqItemRecipes.tsx:1025","apiRequest","apiRequest(""PUT"", `/api/boq/items/${boqItemId}/labour`, { rows: payload })"
"client/src/pages/BoqItemRecipes.tsx","client/src/pages/BoqItemRecipes.tsx:1112","useQuery","useQuery<BoqItemMaterialsRow[]>({ queryKey: [""/api/boq/items"", boqItemId, ""materials""], queryFn: async () => { const res = await fetch(`/api/boq/items/${boqItemId}/materials`, { credentials: ""include"" }); return res.ok ? res.json() : []; }, })"
"client/src/pages/BoqItemRecipes.tsx","client/src/pages/BoqItemRecipes.tsx:1114","fetch","fetch(`/api/boq/items/${boqItemId}/materials`, { credentials: ""include"" })"
"client/src/pages/BoqItemRecipes.tsx","client/src/pages/BoqItemRecipes.tsx:1116","useQuery","useQuery<RecipeMaterialUsed[]>({ queryKey: [""/api/boq/projects"", projectId, ""recipe-materials-used""], queryFn: async () => { const res = await fetch(`/api/boq/projects/${projectId}/recipe-materials-used`, { credentials: ""include"" }); return res.ok ? res.json() : []; }, enabled: projectId > 0, })"
"client/src/pages/BoqItemRecipes.tsx","client/src/pages/BoqItemRecipes.tsx:1118","fetch","fetch(`/api/boq/projects/${projectId}/recipe-materials-used`, { credentials: ""include"" })"
"client/src/pages/BoqItemRecipes.tsx","client/src/pages/BoqItemRecipes.tsx:1125","useMutation","useMutation({ mutationFn: async () => { const payload: InsertBoqItemMaterials[] = rows.filter((r) => r.materialName.trim()).map((r, i) => ({ boqItemId, materialName: r.materialName.trim(), uom: r.uom.trim() || null, qtyPerBoqUnit: r.qtyPerBoqUnit ? parseFloat(r.qtyPerBoqUnit) : 0, notes: r.notes || null, applicationNote: r.applicationNote || null, isAuto: r.isAuto, sortOrder: i, })); await apiRequest(""PUT"", `/api/boq/items/${boqItemId}/materials`, { rows: payload }); }, onSuccess: async () => { await queryClient.invalidateQueries({ queryKey: [""/api/boq/items"", boqItemId, ""materials""] }); await queryClient.invalidateQueries({ queryKey: [""/api/boq/projects"", projectId, ""recipe-materials-used""] }); toast({ title: ""Materials recipe saved"" }); setDirty(false); }, onError: () => toast({ title: ""Save failed"", variant: ""destructive"" }), })"
"client/src/pages/BoqItemRecipes.tsx","client/src/pages/BoqItemRecipes.tsx:1131","apiRequest","apiRequest(""PUT"", `/api/boq/items/${boqItemId}/materials`, { rows: payload })"
"client/src/pages/BoqItemRecipes.tsx","client/src/pages/BoqItemRecipes.tsx:1282","useQuery","useQuery<SnlMapping | null>({ queryKey: [""/api/snl/mappings"", item.id], queryFn: async () => { const res = await fetch(`/api/snl/mappings/${item.id}`, { credentials: ""include"" }); return res.ok ? res.json() : null; }, })"
"client/src/pages/BoqItemRecipes.tsx","client/src/pages/BoqItemRecipes.tsx:1285","fetch","fetch(`/api/snl/mappings/${item.id}`, { credentials: ""include"" })"
"client/src/pages/BoqItemRecipes.tsx","client/src/pages/BoqItemRecipes.tsx:1290","useQuery","useQuery<SnlSearchResult[]>({ queryKey: [""/api/snl/search"", q], queryFn: async () => { const res = await fetch(`/api/snl/search?q=${encodeURIComponent(q)}`, { credentials: ""include"" }); return res.ok ? res.json() : []; }, enabled: q.trim().length > 1 || q === """", })"
"client/src/pages/BoqItemRecipes.tsx","client/src/pages/BoqItemRecipes.tsx:1293","fetch","fetch(`/api/snl/search?q=${encodeURIComponent(q)}`, { credentials: ""include"" })"
"client/src/pages/BoqItemRecipes.tsx","client/src/pages/BoqItemRecipes.tsx:1303","useMutation","useMutation({ mutationFn: async () => { await apiRequest(""POST"", `/api/snl/mappings/${item.id}/apply`, { snlItemId: selectedSnlId, projectCategory, gradingVariant: gradingVariant || null, }); }, onSuccess: async () => { await queryClient.invalidateQueries({ queryKey: [""/api/snl/mappings"", item.id] }); await queryClient.invalidateQueries({ queryKey: [""/api/boq/items"", item.id] }); await queryClient.invalidateQueries({ queryKey: [""/api/boq/items"", item.id, ""equipment""] }); await queryClient.invalidateQueries({ queryKey: [""/api/boq/items"", item.id, ""labour""] }); await queryClient.invalidateQueries({ queryKey: [""/api/boq/items"", item.id, ""materials""] }); toast({ title: ""Norms applied — equipment, labour & materials populated from SNL"" }); onClose(); }, onError: () => toast({ title: ""Failed to apply norms"", variant: ""destructive"" }), })"
"client/src/pages/BoqItemRecipes.tsx","client/src/pages/BoqItemRecipes.tsx:1305","apiRequest","apiRequest(""POST"", `/api/snl/mappings/${item.id}/apply`, { snlItemId: selectedSnlId, projectCategory, gradingVariant: gradingVariant || null, })"
"client/src/pages/BoqItemRecipes.tsx","client/src/pages/BoqItemRecipes.tsx:1323","useMutation","useMutation({ mutationFn: async () => apiRequest(""DELETE"", `/api/snl/mappings/${item.id}`, undefined), onSuccess: async () => { await queryClient.invalidateQueries({ queryKey: [""/api/snl/mappings"", item.id] }); toast({ title: ""Norm mapping removed"" }); }, onError: () => toast({ title: ""Remove failed"", variant: ""destructive"" }), })"
"client/src/pages/BoqItemRecipes.tsx","client/src/pages/BoqItemRecipes.tsx:1324","apiRequest","apiRequest(""DELETE"", `/api/snl/mappings/${item.id}`, undefined)"
"client/src/pages/BoqItemRecipes.tsx","client/src/pages/BoqItemRecipes.tsx:1521","useQuery","useQuery<PlanningEquipTypeMinimal[]>({ queryKey: [""/api/planning/equipment-types""], queryFn: async () => { const res = await fetch(""/api/planning/equipment-types"", { credentials: ""include"" }); return res.ok ? res.json() : []; }, })"
"client/src/pages/BoqItemRecipes.tsx","client/src/pages/BoqItemRecipes.tsx:1523","fetch","fetch(""/api/planning/equipment-types"", { credentials: ""include"" })"
"client/src/pages/BoqItemRecipes.tsx","client/src/pages/BoqItemRecipes.tsx:1525","useQuery","useQuery<PlanningLabourTypeMinimal[]>({ queryKey: [""/api/planning/labour-types""], queryFn: async () => { const res = await fetch(""/api/planning/labour-types"", { credentials: ""include"" }); return res.ok ? res.json() : []; }, })"
"client/src/pages/BoqItemRecipes.tsx","client/src/pages/BoqItemRecipes.tsx:1527","fetch","fetch(""/api/planning/labour-types"", { credentials: ""include"" })"
"client/src/pages/BoqItemRecipes.tsx","client/src/pages/BoqItemRecipes.tsx:1530","useQuery","useQuery<{ snlItemId: number; projectCategory: string } | null>({ queryKey: [""/api/snl/mappings"", currentItem.id], queryFn: async () => { const res = await fetch(`/api/snl/mappings/${currentItem.id}`, { credentials: ""include"" }); return res.ok ? res.json() : null; }, })"
"client/src/pages/BoqItemRecipes.tsx","client/src/pages/BoqItemRecipes.tsx:1533","fetch","fetch(`/api/snl/mappings/${currentItem.id}`, { credentials: ""include"" })"
"client/src/pages/BoqItemRecipes.tsx","client/src/pages/BoqItemRecipes.tsx:1626","useQuery","useQuery<BoqItemEquipmentWithMaster[]>({ queryKey: [""/api/boq/items"", boqItemId, ""equipment""], queryFn: async () => { const res = await fetch(`/api/boq/items/${boqItemId}/equipment`, { credentials: ""include"" }); return res.ok ? res.json() : []; }, })"
"client/src/pages/BoqItemRecipes.tsx","client/src/pages/BoqItemRecipes.tsx:1628","fetch","fetch(`/api/boq/items/${boqItemId}/equipment`, { credentials: ""include"" })"
"client/src/pages/BoqItemRecipes.tsx","client/src/pages/BoqItemRecipes.tsx:1630","useQuery","useQuery<BoqItemMaterialsRow[]>({ queryKey: [""/api/boq/items"", boqItemId, ""materials""], queryFn: async () => { const res = await fetch(`/api/boq/items/${boqItemId}/materials`, { credentials: ""include"" }); return res.ok ? res.json() : []; }, })"
"client/src/pages/BoqItemRecipes.tsx","client/src/pages/BoqItemRecipes.tsx:1632","fetch","fetch(`/api/boq/items/${boqItemId}/materials`, { credentials: ""include"" })"
"client/src/pages/BoqItemReview.tsx","client/src/pages/BoqItemReview.tsx:73","useMutation","useMutation({ mutationFn: (cls: string) => apiRequest(""PATCH"", `/api/boq/items/${item.id}/shoulder-class`, { shoulderClass: cls }), onSuccess: () => queryClient.invalidateQueries({ queryKey: [""/api/boq/projects""] }), })"
"client/src/pages/BoqItemReview.tsx","client/src/pages/BoqItemReview.tsx:75","apiRequest","apiRequest(""PATCH"", `/api/boq/items/${item.id}/shoulder-class`, { shoulderClass: cls })"
"client/src/pages/BoqItemReview.tsx","client/src/pages/BoqItemReview.tsx:79","useMutation","useMutation({ mutationFn: (data: Record<string, unknown>) => apiRequest(""PATCH"", `/api/boq/items/${item.id}`, data), onSuccess: () => { queryClient.invalidateQueries({ queryKey: [""/api/boq/projects"", projectId, ""items""] }); }, onError: () => toast({ title: ""Save failed"", variant: ""destructive"" }), })"
"client/src/pages/BoqItemReview.tsx","client/src/pages/BoqItemReview.tsx:81","apiRequest","apiRequest(""PATCH"", `/api/boq/items/${item.id}`, data)"
"client/src/pages/BoqItemReview.tsx","client/src/pages/BoqItemReview.tsx:259","useQuery","useQuery<any>({ queryKey: [""/api/boq/projects"", projectId], queryFn: () => fetch(`/api/boq/projects/${projectId}`).then(r => r.json()), enabled: !isNaN(projectId), })"
"client/src/pages/BoqItemReview.tsx","client/src/pages/BoqItemReview.tsx:261","fetch(`/api/boq/projects/${projectId}`).then","fetch(`/api/boq/projects/${projectId}`).then(r => r.json())"
"client/src/pages/BoqItemReview.tsx","client/src/pages/BoqItemReview.tsx:261","fetch","fetch(`/api/boq/projects/${projectId}`)"
"client/src/pages/BoqItemReview.tsx","client/src/pages/BoqItemReview.tsx:265","useQuery","useQuery<ItemRow[]>({ queryKey: [""/api/boq/projects"", projectId, ""items""], queryFn: () => fetch(`/api/boq/projects/${projectId}/items`).then(r => r.json()), enabled: !isNaN(projectId), })"
"client/src/pages/BoqItemReview.tsx","client/src/pages/BoqItemReview.tsx:267","fetch(`/api/boq/projects/${projectId}/items`).then","fetch(`/api/boq/projects/${projectId}/items`).then(r => r.json())"
"client/src/pages/BoqItemReview.tsx","client/src/pages/BoqItemReview.tsx:267","fetch","fetch(`/api/boq/projects/${projectId}/items`)"
"client/src/pages/BoqItemReview.tsx","client/src/pages/BoqItemReview.tsx:271","useMutation","useMutation({ mutationFn: () => apiRequest(""POST"", `/api/boq/projects/${projectId}/auto-map-all`, {}), onSuccess: () => { toast({ title: ""Auto-classify complete"", description: ""Items have been re-mapped."" }); queryClient.invalidateQueries({ queryKey: [""/api/boq/projects"", projectId, ""items""] }); }, onError: () => toast({ title: ""Auto-classify failed"", variant: ""destructive"" }), })"
"client/src/pages/BoqItemReview.tsx","client/src/pages/BoqItemReview.tsx:272","apiRequest","apiRequest(""POST"", `/api/boq/projects/${projectId}/auto-map-all`, {})"
"client/src/pages/BoqProgramSettings.tsx","client/src/pages/BoqProgramSettings.tsx:132","useQueryClient","useQueryClient()"
"client/src/pages/BoqProgramSettings.tsx","client/src/pages/BoqProgramSettings.tsx:136","useQuery","useQuery<BoqMixTemplateLink[]>({ queryKey: [""/api/boq/projects"", projectId, ""mix-links""], queryFn: async () => { const res = await fetch(`/api/boq/projects/${projectId}/mix-links`, { credentials: ""include"" }); return res.ok ? res.json() : []; }, })"
"client/src/pages/BoqProgramSettings.tsx","client/src/pages/BoqProgramSettings.tsx:139","fetch","fetch(`/api/boq/projects/${projectId}/mix-links`, { credentials: ""include"" })"
"client/src/pages/BoqProgramSettings.tsx","client/src/pages/BoqProgramSettings.tsx:144","useQuery","useQuery<PlanningMixTemplate[]>({ queryKey: [""/api/planning/mix-templates""], queryFn: async () => { const res = await fetch(""/api/planning/mix-templates"", { credentials: ""include"" }); return res.ok ? res.json() : []; }, staleTime: 120_000, })"
"client/src/pages/BoqProgramSettings.tsx","client/src/pages/BoqProgramSettings.tsx:147","fetch","fetch(""/api/planning/mix-templates"", { credentials: ""include"" })"
"client/src/pages/BoqProgramSettings.tsx","client/src/pages/BoqProgramSettings.tsx:155","useMutation","useMutation({ mutationFn: () => { const tpl = mixTemplates.find(t => String(t.id) === addTemplateId); return apiRequest(""POST"", `/api/boq/projects/${projectId}/mix-links`, { mixType: addMixType, mixTemplateId: parseInt(addTemplateId), mixTemplateName: tpl?.name ?? null, }); }, onSuccess: () => { qc.invalidateQueries({ queryKey: [""/api/boq/projects"", projectId, ""mix-links""] }); setAddMixType(""""); setAddTemplateId(""""); toast({ title: ""Mix link added"" }); }, onError: () => toast({ title: ""Failed to add link"", variant: ""destructive"" }), })"
"client/src/pages/BoqProgramSettings.tsx","client/src/pages/BoqProgramSettings.tsx:158","apiRequest","apiRequest(""POST"", `/api/boq/projects/${projectId}/mix-links`, { mixType: addMixType, mixTemplateId: parseInt(addTemplateId), mixTemplateName: tpl?.name ?? null, })"
"client/src/pages/BoqProgramSettings.tsx","client/src/pages/BoqProgramSettings.tsx:172","useMutation","useMutation({ mutationFn: (id: number) => apiRequest(""DELETE"", `/api/boq/projects/${projectId}/mix-links/${id}`), onSuccess: () => qc.invalidateQueries({ queryKey: [""/api/boq/projects"", projectId, ""mix-links""] }), })"
"client/src/pages/BoqProgramSettings.tsx","client/src/pages/BoqProgramSettings.tsx:174","apiRequest","apiRequest(""DELETE"", `/api/boq/projects/${projectId}/mix-links/${id}`)"
"client/src/pages/BoqProgramSettings.tsx","client/src/pages/BoqProgramSettings.tsx:377","useQueryClient","useQueryClient()"
"client/src/pages/BoqProgramSettings.tsx","client/src/pages/BoqProgramSettings.tsx:386","useQuery","useQuery<BoqProject>({ queryKey: [""/api/boq/projects"", projectId], queryFn: async () => { const res = await fetch(`/api/boq/projects/${projectId}`, { credentials: ""include"" }); if (!res.ok) throw new Error(""Not found""); return res.json(); }, enabled: !isNaN(projectId), })"
"client/src/pages/BoqProgramSettings.tsx","client/src/pages/BoqProgramSettings.tsx:389","fetch","fetch(`/api/boq/projects/${projectId}`, { credentials: ""include"" })"
"client/src/pages/BoqProgramSettings.tsx","client/src/pages/BoqProgramSettings.tsx:396","useQuery","useQuery<ProgramSettings>({ queryKey: [""/api/boq/projects"", projectId, ""program-settings""], queryFn: async () => { const res = await fetch(`/api/boq/projects/${projectId}/program-settings`, { credentials: ""include"" }); if (!res.ok) throw new Error(""Failed to load settings""); return res.json(); }, enabled: !isNaN(projectId), })"
"client/src/pages/BoqProgramSettings.tsx","client/src/pages/BoqProgramSettings.tsx:399","fetch","fetch(`/api/boq/projects/${projectId}/program-settings`, { credentials: ""include"" })"
"client/src/pages/BoqProgramSettings.tsx","client/src/pages/BoqProgramSettings.tsx:455","useMutation","useMutation({ mutationFn: (data: FormValues) => apiRequest(""PUT"", `/api/boq/projects/${projectId}/program-settings`, data), onSuccess: () => { qc.invalidateQueries({ queryKey: [""/api/boq/projects"", projectId, ""program-settings""] }); setSavedAt(new Date()); }, onError: () => toast({ title: ""Failed to save settings"", variant: ""destructive"" }), })"
"client/src/pages/BoqProgramSettings.tsx","client/src/pages/BoqProgramSettings.tsx:457","apiRequest","apiRequest(""PUT"", `/api/boq/projects/${projectId}/program-settings`, data)"
"client/src/pages/BoqProgramSettings.tsx","client/src/pages/BoqProgramSettings.tsx:472","useMutation","useMutation({ mutationFn: (data: { chainageFrom?: number | null; chainageTo?: number | null; roadLengthKm?: number | null }) => apiRequest(""PATCH"", `/api/boq/projects/${projectId}`, data), onSuccess: () => { qc.invalidateQueries({ queryKey: [""/api/boq/projects"", projectId] }); setProjInfoSaved(true); setTimeout(() => setProjInfoSaved(false), 3000); }, onError: () => toast({ title: ""Failed to save project info"", variant: ""destructive"" }), })"
"client/src/pages/BoqProgramSettings.tsx","client/src/pages/BoqProgramSettings.tsx:474","apiRequest","apiRequest(""PATCH"", `/api/boq/projects/${projectId}`, data)"
"client/src/pages/BoqProjectDetail.tsx","client/src/pages/BoqProjectDetail.tsx:188","useMutation","useMutation({ mutationFn: (data: Record<string, unknown>) => apiRequest(""PATCH"", `/api/boq/items/${item.id}`, data), onSuccess: async () => { await queryClient.invalidateQueries({ queryKey: [""/api/boq/projects"", projectId, ""items""] }); toast({ title: ""Item updated"" }); onClose(); }, onError: () => toast({ title: ""Failed to update item"", variant: ""destructive"" }), })"
"client/src/pages/BoqProjectDetail.tsx","client/src/pages/BoqProjectDetail.tsx:190","apiRequest","apiRequest(""PATCH"", `/api/boq/items/${item.id}`, data)"
"client/src/pages/BoqProjectDetail.tsx","client/src/pages/BoqProjectDetail.tsx:368","useMutation","useMutation({ mutationFn: (id: number) => apiRequest(""DELETE"", `/api/boq/items/${id}`), onSuccess: async () => { await queryClient.invalidateQueries({ queryKey: [""/api/boq/projects"", projectId, ""items""] }); toast({ title: ""Item deleted"" }); }, onError: () => toast({ title: ""Failed to delete item"", variant: ""destructive"" }), })"
"client/src/pages/BoqProjectDetail.tsx","client/src/pages/BoqProjectDetail.tsx:369","apiRequest","apiRequest(""DELETE"", `/api/boq/items/${id}`)"
"client/src/pages/BoqProjectDetail.tsx","client/src/pages/BoqProjectDetail.tsx:376","useMutation","useMutation({ mutationFn: ({ id, includedInPlanning }: { id: number; includedInPlanning: boolean }) => apiRequest(""PATCH"", `/api/boq/items/${id}/planning-include`, { includedInPlanning }), onSuccess: async () => { await queryClient.invalidateQueries({ queryKey: [""/api/boq/projects"", projectId, ""items""] }); await queryClient.invalidateQueries({ queryKey: [""/api/boq/projects"", projectId, ""bom""] }); }, onError: () => toast({ title: ""Failed to update planning flag"", variant: ""destructive"" }), })"
"client/src/pages/BoqProjectDetail.tsx","client/src/pages/BoqProjectDetail.tsx:378","apiRequest","apiRequest(""PATCH"", `/api/boq/items/${id}/planning-include`, { includedInPlanning })"
"client/src/pages/BoqProjectDetail.tsx","client/src/pages/BoqProjectDetail.tsx:386","useMutation","useMutation({ mutationFn: ({ id, planningWorkType }: { id: number; planningWorkType: string }) => apiRequest(""PATCH"", `/api/boq/items/${id}/work-type`, { planningWorkType }), onSuccess: async () => { await queryClient.invalidateQueries({ queryKey: [""/api/boq/projects"", projectId, ""items""] }); }, onError: () => toast({ title: ""Failed to update work type"", variant: ""destructive"" }), })"
"client/src/pages/BoqProjectDetail.tsx","client/src/pages/BoqProjectDetail.tsx:388","apiRequest","apiRequest(""PATCH"", `/api/boq/items/${id}/work-type`, { planningWorkType })"
"client/src/pages/BoqProjectDetail.tsx","client/src/pages/BoqProjectDetail.tsx:398","useMutation","useMutation({ mutationFn: (includedInPlanning: boolean) => apiRequest(""PATCH"", `/api/boq/projects/${projectId}/planning-include-bulk`, { categoryId, includedInPlanning }), onSuccess: async () => { await queryClient.invalidateQueries({ queryKey: [""/api/boq/projects"", projectId, ""items""] }); await queryClient.invalidateQueries({ queryKey: [""/api/boq/projects"", projectId, ""bom""] }); }, onError: () => toast({ title: ""Failed to update category planning flag"", variant: ""destructive"" }), })"
"client/src/pages/BoqProjectDetail.tsx","client/src/pages/BoqProjectDetail.tsx:400","apiRequest","apiRequest(""PATCH"", `/api/boq/projects/${projectId}/planning-include-bulk`, { categoryId, includedInPlanning })"
"client/src/pages/BoqProjectDetail.tsx","client/src/pages/BoqProjectDetail.tsx:652","useMutation","useMutation({ mutationFn: (data: unknown) => apiRequest(""POST"", `/api/boq/projects/${projectId}/revisions`, data), onSuccess: async () => { await queryClient.invalidateQueries({ queryKey: [""/api/boq/projects"", projectId, ""revisions""] }); toast({ title: ""Revision created"" }); onClose(); }, onError: () => toast({ title: ""Failed to create revision"", variant: ""destructive"" }), })"
"client/src/pages/BoqProjectDetail.tsx","client/src/pages/BoqProjectDetail.tsx:654","apiRequest","apiRequest(""POST"", `/api/boq/projects/${projectId}/revisions`, data)"
"client/src/pages/BoqProjectDetail.tsx","client/src/pages/BoqProjectDetail.tsx:841","useQuery","useQuery<CompositeComponent[]>({ queryKey: [""/api/boq/items"", item.id, ""components""], queryFn: async () => { const res = await fetch(`/api/boq/items/${item.id}/components`, { credentials: ""include"" }); if (!res.ok) throw new Error(""Failed to load components""); return res.json(); }, enabled: expanded, })"
"client/src/pages/BoqProjectDetail.tsx","client/src/pages/BoqProjectDetail.tsx:844","fetch","fetch(`/api/boq/items/${item.id}/components`, { credentials: ""include"" })"
"client/src/pages/BoqProjectDetail.tsx","client/src/pages/BoqProjectDetail.tsx:852","useQuery","useQuery<SnlSearchResult[]>({ queryKey: [""/api/snl/search"", searchQ, item.workCategory, item.description], queryFn: async () => { if (!searchQ.trim()) return []; const params = new URLSearchParams({ q: searchQ }); if (item.workCategory) params.set(""category"", item.workCategory); if (item.description) params.set(""boqDesc"", item.description); const res = await fetch(`/api/snl/search?${params}`, { credentials: ""include"" }); if (!res.ok) throw new Error(""Search failed""); return res.json(); }, enabled: searchCompId != null && searchQ.length >= 2, })"
"client/src/pages/BoqProjectDetail.tsx","client/src/pages/BoqProjectDetail.tsx:859","fetch","fetch(`/api/snl/search?${params}`, { credentials: ""include"" })"
"client/src/pages/BoqProjectDetail.tsx","client/src/pages/BoqProjectDetail.tsx:866","useMutation","useMutation({ mutationFn: ({ compId, snlItemId }: { compId: number; snlItemId: number }) => apiRequest(""POST"", `/api/boq/items/${item.id}/components/${compId}/map`, { snlItemId }), onSuccess: async (res) => { const data = await res.json(); if (data.allDone) { toast({ title: ""All components confirmed — recipe applied!"" }); queryClient.invalidateQueries({ queryKey: [""/api/boq/items""] }); onMapped(); } else { toast({ title: ""Component confirmed"" }); refetchComponents(); } setSearchCompId(null); setSearchQ(""""); setSelectedSnlId(null); }, onError: () => toast({ title: ""Failed to confirm component"", variant: ""destructive"" }), })"
"client/src/pages/BoqProjectDetail.tsx","client/src/pages/BoqProjectDetail.tsx:868","apiRequest","apiRequest(""POST"", `/api/boq/items/${item.id}/components/${compId}/map`, { snlItemId })"
"client/src/pages/BoqProjectDetail.tsx","client/src/pages/BoqProjectDetail.tsx:877","refetchComponents","refetchComponents()"
"client/src/pages/BoqProjectDetail.tsx","client/src/pages/BoqProjectDetail.tsx:1095","useMutation","useMutation({ mutationFn: () => apiRequest(""POST"", `/api/boq/projects/${projectId}/remap`, {}), onSuccess: () => { toast({ title: ""Auto-mapping re-run — refreshing items…"" }); setTimeout(onMapped, 1500); }, onError: () => toast({ title: ""Remap failed"", variant: ""destructive"" }), })"
"client/src/pages/BoqProjectDetail.tsx","client/src/pages/BoqProjectDetail.tsx:1096","apiRequest","apiRequest(""POST"", `/api/boq/projects/${projectId}/remap`, {})"
"client/src/pages/BoqProjectDetail.tsx","client/src/pages/BoqProjectDetail.tsx:1104","useMutation","useMutation({ mutationFn: async () => { const res = await apiRequest(""POST"", `/api/boq/projects/${projectId}/snl/auto-map-all`, {}); return res.json() as Promise<{ autoMapped: number; needsReview: number; unmapped: number }>; }, onSuccess: (d) => { toast({ title: `Auto-mapped ${d.autoMapped} items. ${d.needsReview} need review. ${d.unmapped} unmapped.` }); onMapped(); }, onError: () => toast({ title: ""Auto-map failed"", variant: ""destructive"" }), })"
"client/src/pages/BoqProjectDetail.tsx","client/src/pages/BoqProjectDetail.tsx:1106","apiRequest","apiRequest(""POST"", `/api/boq/projects/${projectId}/snl/auto-map-all`, {})"
"client/src/pages/BoqProjectDetail.tsx","client/src/pages/BoqProjectDetail.tsx:1116","useMutation","useMutation({ mutationFn: async () => { const res = await apiRequest(""POST"", `/api/boq/projects/${projectId}/snl/confirm-review`, {}); return res.json() as Promise<{ confirmed: number; skipped: number }>; }, onSuccess: (d) => { toast({ title: `Confirmed ${d.confirmed} suggestion${d.confirmed === 1 ? """" : ""s""}.${d.skipped > 0 ? ` ${d.skipped} skipped (low confidence).` : """"}` }); onMapped(); }, onError: () => toast({ title: ""Confirm review failed"", variant: ""destructive"" }), })"
"client/src/pages/BoqProjectDetail.tsx","client/src/pages/BoqProjectDetail.tsx:1118","apiRequest","apiRequest(""POST"", `/api/boq/projects/${projectId}/snl/confirm-review`, {})"
"client/src/pages/BoqProjectDetail.tsx","client/src/pages/BoqProjectDetail.tsx:1128","useMutation","useMutation({ mutationFn: ({ boqItemId, snlItemId, workCategory }: { boqItemId: number; snlItemId: number; workCategory: string }) => apiRequest(""POST"", `/api/snl/mappings/${boqItemId}/apply`, { snlItemId, projectCategory: ""MEDIUM"", gradingVariant: null, }), onSuccess: async () => { toast({ title: ""SNL mapping applied"" }); setSearchItem(null); setSearchQ(""""); onMapped(); }, onError: () => toast({ title: ""Failed to apply mapping"", variant: ""destructive"" }), })"
"client/src/pages/BoqProjectDetail.tsx","client/src/pages/BoqProjectDetail.tsx:1130","apiRequest","apiRequest(""POST"", `/api/snl/mappings/${boqItemId}/apply`, { snlItemId, projectCategory: ""MEDIUM"", gradingVariant: null, })"
"client/src/pages/BoqProjectDetail.tsx","client/src/pages/BoqProjectDetail.tsx:1144","useQuery","useQuery<SnlSearchResult[]>({ queryKey: [""/api/snl/search"", searchQ, searchItem?.workCategory, searchItem?.description], queryFn: async () => { if (!searchQ.trim() && !searchItem) return []; const params = new URLSearchParams({ q: searchQ }); if (searchItem?.workCategory) params.set(""category"", searchItem.workCategory); if (searchItem?.description) params.set(""boqDesc"", searchItem.description); const res = await fetch(`/api/snl/search?${params}`, { credentials: ""include"" }); if (!res.ok) throw new Error(""Search failed""); return res.json(); }, enabled: !!searchItem, })"
"client/src/pages/BoqProjectDetail.tsx","client/src/pages/BoqProjectDetail.tsx:1151","fetch","fetch(`/api/snl/search?${params}`, { credentials: ""include"" })"
"client/src/pages/BoqProjectDetail.tsx","client/src/pages/BoqProjectDetail.tsx:1490","useMutation","useMutation({ mutationFn: ({ id, approvedBy }: { id: number; approvedBy: string }) => apiRequest(""PATCH"", `/api/boq/revisions/${id}/activate`, { approvedBy }), onSuccess: async () => { await queryClient.invalidateQueries({ queryKey: [""/api/boq/projects"", projectId, ""revisions""] }); await queryClient.invalidateQueries({ queryKey: [""/api/boq/projects"", projectId, ""items""] }); await queryClient.invalidateQueries({ queryKey: [""/api/boq/projects""] }); toast({ title: ""Revision activated — quantities updated"" }); setConfirmActivate(null); onActivated(); }, onError: () => toast({ title: ""Failed to activate revision"", variant: ""destructive"" }), })"
"client/src/pages/BoqProjectDetail.tsx","client/src/pages/BoqProjectDetail.tsx:1492","apiRequest","apiRequest(""PATCH"", `/api/boq/revisions/${id}/activate`, { approvedBy })"
"client/src/pages/BoqProjectDetail.tsx","client/src/pages/BoqProjectDetail.tsx:1504","useMutation","useMutation({ mutationFn: (id: number) => apiRequest(""DELETE"", `/api/boq/revisions/${id}`), onSuccess: async () => { await queryClient.invalidateQueries({ queryKey: [""/api/boq/projects"", projectId, ""revisions""] }); toast({ title: ""Revision deleted"" }); setConfirmDelete(null); }, onError: () => toast({ title: ""Failed to delete revision"", variant: ""destructive"" }), })"
"client/src/pages/BoqProjectDetail.tsx","client/src/pages/BoqProjectDetail.tsx:1505","apiRequest","apiRequest(""DELETE"", `/api/boq/revisions/${id}`)"
"client/src/pages/BoqProjectDetail.tsx","client/src/pages/BoqProjectDetail.tsx:1710","useMutation","useMutation({ mutationFn: async () => { await apiRequest(""PATCH"", `/api/boq/projects/${project.id}`, { workingDaysPerMonth: parseInt(workingDays) || 26, workingHoursPerDay: parseInt(workingHrs) || 8, hmpChainageKm: hmp ? parseFloat(hmp) : null, wmmPlantChainageKm: wmm ? parseFloat(wmm) : null, quarryChainageKm: quarry ? parseFloat(quarry) : null, avgTipperSpeedKmHr: speed ? parseFloat(speed) : 30, }); }, onSuccess: () => { queryClient.invalidateQueries({ queryKey: [""/api/boq/projects"", project.id] }); toast({ title: ""Project settings saved"" }); onClose(); }, onError: () => toast({ title: ""Failed to save settings"", variant: ""destructive"" }), })"
"client/src/pages/BoqProjectDetail.tsx","client/src/pages/BoqProjectDetail.tsx:1712","apiRequest","apiRequest(""PATCH"", `/api/boq/projects/${project.id}`, { workingDaysPerMonth: parseInt(workingDays) || 26, workingHoursPerDay: parseInt(workingHrs) || 8, hmpChainageKm: hmp ? parseFloat(hmp) : null, wmmPlantChainageKm: wmm ? parseFloat(wmm) : null, quarryChainageKm: quarry ? parseFloat(quarry) : null, avgTipperSpeedKmHr: speed ? parseFloat(speed) : 30, })"
"client/src/pages/BoqProjectDetail.tsx","client/src/pages/BoqProjectDetail.tsx:1849","useQuery","useQuery<BoqProject>({ queryKey: [""/api/boq/projects"", projectId], queryFn: async () => { const res = await fetch(`/api/boq/projects/${projectId}`, { credentials: ""include"" }); if (!res.ok) throw new Error(""Not found""); return res.json(); }, enabled: !isNaN(projectId), })"
"client/src/pages/BoqProjectDetail.tsx","client/src/pages/BoqProjectDetail.tsx:1852","fetch","fetch(`/api/boq/projects/${projectId}`, { credentials: ""include"" })"
"client/src/pages/BoqProjectDetail.tsx","client/src/pages/BoqProjectDetail.tsx:1859","useQuery","useQuery<BoqItemWithCategory[]>({ queryKey: [""/api/boq/projects"", projectId, ""items""], queryFn: async () => { const res = await fetch(`/api/boq/projects/${projectId}/items`, { credentials: ""include"" }); if (!res.ok) throw new Error(""Failed""); return res.json(); }, enabled: !isNaN(projectId), })"
"client/src/pages/BoqProjectDetail.tsx","client/src/pages/BoqProjectDetail.tsx:1862","fetch","fetch(`/api/boq/projects/${projectId}/items`, { credentials: ""include"" })"
"client/src/pages/BoqProjectDetail.tsx","client/src/pages/BoqProjectDetail.tsx:1869","useQuery","useQuery<BoqRevisionWithItems[]>({ queryKey: [""/api/boq/projects"", projectId, ""revisions""], queryFn: async () => { const res = await fetch(`/api/boq/projects/${projectId}/revisions`, { credentials: ""include"" }); if (!res.ok) throw new Error(""Failed""); return res.json(); }, enabled: !isNaN(projectId), })"
"client/src/pages/BoqProjectDetail.tsx","client/src/pages/BoqProjectDetail.tsx:1872","fetch","fetch(`/api/boq/projects/${projectId}/revisions`, { credentials: ""include"" })"
"client/src/pages/BoqProjectDetail.tsx","client/src/pages/BoqProjectDetail.tsx:1879","useQuery","useQuery<Array<{ boqItemId: number; status: string; relevantBarId?: number | null }>>({ queryKey: [""/api/boq/projects"", projectId, ""programme-status""], queryFn: async () => { const res = await fetch(`/api/boq/projects/${projectId}/programme-status`, { credentials: ""include"" }); if (!res.ok) throw new Error(""Failed to load programme status""); return res.json(); }, enabled: !isNaN(projectId), })"
"client/src/pages/BoqProjectDetail.tsx","client/src/pages/BoqProjectDetail.tsx:1882","fetch","fetch(`/api/boq/projects/${projectId}/programme-status`, { credentials: ""include"" })"
"client/src/pages/BoqProjectDetail.tsx","client/src/pages/BoqProjectDetail.tsx:1906","useMutation","useMutation({ mutationFn: async () => { const res = await apiRequest(""POST"", `/api/boq/projects/${projectId}/cleanup-zero-qty`, {}); return res.json(); }, onSuccess: async (data: { deleted: number }) => { await refetchItems(); toast({ title: ""Cleanup done"", description: `Removed ${data.deleted} zero-quantity item${data.deleted === 1 ? """" : ""s""}.` }); }, onError: () => toast({ title: ""Cleanup failed"", variant: ""destructive"" }), })"
"client/src/pages/BoqProjectDetail.tsx","client/src/pages/BoqProjectDetail.tsx:1908","apiRequest","apiRequest(""POST"", `/api/boq/projects/${projectId}/cleanup-zero-qty`, {})"
"client/src/pages/BoqProjectDetail.tsx","client/src/pages/BoqProjectDetail.tsx:1912","refetchItems","refetchItems()"
"client/src/pages/BoqProjectDetail.tsx","client/src/pages/BoqProjectDetail.tsx:1918","useMutation","useMutation({ mutationFn: () => apiRequest(""POST"", `/api/boq/projects/${projectId}/remap`, {}), onSuccess: async () => { toast({ title: ""Re-mapping BOQ → SNL…"", description: ""Auto-matching items against the Standard Norms Library."" }); await new Promise((r) => setTimeout(r, 1200)); await refetchItems(); toast({ title: ""Re-map complete ✓"" }); }, onError: () => toast({ title: ""Re-map failed"", variant: ""destructive"" }), })"
"client/src/pages/BoqProjectDetail.tsx","client/src/pages/BoqProjectDetail.tsx:1919","apiRequest","apiRequest(""POST"", `/api/boq/projects/${projectId}/remap`, {})"
"client/src/pages/BoqProjectDetail.tsx","client/src/pages/BoqProjectDetail.tsx:1923","refetchItems","refetchItems()"
"client/src/pages/BoqProjectDetail.tsx","client/src/pages/BoqProjectDetail.tsx:1970","refetchItems","refetchItems()"
"client/src/pages/BoqProjectDetail.tsx","client/src/pages/BoqProjectDetail.tsx:2301","refetchItems","refetchItems()"
"client/src/pages/BoqProjectDetail.tsx","client/src/pages/BoqProjectDetail.tsx:2317","refetchItems","refetchItems()"
"client/src/pages/BoqProjects.tsx","client/src/pages/BoqProjects.tsx:161","useQuery","useQuery<{ id: number; name: string }[]>({ queryKey: [""/api/sites""], enabled: open, })"
"client/src/pages/BoqProjects.tsx","client/src/pages/BoqProjects.tsx:169","useMutation","useMutation({ mutationFn: async (data: any) => { const res = await apiRequest(""POST"", ""/api/boq/projects"", data); return res.json() as Promise<{ id: number; name: string }>; }, onSuccess: async (project) => { await queryClient.invalidateQueries({ queryKey: [""/api/boq/projects""] }); toast({ title: ""Project created"" }); onClose(); navigate(`/work-program/${project.id}`); }, onError: () => toast({ title: ""Failed to create project"", variant: ""destructive"" }), })"
"client/src/pages/BoqProjects.tsx","client/src/pages/BoqProjects.tsx:171","apiRequest","apiRequest(""POST"", ""/api/boq/projects"", data)"
"client/src/pages/BoqProjects.tsx","client/src/pages/BoqProjects.tsx:241","useQuery","useQuery<{ id: number; name: string }[]>({ queryKey: [""/api/sites""], })"
"client/src/pages/BoqProjects.tsx","client/src/pages/BoqProjects.tsx:248","useMutation","useMutation({ mutationFn: (data: any) => apiRequest(""PATCH"", `/api/boq/projects/${project.id}`, data), onSuccess: async () => { await queryClient.invalidateQueries({ queryKey: [""/api/boq/projects""] }); toast({ title: ""Project updated"" }); onClose(); }, onError: (error) => toast({ title: ""Failed to update project"", description: boqProjectUpdateErrorMessage(error), variant: ""destructive"", }), })"
"client/src/pages/BoqProjects.tsx","client/src/pages/BoqProjects.tsx:249","apiRequest","apiRequest(""PATCH"", `/api/boq/projects/${project.id}`, data)"
"client/src/pages/BoqProjects.tsx","client/src/pages/BoqProjects.tsx:437","useQuery","useQuery<BoqProjectWithCounts[]>({ queryKey: [""/api/boq/projects""], })"
"client/src/pages/BoqProjects.tsx","client/src/pages/BoqProjects.tsx:441","useMutation","useMutation({ mutationFn: (id: number) => apiRequest(""DELETE"", `/api/boq/projects/${id}`), onSuccess: async () => { await queryClient.invalidateQueries({ queryKey: [""/api/boq/projects""] }); toast({ title: ""Project deleted"" }); setDeleteProjectId(null); }, onError: () => toast({ title: ""Failed to delete project"", variant: ""destructive"" }), })"
"client/src/pages/BoqProjects.tsx","client/src/pages/BoqProjects.tsx:442","apiRequest","apiRequest(""DELETE"", `/api/boq/projects/${id}`)"
"client/src/pages/BoqProjects.tsx","client/src/pages/BoqProjects.tsx:451","useMutation","useMutation({ mutationFn: async (id: number) => { const res = await apiRequest(""POST"", `/api/boq/projects/${id}/duplicate`, {}); return res.json() as Promise<{ id: number; name: string }>; }, onSuccess: async (project) => { await queryClient.invalidateQueries({ queryKey: [""/api/boq/projects""] }); toast({ title: ""Project duplicated"", description: `""${project.name}"" created` }); navigate(`/work-program/${project.id}`); }, onError: () => toast({ title: ""Failed to duplicate project"", variant: ""destructive"" }), })"
"client/src/pages/BoqProjects.tsx","client/src/pages/BoqProjects.tsx:453","apiRequest","apiRequest(""POST"", `/api/boq/projects/${id}/duplicate`, {})"
"client/src/pages/ConcreteCalculator.tsx","client/src/pages/ConcreteCalculator.tsx:954","fetch(`/api/concrete-estimates/${id}`, { credentials: ""include"" })
      .then((r) => r.json())
      .then((est: ConcreteEstimate) => {
        try {
          const loaded = JSON.parse(est.state);
          setS((prev) => ({ ...DEFAULT_STATE, ...loaded, mix: hydrateMix(loaded.mix, loaded.grade ?? DEFAULT_STATE.grade), qto: { ...DEFAULT_STATE.qto, ...(loaded.qto || {}) } }));
          setBreakdownGrade(loaded.grade ?? DEFAULT_STATE.grade);
          setBreakdownIsPcc(false);
          setSavedEstimateId(id);
          localStorage.setItem(LS_KEY + ""_estId"", String(id));
        } catch {}
      })
      .catch","fetch(`/api/concrete-estimates/${id}`, { credentials: ""include"" }) .then((r) => r.json()) .then((est: ConcreteEstimate) => { try { const loaded = JSON.parse(est.state); setS((prev) => ({ ...DEFAULT_STATE, ...loaded, mix: hydrateMix(loaded.mix, loaded.grade ?? DEFAULT_STATE.grade), qto: { ...DEFAULT_STATE.qto, ...(loaded.qto || {}) } })); setBreakdownGrade(loaded.grade ?? DEFAULT_STATE.grade); setBreakdownIsPcc(false); setSavedEstimateId(id); localStorage.setItem(LS_KEY + ""_estId"", String(id)); } catch {} }) .catch(() => {})"
"client/src/pages/ConcreteCalculator.tsx","client/src/pages/ConcreteCalculator.tsx:954","fetch(`/api/concrete-estimates/${id}`, { credentials: ""include"" })
      .then((r) => r.json())
      .then","fetch(`/api/concrete-estimates/${id}`, { credentials: ""include"" }) .then((r) => r.json()) .then((est: ConcreteEstimate) => { try { const loaded = JSON.parse(est.state); setS((prev) => ({ ...DEFAULT_STATE, ...loaded, mix: hydrateMix(loaded.mix, loaded.grade ?? DEFAULT_STATE.grade), qto: { ...DEFAULT_STATE.qto, ...(loaded.qto || {}) } })); setBreakdownGrade(loaded.grade ?? DEFAULT_STATE.grade); setBreakdownIsPcc(false); setSavedEstimateId(id); localStorage.setItem(LS_KEY + ""_estId"", String(id)); } catch {} })"
"client/src/pages/ConcreteCalculator.tsx","client/src/pages/ConcreteCalculator.tsx:954","fetch(`/api/concrete-estimates/${id}`, { credentials: ""include"" })
      .then","fetch(`/api/concrete-estimates/${id}`, { credentials: ""include"" }) .then((r) => r.json())"
"client/src/pages/ConcreteCalculator.tsx","client/src/pages/ConcreteCalculator.tsx:954","fetch","fetch(`/api/concrete-estimates/${id}`, { credentials: ""include"" })"
"client/src/pages/ConcreteCalculator.tsx","client/src/pages/ConcreteCalculator.tsx:1164","useMutation","useMutation<ConcreteEstimate, Error, void>({ mutationFn: async () => { const payload = { name: s.estimateName || ""Untitled Estimate"", contractor: s.contractor || null, structureType: s.structureType || null, grade: s.grade || null, state: JSON.stringify(s), totalCum: s.totalVolume || null, totalAmt: s.totalVolume ? costs.totalWithEsc * s.totalVolume : null, }; const response = savedEstimateId ? await apiRequest(""PATCH"", `/api/concrete-estimates/${savedEstimateId}`, payload) : await apiRequest(""POST"", ""/api/concrete-estimates"", payload); return response.json() as Promise<ConcreteEstimate>; }, onSuccess: (data: ConcreteEstimate) => { setSavedEstimateId(data.id); localStorage.setItem(LS_KEY + ""_estId"", String(data.id)); queryClient.invalidateQueries({ queryKey: [""/api/concrete-estimates""] }); toast({ title: savedEstimateId ? ""Estimate updated"" : ""Estimate saved"" }); }, onError: () => toast({ title: ""Save failed"", variant: ""destructive"" }), })"
"client/src/pages/ConcreteCalculator.tsx","client/src/pages/ConcreteCalculator.tsx:1176","apiRequest","apiRequest(""PATCH"", `/api/concrete-estimates/${savedEstimateId}`, payload)"
"client/src/pages/ConcreteCalculator.tsx","client/src/pages/ConcreteCalculator.tsx:1177","apiRequest","apiRequest(""POST"", ""/api/concrete-estimates"", payload)"
"client/src/pages/ConcreteCalculator.tsx","client/src/pages/ConcreteCalculator.tsx:3775","(() => {
            // Build a component-by-component cost table for each relevant grade
            // Rows per spec: Cement/CA/FA/Admix → Raw Mats sub-total; Batching/Placement/Formwork/Curing
            // (+ Labour if petty-labour active) → Plant sub-total; Wastage (when > 0); Direct; OH; Margin; Total
            function buildConcGradeTable(grade: string, withFormworkPlacement: boolean, costsForGrade: CostBreakdown) {
              const rawMat = costsForGrade.cement + costsForGrade.ca + costsForGrade.fa + costsForGrade.admix;
              const plantBase = costsForGrade.batching + (withFormworkPlacement ? costsForGrade.placement : 0) + (withFormworkPlacement ? costsForGrade.formwork : 0) + costsForGrade.curing + costsForGrade.labour;
              const plantSub = plantBase;
              const direct = rawMat + plantSub + costsForGrade.wastage;
              const tableRows: { label: string; val: number; isSub?: boolean; indent?: boolean; bold?: boolean }[] = [
                { label: ""Cement"", val: costsForGrade.cement, indent: true },
                { label: ""Coarse Aggregate"", val: costsForGrade.ca, indent: true },
                { label: ""Fine Aggregate"", val: costsForGrade.fa, indent: true },
                { label: ""Admixture"", val: costsForGrade.admix, indent: true },
                { label: ""Raw Materials Sub-total"", val: rawMat, isSub: true },
                { label: ""Batching"", val: costsForGrade.batching, indent: true },
                { label: ""Placement"", val: withFormworkPlacement ? costsForGrade.placement : 0, indent: true },
                ...(costsForGrade.labour > 0 ? [{ label: ""Petty Labour"", val: costsForGrade.labour, indent: true }] : []),
                { label: ""Formwork & Staging"", val: withFormworkPlacement ? costsForGrade.formwork : 0, indent: true },
                { label: ""Curing"", val: costsForGrade.curing, indent: true },
                { label: ""Plant & Placing Sub-total"", val: plantSub, isSub: true },
                ...(costsForGrade.wastage > 0 ? [{ label: ""Wastage (Sand/Cement/Curing/Formwork)"", val: costsForGrade.wastage, indent: true }] : []),
                { label: ""Direct Cost Sub-total"", val: direct, isSub: true, bold: true },
                { label: `Overhead (${s.overheadPct}%)`, val: costsForGrade.overhead, indent: true },
                { label: `Margin (${s.marginPct}%)`, val: costsForGrade.margin, indent: true },
                { label: `Total ₹/m³ (${grade})`, val: costsForGrade.total, isSub: true, bold: true },
              ];
              return tableRows;
            }

            // Main grade costs — recompute from scratch with steel forced to 0 and steel-cutting-waste disabled
            // This ensures overhead and margin are derived from a concrete-only direct base (no steel contamination)
            const sNoSteel: CalcState = { ...s, wastage: { ...s.wastage, steelCuttingWaste: false } };
            const mainCosts = computeCosts(sNoSteel, 0, undefined, undefined, pettyLabourRatePerM3);
            const mainRows = buildConcGradeTable(s.grade, true, mainCosts);

            // PCC grade (only if pccDepth > 0)
            const hasPCC = (s.qto?.pccDepth ?? 0) > 0;
            const pccGrade = s.qto?.elementGrades?.pcc ?? ""M15"";
            let pccCosts: CostBreakdown | null = null;
            if (hasPCC) {
              // Use the canonical PCC rate computation (bottom-up, includes pccPlacingRate, no formwork, no steel)
              const pccPlacing = (s.pettyLabour.enabled && s.pettyLabour.rateUnit === ""per_rm"") ? 0 : (s.pccPlacingRatePerM3 ?? 0);
              // Build a detailed cost breakdown for display (no petty labour, no steel, no formwork, no formwork-damage wastage)
              const pccMix = MIX_PRESETS[pccGrade] ?? MIX_PRESETS[""M15""];
              const pccState: CalcState = { ...s, mix: pccMix, wastage: { ...s.wastage, steelCuttingWaste: false, formworkDamage: false }, pettyLabour: { ...s.pettyLabour, enabled: false } };
              const rawPcc = computeCosts(pccState, 0);
              const pccDirect = rawPcc.cement + rawPcc.ca + rawPcc.fa + rawPcc.admix + rawPcc.batching + pccPlacing + rawPcc.curing + rawPcc.wastage;
              const pccOH = pccDirect * (s.overheadPct / 100);
              const pccMg = (pccDirect + pccOH) * (s.marginPct / 100);
              const pccTotal = pccDirect + pccOH + pccMg;
              pccCosts = {
                ...rawPcc,
                placement: pccPlacing,
                formwork: 0,
                overhead: pccOH,
                margin: pccMg,
                total: pccTotal,
                totalWithEsc: pccTotal * (1 + s.escalationPct / 100)
              };
            }
            const pccRows = pccCosts ? buildConcGradeTable(pccGrade, false, pccCosts) : [];

            const renderTable = (rows: { label: string; val: number; isSub?: boolean; indent?: boolean; bold?: boolean }[]) => (
              <table className=""text-sm w-full border-separate border-spacing-0 mt-2"">
                <thead>
                  <tr className=""bg-slate-50 dark:bg-slate-800/60"">
                    <th className=""text-left px-3 py-2 font-semibold text-slate-700 dark:text-slate-300 border-b border-slate-200"">Component</th>
                    <th className=""text-right px-3 py-2 font-semibold text-slate-700 dark:text-slate-300 border-b border-slate-200"">₹ / m³</th>
                    <th className=""text-right px-3 py-2 font-semibold text-slate-700 dark:text-slate-300 border-b border-slate-200"">%</th>
                  </tr>
                </thead>
                <tbody>
                  {rows.map((r, i) => {
                    const lastRow = rows[rows.length - 1];
                    const pct = lastRow.val > 0 ? (r.val / lastRow.val) * 100 : 0;
                    return (
                      <tr key={i} className={r.bold ? ""bg-blue-50/80 dark:bg-blue-900/15 font-bold"" : r.isSub ? ""bg-slate-100 dark:bg-slate-700/40 font-semibold"" : (i % 2 === 0 ? ""bg-white dark:bg-transparent"" : ""bg-slate-50/40 dark:bg-slate-800/20"")}>
                        <td className={`px-3 py-1.5 ${r.indent ? ""pl-6 text-slate-700 dark:text-slate-300"" : """"}`}>{r.label}</td>
                        <td className=""px-3 py-1.5 text-right font-mono"">{r.val > 0 ? fmtR(r.val) : ""—""}</td>
                        <td className=""px-3 py-1.5 text-right text-slate-600"">{r.isSub && r.val > 0 ? `${pct.toFixed(0)}%` : """"}</td>
                      </tr>
                    );
                  })}
                </tbody>
              </table>
            );

            return (
              <div className=""space-y-4"">
                <Card>
                  <CardHeader className=""pb-3 pt-4 px-5 sticky top-14 z-10 bg-card border-b shadow-sm rounded-t-xl flex flex-row items-center justify-between flex-wrap gap-2"">
                    <div>
                      <CardTitle className=""text-sm font-semibold text-slate-700 dark:text-slate-200 uppercase tracking-wide"">Concrete Rate Analysis — {s.grade}</CardTitle>
                      <p className=""text-sm text-slate-600 mt-0.5"">Full cost breakdown (materials, plant, overhead, margin) for the active concrete grade.</p>
                    </div>
                    <ReportExportGate sections={[""concrete_calculator""]}><Button size=""sm"" variant=""outline"" className=""h-7 text-sm print:hidden"" onClick={() => window.print()}>Print</Button></ReportExportGate>
                  </CardHeader>
                  <CardContent className=""px-4 pb-4"">
                    {/* Print-only Mix Design Basis — hidden on screen, visible when printing */}
                    <div className=""hidden print:block mb-4"">
                      <p className=""text-[12px] font-semibold text-slate-700 uppercase tracking-wide mb-1.5"">
                        Mix Design Basis <span className=""normal-case font-normal text-slate-500"">(IS 10262:2019 / IS 456:2000)</span>
                      </p>
                      <table className=""text-sm border-collapse"">
                        <thead>
                          <tr className=""bg-slate-100"">
                            {[""Grade"", ""fck (MPa)"", ""σ (MPa)"", ""Target fck (MPa)"", ""Max W/C""].map(h => (
                              <th key={h} className=""px-3 py-1.5 font-semibold text-slate-700 border border-slate-300 text-right first:text-left whitespace-nowrap"">{h}</th>
                            ))}
                          </tr>
                        </thead>
                        <tbody>
                          {[
                            { grade: s.grade, mix: s.mix },
                            ...(hasPCC && pccGrade !== s.grade
                              ? [{ grade: pccGrade, mix: MIX_PRESETS[pccGrade] ?? MIX_PRESETS[""M15""] }]
                              : []),
                          ].map(({ grade, mix }) => (
                            <tr key={grade}>
                              <td className=""px-3 py-1.5 font-semibold text-slate-800 border border-slate-300"">{grade}</td>
                              <td className=""px-3 py-1.5 text-right tabular-nums text-slate-700 border border-slate-300"">{parseInt(grade.replace(""M"", """"))}</td>
                              <td className=""px-3 py-1.5 text-right tabular-nums text-slate-700 border border-slate-300"">{mix.sigma}</td>
                              <td className=""px-3 py-1.5 text-right tabular-nums font-semibold text-slate-800 border border-slate-300"">{mix.targetFck}</td>
                              <td className=""px-3 py-1.5 text-right tabular-nums text-slate-700 border border-slate-300"">{mix.wcRatio.toFixed(2)}</td>
                            </tr>
                          ))}
                        </tbody>
                      </table>
                      <p className=""text-xs text-slate-500 mt-1"">Target fck = fck + 1.65 × σ &nbsp;·&nbsp; Values reflect any manual overrides</p>
                    </div>
                    {renderTable(mainRows)}
                  </CardContent>
                </Card>
                {hasPCC && pccRows.length > 0 && (
                  <Card>
                    <CardHeader className=""pb-3 pt-4 px-5 sticky top-14 z-10 bg-card border-b shadow-sm rounded-t-xl"">
                      <CardTitle className=""text-sm font-semibold text-slate-700 dark:text-slate-200 uppercase tracking-wide"">PCC Bed — {pccGrade}</CardTitle>
                      <p className=""text-sm text-slate-600 mt-0.5"">PCC rate excludes formwork and placement — blinding coat only.</p>
                    </CardHeader>
                    <CardContent className=""px-4 pb-4"">
                      {renderTable(pccRows)}
                    </CardContent>
                  </Card>
                )}
              </div>
            );
          })","(() => { // Build a component-by-component cost table for each relevant grade // Rows per spec: Cement/CA/FA/Admix → Raw Mats sub-total; Batching/Placement/Formwork/Curing // (+ Labour if petty-labour active) → Plant sub-total; Wastage (when > 0); Direct; OH; Margin; Total function buildConcGradeTable(grade: string, withFormworkPlacement: boolean, costsForGrade: CostBreakdown) { const rawMat = costsForGrade.cement + costsForGrade.ca + costsForGrade.fa + costsForGrade.admix; const plantBase = costsForGrade.batching + (withFormworkPlacement ? costsForGrade.placement : 0) + (withFormworkPlacement ? costsForGrade.formwork : 0) + costsForGrade.curing + costsForGrade.labour; const plantSub = plantBase; const direct = rawMat + plantSub + costsForGrade.wastage; const tableRows: { label: string; val: number; isSub?: boolean; indent?: boolean; bold?: boolean }[] = [ { label: ""Cement"", val: costsForGrade.cement, indent: true }, { label: ""Coarse Aggregate"", val: costsForGrade.ca, indent: true }, { label: ""Fine Aggregate"", val: costsForGrade.fa, indent: true }, { label: ""Admixture"", val: costsForGrade.admix, indent: true }, { label: ""Raw Materials Sub-total"", val: rawMat, isSub: true }, { label: ""Batching"", val: costsForGrade.batching, indent: true }, { label: ""Placement"", val: withFormworkPlacement ? costsForGrade.placement : 0, indent: true }, ...(costsForGrade.labour > 0 ? [{ label: ""Petty Labour"", val: costsForGrade.labour, indent: true }] : []), { label: ""Formwork & Staging"", val: withFormworkPlacement ? costsForGrade.formwork : 0, indent: true }, { label: ""Curing"", val: costsForGrade.curing, indent: true }, { label: ""Plant & Placing Sub-total"", val: plantSub, isSub: true }, ...(costsForGrade.wastage > 0 ? [{ label: ""Wastage (Sand/Cement/Curing/Formwork)"", val: costsForGrade.wastage, indent: true }] : []), { label: ""Direct Cost Sub-total"", val: direct, isSub: true, bold: true }, { label: `Overhead (${s.overheadPct}%)`, val: costsForGrade.overhead, indent: true }, { label: `Margin (${s.marginPct}%)`, val: costsForGrade.margin, indent: true }, { label: `Total ₹/m³ (${grade})`, val: costsForGrade.total, isSub: true, bold: true }, ]; return tableRows; } // Main grade costs — recompute from scratch with steel forced to 0 and steel-cutting-waste disabled // This ensures overhead and margin are derived from a concrete-only direct base (no steel contamination) const sNoSteel: CalcState = { ...s, wastage: { ...s.wastage, steelCuttingWaste: false } }; const mainCosts = computeCosts(sNoSteel, 0, undefined, undefined, pettyLabourRatePerM3); const mainRows = buildConcGradeTable(s.grade, true, mainCosts); // PCC grade (only if pccDepth > 0) const hasPCC = (s.qto?.pccDepth ?? 0) > 0; const pccGrade = s.qto?.elementGrades?.pcc ?? ""M15""; let pccCosts: CostBreakdown | null = null; if (hasPCC) { // Use the canonical PCC rate computation (bottom-up, includes pccPlacingRate, no formwork, no steel) const pccPlacing = (s.pettyLabour.enabled && s.pettyLabour.rateUnit === ""per_rm"") ? 0 : (s.pccPlacingRatePerM3 ?? 0); // Build a detailed cost breakdown for display (no petty labour, no steel, no formwork, no formwork-damage wastage) const pccMix = MIX_PRESETS[pccGrade] ?? MIX_PRESETS[""M15""]; const pccState: CalcState = { ...s, mix: pccMix, wastage: { ...s.wastage, steelCuttingWaste: false, formworkDamage: false }, pettyLabour: { ...s.pettyLabour, enabled: false } }; const rawPcc = computeCosts(pccState, 0); const pccDirect = rawPcc.cement + rawPcc.ca + rawPcc.fa + rawPcc.admix + rawPcc.batching + pccPlacing + rawPcc.curing + rawPcc.wastage; const pccOH = pccDirect * (s.overheadPct / 100); const pccMg = (pccDirect + pccOH) * (s.marginPct / 100); const pccTotal = pccDirect + pccOH + pccMg; pccCosts = { ...rawPcc, placement: pccPlacing, formwork: 0, overhead: pccOH, margin: pccMg, total: pccTotal, totalWithEsc: pccTotal * (1 + s.escalationPct / 100) }; } const pccRows = pccCosts ? buildConcGradeTable(pccGrade, false, pccCosts) : []; const renderTable = (rows: { label: string; val: number; isSub?: boolean; indent?: boolean; bold?: boolean }[]) => ( <table className=""text-sm w-full border-separate border-spacing-0 mt-2""> <thead> <tr className=""bg-slate-50 dark:bg-slate-800/60""> <th className=""text-left px-3 py-2 font-semibold text-slate-700 dark:text-slate-300 border-b border-slate-200"">Component</th> <th className=""text-right px-3 py-2 font-semibold text-slate-700 dark:text-slate-300 border-b border-slate-200"">₹ / m³</th> <th className=""text-right px-3 py-2 font-semibold text-slate-700 dark:text-slate-300 border-b border-slate-200"">%</th> </tr> </thead> <tbody> {rows.map((r, i) => { const lastRow = rows[rows.length - 1]; const pct = lastRow.val > 0 ? (r.val / lastRow.val) * 100 : 0; return ( <tr key={i} className={r.bold ? ""bg-blue-50/80 dark:bg-blue-900/15 font-bold"" : r.isSub ? ""bg-slate-100 dark:bg-slate-700/40 font-semibold"" : (i % 2 === 0 ? ""bg-white dark:bg-transparent"" : ""bg-slate-50/40 dark:bg-slate-800/20"")}> <td className={`px-3 py-1.5 ${r.indent ? ""pl-6 text-slate-700 dark:text-slate-300"" : """"}`}>{r.label}</td> <td className=""px-3 py-1.5 text-right font-mono"">{r.val > 0 ? fmtR(r.val) : ""—""}</td> <td className=""px-3 py-1.5 text-right text-slate-600"">{r.isSub && r.val > 0 ? `${pct.toFixed(0)}%` : """"}</td> </tr> ); })} </tbody> </table> ); return ( <div className=""space-y-4""> <Card> <CardHeader className=""pb-3 pt-4 px-5 sticky top-14 z-10 bg-card border-b shadow-sm rounded-t-xl flex flex-row items-center justify-between flex-wrap gap-2""> <div> <CardTitle className=""text-sm font-semibold text-slate-700 dark:text-slate-200 uppercase tracking-wide"">Concrete Rate Analysis — {s.grade}</CardTitle> <p className=""text-sm text-slate-600 mt-0.5"">Full cost breakdown (materials, plant, overhead, margin) for the active concrete grade.</p> </div> <ReportExportGate sections={[""concrete_calculator""]}><Button size=""sm"" variant=""outline"" className=""h-7 text-sm print:hidden"" onClick={() => window.print()}>Print</Button></ReportExportGate> </CardHeader> <CardContent className=""px-4 pb-4""> {/* Print-only Mix Design Basis — hidden on screen, visible when printing */} <div className=""hidden print:block mb-4""> <p className=""text-[12px] font-semibold text-slate-700 uppercase tracking-wide mb-1.5""> Mix Design Basis <span className=""normal-case font-normal text-slate-500"">(IS 10262:2019 / IS 456:2000)</span> </p> <table className=""text-sm border-collapse""> <thead> <tr className=""bg-slate-100""> {[""Grade"", ""fck (MPa)"", ""σ (MPa)"", ""Target fck (MPa)"", ""Max W/C""].map(h => ( <th key={h} className=""px-3 py-1.5 font-semibold text-slate-700 border border-slate-300 text-right first:text-left whitespace-nowrap"">{h}</th> ))} </tr> </thead> <tbody> {[ { grade: s.grade, mix: s.mix }, ...(hasPCC && pccGrade !== s.grade ? [{ grade: pccGrade, mix: MIX_PRESETS[pccGrade] ?? MIX_PRESETS[""M15""] }] : []), ].map(({ grade, mix }) => ( <tr key={grade}> <td className=""px-3 py-1.5 font-semibold text-slate-800 border border-slate-300"">{grade}</td> <td className=""px-3 py-1.5 text-right tabular-nums text-slate-700 border border-slate-300"">{parseInt(grade.replace(""M"", """"))}</td> <td className=""px-3 py-1.5 text-right tabular-nums text-slate-700 border border-slate-300"">{mix.sigma}</td> <td className=""px-3 py-1.5 text-right tabular-nums font-semibold text-slate-800 border border-slate-300"">{mix.targetFck}</td> <td className=""px-3 py-1.5 text-right tabular-nums text-slate-700 border border-slate-300"">{mix.wcRatio.toFixed(2)}</td> </tr> ))} </tbody> </table> <p className=""text-xs text-slate-500 mt-1"">Target fck = fck + 1.65 × σ &nbsp;·&nbsp; Values reflect any manual overrides</p> </div> {renderTable(mainRows)} </CardContent> </Card> {hasPCC && pccRows.length > 0 && ( <Card> <CardHeader className=""pb-3 pt-4 px-5 sticky top-14 z-10 bg-card border-b shadow-sm rounded-t-xl""> <CardTitle className=""text-sm font-semibold text-slate-700 dark:text-slate-200 uppercase tracking-wide"">PCC Bed — {pccGrade}</CardTitle> <p className=""text-sm text-slate-600 mt-0.5"">PCC rate excludes formwork and placement — blinding coat only.</p> </CardHeader> <CardContent className=""px-4 pb-4""> {renderTable(pccRows)} </CardContent> </Card> )} </div> ); })()"
"client/src/pages/ConcreteCalculator.tsx","client/src/pages/ConcreteCalculator.tsx:3871","window.print","window.print()"
"client/src/pages/ConcreteCalculator.tsx","client/src/pages/ConcreteCalculator.tsx:3925","(() => {
            const steelFabForCard = s.steelFabRatePerMT ?? 0;
            const fabIsBOQOnly = s.pettyLabour?.enabled && s.pettyLabour?.contractorBBS;
            const diaRows = ([8, 10, 12, 16, 20, 25] as const).map(dia => {
              const key = `r${dia}` as keyof SteelRates;
              const purchaseRate = s.steelRates[key];
              const bbsKg = bbsSummary.byDia[dia]?.kg ?? 0;
              const purchCost = bbsKg * purchaseRate / 1000;
              const fabCost = bbsKg * steelFabForCard / 1000;
              const totalCost = purchCost + fabCost;
              return { dia, purchaseRate, bbsKg, purchCost, fabCost, totalCost };
            });
            const totalBBSKg = bbsSummary.totalKg;
            const totalPurchCost = bbsSummary.totalCost;
            const totalFabCost = steelFabForCard * totalBBSKg / 1000;
            const avgPurchasePerMT = totalBBSKg > 0 ? totalPurchCost / (totalBBSKg / 1000) : 0;
            const kgPerM3 = s.totalVolume > 0 ? totalBBSKg / s.totalVolume : 0;

            // Structured analysis ₹/MT and ₹/m³
            const wasteEnabled = s.wastage.steelCuttingWaste && totalBBSKg > 0;
            const directSteelPerMT = avgPurchasePerMT + steelFabForCard;
            const wastePerMT = wasteEnabled ? directSteelPerMT * (s.wastage.steelCuttingPct / 100) : 0;
            const directWastePerMT = directSteelPerMT + wastePerMT;
            const overheadPerMT = directWastePerMT * (s.overheadPct / 100);
            const marginPerMT = (directWastePerMT + overheadPerMT) * (s.marginPct / 100);
            const totalPerMT = directWastePerMT + overheadPerMT + marginPerMT;
            const toM3 = (perMT: number) => kgPerM3 > 0 ? perMT * kgPerM3 / 1000 : 0;

            const analysisRows: { lbl: string; perMT: number; perM3: number; isSub?: boolean; bold?: boolean }[] = [
              { lbl: `Weighted Avg Purchase (${totalBBSKg > 0 ? diaRows.filter(r => r.bbsKg > 0).length : 0} dia)`, perMT: avgPurchasePerMT, perM3: toM3(avgPurchasePerMT) },
              { lbl: `Fabrication (cutting/bending/placing)${fabIsBOQOnly ? "" — BOQ rate only"" : """"}`, perMT: steelFabForCard, perM3: toM3(steelFabForCard) },
              { lbl: ""Direct Steel Sub-total"", perMT: directSteelPerMT, perM3: toM3(directSteelPerMT), isSub: true },
              ...(wasteEnabled ? [{ lbl: `Cutting Wastage (${s.wastage.steelCuttingPct}%)`, perMT: wastePerMT, perM3: toM3(wastePerMT) }] : []),
              ...(wasteEnabled ? [{ lbl: ""Direct + Wastage Sub-total"", perMT: directWastePerMT, perM3: toM3(directWastePerMT), isSub: true }] : []),
              { lbl: `Overhead (${s.overheadPct}%)`, perMT: overheadPerMT, perM3: toM3(overheadPerMT) },
              { lbl: `Margin (${s.marginPct}%)`, perMT: marginPerMT, perM3: toM3(marginPerMT) },
              { lbl: ""Total (incl. OH + Margin)"", perMT: totalPerMT, perM3: toM3(totalPerMT), isSub: true, bold: true },
            ];

            return (
              <div className=""space-y-4"">
                <Card>
                  <CardHeader className=""pb-3 pt-4 px-5 sticky top-14 z-10 bg-card border-b shadow-sm rounded-t-xl flex flex-row items-center justify-between flex-wrap gap-2"">
                    <div>
                      <CardTitle className=""text-sm font-semibold text-slate-700 dark:text-slate-200 uppercase tracking-wide"">Steel Rate Analysis</CardTitle>
                      <p className=""text-sm text-slate-600 mt-0.5"">Purchase rate + fabrication + wastage + OH + margin per diameter and summary.</p>
                    </div>
                    <ReportExportGate sections={[""concrete_calculator""]}><Button size=""sm"" variant=""outline"" className=""h-7 text-sm print:hidden"" onClick={() => window.print()}>Print</Button></ReportExportGate>
                  </CardHeader>
                  <CardContent className=""px-4 pb-4 overflow-x-auto"">
                    <p className=""text-[12px] font-semibold text-slate-700 uppercase tracking-wide mb-2"">Per Diameter — Purchase Cost</p>
                    <table className=""text-sm w-full min-w-[540px] border-separate border-spacing-0 mb-5"">
                      <thead>
                        <tr className=""bg-slate-50 dark:bg-slate-800/60"">
                          {[""Dia"", ""Purchase ₹/MT"", ""BBS Weight (kg)"", ""Purchase ₹"", ""Fab ₹/MT"", ""Fab ₹"", ""Total ₹"", ""Total ₹/m³""].map(h => (
                            <th key={h} className=""text-right first:text-left px-3 py-2 font-semibold text-slate-700 dark:text-slate-300 border-b border-slate-200 whitespace-nowrap"">{h}</th>
                          ))}
                        </tr>
                      </thead>
                      <tbody>
                        {diaRows.filter(r => r.bbsKg > 0).map((r, i) => (
                          <tr key={r.dia} className={i % 2 === 0 ? ""bg-white dark:bg-transparent"" : ""bg-slate-50/60 dark:bg-slate-800/20""}>
                            <td className=""px-3 py-2 font-medium"">Ø{r.dia}mm</td>
                            <td className=""px-3 py-2 text-right"">{fmtR(r.purchaseRate)}</td>
                            <td className=""px-3 py-2 text-right"">{r.bbsKg.toFixed(1)}</td>
                            <td className=""px-3 py-2 text-right"">{fmtR(r.purchCost)}</td>
                            <td className=""px-3 py-2 text-right"">{fmtR(steelFabForCard)}</td>
                            <td className=""px-3 py-2 text-right"">{fmtR(r.fabCost)}</td>
                            <td className=""px-3 py-2 text-right font-semibold"">{fmtR(r.totalCost)}</td>
                            <td className=""px-3 py-2 text-right font-semibold"">{kgPerM3 > 0 ? fmtR(r.totalCost / s.totalVolume) : ""—""}</td>
                          </tr>
                        ))}
                        {totalBBSKg > 0 && (
                          <tr className=""bg-slate-100 dark:bg-slate-700/40 font-bold"">
                            <td className=""px-3 py-2"">Total</td>
                            <td className=""px-3 py-2 text-right"">{fmtR(avgPurchasePerMT)}/MT</td>
                            <td className=""px-3 py-2 text-right"">{totalBBSKg.toFixed(1)} kg</td>
                            <td className=""px-3 py-2 text-right"">{fmtR(totalPurchCost)}</td>
                            <td className=""px-3 py-2 text-right"">—</td>
                            <td className=""px-3 py-2 text-right"">{fmtR(totalFabCost)}</td>
                            <td className=""px-3 py-2 text-right"">{fmtR(totalPurchCost + totalFabCost)}</td>
                            <td className=""px-3 py-2 text-right"">{kgPerM3 > 0 ? fmtR((totalPurchCost + totalFabCost) / s.totalVolume) : ""—""}</td>
                          </tr>
                        )}
                        {totalBBSKg === 0 && (
                          <tr><td colSpan={8} className=""px-3 py-3 text-center text-slate-600"">No BBS data — add bars in the BBS tab</td></tr>
                        )}
                      </tbody>
                    </table>

                    <p className=""text-[12px] font-semibold text-slate-700 uppercase tracking-wide mb-2"">Rate Analysis — ₹/MT and ₹/m³</p>
                    <table className=""text-sm w-full min-w-[360px] border-separate border-spacing-0"">
                      <thead>
                        <tr className=""bg-slate-50 dark:bg-slate-800/60"">
                          {[""Component"", ""₹ / MT"", ""₹ / m³""].map(h => (
                            <th key={h} className=""text-right first:text-left px-3 py-2 font-semibold text-slate-700 dark:text-slate-300 border-b border-slate-200 whitespace-nowrap"">{h}</th>
                          ))}
                        </tr>
                      </thead>
                      <tbody>
                        {analysisRows.map((r, i) => (
                          <tr key={i} className={r.bold ? ""bg-blue-50/80 dark:bg-blue-900/15 font-bold"" : r.isSub ? ""bg-slate-100 dark:bg-slate-700/40 font-semibold"" : (i % 2 === 0 ? ""bg-white dark:bg-transparent"" : ""bg-slate-50/40 dark:bg-slate-800/20"")}>
                            <td className={`px-3 py-1.5 ${!r.isSub ? ""pl-5"" : """"}`}>{r.lbl}</td>
                            <td className=""px-3 py-1.5 text-right font-mono"">{r.perMT > 0 ? fmtR(r.perMT) : ""—""}</td>
                            <td className=""px-3 py-1.5 text-right font-mono"">{r.perM3 > 0 ? fmtR(r.perM3) : (s.totalVolume > 0 ? ""—"" : ""set volume"")}</td>
                          </tr>
                        ))}
                      </tbody>
                    </table>
                    {crossSectionM2 > 0 && totalBBSKg > 0 && (
                      <div className=""mt-4 flex flex-wrap gap-3"">
                        <div className=""rounded-lg border p-3 text-center"">
                          <p className=""text-sm text-slate-600"">Steel kg/m</p>
                          <p className=""font-bold"">{bbsSummary.totalKgPerM.toFixed(2)} kg/m</p>
                        </div>
                        <div className=""rounded-lg border p-3 text-center"">
                          <p className=""text-sm text-slate-600"">Steel ₹/m (all-in)</p>
                          <p className=""font-bold"">{fmtR(bbsSummary.totalKgPerM * totalPerMT / 1000)}/m</p>
                        </div>
                        <div className=""rounded-lg border p-3 text-center"">
                          <p className=""text-sm text-slate-600"">Steel ₹/m³ (all-in)</p>
                          <p className=""font-bold"">{fmtR(toM3(totalPerMT))}/m³</p>
                        </div>
                      </div>
                    )}
                  </CardContent>
                </Card>
              </div>
            );
          })","(() => { const steelFabForCard = s.steelFabRatePerMT ?? 0; const fabIsBOQOnly = s.pettyLabour?.enabled && s.pettyLabour?.contractorBBS; const diaRows = ([8, 10, 12, 16, 20, 25] as const).map(dia => { const key = `r${dia}` as keyof SteelRates; const purchaseRate = s.steelRates[key]; const bbsKg = bbsSummary.byDia[dia]?.kg ?? 0; const purchCost = bbsKg * purchaseRate / 1000; const fabCost = bbsKg * steelFabForCard / 1000; const totalCost = purchCost + fabCost; return { dia, purchaseRate, bbsKg, purchCost, fabCost, totalCost }; }); const totalBBSKg = bbsSummary.totalKg; const totalPurchCost = bbsSummary.totalCost; const totalFabCost = steelFabForCard * totalBBSKg / 1000; const avgPurchasePerMT = totalBBSKg > 0 ? totalPurchCost / (totalBBSKg / 1000) : 0; const kgPerM3 = s.totalVolume > 0 ? totalBBSKg / s.totalVolume : 0; // Structured analysis ₹/MT and ₹/m³ const wasteEnabled = s.wastage.steelCuttingWaste && totalBBSKg > 0; const directSteelPerMT = avgPurchasePerMT + steelFabForCard; const wastePerMT = wasteEnabled ? directSteelPerMT * (s.wastage.steelCuttingPct / 100) : 0; const directWastePerMT = directSteelPerMT + wastePerMT; const overheadPerMT = directWastePerMT * (s.overheadPct / 100); const marginPerMT = (directWastePerMT + overheadPerMT) * (s.marginPct / 100); const totalPerMT = directWastePerMT + overheadPerMT + marginPerMT; const toM3 = (perMT: number) => kgPerM3 > 0 ? perMT * kgPerM3 / 1000 : 0; const analysisRows: { lbl: string; perMT: number; perM3: number; isSub?: boolean; bold?: boolean }[] = [ { lbl: `Weighted Avg Purchase (${totalBBSKg > 0 ? diaRows.filter(r => r.bbsKg > 0).length : 0} dia)`, perMT: avgPurchasePerMT, perM3: toM3(avgPurchasePerMT) }, { lbl: `Fabrication (cutting/bending/placing)${fabIsBOQOnly ? "" — BOQ rate only"" : """"}`, perMT: steelFabForCard, perM3: toM3(steelFabForCard) }, { lbl: ""Direct Steel Sub-total"", perMT: directSteelPerMT, perM3: toM3(directSteelPerMT), isSub: true }, ...(wasteEnabled ? [{ lbl: `Cutting Wastage (${s.wastage.steelCuttingPct}%)`, perMT: wastePerMT, perM3: toM3(wastePerMT) }] : []), ...(wasteEnabled ? [{ lbl: ""Direct + Wastage Sub-total"", perMT: directWastePerMT, perM3: toM3(directWastePerMT), isSub: true }] : []), { lbl: `Overhead (${s.overheadPct}%)`, perMT: overheadPerMT, perM3: toM3(overheadPerMT) }, { lbl: `Margin (${s.marginPct}%)`, perMT: marginPerMT, perM3: toM3(marginPerMT) }, { lbl: ""Total (incl. OH + Margin)"", perMT: totalPerMT, perM3: toM3(totalPerMT), isSub: true, bold: true }, ]; return ( <div className=""space-y-4""> <Card> <CardHeader className=""pb-3 pt-4 px-5 sticky top-14 z-10 bg-card border-b shadow-sm rounded-t-xl flex flex-row items-center justify-between flex-wrap gap-2""> <div> <CardTitle className=""text-sm font-semibold text-slate-700 dark:text-slate-200 uppercase tracking-wide"">Steel Rate Analysis</CardTitle> <p className=""text-sm text-slate-600 mt-0.5"">Purchase rate + fabrication + wastage + OH + margin per diameter and summary.</p> </div> <ReportExportGate sections={[""concrete_calculator""]}><Button size=""sm"" variant=""outline"" className=""h-7 text-sm print:hidden"" onClick={() => window.print()}>Print</Button></ReportExportGate> </CardHeader> <CardContent className=""px-4 pb-4 overflow-x-auto""> <p className=""text-[12px] font-semibold text-slate-700 uppercase tracking-wide mb-2"">Per Diameter — Purchase Cost</p> <table className=""text-sm w-full min-w-[540px] border-separate border-spacing-0 mb-5""> <thead> <tr className=""bg-slate-50 dark:bg-slate-800/60""> {[""Dia"", ""Purchase ₹/MT"", ""BBS Weight (kg)"", ""Purchase ₹"", ""Fab ₹/MT"", ""Fab ₹"", ""Total ₹"", ""Total ₹/m³""].map(h => ( <th key={h} className=""text-right first:text-left px-3 py-2 font-semibold text-slate-700 dark:text-slate-300 border-b border-slate-200 whitespace-nowrap"">{h}</th> ))} </tr> </thead> <tbody> {diaRows.filter(r => r.bbsKg > 0).map((r, i) => ( <tr key={r.dia} className={i % 2 === 0 ? ""bg-white dark:bg-transparent"" : ""bg-slate-50/60 dark:bg-slate-800/20""}> <td className=""px-3 py-2 font-medium"">Ø{r.dia}mm</td> <td className=""px-3 py-2 text-right"">{fmtR(r.purchaseRate)}</td> <td className=""px-3 py-2 text-right"">{r.bbsKg.toFixed(1)}</td> <td className=""px-3 py-2 text-right"">{fmtR(r.purchCost)}</td> <td className=""px-3 py-2 text-right"">{fmtR(steelFabForCard)}</td> <td className=""px-3 py-2 text-right"">{fmtR(r.fabCost)}</td> <td className=""px-3 py-2 text-right font-semibold"">{fmtR(r.totalCost)}</td> <td className=""px-3 py-2 text-right font-semibold"">{kgPerM3 > 0 ? fmtR(r.totalCost / s.totalVolume) : ""—""}</td> </tr> ))} {totalBBSKg > 0 && ( <tr className=""bg-slate-100 dark:bg-slate-700/40 font-bold""> <td className=""px-3 py-2"">Total</td> <td className=""px-3 py-2 text-right"">{fmtR(avgPurchasePerMT)}/MT</td> <td className=""px-3 py-2 text-right"">{totalBBSKg.toFixed(1)} kg</td> <td className=""px-3 py-2 text-right"">{fmtR(totalPurchCost)}</td> <td className=""px-3 py-2 text-right"">—</td> <td className=""px-3 py-2 text-right"">{fmtR(totalFabCost)}</td> <td className=""px-3 py-2 text-right"">{fmtR(totalPurchCost + totalFabCost)}</td> <td className=""px-3 py-2 text-right"">{kgPerM3 > 0 ? fmtR((totalPurchCost + totalFabCost) / s.totalVolume) : ""—""}</td> </tr> )} {totalBBSKg === 0 && ( <tr><td colSpan={8} className=""px-3 py-3 text-center text-slate-600"">No BBS data — add bars in the BBS tab</td></tr> )} </tbody> </table> <p className=""text-[12px] font-semibold text-slate-700 uppercase tracking-wide mb-2"">Rate Analysis — ₹/MT and ₹/m³</p> <table className=""text-sm w-full min-w-[360px] border-separate border-spacing-0""> <thead> <tr className=""bg-slate-50 dark:bg-slate-800/60""> {[""Component"", ""₹ / MT"", ""₹ / m³""].map(h => ( <th key={h} className=""text-right first:text-left px-3 py-2 font-semibold text-slate-700 dark:text-slate-300 border-b border-slate-200 whitespace-nowrap"">{h}</th> ))} </tr> </thead> <tbody> {analysisRows.map((r, i) => ( <tr key={i} className={r.bold ? ""bg-blue-50/80 dark:bg-blue-900/15 font-bold"" : r.isSub ? ""bg-slate-100 dark:bg-slate-700/40 font-semibold"" : (i % 2 === 0 ? ""bg-white dark:bg-transparent"" : ""bg-slate-50/40 dark:bg-slate-800/20"")}> <td className={`px-3 py-1.5 ${!r.isSub ? ""pl-5"" : """"}`}>{r.lbl}</td> <td className=""px-3 py-1.5 text-right font-mono"">{r.perMT > 0 ? fmtR(r.perMT) : ""—""}</td> <td className=""px-3 py-1.5 text-right font-mono"">{r.perM3 > 0 ? fmtR(r.perM3) : (s.totalVolume > 0 ? ""—"" : ""set volume"")}</td> </tr> ))} </tbody> </table> {crossSectionM2 > 0 && totalBBSKg > 0 && ( <div className=""mt-4 flex flex-wrap gap-3""> <div className=""rounded-lg border p-3 text-center""> <p className=""text-sm text-slate-600"">Steel kg/m</p> <p className=""font-bold"">{bbsSummary.totalKgPerM.toFixed(2)} kg/m</p> </div> <div className=""rounded-lg border p-3 text-center""> <p className=""text-sm text-slate-600"">Steel ₹/m (all-in)</p> <p className=""font-bold"">{fmtR(bbsSummary.totalKgPerM * totalPerMT / 1000)}/m</p> </div> <div className=""rounded-lg border p-3 text-center""> <p className=""text-sm text-slate-600"">Steel ₹/m³ (all-in)</p> <p className=""font-bold"">{fmtR(toM3(totalPerMT))}/m³</p> </div> </div> )} </CardContent> </Card> </div> ); })()"
"client/src/pages/ConcreteCalculator.tsx","client/src/pages/ConcreteCalculator.tsx:3972","window.print","window.print()"
"client/src/pages/ConcreteCalculator.tsx","client/src/pages/ConcreteCalculator.tsx:4100","(() => {
            if (!isDrainType || !qtoResult || qtoResult.zones.length === 0) {
              if (isBridgeType && bridgeQtoResult) {
                const bEq = s.qto.elementGrades ?? { pcc: ""M15"", invert: ""M25"", wall: ""M25"", topSlab: ""M25"" };
                const bRccBaseRate = costs.totalWithEsc - costs.steel;
                const bBaseMat = computeMaterialCostOnly(s.grade, s);
                const bStemCostPerM3 = bRccBaseRate - bBaseMat + computeMaterialCostOnly(bEq.wall, s);
                const bFootCostPerM3 = bRccBaseRate - bBaseMat + computeMaterialCostOnly(bEq.invert, s);
                const bConcretePerM = bridgeQtoResult.stemVol * bStemCostPerM3 + bridgeQtoResult.baseVol * bFootCostPerM3;
                return (
                  <Card>
                    <CardHeader className=""pb-3 pt-4 px-5 sticky top-14 z-10 bg-card border-b shadow-sm rounded-t-xl flex flex-row items-center justify-between flex-wrap gap-2"">
                      <div>
                        <CardTitle className=""text-sm font-semibold text-slate-700 dark:text-slate-200 uppercase tracking-wide"">Per-Metre Rate Card</CardTitle>
                        <p className=""text-sm text-slate-600 mt-0.5"">RCC cost per linear metre of {s.structureType.toLowerCase()} (stem + footing).</p>
                      </div>
                      <ReportExportGate sections={[""concrete_calculator""]}><Button size=""sm"" variant=""outline"" className=""h-7 text-sm print:hidden"" onClick={() => window.print()}>Print</Button></ReportExportGate>
                    </CardHeader>
                    <CardContent className=""px-5 pb-5"">
                      <div className=""border rounded-xl p-4 space-y-3 max-w-sm"">
                        <div>
                          <p className=""font-semibold text-sm"">{s.structureType}</p>
                          <p className=""text-sm text-slate-700 font-medium"">Stem {bridgeQtoResult.stemVol.toFixed(3)} m³/m + Base {bridgeQtoResult.baseVol.toFixed(3)} m³/m</p>
                        </div>
                        <div className=""space-y-1 text-sm"">
                          <div className=""flex justify-between"">
                            <span className=""text-slate-600"">Stem RCC {bEq.wall} ₹/m³</span>
                            <span className=""font-medium"">{fmtR(bStemCostPerM3)}</span>
                          </div>
                          <div className=""flex justify-between"">
                            <span className=""text-slate-600"">Footing RCC {bEq.invert} ₹/m³</span>
                            <span className=""font-medium"">{fmtR(bFootCostPerM3)}</span>
                          </div>
                          <div className=""flex justify-between"">
                            <span className=""text-slate-600"">Concrete ₹/m run</span>
                            <span className=""font-medium"">{fmtR(bConcretePerM)}</span>
                          </div>
                          {(() => {
                            const steelRateAvg2 = bbsSummary.totalKg > 0 ? bbsSummary.totalCost / (bbsSummary.totalKg / 1000) : s.steelRates.r12;
                            const steelFab2 = (s.pettyLabour.enabled && s.pettyLabour.contractorBBS) ? 0 : (s.steelFabRatePerMT ?? 0);
                            const steelPerM2 = bbsSummary.totalKgPerM * ((steelRateAvg2 + steelFab2) / 1000);
                            const totalPerM = bConcretePerM + steelPerM2;
                            return (
                              <>
                                {bbsSummary.totalKgPerM > 0 && (
                                  <div className=""flex justify-between"">
                                    <span className=""text-slate-600"">Steel ({bbsSummary.totalKgPerM.toFixed(2)} kg/m)</span>
                                    <span className=""font-medium"">{fmtR(steelPerM2)}/m</span>
                                  </div>
                                )}
                                <div className=""flex justify-between font-bold border-t pt-1 mt-1"">
                                  <span>Total ₹/m run</span>
                                  <span className=""text-blue-700"">{fmtR(totalPerM)}</span>
                                </div>
                              </>
                            );
                          })()}
                        </div>
                      </div>
                    </CardContent>
                  </Card>
                );
              }
              return (
                <Card>
                  <CardContent className=""px-5 py-8 text-center text-slate-500"">
                    <p>Per-Metre Rate Card requires QTO dimensions to be entered in the Dimensions &amp; QTO tab.</p>
                  </CardContent>
                </Card>
              );
            }

            const eq = s.qto.elementGrades ?? { pcc: ""M15"", invert: ""M25"", wall: ""M25"", topSlab: ""M25"" };
            const rccBaseRate = costs.totalWithEsc - costs.steel;
            const baseMat = computeMaterialCostOnly(s.grade, s);
            const invertCostPerM3 = rccBaseRate - baseMat + computeMaterialCostOnly(eq.invert, s);
            const wallCostPerM3 = rccBaseRate - baseMat + computeMaterialCostOnly(eq.wall, s);
            const tsM = s.qto.topSlabThick / 1000;
            const topSlabCostPerM3 = (s.qto.topSlabType === ""Precast"" && tsM > 0)
              ? s.qto.precastRatePerM2 / tsM
              : rccBaseRate - baseMat + computeMaterialCostOnly(eq.topSlab, s);
            const isPettyRmPerM = s.pettyLabour.enabled && s.pettyLabour.rateUnit === ""per_rm"";
            const pccCostPerM3 = computePccRatePerM3(s, eq.pcc, isPettyRmPerM ? 0 : (s.pccPlacingRatePerM3 ?? 0));
            const steelRateAvg = bbsSummary.totalKg > 0 ? bbsSummary.totalCost / (bbsSummary.totalKg / 1000) : s.steelRates.r12;
            const steelFabForCard = (s.pettyLabour.enabled && s.pettyLabour.contractorBBS) ? 0 : (s.steelFabRatePerMT ?? 0);
            const bwPerM = bbsSummary.totalKgPerM * ((s.qto.bindingWireKgPerMT ?? 10) / 1000) * (s.qto.bindingWireRatePerKg ?? 85);
            const lhPerM = (s.qto.liftingHookSpacingM ?? 0) > 0 ? (s.qto.liftingHookRatePerNos ?? 150) / (s.qto.liftingHookSpacingM ?? 2) : 0;
            const steelPerM = bbsSummary.totalKgPerM * ((steelRateAvg + steelFabForCard) / 1000);
            const gratingPerM = s.qto.gratingsSpacing > 0 ? s.qto.gratingRatePerNos / s.qto.gratingsSpacing : 0;
            const weepholePerM = s.qto.weepholesSpacing > 0 ? s.qto.weepholeRatePerNos / s.qto.weepholesSpacing : 0;

            // Helper to render a per-metre table for given zone lengths
            // zoneWalls is gross for individual zones, net (after deductions) for the Combined row
            // topVolOverride allows the combined row to use net top slab quantity (after grating deduction)
            function renderPerMTable(zoneWalls: number, zoneTotalLen: number, zoneLabel: string, wallBasis: ""gross"" | ""net"" = ""gross"", topVolOverride?: number) {
              const wallVol = zoneTotalLen > 0 ? zoneWalls / zoneTotalLen : 0;
              const invertVol = qtoResult.invertPerM;
              const topVol = topVolOverride !== undefined ? topVolOverride : qtoResult.topPerM;
              const pccVol = qtoResult.pccPerM;
              const pccC = pccVol * pccCostPerM3;
              const invC = invertVol * invertCostPerM3;
              const wllC = wallVol * wallCostPerM3;
              const topC = topVol * topSlabCostPerM3;
              const concSub = pccC + invC + wllC + topC;
              const excVol = (qtoResult.totalLength > 0 && zoneTotalLen > 0) ? qtoResult.excavVolume / qtoResult.totalLength : 0;
              const bkfVol = (qtoResult.totalLength > 0 && zoneTotalLen > 0) ? qtoResult.backfillVol / qtoResult.totalLength : 0;
              const excC = excVol * s.qto.excavationRate;
              const bkfC = bkfVol * s.qto.backfillRate;
              const earthSub = excC + bkfC;
              const ancC = gratingPerM + weepholePerM;
              const grdTotal = concSub + earthSub + steelPerM + bwPerM + lhPerM + ancC;
              const steelKgPerM = bbsSummary.totalKgPerM;
              const steelMTPerM = steelKgPerM / 1000;
              const pMRows: { label: string; qty: string; unit: string; rate: string; costPerM: number; isSub?: boolean }[] = [
                { label: `PCC ${eq.pcc} Bed`, qty: pccVol.toFixed(3), unit: ""m³/RM"", rate: `${fmtR(pccCostPerM3)}/m³`, costPerM: pccC },
                { label: `Invert Slab (${eq.invert})`, qty: invertVol.toFixed(3), unit: ""m³/RM"", rate: `${fmtR(invertCostPerM3)}/m³`, costPerM: invC },
                { label: `Walls (${eq.wall}, ${wallBasis})`, qty: wallVol.toFixed(3), unit: ""m³/RM"", rate: `${fmtR(wallCostPerM3)}/m³`, costPerM: wllC },
                ...(s.qto.isCovered || isBoxCulvert ? [{ label: `Top Slab (${eq.topSlab})`, qty: topVol.toFixed(3), unit: ""m³/RM"", rate: `${fmtR(topSlabCostPerM3)}/m³`, costPerM: topC }] : []),
                { label: ""Concrete Sub-total"", qty: """", unit: """", rate: """", costPerM: concSub, isSub: true },
                { label: ""Excavation"", qty: excVol.toFixed(3), unit: ""m³/RM"", rate: `${fmtR(s.qto.excavationRate)}/m³`, costPerM: excC },
                { label: ""Backfill"", qty: bkfVol.toFixed(3), unit: ""m³/RM"", rate: `${fmtR(s.qto.backfillRate)}/m³`, costPerM: bkfC },
                { label: ""Earthwork Sub-total"", qty: """", unit: """", rate: """", costPerM: earthSub, isSub: true },
                { label: ""Steel (BBS)"", qty: steelMTPerM.toFixed(4), unit: ""MT/RM"", rate: `${fmtR(steelRateAvg + steelFabForCard)}/MT`, costPerM: steelPerM },
                ...(bwPerM > 0 ? [{ label: ""Binding Wire"", qty: """", unit: """", rate: """", costPerM: bwPerM }] : []),
                ...(lhPerM > 0 ? [{ label: ""Lifting Hooks"", qty: """", unit: """", rate: """", costPerM: lhPerM }] : []),
                ...(ancC > 0 ? [{ label: ""Gratings & Weepholes"", qty: """", unit: """", rate: """", costPerM: ancC }] : []),
                { label: ""Grand Total ₹/RM"", qty: """", unit: """", rate: """", costPerM: grdTotal, isSub: true },
              ];
              return (
                <div key={zoneLabel} className=""mb-4"">
                  {zoneLabel !== ""Combined"" && <p className=""text-sm font-semibold text-slate-600 dark:text-slate-400 uppercase tracking-wide mb-1 px-1"">{zoneLabel}</p>}
                  <div className=""overflow-x-auto"">
                    <table className=""text-sm w-full min-w-[400px] border-separate border-spacing-0"">
                      <thead>
                        <tr className=""bg-slate-50 dark:bg-slate-800/60"">
                          {[""Item"", ""Qty / RM"", ""Unit"", ""Rate ₹ / unit"", ""₹ / RM""].map(h => (
                            <th key={h} className=""text-right first:text-left px-3 py-2 font-semibold text-slate-700 dark:text-slate-300 border-b border-slate-200 whitespace-nowrap"">{h}</th>
                          ))}
                        </tr>
                      </thead>
                      <tbody>
                        {pMRows.map((r, ri) => (
                          <tr key={ri} className={r.isSub ? ""bg-slate-100 dark:bg-slate-700/40 font-bold"" : (ri % 2 === 0 ? ""bg-white dark:bg-transparent"" : ""bg-slate-50/40 dark:bg-slate-800/20"")}>
                            <td className={`px-3 py-2 whitespace-nowrap ${r.isSub ? ""pl-3"" : ""pl-6""}`}>{r.label}</td>
                            <td className=""px-3 py-2 text-right text-slate-700 dark:text-slate-300"">{r.qty}</td>
                            <td className=""px-3 py-2 text-right text-slate-600 dark:text-slate-400 text-xs"">{r.unit}</td>
                            <td className=""px-3 py-2 text-right text-slate-700 dark:text-slate-300"">{r.rate}</td>
                            <td className={`px-3 py-2 text-right ${r.isSub ? ""text-blue-700 dark:text-blue-400 font-bold"" : """"}`}>
                              {r.costPerM > 0 ? fmtR(r.costPerM) : (r.isSub ? fmtR(0) : ""—"")}
                            </td>
                          </tr>
                        ))}
                      </tbody>
                    </table>
                  </div>
                  <div className=""mt-2 flex flex-wrap gap-2"">
                    <div className=""bg-blue-50 dark:bg-blue-900/20 border border-blue-200 rounded-lg px-3 py-2 text-center"">
                      <p className=""text-[12px] text-blue-600"">₹/RM</p>
                      <p className=""text-base font-bold text-blue-800 dark:text-blue-300"">{fmtR(grdTotal)}</p>
                    </div>
                    {zoneTotalLen > 0 && (
                      <div className=""bg-slate-50 border rounded-lg px-3 py-2 text-center"">
                        <p className=""text-[12px] text-slate-600"">{zoneTotalLen.toFixed(0)} m total</p>
                        <p className=""text-base font-bold"">{fmtR(grdTotal * zoneTotalLen)}</p>
                      </div>
                    )}
                  </div>
                </div>
              );
            }

            // Per-zone breakdown (only if multiple zones; always show combined)
            const hasMultiZone = qtoResult.zones.length > 1;

            return (
              <Card>
                <CardHeader className=""pb-3 pt-4 px-5 sticky top-14 z-10 bg-card border-b shadow-sm rounded-t-xl flex flex-row items-center justify-between flex-wrap gap-2"">
                  <div>
                    <CardTitle className=""text-sm font-semibold text-slate-700 dark:text-slate-200 uppercase tracking-wide"">Per-Metre Rate Card</CardTitle>
                    <p className=""text-sm text-slate-600 mt-0.5"">All-in cost per running metre — concrete by element, earthwork, steel + ancillaries.</p>
                  </div>
                  <ReportExportGate sections={[""concrete_calculator""]}><Button size=""sm"" variant=""outline"" className=""h-7 text-sm print:hidden"" onClick={() => window.print()}>Print</Button></ReportExportGate>
                </CardHeader>
                <CardContent className=""px-4 pb-4"">
                  {hasMultiZone && (
                    <div className=""mb-4"">
                      <p className=""text-sm font-semibold text-slate-700 uppercase tracking-wide mb-3"">Per Zone</p>
                      {qtoResult.zones.map(z => renderPerMTable(z.wallsM3, z.length, `${z.label} (${z.length} m)`, ""gross""))}
                      <div className=""border-t border-slate-200 dark:border-slate-700 pt-4 mt-2"">
                        <p className=""text-sm font-semibold text-slate-700 uppercase tracking-wide mb-2"">Combined ({qtoResult.totalLength.toFixed(0)} m)</p>
                        {renderPerMTable(qtoResult.totalWallsNet, qtoResult.totalLength, ""Combined"", ""net"", qtoResult.totalLength > 0 ? qtoResult.totalTopNet / qtoResult.totalLength : 0)}
                      </div>
                    </div>
                  )}
                  {!hasMultiZone && renderPerMTable(qtoResult.totalWallsNet, qtoResult.totalLength, ""Combined"", ""net"", qtoResult.totalLength > 0 ? qtoResult.totalTopNet / qtoResult.totalLength : 0)}
                </CardContent>
              </Card>
            );
          })","(() => { if (!isDrainType || !qtoResult || qtoResult.zones.length === 0) { if (isBridgeType && bridgeQtoResult) { const bEq = s.qto.elementGrades ?? { pcc: ""M15"", invert: ""M25"", wall: ""M25"", topSlab: ""M25"" }; const bRccBaseRate = costs.totalWithEsc - costs.steel; const bBaseMat = computeMaterialCostOnly(s.grade, s); const bStemCostPerM3 = bRccBaseRate - bBaseMat + computeMaterialCostOnly(bEq.wall, s); const bFootCostPerM3 = bRccBaseRate - bBaseMat + computeMaterialCostOnly(bEq.invert, s); const bConcretePerM = bridgeQtoResult.stemVol * bStemCostPerM3 + bridgeQtoResult.baseVol * bFootCostPerM3; return ( <Card> <CardHeader className=""pb-3 pt-4 px-5 sticky top-14 z-10 bg-card border-b shadow-sm rounded-t-xl flex flex-row items-center justify-between flex-wrap gap-2""> <div> <CardTitle className=""text-sm font-semibold text-slate-700 dark:text-slate-200 uppercase tracking-wide"">Per-Metre Rate Card</CardTitle> <p className=""text-sm text-slate-600 mt-0.5"">RCC cost per linear metre of {s.structureType.toLowerCase()} (stem + footing).</p> </div> <ReportExportGate sections={[""concrete_calculator""]}><Button size=""sm"" variant=""outline"" className=""h-7 text-sm print:hidden"" onClick={() => window.print()}>Print</Button></ReportExportGate> </CardHeader> <CardContent className=""px-5 pb-5""> <div className=""border rounded-xl p-4 space-y-3 max-w-sm""> <div> <p className=""font-semibold text-sm"">{s.structureType}</p> <p className=""text-sm text-slate-700 font-medium"">Stem {bridgeQtoResult.stemVol.toFixed(3)} m³/m + Base {bridgeQtoResult.baseVol.toFixed(3)} m³/m</p> </div> <div className=""space-y-1 text-sm""> <div className=""flex justify-between""> <span className=""text-slate-600"">Stem RCC {bEq.wall} ₹/m³</span> <span className=""font-medium"">{fmtR(bStemCostPerM3)}</span> </div> <div className=""flex justify-between""> <span className=""text-slate-600"">Footing RCC {bEq.invert} ₹/m³</span> <span className=""font-medium"">{fmtR(bFootCostPerM3)}</span> </div> <div className=""flex justify-between""> <span className=""text-slate-600"">Concrete ₹/m run</span> <span className=""font-medium"">{fmtR(bConcretePerM)}</span> </div> {(() => { const steelRateAvg2 = bbsSummary.totalKg > 0 ? bbsSummary.totalCost / (bbsSummary.totalKg / 1000) : s.steelRates.r12; const steelFab2 = (s.pettyLabour.enabled && s.pettyLabour.contractorBBS) ? 0 : (s.steelFabRatePerMT ?? 0); const steelPerM2 = bbsSummary.totalKgPerM * ((steelRateAvg2 + steelFab2) / 1000); const totalPerM = bConcretePerM + steelPerM2; return ( <> {bbsSummary.totalKgPerM > 0 && ( <div className=""flex justify-between""> <span className=""text-slate-600"">Steel ({bbsSummary.totalKgPerM.toFixed(2)} kg/m)</span> <span className=""font-medium"">{fmtR(steelPerM2)}/m</span> </div> )} <div className=""flex justify-between font-bold border-t pt-1 mt-1""> <span>Total ₹/m run</span> <span className=""text-blue-700"">{fmtR(totalPerM)}</span> </div> </> ); })()} </div> </div> </CardContent> </Card> ); } return ( <Card> <CardContent className=""px-5 py-8 text-center text-slate-500""> <p>Per-Metre Rate Card requires QTO dimensions to be entered in the Dimensions &amp; QTO tab.</p> </CardContent> </Card> ); } const eq = s.qto.elementGrades ?? { pcc: ""M15"", invert: ""M25"", wall: ""M25"", topSlab: ""M25"" }; const rccBaseRate = costs.totalWithEsc - costs.steel; const baseMat = computeMaterialCostOnly(s.grade, s); const invertCostPerM3 = rccBaseRate - baseMat + computeMaterialCostOnly(eq.invert, s); const wallCostPerM3 = rccBaseRate - baseMat + computeMaterialCostOnly(eq.wall, s); const tsM = s.qto.topSlabThick / 1000; const topSlabCostPerM3 = (s.qto.topSlabType === ""Precast"" && tsM > 0) ? s.qto.precastRatePerM2 / tsM : rccBaseRate - baseMat + computeMaterialCostOnly(eq.topSlab, s); const isPettyRmPerM = s.pettyLabour.enabled && s.pettyLabour.rateUnit === ""per_rm""; const pccCostPerM3 = computePccRatePerM3(s, eq.pcc, isPettyRmPerM ? 0 : (s.pccPlacingRatePerM3 ?? 0)); const steelRateAvg = bbsSummary.totalKg > 0 ? bbsSummary.totalCost / (bbsSummary.totalKg / 1000) : s.steelRates.r12; const steelFabForCard = (s.pettyLabour.enabled && s.pettyLabour.contractorBBS) ? 0 : (s.steelFabRatePerMT ?? 0); const bwPerM = bbsSummary.totalKgPerM * ((s.qto.bindingWireKgPerMT ?? 10) / 1000) * (s.qto.bindingWireRatePerKg ?? 85); const lhPerM = (s.qto.liftingHookSpacingM ?? 0) > 0 ? (s.qto.liftingHookRatePerNos ?? 150) / (s.qto.liftingHookSpacingM ?? 2) : 0; const steelPerM = bbsSummary.totalKgPerM * ((steelRateAvg + steelFabForCard) / 1000); const gratingPerM = s.qto.gratingsSpacing > 0 ? s.qto.gratingRatePerNos / s.qto.gratingsSpacing : 0; const weepholePerM = s.qto.weepholesSpacing > 0 ? s.qto.weepholeRatePerNos / s.qto.weepholesSpacing : 0; // Helper to render a per-metre table for given zone lengths // zoneWalls is gross for individual zones, net (after deductions) for the Combined row // topVolOverride allows the combined row to use net top slab quantity (after grating deduction) function renderPerMTable(zoneWalls: number, zoneTotalLen: number, zoneLabel: string, wallBasis: ""gross"" | ""net"" = ""gross"", topVolOverride?: number) { const wallVol = zoneTotalLen > 0 ? zoneWalls / zoneTotalLen : 0; const invertVol = qtoResult.invertPerM; const topVol = topVolOverride !== undefined ? topVolOverride : qtoResult.topPerM; const pccVol = qtoResult.pccPerM; const pccC = pccVol * pccCostPerM3; const invC = invertVol * invertCostPerM3; const wllC = wallVol * wallCostPerM3; const topC = topVol * topSlabCostPerM3; const concSub = pccC + invC + wllC + topC; const excVol = (qtoResult.totalLength > 0 && zoneTotalLen > 0) ? qtoResult.excavVolume / qtoResult.totalLength : 0; const bkfVol = (qtoResult.totalLength > 0 && zoneTotalLen > 0) ? qtoResult.backfillVol / qtoResult.totalLength : 0; const excC = excVol * s.qto.excavationRate; const bkfC = bkfVol * s.qto.backfillRate; const earthSub = excC + bkfC; const ancC = gratingPerM + weepholePerM; const grdTotal = concSub + earthSub + steelPerM + bwPerM + lhPerM + ancC; const steelKgPerM = bbsSummary.totalKgPerM; const steelMTPerM = steelKgPerM / 1000; const pMRows: { label: string; qty: string; unit: string; rate: string; costPerM: number; isSub?: boolean }[] = [ { label: `PCC ${eq.pcc} Bed`, qty: pccVol.toFixed(3), unit: ""m³/RM"", rate: `${fmtR(pccCostPerM3)}/m³`, costPerM: pccC }, { label: `Invert Slab (${eq.invert})`, qty: invertVol.toFixed(3), unit: ""m³/RM"", rate: `${fmtR(invertCostPerM3)}/m³`, costPerM: invC }, { label: `Walls (${eq.wall}, ${wallBasis})`, qty: wallVol.toFixed(3), unit: ""m³/RM"", rate: `${fmtR(wallCostPerM3)}/m³`, costPerM: wllC }, ...(s.qto.isCovered || isBoxCulvert ? [{ label: `Top Slab (${eq.topSlab})`, qty: topVol.toFixed(3), unit: ""m³/RM"", rate: `${fmtR(topSlabCostPerM3)}/m³`, costPerM: topC }] : []), { label: ""Concrete Sub-total"", qty: """", unit: """", rate: """", costPerM: concSub, isSub: true }, { label: ""Excavation"", qty: excVol.toFixed(3), unit: ""m³/RM"", rate: `${fmtR(s.qto.excavationRate)}/m³`, costPerM: excC }, { label: ""Backfill"", qty: bkfVol.toFixed(3), unit: ""m³/RM"", rate: `${fmtR(s.qto.backfillRate)}/m³`, costPerM: bkfC }, { label: ""Earthwork Sub-total"", qty: """", unit: """", rate: """", costPerM: earthSub, isSub: true }, { label: ""Steel (BBS)"", qty: steelMTPerM.toFixed(4), unit: ""MT/RM"", rate: `${fmtR(steelRateAvg + steelFabForCard)}/MT`, costPerM: steelPerM }, ...(bwPerM > 0 ? [{ label: ""Binding Wire"", qty: """", unit: """", rate: """", costPerM: bwPerM }] : []), ...(lhPerM > 0 ? [{ label: ""Lifting Hooks"", qty: """", unit: """", rate: """", costPerM: lhPerM }] : []), ...(ancC > 0 ? [{ label: ""Gratings & Weepholes"", qty: """", unit: """", rate: """", costPerM: ancC }] : []), { label: ""Grand Total ₹/RM"", qty: """", unit: """", rate: """", costPerM: grdTotal, isSub: true }, ]; return ( <div key={zoneLabel} className=""mb-4""> {zoneLabel !== ""Combined"" && <p className=""text-sm font-semibold text-slate-600 dark:text-slate-400 uppercase tracking-wide mb-1 px-1"">{zoneLabel}</p>} <div className=""overflow-x-auto""> <table className=""text-sm w-full min-w-[400px] border-separate border-spacing-0""> <thead> <tr className=""bg-slate-50 dark:bg-slate-800/60""> {[""Item"", ""Qty / RM"", ""Unit"", ""Rate ₹ / unit"", ""₹ / RM""].map(h => ( <th key={h} className=""text-right first:text-left px-3 py-2 font-semibold text-slate-700 dark:text-slate-300 border-b border-slate-200 whitespace-nowrap"">{h}</th> ))} </tr> </thead> <tbody> {pMRows.map((r, ri) => ( <tr key={ri} className={r.isSub ? ""bg-slate-100 dark:bg-slate-700/40 font-bold"" : (ri % 2 === 0 ? ""bg-white dark:bg-transparent"" : ""bg-slate-50/40 dark:bg-slate-800/20"")}> <td className={`px-3 py-2 whitespace-nowrap ${r.isSub ? ""pl-3"" : ""pl-6""}`}>{r.label}</td> <td className=""px-3 py-2 text-right text-slate-700 dark:text-slate-300"">{r.qty}</td> <td className=""px-3 py-2 text-right text-slate-600 dark:text-slate-400 text-xs"">{r.unit}</td> <td className=""px-3 py-2 text-right text-slate-700 dark:text-slate-300"">{r.rate}</td> <td className={`px-3 py-2 text-right ${r.isSub ? ""text-blue-700 dark:text-blue-400 font-bold"" : """"}`}> {r.costPerM > 0 ? fmtR(r.costPerM) : (r.isSub ? fmtR(0) : ""—"")} </td> </tr> ))} </tbody> </table> </div> <div className=""mt-2 flex flex-wrap gap-2""> <div className=""bg-blue-50 dark:bg-blue-900/20 border border-blue-200 rounded-lg px-3 py-2 text-center""> <p className=""text-[12px] text-blue-600"">₹/RM</p> <p className=""text-base font-bold text-blue-800 dark:text-blue-300"">{fmtR(grdTotal)}</p> </div> {zoneTotalLen > 0 && ( <div className=""bg-slate-50 border rounded-lg px-3 py-2 text-center""> <p className=""text-[12px] text-slate-600"">{zoneTotalLen.toFixed(0)} m total</p> <p className=""text-base font-bold"">{fmtR(grdTotal * zoneTotalLen)}</p> </div> )} </div> </div> ); } // Per-zone breakdown (only if multiple zones; always show combined) const hasMultiZone = qtoResult.zones.length > 1; return ( <Card> <CardHeader className=""pb-3 pt-4 px-5 sticky top-14 z-10 bg-card border-b shadow-sm rounded-t-xl flex flex-row items-center justify-between flex-wrap gap-2""> <div> <CardTitle className=""text-sm font-semibold text-slate-700 dark:text-slate-200 uppercase tracking-wide"">Per-Metre Rate Card</CardTitle> <p className=""text-sm text-slate-600 mt-0.5"">All-in cost per running metre — concrete by element, earthwork, steel + ancillaries.</p> </div> <ReportExportGate sections={[""concrete_calculator""]}><Button size=""sm"" variant=""outline"" className=""h-7 text-sm print:hidden"" onClick={() => window.print()}>Print</Button></ReportExportGate> </CardHeader> <CardContent className=""px-4 pb-4""> {hasMultiZone && ( <div className=""mb-4""> <p className=""text-sm font-semibold text-slate-700 uppercase tracking-wide mb-3"">Per Zone</p> {qtoResult.zones.map(z => renderPerMTable(z.wallsM3, z.length, `${z.label} (${z.length} m)`, ""gross""))} <div className=""border-t border-slate-200 dark:border-slate-700 pt-4 mt-2""> <p className=""text-sm font-semibold text-slate-700 uppercase tracking-wide mb-2"">Combined ({qtoResult.totalLength.toFixed(0)} m)</p> {renderPerMTable(qtoResult.totalWallsNet, qtoResult.totalLength, ""Combined"", ""net"", qtoResult.totalLength > 0 ? qtoResult.totalTopNet / qtoResult.totalLength : 0)} </div> </div> )} {!hasMultiZone && renderPerMTable(qtoResult.totalWallsNet, qtoResult.totalLength, ""Combined"", ""net"", qtoResult.totalLength > 0 ? qtoResult.totalTopNet / qtoResult.totalLength : 0)} </CardContent> </Card> ); })()"
"client/src/pages/ConcreteCalculator.tsx","client/src/pages/ConcreteCalculator.tsx:4116","window.print","window.print()"
"client/src/pages/ConcreteCalculator.tsx","client/src/pages/ConcreteCalculator.tsx:4281","window.print","window.print()"
"client/src/pages/ConcreteCalculator.tsx","client/src/pages/ConcreteCalculator.tsx:4351","(() => {
            const items = s.boqItems ?? [];
            if (items.length === 0) {
              return (
                <Card>
                  <CardContent className=""px-5 py-8 text-center text-slate-600"">
                    <p>No BOQ items yet. Add items in the Dimensions &amp; QTO tab, then enter client-offered rates here.</p>
                  </CardContent>
                </Card>
              );
            }
            const updateClientRate = (id: string, rate: number) => {
              update({ boqItems: s.boqItems.map(it => it.id === id ? { ...it, clientRate: rate } : it) });
            };
            const rows = items.map(it => {
              const ourCost = it.qty * it.rate;
              const clientRev = it.clientRate != null ? it.qty * it.clientRate : null;
              const marginAmt = clientRev != null ? clientRev - ourCost : null;
              const marginPct = clientRev != null && ourCost > 0 ? ((clientRev - ourCost) / clientRev) * 100 : null;
              return { ...it, ourCost, clientRev, marginAmt, marginPct };
            });
            const totalOurCost = rows.reduce((acc, r) => acc + r.ourCost, 0);
            const totalClientRev = rows.filter(r => r.clientRev != null).reduce((acc, r) => acc + (r.clientRev ?? 0), 0);
            const totalMargin = totalClientRev - rows.filter(r => r.clientRev != null).reduce((acc, r) => acc + r.ourCost, 0);
            const overallMarginPct = totalClientRev > 0 ? (totalMargin / totalClientRev) * 100 : 0;
            const badgeColor = (pct: number | null) => pct == null ? """" : pct >= 10 ? ""bg-green-100 text-green-800"" : pct >= 5 ? ""bg-amber-100 text-amber-800"" : ""bg-red-100 text-red-800"";

            return (
              <div className=""space-y-4"">
                <Card>
                  <CardHeader className=""pb-3 pt-4 px-5 sticky top-14 z-10 bg-card border-b shadow-sm rounded-t-xl flex flex-row items-center justify-between flex-wrap gap-2"">
                    <div>
                      <CardTitle className=""text-sm font-semibold text-slate-700 dark:text-slate-200 uppercase tracking-wide"">Quotation — Client Rate vs Our Cost</CardTitle>
                      <p className=""text-sm text-slate-600 mt-0.5"">Enter client's offered rate per item to compute margin.</p>
                    </div>
                    <div className=""flex gap-2"">
                      <ReportExportGate sections={[""concrete_calculator""]}><Button size=""sm"" variant=""outline"" className=""h-7 text-sm print:hidden"" onClick={() => window.print()}>Print</Button></ReportExportGate>
                      <Button size=""sm"" variant=""outline"" className=""h-7 text-sm shrink-0"" data-testid=""btn-export-quotation-excel""
                        onClick={async () => {
                          const XLSX = await import(""xlsx"");
                          const header = [""#"", ""Description"", ""Unit"", ""Qty"", ""Our Rate (₹)"", ""Our Amount (₹)"", ""Client Rate (₹)"", ""Client Revenue (₹)"", ""Margin (₹)"", ""Margin (%)""];
                          const dataRows = rows.map((r, i) => [
                            i + 1, r.description, r.unit, r.qty.toFixed(2),
                            r.rate, r.ourCost,
                            r.clientRate ?? """", r.clientRev ?? """",
                            r.marginAmt ?? """", r.marginPct != null ? `${r.marginPct.toFixed(1)}%` : """",
                          ]);
                          const ws = XLSX.utils.aoa_to_sheet([header, ...dataRows]);
                          const wb = XLSX.utils.book_new();
                          XLSX.utils.book_append_sheet(wb, ws, ""Quotation"");
                          XLSX.writeFile(wb, `quotation-${s.estimateName || ""estimate""}.xlsx`);
                        }}>
                        <FileUp className=""w-3 h-3 mr-1"" /> Export Excel
                      </Button>
                    </div>
                  </CardHeader>
                  <CardContent className=""px-4 pb-4 overflow-x-auto"">
                    {/* Print-only quotation header — hidden on screen, visible when printing */}
                    <div className=""hidden print:block mb-6 pb-4 border-b-2 border-slate-800"">
                      <p className=""text-lg font-bold text-slate-900 uppercase tracking-widest"">{companyName}</p>
                      <p className=""text-sm font-semibold text-slate-700 mt-1"">QUOTATION</p>
                      <div className=""flex gap-8 mt-2 text-sm text-slate-600"">
                        <div><span className=""font-semibold"">Estimate: </span>{s.estimateName || ""—""}</div>
                        <div><span className=""font-semibold"">Structure: </span>{s.structureType} ({s.grade})</div>
                        <div><span className=""font-semibold"">Prepared by: </span>{s.preparedBy || ""—""}</div>
                        <div><span className=""font-semibold"">Date: </span>{s.date}</div>
                      </div>
                    </div>
                    {/* Print-only Mix Design Basis — hidden on screen, visible when printing */}
                    {(() => {
                      const quotPccGrade = s.qto?.elementGrades?.pcc ?? ""M15"";
                      const quotHasPCC = (s.qto?.pccDepth ?? 0) > 0;
                      const quotGrades = [
                        { grade: s.grade, mix: s.mix },
                        ...(quotHasPCC && quotPccGrade !== s.grade
                          ? [{ grade: quotPccGrade, mix: MIX_PRESETS[quotPccGrade] ?? MIX_PRESETS[""M15""] }]
                          : []),
                      ];
                      return (
                        <div className=""hidden print:block mb-5"">
                          <p className=""text-[12px] font-semibold text-slate-700 uppercase tracking-wide mb-1.5"">
                            Mix Design Basis <span className=""normal-case font-normal text-slate-500"">(IS 10262:2019 / IS 456:2000)</span>
                          </p>
                          <table className=""text-sm border-collapse"">
                            <thead>
                              <tr className=""bg-slate-100"">
                                {[""Grade"", ""fck (MPa)"", ""σ (MPa)"", ""Target fck (MPa)"", ""Max W/C""].map(h => (
                                  <th key={h} className=""px-3 py-1.5 font-semibold text-slate-700 border border-slate-300 text-right first:text-left whitespace-nowrap"">{h}</th>
                                ))}
                              </tr>
                            </thead>
                            <tbody>
                              {quotGrades.map(({ grade, mix }) => (
                                <tr key={grade}>
                                  <td className=""px-3 py-1.5 font-semibold text-slate-800 border border-slate-300"">{grade}</td>
                                  <td className=""px-3 py-1.5 text-right tabular-nums text-slate-700 border border-slate-300"">{parseInt(grade.replace(""M"", """"))}</td>
                                  <td className=""px-3 py-1.5 text-right tabular-nums text-slate-700 border border-slate-300"">{mix.sigma}</td>
                                  <td className=""px-3 py-1.5 text-right tabular-nums font-semibold text-slate-800 border border-slate-300"">{mix.targetFck}</td>
                                  <td className=""px-3 py-1.5 text-right tabular-nums text-slate-700 border border-slate-300"">{mix.wcRatio.toFixed(2)}</td>
                                </tr>
                              ))}
                            </tbody>
                          </table>
                          <p className=""text-xs text-slate-500 mt-1"">Target fck = fck + 1.65 × σ &nbsp;·&nbsp; Values reflect any manual overrides</p>
                        </div>
                      );
                    })()}
                    <table className=""text-sm w-full min-w-[500px] border-separate border-spacing-0"">
                      <thead>
                        <tr className=""bg-slate-50 dark:bg-slate-800/60 print:bg-slate-100"">
                          {[""#"", ""Description"", ""Unit"", ""Qty"", ""Rate (₹)"", ""Amount (₹)""].map(h => (
                            <th key={h} className=""text-right first:text-left px-3 py-2 font-semibold text-slate-700 dark:text-slate-300 border-b border-slate-200 whitespace-nowrap"">{h}</th>
                          ))}
                        </tr>
                      </thead>
                      <tbody>
                        {rows.map((r, i) => {
                          const isExpanded = expandedQuotRows.has(r.id);
                          // Per-item cost breakdown: detect item type from description and map to costs
                          const catType = getBOQCategory(r.description);
                          const itemCosts = (() => {
                            if (catType === ""RCC"" || catType === ""PCC"") {
                              const isPCC = catType === ""PCC"";
                              const grade = isPCC ? (s.qto?.elementGrades?.pcc ?? ""M15"") : s.grade;
                              let c: CostBreakdown;
                              if (isPCC) {
                                const pMix = MIX_PRESETS[grade] ?? MIX_PRESETS[""M15""];
                                const pState: CalcState = { ...s, mix: pMix };
                                const raw = computeCosts(pState, 0);
                                const d2 = raw.cement + raw.ca + raw.fa + raw.admix + raw.batching + raw.curing;
                                const oh2 = d2 * (s.overheadPct / 100);
                                const mg2 = (d2 + oh2) * (s.marginPct / 100);
                                c = { ...raw, placement: 0, formwork: 0, overhead: oh2, margin: mg2, total: d2 + oh2 + mg2, totalWithEsc: 0 };
                              } else {
                                // RCC: use costs but exclude steel (steel is separate BOQ item)
                                const concrDirect = costs.cement + costs.ca + costs.fa + costs.admix + costs.batching + costs.placement + costs.formwork + costs.curing + costs.labour + costs.wastage;
                                const concrOH = concrDirect * (s.overheadPct / 100);
                                const concrMg = (concrDirect + concrOH) * (s.marginPct / 100);
                                c = { ...costs, steel: 0, overhead: concrOH, margin: concrMg, total: concrDirect + concrOH + concrMg, totalWithEsc: 0 };
                              }
                              const concrTotal = c.cement + c.ca + c.fa + c.admix + c.batching + c.placement + c.formwork + c.curing + c.labour + c.wastage + c.overhead + c.margin;
                              return [
                                { lbl: ""Cement"", val: c.cement * r.qty }, { lbl: ""Coarse Aggregate"", val: c.ca * r.qty },
                                { lbl: ""Fine Aggregate"", val: c.fa * r.qty }, { lbl: ""Admixture"", val: c.admix * r.qty },
                                { lbl: ""Batching"", val: c.batching * r.qty }, { lbl: ""Placement"", val: c.placement * r.qty },
                                { lbl: ""Formwork"", val: c.formwork * r.qty }, { lbl: ""Curing"", val: c.curing * r.qty },
                                { lbl: ""Overhead"", val: c.overhead * r.qty }, { lbl: ""Margin"", val: c.margin * r.qty },
                                { lbl: ""Total"", val: concrTotal * r.qty, isBold: true },
                              ];
                            }
                            if (catType === ""Steel"") {
                              const totalKg = bbsSummary.totalKg;
                              const purchCostAll = bbsSummary.totalCost;
                              const quotSteelFabRate = (s.pettyLabour?.enabled && s.pettyLabour?.contractorBBS) ? 0 : (s.steelFabRatePerMT ?? 0);
                              const fabCostAll = quotSteelFabRate * totalKg / 1000;
                              const directSteel = purchCostAll + fabCostAll;
                              const steelWaste = s.wastage.steelCuttingWaste ? directSteel * (s.wastage.steelCuttingPct / 100) : 0;
                              const steelDW = directSteel + steelWaste;
                              const steelOH = steelDW * (s.overheadPct / 100);
                              const steelMg = (steelDW + steelOH) * (s.marginPct / 100);
                              const steelTotal = steelDW + steelOH + steelMg;
                              const factor = steelTotal > 0 ? r.ourCost / steelTotal : 1;
                              return [
                                { lbl: ""Purchase (BBS)"", val: purchCostAll * factor },
                                { lbl: ""Fabrication"", val: fabCostAll * factor },
                                ...(steelWaste > 0 ? [{ lbl: `Cutting Wastage (${s.wastage.steelCuttingPct}%)`, val: steelWaste * factor }] : []),
                                { lbl: `Overhead (${s.overheadPct}%)`, val: steelOH * factor },
                                { lbl: `Margin (${s.marginPct}%)`, val: steelMg * factor },
                                { lbl: ""Total"", val: r.ourCost, isBold: true },
                              ];
                            }
                            if (catType === ""Excavation"") return [
                              { lbl: `${r.qty.toFixed(2)} ${r.unit} × ${fmtR(r.rate)}/${r.unit}`, val: r.ourCost, isBold: true },
                            ];
                            if (catType === ""Backfill"") return [
                              { lbl: `${r.qty.toFixed(2)} ${r.unit} × ${fmtR(r.rate)}/${r.unit}`, val: r.ourCost, isBold: true },
                            ];
                            return [{ lbl: ""Our Cost"", val: r.ourCost, isBold: true }];
                          })();
                          return (
                            <Fragment key={r.id}>
                              <tr
                                className={`cursor-pointer ${i % 2 === 0 ? ""bg-white dark:bg-transparent"" : ""bg-slate-50/60 dark:bg-slate-800/20""} hover:bg-blue-50/40 dark:hover:bg-blue-900/10`}
                                onClick={() => toggleQuotRow(r.id)}
                              >
                                <td className=""px-3 py-2"">
                                  <span className=""inline-flex items-center gap-1"">
                                    {isExpanded ? <ChevronUp className=""w-3 h-3 text-slate-400"" /> : <ChevronDown className=""w-3 h-3 text-slate-400"" />}
                                    {i + 1}
                                  </span>
                                </td>
                                <td className=""px-3 py-2 max-w-[220px] truncate"" title={r.description}>{r.description}</td>
                                <td className=""px-3 py-2 text-right"">{r.unit}</td>
                                <td className=""px-3 py-2 text-right"">{r.qty.toFixed(2)}</td>
                                <td className=""px-3 py-2 text-right"">{fmtR(r.rate)}</td>
                                <td className=""px-3 py-2 text-right font-semibold"">{fmtR(r.ourCost)}</td>
                              </tr>
                              {isExpanded && (
                                <tr className=""bg-blue-50/30 dark:bg-blue-900/10"">
                                  <td colSpan={6} className=""px-6 py-3"">
                                    <p className=""text-[12px] font-semibold text-slate-700 uppercase tracking-wide mb-2"">Cost Breakdown — {r.description}</p>
                                    <div className=""flex flex-wrap gap-2"">
                                      {itemCosts.map((c, ci) => (
                                        <div key={ci} className={`rounded border px-2 py-1.5 text-center min-w-[100px] ${c.isBold ? ""bg-slate-100 dark:bg-slate-700/60 border-slate-300"" : ""bg-white dark:bg-slate-800 border-slate-200""}`}>
                                          <p className=""text-[12px] text-slate-600"">{c.lbl}</p>
                                          <p className={`text-sm ${c.isBold ? ""font-bold"" : ""font-medium""}`}>{c.val > 0 ? fmtR(c.val) : ""—""}</p>
                                        </div>
                                      ))}
                                    </div>
                                  </td>
                                </tr>
                              )}
                            </Fragment>
                          );
                        })}
                        <tr className=""bg-slate-100 dark:bg-slate-700/40 font-bold"">
                          <td className=""px-3 py-2"" colSpan={5}>Total</td>
                          <td className=""px-3 py-2 text-right"">{fmtR(totalOurCost)}</td>
                        </tr>
                      </tbody>
                    </table>
                  </CardContent>
                </Card>
              </div>
            );
          })","(() => { const items = s.boqItems ?? []; if (items.length === 0) { return ( <Card> <CardContent className=""px-5 py-8 text-center text-slate-600""> <p>No BOQ items yet. Add items in the Dimensions &amp; QTO tab, then enter client-offered rates here.</p> </CardContent> </Card> ); } const updateClientRate = (id: string, rate: number) => { update({ boqItems: s.boqItems.map(it => it.id === id ? { ...it, clientRate: rate } : it) }); }; const rows = items.map(it => { const ourCost = it.qty * it.rate; const clientRev = it.clientRate != null ? it.qty * it.clientRate : null; const marginAmt = clientRev != null ? clientRev - ourCost : null; const marginPct = clientRev != null && ourCost > 0 ? ((clientRev - ourCost) / clientRev) * 100 : null; return { ...it, ourCost, clientRev, marginAmt, marginPct }; }); const totalOurCost = rows.reduce((acc, r) => acc + r.ourCost, 0); const totalClientRev = rows.filter(r => r.clientRev != null).reduce((acc, r) => acc + (r.clientRev ?? 0), 0); const totalMargin = totalClientRev - rows.filter(r => r.clientRev != null).reduce((acc, r) => acc + r.ourCost, 0); const overallMarginPct = totalClientRev > 0 ? (totalMargin / totalClientRev) * 100 : 0; const badgeColor = (pct: number | null) => pct == null ? """" : pct >= 10 ? ""bg-green-100 text-green-800"" : pct >= 5 ? ""bg-amber-100 text-amber-800"" : ""bg-red-100 text-red-800""; return ( <div className=""space-y-4""> <Card> <CardHeader className=""pb-3 pt-4 px-5 sticky top-14 z-10 bg-card border-b shadow-sm rounded-t-xl flex flex-row items-center justify-between flex-wrap gap-2""> <div> <CardTitle className=""text-sm font-semibold text-slate-700 dark:text-slate-200 uppercase tracking-wide"">Quotation — Client Rate vs Our Cost</CardTitle> <p className=""text-sm text-slate-600 mt-0.5"">Enter client's offered rate per item to compute margin.</p> </div> <div className=""flex gap-2""> <ReportExportGate sections={[""concrete_calculator""]}><Button size=""sm"" variant=""outline"" className=""h-7 text-sm print:hidden"" onClick={() => window.print()}>Print</Button></ReportExportGate> <Button size=""sm"" variant=""outline"" className=""h-7 text-sm shrink-0"" data-testid=""btn-export-quotation-excel"" onClick={async () => { const XLSX = await import(""xlsx""); const header = [""#"", ""Description"", ""Unit"", ""Qty"", ""Our Rate (₹)"", ""Our Amount (₹)"", ""Client Rate (₹)"", ""Client Revenue (₹)"", ""Margin (₹)"", ""Margin (%)""]; const dataRows = rows.map((r, i) => [ i + 1, r.description, r.unit, r.qty.toFixed(2), r.rate, r.ourCost, r.clientRate ?? """", r.clientRev ?? """", r.marginAmt ?? """", r.marginPct != null ? `${r.marginPct.toFixed(1)}%` : """", ]); const ws = XLSX.utils.aoa_to_sheet([header, ...dataRows]); const wb = XLSX.utils.book_new(); XLSX.utils.book_append_sheet(wb, ws, ""Quotation""); XLSX.writeFile(wb, `quotation-${s.estimateName || ""estimate""}.xlsx`); }}> <FileUp className=""w-3 h-3 mr-1"" /> Export Excel </Button> </div> </CardHeader> <CardContent className=""px-4 pb-4 overflow-x-auto""> {/* Print-only quotation header — hidden on screen, visible when printing */} <div className=""hidden print:block mb-6 pb-4 border-b-2 border-slate-800""> <p className=""text-lg font-bold text-slate-900 uppercase tracking-widest"">{companyName}</p> <p className=""text-sm font-semibold text-slate-700 mt-1"">QUOTATION</p> <div className=""flex gap-8 mt-2 text-sm text-slate-600""> <div><span className=""font-semibold"">Estimate: </span>{s.estimateName || ""—""}</div> <div><span className=""font-semibold"">Structure: </span>{s.structureType} ({s.grade})</div> <div><span className=""font-semibold"">Prepared by: </span>{s.preparedBy || ""—""}</div> <div><span className=""font-semibold"">Date: </span>{s.date}</div> </div> </div> {/* Print-only Mix Design Basis — hidden on screen, visible when printing */} {(() => { const quotPccGrade = s.qto?.elementGrades?.pcc ?? ""M15""; const quotHasPCC = (s.qto?.pccDepth ?? 0) > 0; const quotGrades = [ { grade: s.grade, mix: s.mix }, ...(quotHasPCC && quotPccGrade !== s.grade ? [{ grade: quotPccGrade, mix: MIX_PRESETS[quotPccGrade] ?? MIX_PRESETS[""M15""] }] : []), ]; return ( <div className=""hidden print:block mb-5""> <p className=""text-[12px] font-semibold text-slate-700 uppercase tracking-wide mb-1.5""> Mix Design Basis <span className=""normal-case font-normal text-slate-500"">(IS 10262:2019 / IS 456:2000)</span> </p> <table className=""text-sm border-collapse""> <thead> <tr className=""bg-slate-100""> {[""Grade"", ""fck (MPa)"", ""σ (MPa)"", ""Target fck (MPa)"", ""Max W/C""].map(h => ( <th key={h} className=""px-3 py-1.5 font-semibold text-slate-700 border border-slate-300 text-right first:text-left whitespace-nowrap"">{h}</th> ))} </tr> </thead> <tbody> {quotGrades.map(({ grade, mix }) => ( <tr key={grade}> <td className=""px-3 py-1.5 font-semibold text-slate-800 border border-slate-300"">{grade}</td> <td className=""px-3 py-1.5 text-right tabular-nums text-slate-700 border border-slate-300"">{parseInt(grade.replace(""M"", """"))}</td> <td className=""px-3 py-1.5 text-right tabular-nums text-slate-700 border border-slate-300"">{mix.sigma}</td> <td className=""px-3 py-1.5 text-right tabular-nums font-semibold text-slate-800 border border-slate-300"">{mix.targetFck}</td> <td className=""px-3 py-1.5 text-right tabular-nums text-slate-700 border border-slate-300"">{mix.wcRatio.toFixed(2)}</td> </tr> ))} </tbody> </table> <p className=""text-xs text-slate-500 mt-1"">Target fck = fck + 1.65 × σ &nbsp;·&nbsp; Values reflect any manual overrides</p> </div> ); })()} <table className=""text-sm w-full min-w-[500px] border-separate border-spacing-0""> <thead> <tr className=""bg-slate-50 dark:bg-slate-800/60 print:bg-slate-100""> {[""#"", ""Description"", ""Unit"", ""Qty"", ""Rate (₹)"", ""Amount (₹)""].map(h => ( <th key={h} className=""text-right first:text-left px-3 py-2 font-semibold text-slate-700 dark:text-slate-300 border-b border-slate-200 whitespace-nowrap"">{h}</th> ))} </tr> </thead> <tbody> {rows.map((r, i) => { const isExpanded = expandedQuotRows.has(r.id); // Per-item cost breakdown: detect item type from description and map to costs const catType = getBOQCategory(r.description); const itemCosts = (() => { if (catType === ""RCC"" || catType === ""PCC"") { const isPCC = catType === ""PCC""; const grade = isPCC ? (s.qto?.elementGrades?.pcc ?? ""M15"") : s.grade; let c: CostBreakdown; if (isPCC) { const pMix = MIX_PRESETS[grade] ?? MIX_PRESETS[""M15""]; const pState: CalcState = { ...s, mix: pMix }; const raw = computeCosts(pState, 0); const d2 = raw.cement + raw.ca + raw.fa + raw.admix + raw.batching + raw.curing; const oh2 = d2 * (s.overheadPct / 100); const mg2 = (d2 + oh2) * (s.marginPct / 100); c = { ...raw, placement: 0, formwork: 0, overhead: oh2, margin: mg2, total: d2 + oh2 + mg2, totalWithEsc: 0 }; } else { // RCC: use costs but exclude steel (steel is separate BOQ item) const concrDirect = costs.cement + costs.ca + costs.fa + costs.admix + costs.batching + costs.placement + costs.formwork + costs.curing + costs.labour + costs.wastage; const concrOH = concrDirect * (s.overheadPct / 100); const concrMg = (concrDirect + concrOH) * (s.marginPct / 100); c = { ...costs, steel: 0, overhead: concrOH, margin: concrMg, total: concrDirect + concrOH + concrMg, totalWithEsc: 0 }; } const concrTotal = c.cement + c.ca + c.fa + c.admix + c.batching + c.placement + c.formwork + c.curing + c.labour + c.wastage + c.overhead + c.margin; return [ { lbl: ""Cement"", val: c.cement * r.qty }, { lbl: ""Coarse Aggregate"", val: c.ca * r.qty }, { lbl: ""Fine Aggregate"", val: c.fa * r.qty }, { lbl: ""Admixture"", val: c.admix * r.qty }, { lbl: ""Batching"", val: c.batching * r.qty }, { lbl: ""Placement"", val: c.placement * r.qty }, { lbl: ""Formwork"", val: c.formwork * r.qty }, { lbl: ""Curing"", val: c.curing * r.qty }, { lbl: ""Overhead"", val: c.overhead * r.qty }, { lbl: ""Margin"", val: c.margin * r.qty }, { lbl: ""Total"", val: concrTotal * r.qty, isBold: true }, ]; } if (catType === ""Steel"") { const totalKg = bbsSummary.totalKg; const purchCostAll = bbsSummary.totalCost; const quotSteelFabRate = (s.pettyLabour?.enabled && s.pettyLabour?.contractorBBS) ? 0 : (s.steelFabRatePerMT ?? 0); const fabCostAll = quotSteelFabRate * totalKg / 1000; const directSteel = purchCostAll + fabCostAll; const steelWaste = s.wastage.steelCuttingWaste ? directSteel * (s.wastage.steelCuttingPct / 100) : 0; const steelDW = directSteel + steelWaste; const steelOH = steelDW * (s.overheadPct / 100); const steelMg = (steelDW + steelOH) * (s.marginPct / 100); const steelTotal = steelDW + steelOH + steelMg; const factor = steelTotal > 0 ? r.ourCost / steelTotal : 1; return [ { lbl: ""Purchase (BBS)"", val: purchCostAll * factor }, { lbl: ""Fabrication"", val: fabCostAll * factor }, ...(steelWaste > 0 ? [{ lbl: `Cutting Wastage (${s.wastage.steelCuttingPct}%)`, val: steelWaste * factor }] : []), { lbl: `Overhead (${s.overheadPct}%)`, val: steelOH * factor }, { lbl: `Margin (${s.marginPct}%)`, val: steelMg * factor }, { lbl: ""Total"", val: r.ourCost, isBold: true }, ]; } if (catType === ""Excavation"") return [ { lbl: `${r.qty.toFixed(2)} ${r.unit} × ${fmtR(r.rate)}/${r.unit}`, val: r.ourCost, isBold: true }, ]; if (catType === ""Backfill"") return [ { lbl: `${r.qty.toFixed(2)} ${r.unit} × ${fmtR(r.rate)}/${r.unit}`, val: r.ourCost, isBold: true }, ]; return [{ lbl: ""Our Cost"", val: r.ourCost, isBold: true }]; })(); return ( <Fragment key={r.id}> <tr className={`cursor-pointer ${i % 2 === 0 ? ""bg-white dark:bg-transparent"" : ""bg-slate-50/60 dark:bg-slate-800/20""} hover:bg-blue-50/40 dark:hover:bg-blue-900/10`} onClick={() => toggleQuotRow(r.id)} > <td className=""px-3 py-2""> <span className=""inline-flex items-center gap-1""> {isExpanded ? <ChevronUp className=""w-3 h-3 text-slate-400"" /> : <ChevronDown className=""w-3 h-3 text-slate-400"" />} {i + 1} </span> </td> <td className=""px-3 py-2 max-w-[220px] truncate"" title={r.description}>{r.description}</td> <td className=""px-3 py-2 text-right"">{r.unit}</td> <td className=""px-3 py-2 text-right"">{r.qty.toFixed(2)}</td> <td className=""px-3 py-2 text-right"">{fmtR(r.rate)}</td> <td className=""px-3 py-2 text-right font-semibold"">{fmtR(r.ourCost)}</td> </tr> {isExpanded && ( <tr className=""bg-blue-50/30 dark:bg-blue-900/10""> <td colSpan={6} className=""px-6 py-3""> <p className=""text-[12px] font-semibold text-slate-700 uppercase tracking-wide mb-2"">Cost Breakdown — {r.description}</p> <div className=""flex flex-wrap gap-2""> {itemCosts.map((c, ci) => ( <div key={ci} className={`rounded border px-2 py-1.5 text-center min-w-[100px] ${c.isBold ? ""bg-slate-100 dark:bg-slate-700/60 border-slate-300"" : ""bg-white dark:bg-slate-800 border-slate-200""}`}> <p className=""text-[12px] text-slate-600"">{c.lbl}</p> <p className={`text-sm ${c.isBold ? ""font-bold"" : ""font-medium""}`}>{c.val > 0 ? fmtR(c.val) : ""—""}</p> </div> ))} </div> </td> </tr> )} </Fragment> ); })} <tr className=""bg-slate-100 dark:bg-slate-700/40 font-bold""> <td className=""px-3 py-2"" colSpan={5}>Total</td> <td className=""px-3 py-2 text-right"">{fmtR(totalOurCost)}</td> </tr> </tbody> </table> </CardContent> </Card> </div> ); })()"
"client/src/pages/ConcreteCalculator.tsx","client/src/pages/ConcreteCalculator.tsx:4387","window.print","window.print()"
"client/src/pages/ConcreteCalculator.tsx","client/src/pages/ConcreteCalculator.tsx:4420","(() => {
                      const quotPccGrade = s.qto?.elementGrades?.pcc ?? ""M15"";
                      const quotHasPCC = (s.qto?.pccDepth ?? 0) > 0;
                      const quotGrades = [
                        { grade: s.grade, mix: s.mix },
                        ...(quotHasPCC && quotPccGrade !== s.grade
                          ? [{ grade: quotPccGrade, mix: MIX_PRESETS[quotPccGrade] ?? MIX_PRESETS[""M15""] }]
                          : []),
                      ];
                      return (
                        <div className=""hidden print:block mb-5"">
                          <p className=""text-[12px] font-semibold text-slate-700 uppercase tracking-wide mb-1.5"">
                            Mix Design Basis <span className=""normal-case font-normal text-slate-500"">(IS 10262:2019 / IS 456:2000)</span>
                          </p>
                          <table className=""text-sm border-collapse"">
                            <thead>
                              <tr className=""bg-slate-100"">
                                {[""Grade"", ""fck (MPa)"", ""σ (MPa)"", ""Target fck (MPa)"", ""Max W/C""].map(h => (
                                  <th key={h} className=""px-3 py-1.5 font-semibold text-slate-700 border border-slate-300 text-right first:text-left whitespace-nowrap"">{h}</th>
                                ))}
                              </tr>
                            </thead>
                            <tbody>
                              {quotGrades.map(({ grade, mix }) => (
                                <tr key={grade}>
                                  <td className=""px-3 py-1.5 font-semibold text-slate-800 border border-slate-300"">{grade}</td>
                                  <td className=""px-3 py-1.5 text-right tabular-nums text-slate-700 border border-slate-300"">{parseInt(grade.replace(""M"", """"))}</td>
                                  <td className=""px-3 py-1.5 text-right tabular-nums text-slate-700 border border-slate-300"">{mix.sigma}</td>
                                  <td className=""px-3 py-1.5 text-right tabular-nums font-semibold text-slate-800 border border-slate-300"">{mix.targetFck}</td>
                                  <td className=""px-3 py-1.5 text-right tabular-nums text-slate-700 border border-slate-300"">{mix.wcRatio.toFixed(2)}</td>
                                </tr>
                              ))}
                            </tbody>
                          </table>
                          <p className=""text-xs text-slate-500 mt-1"">Target fck = fck + 1.65 × σ &nbsp;·&nbsp; Values reflect any manual overrides</p>
                        </div>
                      );
                    })","(() => { const quotPccGrade = s.qto?.elementGrades?.pcc ?? ""M15""; const quotHasPCC = (s.qto?.pccDepth ?? 0) > 0; const quotGrades = [ { grade: s.grade, mix: s.mix }, ...(quotHasPCC && quotPccGrade !== s.grade ? [{ grade: quotPccGrade, mix: MIX_PRESETS[quotPccGrade] ?? MIX_PRESETS[""M15""] }] : []), ]; return ( <div className=""hidden print:block mb-5""> <p className=""text-[12px] font-semibold text-slate-700 uppercase tracking-wide mb-1.5""> Mix Design Basis <span className=""normal-case font-normal text-slate-500"">(IS 10262:2019 / IS 456:2000)</span> </p> <table className=""text-sm border-collapse""> <thead> <tr className=""bg-slate-100""> {[""Grade"", ""fck (MPa)"", ""σ (MPa)"", ""Target fck (MPa)"", ""Max W/C""].map(h => ( <th key={h} className=""px-3 py-1.5 font-semibold text-slate-700 border border-slate-300 text-right first:text-left whitespace-nowrap"">{h}</th> ))} </tr> </thead> <tbody> {quotGrades.map(({ grade, mix }) => ( <tr key={grade}> <td className=""px-3 py-1.5 font-semibold text-slate-800 border border-slate-300"">{grade}</td> <td className=""px-3 py-1.5 text-right tabular-nums text-slate-700 border border-slate-300"">{parseInt(grade.replace(""M"", """"))}</td> <td className=""px-3 py-1.5 text-right tabular-nums text-slate-700 border border-slate-300"">{mix.sigma}</td> <td className=""px-3 py-1.5 text-right tabular-nums font-semibold text-slate-800 border border-slate-300"">{mix.targetFck}</td> <td className=""px-3 py-1.5 text-right tabular-nums text-slate-700 border border-slate-300"">{mix.wcRatio.toFixed(2)}</td> </tr> ))} </tbody> </table> <p className=""text-xs text-slate-500 mt-1"">Target fck = fck + 1.65 × σ &nbsp;·&nbsp; Values reflect any manual overrides</p> </div> ); })()"
"client/src/pages/ConcreteCalculatorV2.tsx","client/src/pages/ConcreteCalculatorV2.tsx:1794","useQueryClient","useQueryClient()"
"client/src/pages/ConcreteCalculatorV2.tsx","client/src/pages/ConcreteCalculatorV2.tsx:1810","useQuery","useQuery<ConcreteEstimateV2>({ queryKey: [""/api/concrete/v2/estimates"", savedId], enabled: !!savedId, queryFn: () => fetch(`/api/concrete/v2/estimates/${savedId}`, { credentials: ""include"" }).then(r => r.json()), })"
"client/src/pages/ConcreteCalculatorV2.tsx","client/src/pages/ConcreteCalculatorV2.tsx:1813","fetch(`/api/concrete/v2/estimates/${savedId}`, { credentials: ""include"" }).then","fetch(`/api/concrete/v2/estimates/${savedId}`, { credentials: ""include"" }).then(r => r.json())"
"client/src/pages/ConcreteCalculatorV2.tsx","client/src/pages/ConcreteCalculatorV2.tsx:1813","fetch","fetch(`/api/concrete/v2/estimates/${savedId}`, { credentials: ""include"" })"
"client/src/pages/ConcreteCalculatorV2.tsx","client/src/pages/ConcreteCalculatorV2.tsx:1825","useQuery","useQuery<ConcreteEstimateV2[]>({ queryKey: [""/api/concrete/v2/estimates""], queryFn: () => fetch(""/api/concrete/v2/estimates"", { credentials: ""include"" }).then(r => r.json()), enabled: showLoadDialog, })"
"client/src/pages/ConcreteCalculatorV2.tsx","client/src/pages/ConcreteCalculatorV2.tsx:1827","fetch(""/api/concrete/v2/estimates"", { credentials: ""include"" }).then","fetch(""/api/concrete/v2/estimates"", { credentials: ""include"" }).then(r => r.json())"
"client/src/pages/ConcreteCalculatorV2.tsx","client/src/pages/ConcreteCalculatorV2.tsx:1827","fetch","fetch(""/api/concrete/v2/estimates"", { credentials: ""include"" })"
"client/src/pages/ConcreteCalculatorV2.tsx","client/src/pages/ConcreteCalculatorV2.tsx:1831","useMutation","useMutation({ mutationFn: async () => { const totalLen = state.locations.reduce((s, l) => { const sz = l.subZones; return s + (sz.length > 0 ? sz.reduce((a, z) => a + z.lengthM, 0) : l.lengthM); }, 0); const costs = state.locations.map(loc => computeLocCost(loc, state.project)); const totalAmt = costs.reduce((s, c) => s + c.totalProjectCost, 0); const payload = { name: state.project.name || ""Untitled Estimate"", contractor: state.project.contractor || null, structureType: state.project.structureType, state: JSON.stringify(state), totalLengthM: totalLen, totalRmAmt: totalAmt, }; const response = savedId ? await apiRequest(""PATCH"", `/api/concrete/v2/estimates/${savedId}`, payload) : await apiRequest(""POST"", ""/api/concrete/v2/estimates"", payload); return response.json() as Promise<ConcreteEstimateV2>; }, onSuccess: (data) => { setSavedId(data.id); setDirty(false); qc.invalidateQueries({ queryKey: [""/api/concrete/v2/estimates""] }); toast({ title: ""Saved"", description: ""Estimate saved successfully."" }); }, onError: () => toast({ title: ""Save failed"", variant: ""destructive"" }), })"
"client/src/pages/ConcreteCalculatorV2.tsx","client/src/pages/ConcreteCalculatorV2.tsx:1848","apiRequest","apiRequest(""PATCH"", `/api/concrete/v2/estimates/${savedId}`, payload)"
"client/src/pages/ConcreteCalculatorV2.tsx","client/src/pages/ConcreteCalculatorV2.tsx:1849","apiRequest","apiRequest(""POST"", ""/api/concrete/v2/estimates"", payload)"
"client/src/pages/ConcreteEstimates.tsx","client/src/pages/ConcreteEstimates.tsx:51","useQuery","useQuery<ConcreteEstimate[]>({ queryKey: [""/api/concrete-estimates""], })"
"client/src/pages/ConcreteEstimates.tsx","client/src/pages/ConcreteEstimates.tsx:55","useQuery","useQuery<{ id: number; fullName: string }[]>({ queryKey: [""/api/users/directory""], })"
"client/src/pages/ConcreteEstimates.tsx","client/src/pages/ConcreteEstimates.tsx:65","useMutation","useMutation({ mutationFn: (id: number) => apiRequest(""DELETE"", `/api/concrete-estimates/${id}`), onSuccess: () => { queryClient.invalidateQueries({ queryKey: [""/api/concrete-estimates""] }); toast({ title: ""Estimate deleted"" }); }, onError: () => toast({ title: ""Failed to delete estimate"", variant: ""destructive"" }), })"
"client/src/pages/ConcreteEstimates.tsx","client/src/pages/ConcreteEstimates.tsx:66","apiRequest","apiRequest(""DELETE"", `/api/concrete-estimates/${id}`)"
"client/src/pages/ConcreteEstimates.tsx","client/src/pages/ConcreteEstimates.tsx:74","useMutation","useMutation({ mutationFn: async (est: ConcreteEstimate) => { const cloneName = est.name + "" (Copy)""; return apiRequest(""POST"", ""/api/concrete-estimates"", { name: cloneName, contractor: est.contractor, structureType: est.structureType, grade: est.grade, state: est.state, totalCum: est.totalCum, totalAmt: est.totalAmt, }); }, onSuccess: () => { queryClient.invalidateQueries({ queryKey: [""/api/concrete-estimates""] }); toast({ title: ""Estimate cloned"" }); }, onError: () => toast({ title: ""Failed to clone estimate"", variant: ""destructive"" }), })"
"client/src/pages/ConcreteEstimates.tsx","client/src/pages/ConcreteEstimates.tsx:77","apiRequest","apiRequest(""POST"", ""/api/concrete-estimates"", { name: cloneName, contractor: est.contractor, structureType: est.structureType, grade: est.grade, state: est.state, totalCum: est.totalCum, totalAmt: est.totalAmt, })"
"client/src/pages/DataSync.tsx","client/src/pages/DataSync.tsx:32","useQuery","useQuery<Record<string, string>>({ queryKey: [""/api/admin/exportable-tables""], })"
"client/src/pages/DataSync.tsx","client/src/pages/DataSync.tsx:65","apiRequest","apiRequest(""POST"", ""/api/admin/export-data"", { tables: selectedTables, })"
"client/src/pages/DataSync.tsx","client/src/pages/DataSync.tsx:91","apiRequest","apiRequest(""POST"", ""/api/admin/import-data"", { data: importData, })"
"client/src/pages/DeviceApproval.tsx","client/src/pages/DeviceApproval.tsx:31","useQueryClient","useQueryClient()"
"client/src/pages/DeviceApproval.tsx","client/src/pages/DeviceApproval.tsx:39","useQuery","useQuery<DeviceRow[]>({ queryKey: [""/api/auth/devices"", tab], queryFn: async () => { const r = await fetch(`/api/auth/devices?status=${tab}`, { credentials: ""include"" }); if (!r.ok) throw new Error(`devices: ${r.status}`); return r.json(); }, refetchInterval: tab === ""pending"" ? 8000 : false, })"
"client/src/pages/DeviceApproval.tsx","client/src/pages/DeviceApproval.tsx:42","fetch","fetch(`/api/auth/devices?status=${tab}`, { credentials: ""include"" })"
"client/src/pages/DeviceApproval.tsx","client/src/pages/DeviceApproval.tsx:49","useMutation","useMutation({ mutationFn: async (id: number) => { const r = await apiRequest(""POST"", `/api/auth/devices/${id}/approve`, {}); return r.json(); }, onSuccess: () => { toast({ title: ""Device approved"" }); qc.invalidateQueries({ queryKey: [""/api/auth/devices""] }); }, onError: (e: Error | { message?: string }) => toast({ title: ""Approve failed"", description: e?.message || """", variant: ""destructive"" }), })"
"client/src/pages/DeviceApproval.tsx","client/src/pages/DeviceApproval.tsx:51","apiRequest","apiRequest(""POST"", `/api/auth/devices/${id}/approve`, {})"
"client/src/pages/DeviceApproval.tsx","client/src/pages/DeviceApproval.tsx:62","useMutation","useMutation({ mutationFn: async (id: number) => { const r = await apiRequest(""POST"", `/api/auth/devices/${id}/revoke`, {}); return r.json(); }, onSuccess: () => { toast({ title: ""Device revoked"" }); qc.invalidateQueries({ queryKey: [""/api/auth/devices""] }); }, onError: (e: Error | { message?: string }) => toast({ title: ""Revoke failed"", description: e?.message || """", variant: ""destructive"" }), })"
"client/src/pages/DeviceApproval.tsx","client/src/pages/DeviceApproval.tsx:64","apiRequest","apiRequest(""POST"", `/api/auth/devices/${id}/revoke`, {})"
"client/src/pages/DieselRequirements.tsx","client/src/pages/DieselRequirements.tsx:239","useQuery","useQuery<{ id: string; name: string; type: string }[]>({ queryKey: [""/api/vendor-bills/company-accounts""], queryFn: async () => { const res = await apiRequest(""GET"", ""/api/vendor-bills/company-accounts""); return res.json(); }, enabled: open && payer === ""company"", retry: false, })"
"client/src/pages/DieselRequirements.tsx","client/src/pages/DieselRequirements.tsx:242","apiRequest","apiRequest(""GET"", ""/api/vendor-bills/company-accounts"")"
"client/src/pages/DieselRequirements.tsx","client/src/pages/DieselRequirements.tsx:249","useMutation","useMutation({ mutationFn: async () => { const paidBy = payer === ""company"" ? ""company"" : payerName.trim(); const res = await apiRequest(""PATCH"", `/api/diesel-requirements/${requirement.id}/payment-status`, { paymentStatus: ""paid"", paymentMode: mode, paidBy, paymentAccountKey: payer === ""company"" ? paymentAccountKey : null, }); return res.json(); }, onSuccess: () => { queryClient.invalidateQueries({ queryKey: [""/api/diesel-requirements""] }); toast({ title: ""MARKED AS PAID"" }); onClose(); }, onError: (err: any) => toast({ title: ""COULD NOT MARK AS PAID"", description: err?.message, variant: ""destructive"" }), })"
"client/src/pages/DieselRequirements.tsx","client/src/pages/DieselRequirements.tsx:252","apiRequest","apiRequest(""PATCH"", `/api/diesel-requirements/${requirement.id}/payment-status`, { paymentStatus: ""paid"", paymentMode: mode, paidBy, paymentAccountKey: payer === ""company"" ? paymentAccountKey : null, })"
"client/src/pages/DieselRequirements.tsx","client/src/pages/DieselRequirements.tsx:343","accountsQuery.refetch","accountsQuery.refetch()"
"client/src/pages/DieselRequirements.tsx","client/src/pages/DieselRequirements.tsx:376","useQuery","useQuery<Attachment[]>({ queryKey: [""/api/attachments"", ""diesel_purchase"", requirement.id], queryFn: async () => { const params = new URLSearchParams({ moduleType: ""diesel_purchase"", linkedRecordId: String(requirement.id) }); const res = await apiRequest(""GET"", `/api/attachments?${params.toString()}`); return res.json(); }, })"
"client/src/pages/DieselRequirements.tsx","client/src/pages/DieselRequirements.tsx:380","apiRequest","apiRequest(""GET"", `/api/attachments?${params.toString()}`)"
"client/src/pages/DieselRequirements.tsx","client/src/pages/DieselRequirements.tsx:565","useQuery","useQuery<DieselRequirementWithItems[]>({ queryKey: [""/api/diesel-requirements"", queryString], queryFn: () => fetch(`/api/diesel-requirements${queryString}`).then(r => r.json()), })"
"client/src/pages/DieselRequirements.tsx","client/src/pages/DieselRequirements.tsx:567","fetch(`/api/diesel-requirements${queryString}`).then","fetch(`/api/diesel-requirements${queryString}`).then(r => r.json())"
"client/src/pages/DieselRequirements.tsx","client/src/pages/DieselRequirements.tsx:567","fetch","fetch(`/api/diesel-requirements${queryString}`)"
"client/src/pages/DieselRequirements.tsx","client/src/pages/DieselRequirements.tsx:570","useQuery","useQuery<{ total: number; pending: number; approved: number; rejected: number }>({ queryKey: [""/api/diesel-requirements/summary""], })"
"client/src/pages/DieselRequirements.tsx","client/src/pages/DieselRequirements.tsx:574","useQuery","useQuery<DieselRequirementWithItems>({ queryKey: [""/api/diesel-requirements"", selectedId], enabled: !!selectedId, })"
"client/src/pages/DieselRequirements.tsx","client/src/pages/DieselRequirements.tsx:579","useQuery","useQuery<EquipmentMasterType[]>({ queryKey: [""/api/plant-module/equipment""], })"
"client/src/pages/DieselRequirements.tsx","client/src/pages/DieselRequirements.tsx:583","useQuery","useQuery<number[]>({ queryKey: [""/api/diesel-requirements/recent-items""], })"
"client/src/pages/DieselRequirements.tsx","client/src/pages/DieselRequirements.tsx:587","useQuery","useQuery<{ id: number; name: string }[]>({ queryKey: [""/api/sites""], })"
"client/src/pages/DieselRequirements.tsx","client/src/pages/DieselRequirements.tsx:594","useQuery","useQuery<{ id: number; name: string; defaultUom: string | null }[]>({ queryKey: [""/api/plant-module/materials""], })"
"client/src/pages/DieselRequirements.tsx","client/src/pages/DieselRequirements.tsx:609","useQuery","useQuery<Record<number, DieselReceiptStatusEntry>>({ queryKey: [""/api/diesel-requirements/receipt-status"", receiptStatusKey], queryFn: async () => { const res = await apiRequest(""GET"", `/api/diesel-requirements/receipt-status?ids=${receiptStatusKey}`); return res.json(); }, enabled: purchasedIds.length > 0, })"
"client/src/pages/DieselRequirements.tsx","client/src/pages/DieselRequirements.tsx:612","apiRequest","apiRequest(""GET"", `/api/diesel-requirements/receipt-status?ids=${receiptStatusKey}`)"
"client/src/pages/DieselRequirements.tsx","client/src/pages/DieselRequirements.tsx:634","useQuery","useQuery<any>({ queryKey: [""/api/diesel-requirements/comparison?dateFrom="" + reportDateFrom + ""&dateTo="" + reportDateTo], enabled: reportGenerated && !!reportDateFrom && !!reportDateTo, })"
"client/src/pages/DieselRequirements.tsx","client/src/pages/DieselRequirements.tsx:638","useQuery","useQuery<any>({ queryKey: [""/api/diesel-requirements/comparison?dateFrom="" + reportDateFrom + ""&dateTo="" + reportDateTo + ""&scopeDate="" + drillDate], enabled: reportGenerated && !!drillDate && !!comparisonReport, })"
"client/src/pages/DieselRequirements.tsx","client/src/pages/DieselRequirements.tsx:681","useMutation","useMutation({ mutationFn: (data: any) => apiRequest(""POST"", ""/api/diesel-requirements"", data), onSuccess: () => { queryClient.invalidateQueries({ queryKey: [""/api/diesel-requirements""] }); queryClient.invalidateQueries({ queryKey: [""/api/diesel-requirements/summary""] }); toast({ title: ""Diesel requirement submitted for approval"" }); resetForm(); setView(""list""); }, onError: (err: any) => { toast({ title: ""Error"", description: err.message, variant: ""destructive"" }); }, })"
"client/src/pages/DieselRequirements.tsx","client/src/pages/DieselRequirements.tsx:682","apiRequest","apiRequest(""POST"", ""/api/diesel-requirements"", data)"
"client/src/pages/DieselRequirements.tsx","client/src/pages/DieselRequirements.tsx:695","useMutation","useMutation({ mutationFn: (data: { id: number; approvedItems: ApprovalItem[] }) => apiRequest(""PATCH"", `/api/diesel-requirements/${data.id}/approve`, { approvedItems: data.approvedItems, }), onSuccess: () => { queryClient.invalidateQueries({ queryKey: [""/api/diesel-requirements""] }); queryClient.invalidateQueries({ queryKey: [""/api/diesel-requirements/summary""] }); if (selectedId) queryClient.invalidateQueries({ queryKey: [""/api/diesel-requirements"", selectedId] }); toast({ title: ""Diesel requirement approved"" }); setView(""list""); }, onError: (err: any) => { toast({ title: ""Error"", description: err.message, variant: ""destructive"" }); }, })"
"client/src/pages/DieselRequirements.tsx","client/src/pages/DieselRequirements.tsx:697","apiRequest","apiRequest(""PATCH"", `/api/diesel-requirements/${data.id}/approve`, { approvedItems: data.approvedItems, })"
"client/src/pages/DieselRequirements.tsx","client/src/pages/DieselRequirements.tsx:712","useMutation","useMutation({ mutationFn: (data: { id: number; reason: string }) => apiRequest(""PATCH"", `/api/diesel-requirements/${data.id}/reject`, { reason: data.reason, }), onSuccess: () => { queryClient.invalidateQueries({ queryKey: [""/api/diesel-requirements""] }); queryClient.invalidateQueries({ queryKey: [""/api/diesel-requirements/summary""] }); if (selectedId) queryClient.invalidateQueries({ queryKey: [""/api/diesel-requirements"", selectedId] }); toast({ title: ""Diesel requirement rejected"" }); setView(""list""); }, onError: (err: any) => { toast({ title: ""Error"", description: err.message, variant: ""destructive"" }); }, })"
"client/src/pages/DieselRequirements.tsx","client/src/pages/DieselRequirements.tsx:714","apiRequest","apiRequest(""PATCH"", `/api/diesel-requirements/${data.id}/reject`, { reason: data.reason, })"
"client/src/pages/DieselRequirements.tsx","client/src/pages/DieselRequirements.tsx:729","useMutation","useMutation({ mutationFn: (data: { id: number; purchaseData: any }) => apiRequest(""PATCH"", `/api/diesel-requirements/${data.id}/purchase-update`, data.purchaseData), onSuccess: (_res, vars) => { queryClient.invalidateQueries({ queryKey: [""/api/diesel-requirements""] }); queryClient.invalidateQueries({ queryKey: [""/api/diesel-requirements/summary""] }); if (selectedId) queryClient.invalidateQueries({ queryKey: [""/api/diesel-requirements"", selectedId] }); toast({ title: ""Purchase details updated"" }); setView(""list""); // 06M-C: purchase does NOT add stock — prompt for the physical receipt. if (vars.purchaseData?.qtyPurchased > 0) { setPostPurchase({ id: vars.id, qty: vars.purchaseData.qtyPurchased, supplier: vars.purchaseData.supplier || """" }); } }, onError: (err: any) => { toast({ title: ""Error"", description: err.message, variant: ""destructive"" }); }, })"
"client/src/pages/DieselRequirements.tsx","client/src/pages/DieselRequirements.tsx:731","apiRequest","apiRequest(""PATCH"", `/api/diesel-requirements/${data.id}/purchase-update`, data.purchaseData)"
"client/src/pages/DieselRequirements.tsx","client/src/pages/DieselRequirements.tsx:748","useMutation","useMutation({ mutationFn: ({ id, data }: { id: number; data: any }) => apiRequest(""PUT"", `/api/diesel-requirements/${id}`, data), onSuccess: () => { queryClient.invalidateQueries({ queryKey: [""/api/diesel-requirements""] }); queryClient.invalidateQueries({ queryKey: [""/api/diesel-requirements/summary""] }); toast({ title: ""Diesel requirement updated successfully"" }); resetForm(); setEditId(null); setView(""list""); }, onError: (err: any) => { toast({ title: ""Error"", description: err.message, variant: ""destructive"" }); }, })"
"client/src/pages/DieselRequirements.tsx","client/src/pages/DieselRequirements.tsx:750","apiRequest","apiRequest(""PUT"", `/api/diesel-requirements/${id}`, data)"
"client/src/pages/DieselRequirements.tsx","client/src/pages/DieselRequirements.tsx:764","useMutation","useMutation({ mutationFn: ({ id }: { id: number }) => apiRequest(""DELETE"", `/api/diesel-requirements/${id}`), onSuccess: () => { queryClient.invalidateQueries({ queryKey: [""/api/diesel-requirements""] }); queryClient.invalidateQueries({ queryKey: [""/api/diesel-requirements/summary""] }); toast({ title: ""Diesel requirement deleted successfully"" }); setShowDeleteConfirm(false); setSelectedId(null); setView(""list""); }, onError: (err: any) => { toast({ title: ""Error"", description: err.message, variant: ""destructive"" }); }, })"
"client/src/pages/DieselRequirements.tsx","client/src/pages/DieselRequirements.tsx:766","apiRequest","apiRequest(""DELETE"", `/api/diesel-requirements/${id}`)"
"client/src/pages/DieselRequirements.tsx","client/src/pages/DieselRequirements.tsx:819","apiRequest","apiRequest(""PATCH"", `/api/diesel-requirements/equipment/${item.equipmentId}/consumption-norm`, { consumptionNorm: value })"
"client/src/pages/DieselRequirements.tsx","client/src/pages/DieselRequirements.tsx:2112","exportComparison","exportComparison(false)"
"client/src/pages/DieselRequirements.tsx","client/src/pages/DieselRequirements.tsx:2243","exportComparison","exportComparison(true)"
"client/src/pages/DprDetails.tsx","client/src/pages/DprDetails.tsx:42","useQuery","useQuery<Personnel[]>({ queryKey: [""/api/personnel""] })"
"client/src/pages/DprDetails.tsx","client/src/pages/DprDetails.tsx:44","useQuery","useQuery<EquipmentMasterType[]>({ queryKey: [""/api/plant-module/equipment"", ""all""], queryFn: async () => { const res = await fetch(""/api/plant-module/equipment?includeInactive=true"", { credentials: ""include"" }); return res.json(); }, })"
"client/src/pages/DprDetails.tsx","client/src/pages/DprDetails.tsx:47","fetch","fetch(""/api/plant-module/equipment?includeInactive=true"", { credentials: ""include"" })"
"client/src/pages/DprDetails.tsx","client/src/pages/DprDetails.tsx:56","useQuery","useQuery<any[]>({ queryKey: [""/api/maintenance/logs"", ""dpr_log"", logIds], queryFn: async () => { const res = await fetch(`/api/maintenance/logs?sourceType=dpr_log&sourceRecordIds=${encodeURIComponent(logIds)}`, { credentials: ""include"" }); return res.ok ? res.json() : []; }, enabled: logIds.length > 0, })"
"client/src/pages/DprDetails.tsx","client/src/pages/DprDetails.tsx:59","fetch","fetch(`/api/maintenance/logs?sourceType=dpr_log&sourceRecordIds=${encodeURIComponent(logIds)}`, { credentials: ""include"" })"
"client/src/pages/DprDetails.tsx","client/src/pages/DprDetails.tsx:73","useQuery","useQuery<Site[]>({ queryKey: [""/api/sites""], enabled: !!dpr, })"
"client/src/pages/DprDetails.tsx","client/src/pages/DprDetails.tsx:93","useQuery","useQuery<any[]>({ queryKey: [""/api/boq/projects"", { siteId: dprSiteId }], queryFn: async () => { const res = await fetch(`/api/boq/projects?siteId=${dprSiteId}`, { credentials: ""include"" }); if (!res.ok) return []; return res.json(); }, enabled: dprSiteId != null, })"
"client/src/pages/DprDetails.tsx","client/src/pages/DprDetails.tsx:96","fetch","fetch(`/api/boq/projects?siteId=${dprSiteId}`, { credentials: ""include"" })"
"client/src/pages/DprDetails.tsx","client/src/pages/DprDetails.tsx:105","useQuery","useQuery<any[]>({ queryKey: [""/api/boq/projects"", boqProjectId, ""items""], queryFn: async () => { const res = await fetch(`/api/boq/projects/${boqProjectId}/items`, { credentials: ""include"" }); if (!res.ok) return []; return res.json(); }, enabled: boqProjectId != null, })"
"client/src/pages/DprDetails.tsx","client/src/pages/DprDetails.tsx:108","fetch","fetch(`/api/boq/projects/${boqProjectId}/items`, { credentials: ""include"" })"
"client/src/pages/DprDetails.tsx","client/src/pages/DprDetails.tsx:137","useMutation","useMutation({ mutationFn: async () => { const response = await apiRequest(""POST"", `/api/dprs/${id}/clone`, {}); return response.json(); }, onSuccess: (newDpr) => { queryClient.invalidateQueries({ queryKey: [""/api/dprs""] }); queryClient.invalidateQueries({ predicate: (q) => q.queryKey[0]?.toString().startsWith(""/api/site-purchases"") || false }); queryClient.invalidateQueries({ predicate: (q) => q.queryKey[0]?.toString().startsWith(""/api/plant-module/stock-ledger"") || false }); queryClient.invalidateQueries({ queryKey: [""/api/plant-module/stock-balances""] }); toast({ title: ""Report Cloned"", description: ""A copy has been created for editing. Redirecting..."", }); setLocation(`/dpr/${newDpr.id}`); }, onError: (error: any) => { const shortage = parseInsufficientPlantStock(error); if (shortage) { setDieselShortage(shortage); return; } toast({ title: ""Error"", description: ""Failed to clone report"", variant: ""destructive"", }); }, })"
"client/src/pages/DprDetails.tsx","client/src/pages/DprDetails.tsx:139","apiRequest","apiRequest(""POST"", `/api/dprs/${id}/clone`, {})"
"client/src/pages/DprDetails.tsx","client/src/pages/DprDetails.tsx:164","useMutation","useMutation({ mutationFn: async () => { await apiRequest(""DELETE"", `/api/dprs/${id}`); }, onSuccess: () => { queryClient.invalidateQueries({ queryKey: [""/api/dprs""] }); queryClient.invalidateQueries({ predicate: (q) => q.queryKey[0]?.toString().startsWith(""/api/site-purchases"") || false }); queryClient.invalidateQueries({ predicate: (q) => q.queryKey[0]?.toString().startsWith(""/api/plant-module/stock-ledger"") || false }); queryClient.invalidateQueries({ queryKey: [""/api/plant-module/stock-balances""] }); toast({ title: ""Report Deleted"", description: ""The report has been deleted."", }); setLocation(""/""); }, onError: () => { toast({ title: ""Error"", description: ""Failed to delete report"", variant: ""destructive"", }); }, })"
"client/src/pages/DprDetails.tsx","client/src/pages/DprDetails.tsx:166","apiRequest","apiRequest(""DELETE"", `/api/dprs/${id}`)"
"client/src/pages/DprDetails.tsx","client/src/pages/DprDetails.tsx:277","window.print","window.print()"
"client/src/pages/DprSections.tsx","client/src/pages/DprSections.tsx:36","fetch","fetch(url, { method, credentials: ""include"", headers: { ""Content-Type"": ""application/json"" }, ...(body === undefined ? {} : { body: JSON.stringify(body) }), })"
"client/src/pages/DprSections.tsx","client/src/pages/DprSections.tsx:87","useQuery","useQuery<any[]>({ queryKey: [""/api/sites""] })"
"client/src/pages/DprWorkHub.tsx","client/src/pages/DprWorkHub.tsx:20","useQuery","useQuery<any>({ queryKey: [""/api/dprs"", draftId], queryFn: async () => { const response = await fetch(`/api/dprs/${draftId}`, { credentials: ""include"" }); if (!response.ok) throw new Error(""Unable to load today's draft""); return response.json(); }, enabled: Number.isInteger(draftId) && draftId > 0, })"
"client/src/pages/DprWorkHub.tsx","client/src/pages/DprWorkHub.tsx:23","fetch","fetch(`/api/dprs/${draftId}`, { credentials: ""include"" })"
"client/src/pages/EarthworkControl.tsx","client/src/pages/EarthworkControl.tsx:53","useMutation","useMutation({ mutationFn: async (classification: string) => { const res = await fetch(`/api/boq/items/${itemId}/bulk-classification`, { method: ""PATCH"", credentials: ""include"", headers: { ""Content-Type"": ""application/json"" }, body: JSON.stringify({ classification }), }); const data = await res.json(); if (!res.ok) throw new Error(data.message ?? data.error ?? `Error ${res.status}`); return data; }, onSuccess: (_, classification) => { toast({ title: `Classified as ${classification === ""earthwork"" ? ""Earthwork"" : ""Vendor Supplied""}` }); onSaved(); }, onError: (err: Error) => { toast({ title: ""Classification failed"", description: err.message, variant: ""destructive"" }); }, })"
"client/src/pages/EarthworkControl.tsx","client/src/pages/EarthworkControl.tsx:55","fetch","fetch(`/api/boq/items/${itemId}/bulk-classification`, { method: ""PATCH"", credentials: ""include"", headers: { ""Content-Type"": ""application/json"" }, body: JSON.stringify({ classification }), })"
"client/src/pages/EarthworkControl.tsx","client/src/pages/EarthworkControl.tsx:105","useQueryClient","useQueryClient()"
"client/src/pages/EarthworkControl.tsx","client/src/pages/EarthworkControl.tsx:112","useQuery","useQuery<any>({ queryKey: [""/api/boq/projects"", projectId, ""cut-fill-reconciliation""], queryFn: async () => { const response = await fetch(`/api/boq/projects/${projectId}/cut-fill-reconciliation`, { credentials: ""include"" }); if (!response.ok) throw new Error(""reconciliation_load_failed""); return response.json(); }, enabled: projectId > 0, })"
"client/src/pages/EarthworkControl.tsx","client/src/pages/EarthworkControl.tsx:115","fetch","fetch(`/api/boq/projects/${projectId}/cut-fill-reconciliation`, { credentials: ""include"" })"
"client/src/pages/EarthworkControl.tsx","client/src/pages/EarthworkControl.tsx:127","useMutation","useMutation({ mutationFn: async (input: { url: string; body: unknown }) => { const response = await fetch(input.url, { method: ""PUT"", credentials: ""include"", headers: { ""Content-Type"": ""application/json"" }, body: JSON.stringify(input.body) }); const body = await response.json(); if (!response.ok) throw new Error(body.message ?? body.error ?? `Error ${response.status}`); return body; }, onSuccess: () => { queryClient.invalidateQueries({ queryKey: [""/api/boq/projects"", projectId, ""cut-fill-reconciliation""] }); toast({ title: ""Reconciliation settings saved"" }); }, onError: (error: Error) => toast({ title: ""Could not save reconciliation settings"", description: error.message, variant: ""destructive"" }), })"
"client/src/pages/EarthworkControl.tsx","client/src/pages/EarthworkControl.tsx:129","fetch","fetch(input.url, { method: ""PUT"", credentials: ""include"", headers: { ""Content-Type"": ""application/json"" }, body: JSON.stringify(input.body) })"
"client/src/pages/EarthworkControl.tsx","client/src/pages/EarthworkControl.tsx:138","useQuery","useQuery<{ rows: EarthworkRow[] }>({ queryKey: [""shortage-check"", projectId], queryFn: () => fetch(`/api/boq/projects/${projectId}/shortage-check`, { credentials: ""include"" }) .then(r => r.json()), enabled: projectId > 0, })"
"client/src/pages/EarthworkControl.tsx","client/src/pages/EarthworkControl.tsx:141","fetch(`/api/boq/projects/${projectId}/shortage-check`, { credentials: ""include"" })
        .then","fetch(`/api/boq/projects/${projectId}/shortage-check`, { credentials: ""include"" }) .then(r => r.json())"
"client/src/pages/EarthworkControl.tsx","client/src/pages/EarthworkControl.tsx:141","fetch","fetch(`/api/boq/projects/${projectId}/shortage-check`, { credentials: ""include"" })"
"client/src/pages/EarthworkControl.tsx","client/src/pages/EarthworkControl.tsx:164","useQuery","useQuery<any[]>({ queryKey: [""/api/boq/projects"", projectId, ""items"", ""reconciliation""], queryFn: async () => { const response = await fetch(`/api/boq/projects/${projectId}/items`, { credentials: ""include"" }); return response.ok ? response.json() : []; }, enabled: projectId > 0, })"
"client/src/pages/EarthworkControl.tsx","client/src/pages/EarthworkControl.tsx:167","fetch","fetch(`/api/boq/projects/${projectId}/items`, { credentials: ""include"" })"
"client/src/pages/EditRequestsPage.tsx","client/src/pages/EditRequestsPage.tsx:153","useQuery","useQuery<EditPermissionRequest[]>({ queryKey: [""/api/edit-requests/pending""], queryFn: async () => { const res = await fetch(""/api/edit-requests/pending"", { credentials: ""include"" }); if (!res.ok) return []; return res.json(); }, enabled: canReview, refetchInterval: 30_000, })"
"client/src/pages/EditRequestsPage.tsx","client/src/pages/EditRequestsPage.tsx:156","fetch","fetch(""/api/edit-requests/pending"", { credentials: ""include"" })"
"client/src/pages/EditRequestsPage.tsx","client/src/pages/EditRequestsPage.tsx:164","useQuery","useQuery<EditPermissionRequest[]>({ queryKey: [""/api/edit-requests/mine""], queryFn: async () => { const res = await fetch(""/api/edit-requests/mine"", { credentials: ""include"" }); if (!res.ok) return []; return res.json(); }, refetchInterval: 30_000, })"
"client/src/pages/EditRequestsPage.tsx","client/src/pages/EditRequestsPage.tsx:167","fetch","fetch(""/api/edit-requests/mine"", { credentials: ""include"" })"
"client/src/pages/EditRequestsPage.tsx","client/src/pages/EditRequestsPage.tsx:174","useMutation","useMutation({ mutationFn: async ({ id, note }: { id: number; note: string }) => { const res = await apiRequest(""POST"", `/api/edit-requests/${id}/approve`, { note }); return res.json(); }, onSuccess: () => { queryClient.invalidateQueries({ queryKey: [""/api/edit-requests/pending""] }); toast({ title: ""Approved"", description: ""Edit permission granted for 2 hours."" }); setActionId(null); setNote(""""); }, onError: () => toast({ title: ""Error"", description: ""Could not approve request."", variant: ""destructive"" }), })"
"client/src/pages/EditRequestsPage.tsx","client/src/pages/EditRequestsPage.tsx:176","apiRequest","apiRequest(""POST"", `/api/edit-requests/${id}/approve`, { note })"
"client/src/pages/EditRequestsPage.tsx","client/src/pages/EditRequestsPage.tsx:188","useMutation","useMutation({ mutationFn: async ({ id, note }: { id: number; note: string }) => { const res = await apiRequest(""POST"", `/api/edit-requests/${id}/deny`, { note }); return res.json(); }, onSuccess: () => { queryClient.invalidateQueries({ queryKey: [""/api/edit-requests/pending""] }); toast({ title: ""Denied"", description: ""Edit request has been denied."" }); setActionId(null); setNote(""""); }, onError: () => toast({ title: ""Error"", description: ""Could not deny request."", variant: ""destructive"" }), })"
"client/src/pages/EditRequestsPage.tsx","client/src/pages/EditRequestsPage.tsx:190","apiRequest","apiRequest(""POST"", `/api/edit-requests/${id}/deny`, { note })"
"client/src/pages/EditRequestsPage.tsx","client/src/pages/EditRequestsPage.tsx:232","pendingQuery.refetch","pendingQuery.refetch()"
"client/src/pages/EditRequestsPage.tsx","client/src/pages/EditRequestsPage.tsx:233","mineQuery.refetch","mineQuery.refetch()"
"client/src/pages/EquipmentHireBilling.tsx","client/src/pages/EquipmentHireBilling.tsx:25","fetch","fetch(url, { method, headers: body ? { ""Content-Type"": ""application/json"" } : undefined, body: body ? JSON.stringify(body) : undefined, credentials: ""include"" })"
"client/src/pages/EquipmentHireBilling.tsx","client/src/pages/EquipmentHireBilling.tsx:38","useQueryClient","useQueryClient()"
"client/src/pages/EquipmentHireBilling.tsx","client/src/pages/EquipmentHireBilling.tsx:45","useQuery","useQuery<Statement[]>({ queryKey: listKey, queryFn: () => request(`/api/equipment-hire/statements?billingFrom=${from}&billingTo=${to}`), retry: 1 })"
"client/src/pages/EquipmentHireBilling.tsx","client/src/pages/EquipmentHireBilling.tsx:46","useQuery","useQuery<Statement>({ queryKey: [""/api/equipment-hire/statements"", selectedId], queryFn: () => request(`/api/equipment-hire/statements/${selectedId}`), enabled: !!selectedId })"
"client/src/pages/EquipmentHireBilling.tsx","client/src/pages/EquipmentHireBilling.tsx:48","useMutation","useMutation({ mutationFn: (row: Statement) => request(""/api/equipment-hire/statements"", ""POST"", { equipmentId: row.equipmentId, billingFrom: from, billingTo: to }), onSuccess: async (data: Statement) => { await invalidate(); await queryClient.invalidateQueries({ queryKey: [""/api/equipment-hire/statements"", data.id] }); setSelectedId(data.id); } })"
"client/src/pages/EquipmentHireBilling.tsx","client/src/pages/EquipmentHireBilling.tsx:49","useMutation","useMutation({ mutationFn: ({ id, path, expectedRevision }: { id: number; path: string; expectedRevision: number }) => request(`/api/equipment-hire/statements/${id}/${path}`, ""POST"", { expectedRevision }), onSuccess: () => { invalidate(); detail.refetch(); }, onError: () => detail.refetch() })"
"client/src/pages/EquipmentHireBilling.tsx","client/src/pages/EquipmentHireBilling.tsx:49","detail.refetch","detail.refetch()"
"client/src/pages/EquipmentHireBilling.tsx","client/src/pages/EquipmentHireBilling.tsx:49","detail.refetch","detail.refetch()"
"client/src/pages/EquipmentHireBilling.tsx","client/src/pages/EquipmentHireBilling.tsx:50","useMutation","useMutation({ mutationFn: ({ exceptions, expectedRevision }: { exceptions: Exception[]; expectedRevision: number }) => request(`/api/equipment-hire/statements/${selectedId}/exceptions`, ""PATCH"", { exceptions, expectedRevision }), onSuccess: () => { invalidate(); detail.refetch(); setExceptionDraft(null); }, onError: () => detail.refetch() })"
"client/src/pages/EquipmentHireBilling.tsx","client/src/pages/EquipmentHireBilling.tsx:50","detail.refetch","detail.refetch()"
"client/src/pages/EquipmentHireBilling.tsx","client/src/pages/EquipmentHireBilling.tsx:50","detail.refetch","detail.refetch()"
"client/src/pages/EquipmentHireBilling.tsx","client/src/pages/EquipmentHireBilling.tsx:65","list.refetch","list.refetch()"
"client/src/pages/EquipmentHireBilling.tsx","client/src/pages/EquipmentHireBilling.tsx:78","list.refetch","list.refetch()"
"client/src/pages/EquipmentHub.tsx","client/src/pages/EquipmentHub.tsx:36","useQuery","useQuery<any[]>({ queryKey: [""/api/plant/equipment-usage"", TODAY], queryFn: async () => { const res = await fetch(`/api/plant/equipment-usage?date=${TODAY}`); if (!res.ok) return []; return res.json(); }, enabled: canSeeEquip, })"
"client/src/pages/EquipmentHub.tsx","client/src/pages/EquipmentHub.tsx:39","fetch","fetch(`/api/plant/equipment-usage?date=${TODAY}`)"
"client/src/pages/EquipmentHub.tsx","client/src/pages/EquipmentHub.tsx:47","useQuery","useQuery<any[]>({ queryKey: [""/api/dprs/with-details"", TODAY], queryFn: () => fetch(`/api/dprs/with-details?dateFrom=${TODAY}&dateTo=${TODAY}`) .then(r => r.json()), enabled: canSeeEquip, })"
"client/src/pages/EquipmentHub.tsx","client/src/pages/EquipmentHub.tsx:50","fetch(`/api/dprs/with-details?dateFrom=${TODAY}&dateTo=${TODAY}`)
        .then","fetch(`/api/dprs/with-details?dateFrom=${TODAY}&dateTo=${TODAY}`) .then(r => r.json())"
"client/src/pages/EquipmentHub.tsx","client/src/pages/EquipmentHub.tsx:50","fetch","fetch(`/api/dprs/with-details?dateFrom=${TODAY}&dateTo=${TODAY}`)"
"client/src/pages/EquipmentHub.tsx","client/src/pages/EquipmentHub.tsx:55","useQuery","useQuery<any[]>({ queryKey: [""/api/plant/maintenance""], queryFn: async () => { const res = await fetch(`/api/plant/maintenance`); if (!res.ok) return []; const data = await res.json(); return Array.isArray(data) ? data : []; }, enabled: canSeeEquip, })"
"client/src/pages/EquipmentHub.tsx","client/src/pages/EquipmentHub.tsx:58","fetch","fetch(`/api/plant/maintenance`)"
"client/src/pages/EquipmentPerformanceReport.tsx","client/src/pages/EquipmentPerformanceReport.tsx:83","useQuery","useQuery<Report>({ queryKey: [""/api/reports/equipment-performance"", params], queryFn: async () => { const response = await fetch(`/api/reports/equipment-performance?${params}`, { credentials: ""include"" }); if (!response.ok) throw new Error(await response.text()); return response.json(); }, })"
"client/src/pages/EquipmentPerformanceReport.tsx","client/src/pages/EquipmentPerformanceReport.tsx:86","fetch","fetch(`/api/reports/equipment-performance?${params}`, { credentials: ""include"" })"
"client/src/pages/EquipmentPerformanceReport.tsx","client/src/pages/EquipmentPerformanceReport.tsx:91","useQuery","useQuery<Report>({ queryKey: EQUIPMENT_IDENTIFICATION_QUERY_KEY, queryFn: fetchEquipmentIdentification, enabled: canReview, })"
"client/src/pages/EquipmentPerformanceReport.tsx","client/src/pages/EquipmentPerformanceReport.tsx:192","report.refetch","report.refetch()"
"client/src/pages/EquipmentStatus.tsx","client/src/pages/EquipmentStatus.tsx:82","useQuery","useQuery<EquipmentStatusReport>({ queryKey: [""/api/reports/equipment-status"", dateFrom, dateTo], queryFn: async () => { const params = new URLSearchParams({ dateFrom, dateTo }); const response = await fetch(`/api/reports/equipment-status?${params}`, { credentials: ""include"" }); if (!response.ok) { const message = await response.text(); throw new Error(message || ""Equipment status could not be loaded""); } return response.json(); }, enabled: Boolean(dateFrom && dateTo && !invalidRange), })"
"client/src/pages/EquipmentStatus.tsx","client/src/pages/EquipmentStatus.tsx:86","fetch","fetch(`/api/reports/equipment-status?${params}`, { credentials: ""include"" })"
"client/src/pages/EquipmentStatus.tsx","client/src/pages/EquipmentStatus.tsx:187","report.refetch","report.refetch()"
"client/src/pages/EstimatorLogin.tsx","client/src/pages/EstimatorLogin.tsx:31","fetch","fetch(""/api/estimator/session"", { method: ""POST"", headers: { ""Content-Type"": ""application/json"" }, credentials: ""include"", body: JSON.stringify({ pin: pin.trim() }), })"
"client/src/pages/ExecutionArrangements.tsx","client/src/pages/ExecutionArrangements.tsx:113","useQueryClient","useQueryClient()"
"client/src/pages/ExecutionArrangements.tsx","client/src/pages/ExecutionArrangements.tsx:139","useMutation","useMutation({ mutationFn: ({ arrangementId, effectiveFrom }: { arrangementId: number; effectiveFrom: string }) => approveExecutionArrangement(arrangementId, effectiveFrom), onSuccess: async () => { await invalidateArrangementQueries(queryClient, projectId); toast({ title: ""Arrangement approved"" }); }, onError: (err: Error) => { toast({ title: ""Approval failed"", description: err.message, variant: ""destructive"" }); }, })"
"client/src/pages/ExecutionArrangements.tsx","client/src/pages/ExecutionArrangements.tsx:150","useMutation","useMutation({ mutationFn: async ({ arrangementId, status }: { arrangementId: number; status: string }) => { const response = await fetch(`/api/earthwork-arrangements/${arrangementId}`, { method: ""PATCH"", credentials: ""include"", headers: { ""Content-Type"": ""application/json"" }, body: JSON.stringify({ status, effectiveFrom: legacyEffectiveFrom, statusReason: legacyEffectiveReason || undefined, confirmExistingStatus: true, }), }); const data = await response.json(); if (!response.ok) throw new Error(data.message ?? data.error ?? `Error ${response.status}`); return data; }, onSuccess: async () => { await invalidateArrangementQueries(queryClient, projectId); toast({ title: ""Effective status date confirmed"" }); setLegacyEffectiveFrom(""""); setLegacyEffectiveReason(""""); }, onError: (err: Error) => toast({ title: ""Confirmation failed"", description: err.message, variant: ""destructive"" }), })"
"client/src/pages/ExecutionArrangements.tsx","client/src/pages/ExecutionArrangements.tsx:152","fetch","fetch(`/api/earthwork-arrangements/${arrangementId}`, { method: ""PATCH"", credentials: ""include"", headers: { ""Content-Type"": ""application/json"" }, body: JSON.stringify({ status, effectiveFrom: legacyEffectiveFrom, statusReason: legacyEffectiveReason || undefined, confirmExistingStatus: true, }), })"
"client/src/pages/ExecutionArrangements.tsx","client/src/pages/ExecutionArrangements.tsx:175","useQuery","useQuery<ProgrammeBar[]>({ queryKey: [""/api/boq/projects"", projectId, ""programme""], queryFn: () => fetch(`/api/boq/projects/${projectId}/programme`, { credentials: ""include"" }).then(r => r.ok ? r.json() : []), enabled: projectId > 0, })"
"client/src/pages/ExecutionArrangements.tsx","client/src/pages/ExecutionArrangements.tsx:177","fetch(`/api/boq/projects/${projectId}/programme`, { credentials: ""include"" }).then","fetch(`/api/boq/projects/${projectId}/programme`, { credentials: ""include"" }).then(r => r.ok ? r.json() : [])"
"client/src/pages/ExecutionArrangements.tsx","client/src/pages/ExecutionArrangements.tsx:177","fetch","fetch(`/api/boq/projects/${projectId}/programme`, { credentials: ""include"" })"
"client/src/pages/ExecutionArrangements.tsx","client/src/pages/ExecutionArrangements.tsx:186","useQuery","useQuery<ArrangementEvidence>({ queryKey: [""/api/earthwork-arrangements"", detailTargetId, ""execution-evidence""], queryFn: async () => { const response = await fetch(`/api/earthwork-arrangements/${detailTargetId}/execution-evidence`, { credentials: ""include"" }); if (!response.ok) throw new Error(""Could not load execution evidence""); return response.json(); }, enabled: detailTargetId != null, refetchInterval: detailTargetId != null ? 30_000 : false, refetchOnWindowFocus: true, })"
"client/src/pages/ExecutionArrangements.tsx","client/src/pages/ExecutionArrangements.tsx:189","fetch","fetch(`/api/earthwork-arrangements/${detailTargetId}/execution-evidence`, { credentials: ""include"" })"
"client/src/pages/ExecutionArrangements.tsx","client/src/pages/ExecutionArrangements.tsx:203","useQuery","useQuery<ScopeSegmentRow[]>({ queryKey: [`/api/boq/projects/${projectId}/scope-segments`], queryFn: () => fetch(`/api/boq/projects/${projectId}/scope-segments`, { credentials: ""include"" }).then(r => r.ok ? r.json() : []), enabled: projectId > 0, staleTime: 30_000, })"
"client/src/pages/ExecutionArrangements.tsx","client/src/pages/ExecutionArrangements.tsx:205","fetch(`/api/boq/projects/${projectId}/scope-segments`, { credentials: ""include"" }).then","fetch(`/api/boq/projects/${projectId}/scope-segments`, { credentials: ""include"" }).then(r => r.ok ? r.json() : [])"
"client/src/pages/ExecutionArrangements.tsx","client/src/pages/ExecutionArrangements.tsx:205","fetch","fetch(`/api/boq/projects/${projectId}/scope-segments`, { credentials: ""include"" })"
"client/src/pages/ExecutionArrangements.tsx","client/src/pages/ExecutionArrangements.tsx:233","useQuery","useQuery<PickerItem[]>({ queryKey: [""/api/boq/projects"", projectId, ""items""], queryFn: () => fetch(`/api/boq/projects/${projectId}/items`, { credentials: ""include"" }).then(r => r.ok ? r.json() : []), // Batch 02: also fetched while editing so the dialog can show the item's // contract qty + resolver-based Applicable Qty reference panel. enabled: projectId > 0 && (showCreatePicker || editTarget != null), })"
"client/src/pages/ExecutionArrangements.tsx","client/src/pages/ExecutionArrangements.tsx:235","fetch(`/api/boq/projects/${projectId}/items`, { credentials: ""include"" }).then","fetch(`/api/boq/projects/${projectId}/items`, { credentials: ""include"" }).then(r => r.ok ? r.json() : [])"
"client/src/pages/ExecutionArrangements.tsx","client/src/pages/ExecutionArrangements.tsx:235","fetch","fetch(`/api/boq/projects/${projectId}/items`, { credentials: ""include"" })"
"client/src/pages/ExecutionArrangements.tsx","client/src/pages/ExecutionArrangements.tsx:461","(() => {
        const r = rows.find(x => x.arr.id === detailTargetId)
          ?? (arrangements as RegisterArrangement[]).filter(a => a.id === detailTargetId).map(a => ({
            arr: a,
            allocs: allocations.filter(al => al.arrangementId === a.id),
            linkedQty: allocations.filter(al => al.arrangementId === a.id).reduce((s, al) => s + Number(al.allocatedQty), 0),
          }))[0];
        if (!r) return null;
        const a = r.arr as RegisterArrangement;
        const uom = a.uom ?? ""CUM"";
        const latestStatusEvent = latestRecordedArrangementStatusChange(a.revisionHistory, a.status);
        return (
          <Dialog open onOpenChange={o => { if (!o) setDetailTargetId(null); }}>
            <DialogContent className=""max-w-2xl max-h-[85vh] overflow-y-auto"" data-testid=""arrangement-detail"">
              <DialogHeader>
                <DialogTitle className=""text-base"">
                  {a.materialLabel ?? `Arrangement #${a.id}`}
                </DialogTitle>
                <p className=""text-[12px] text-slate-500"">
                  {(a.arrangementType ?? """").replace(/_/g, "" "")} · <ArrangementStatusBadge status={a.status} />
                </p>
              </DialogHeader>
              <div className=""space-y-3 text-[12px]"">
                <ArrangementTripRatesView rates={a.tripRates} />
                <div className=""grid grid-cols-2 gap-x-4 gap-y-1"">
                  <div><span className=""text-slate-500"">Agency:</span> {a.agencyName ?? ""—""}</div>
                  <div><span className=""text-slate-500"">Allocated:</span> <span className=""font-mono"">{Number(a.allocatedQty).toLocaleString()} {uom}</span></div>
                  <div className=""col-span-2""><span className=""text-slate-500"">Applicable Scope:</span> {applicableScopeLabel(a)}</div>
                  {latestStatusEvent && (
                    <div className=""col-span-2"" data-testid=""latest-arrangement-status-event"">
                      <span className=""text-slate-500"">Effective status:</span>{"" ""}
                      {String(latestStatusEvent.status).replace(/_/g, "" "")} from {latestStatusEvent.effectiveFrom}
                      <span className=""text-slate-400""> · recorded {String(latestStatusEvent.recordedAt ?? """").slice(0, 10)}</span>
                    </div>
                  )}
                </div>
                {canSetArrangementOutcome
                  && a.status === ""cancelled""
                  && !hasRecordedArrangementStatusChange(a.revisionHistory, ""cancelled"")
                  && (
                  <div className=""rounded border border-amber-300 bg-amber-50 p-2.5 space-y-2"" data-testid=""legacy-status-effective-date"">
                    <p className=""font-semibold text-amber-900"">Confirm historical effective date</p>
                    <p className=""text-[11px] text-amber-800"">Adds an append-only status event. It does not edit or remove earlier history.</p>
                    <div className=""flex gap-2 flex-wrap items-end"">
                      <div>
                        <label className=""block text-[11px] text-slate-600 mb-1"">Effective from</label>
                        <Input type=""date"" className=""h-8 w-40"" value={legacyEffectiveFrom} onChange={e => setLegacyEffectiveFrom(e.target.value)} data-testid=""input-legacy-status-effective-from"" />
                      </div>
                      <div className=""flex-1 min-w-[220px]"">
                        <label className=""block text-[11px] text-slate-600 mb-1"">Reason / reference</label>
                        <Input className=""h-8"" value={legacyEffectiveReason} onChange={e => setLegacyEffectiveReason(e.target.value)} placeholder={a.status === ""cancelled"" ? ""Cancellation reason or reference"" : ""Status reason or reference""} data-testid=""input-legacy-status-reason"" />
                      </div>
                      <Button
                        size=""sm""
                        className=""h-8""
                        disabled={!legacyEffectiveFrom || legacyStatusMutation.isPending}
                        onClick={() => legacyStatusMutation.mutate({ arrangementId: a.id, status: a.status })}
                        data-testid=""button-confirm-legacy-status-effective-date""
                      >
                        {legacyStatusMutation.isPending && <Loader2 className=""w-3 h-3 mr-1 animate-spin"" />}
                        Confirm date
                      </Button>
                    </div>
                  </div>
                  )}

                <div className=""space-y-1"">
                  <p className=""font-semibold text-slate-700"">
                    Programme Coverage — {r.allocs.length} bar{r.allocs.length !== 1 ? ""s"" : """"} · {Number(r.linkedQty).toLocaleString()} {uom} allocated
                  </p>
                  {r.allocs.length === 0 && (
                    <p className=""text-slate-400"">Not linked to any programme bar{a.reachLabel ? ` — legacy scope: ${a.reachLabel}` : """"}.</p>
                  )}
                  {r.allocs.length > 0 && (
                    <div className=""space-y-2"" data-testid=""detail-bar-list"">
                      {evidenceError && (
                        <div className=""flex items-center justify-between gap-3 rounded border border-rose-300 bg-rose-50 px-2.5 py-2 text-[11px] text-rose-800"" role=""alert"" data-testid=""execution-evidence-error"">
                          <span><strong>Execution evidence unavailable.</strong> Derived DPR and trip values could not be refreshed.</span>
                          <Button type=""button"" variant=""outline"" size=""sm"" className=""h-6 shrink-0 border-rose-300 bg-rose-50 px-2 text-[11px] text-rose-800 hover:bg-rose-100"" onClick={() => refetchEvidence()} data-testid=""button-retry-execution-evidence"">Retry</Button>
                        </div>
                      )}
                      {r.allocs.map(al => {
                        const b = barById.get(al.programmeBarId);
                        const label = b ? (b.reachLabel || (b.chainageFrom != null ? `Ch ${b.chainageFrom}–${b.chainageTo}` : `Bar #${b.id}`)) : `Bar #${al.programmeBarId}`;
                        const evidence = evidenceByBar.get(al.programmeBarId);
                        const hasWarnings = (evidence?.warnings.length ?? 0) > 0;
                        return (
                          <div key={al.id} className={`rounded border ${hasWarnings ? ""border-amber-300 bg-amber-50/50"" : ""border-slate-200 bg-slate-50/40""} p-2.5`} data-testid={`detail-bar-${al.programmeBarId}`}>
                            <div className=""flex items-start gap-2"">
                              <div className=""flex-1 min-w-0"">
                                <div className=""flex items-center gap-1.5 flex-wrap"">
                                  <span className=""font-semibold text-slate-700"">{label}</span>
                                  {b?.side && <span className=""rounded bg-slate-100 border border-slate-200 px-1 text-[10px] uppercase"">{b.side}</span>}
                                  {b?.chainageFrom != null && <span className=""text-slate-500 font-mono text-[10px]"">Ch. {b.chainageFrom}–{b.chainageTo}</span>}
                                  <span className=""rounded border border-teal-200 bg-teal-50 px-1.5 py-0.5 text-[10px] font-semibold text-teal-800"">Arrangement: {a.status.replace(/_/g, "" "")}</span>
                                </div>
                                <div className=""mt-1 grid grid-cols-2 md:grid-cols-5 gap-x-3 gap-y-1 text-[11px]"">
                                  <span><b className=""text-slate-500"">Allocated</b><br /><strong className=""font-mono"">{Number(evidence?.allocatedQty ?? al.allocatedQty).toLocaleString()} {evidence?.allocationUom ?? uom}</strong></span>
                                  <span><b className=""text-slate-500"">DPR executed</b><br /><strong className=""font-mono text-teal-800"">{evidence ? evidence.dprExecutedQty.toLocaleString() : ""—""} {uom}</strong></span>
                                  <span><b className=""text-slate-500"">Balance</b><br /><strong className={`font-mono ${evidence?.balanceVsAllocation == null ? ""text-slate-500"" : ""text-slate-800""}`}>{evidence?.balanceVsAllocation == null ? ""Review"" : `${evidence.balanceVsAllocation.toLocaleString()} ${uom}`}</strong></span>
                                  <span><b className=""text-slate-500"">Trips</b><br /><strong className=""font-mono"">{evidence ? evidence.tripCount : ""—""}</strong>{evidence?.tripOriginal.length ? <small className=""block text-slate-500"">{evidence.tripOriginal.map(t => `${t.quantity.toLocaleString()} ${t.uom}`).join("" + "")}{evidence.tripConvertedCum != null ? ` = ${evidence.tripConvertedCum.toLocaleString()} Cum` : "" = review Cum""}</small> : null}</span>
                                  <span><b className=""text-slate-500"">DPR − trips</b><br /><strong className={`font-mono ${evidence?.varianceCum != null && Math.abs(evidence.varianceCum) > 0.01 ? ""text-amber-800"" : ""text-slate-700""}`}>{evidence?.varianceCum == null ? ""Review"" : `${evidence.varianceCum.toLocaleString()} CUM`}</strong></span>
                                </div>
                                <div className=""mt-1 text-[10px] text-slate-500"">Balance source: DPR executed quantity{evidence?.tripConvertedCum != null ? "" · trip conversion shown for reconciliation"" : """"}</div>
                                {evidenceLoading && <div className=""mt-1 h-3 w-40 rounded bg-slate-200 animate-pulse"" />}
                                {hasWarnings && <div className=""mt-1.5 space-y-0.5 text-[10px] font-medium text-amber-800"">{evidence?.warnings.map(warning => <div key={warning}>Review: {warning}</div>)}</div>}
                              </div>
                              {b && <button className=""text-[11px] text-teal-700 hover:underline shrink-0"" onClick={() => { setDetailTargetId(null); setOpenPanel({ barId: b.id, boqItemId: al.boqItemId, label, qty: Number(b.plannedQty ?? 0), unit: b.unit ?? uom }); }} data-testid={`button-open-bar-${al.programmeBarId}`}>Open bar →</button>}
                            </div>
                            {canSetArrangementOutcome && <div className=""mt-2 border-t border-slate-200 pt-2""><ArrangementOutcomeControl projectId={projectId} programmeBarId={al.programmeBarId} defaultUom={uom} /></div>}
                          </div>
                        );
                      })}
                    </div>
                  )}
                </div>

                <div className=""flex gap-2 pt-1"">
                  {canEditArrangements && (
                    <Button size=""sm"" className=""h-7 text-[11px]"" onClick={() => { setDetailTargetId(null); setEditTarget(a); }} data-testid=""button-edit-arrangement"">
                      Edit arrangement
                    </Button>
                  )}
                  {canShowExecutionArrangementApprove(a.status, canEditArrangements) && (
                    <>
                      <Input type=""date"" className=""h-7 w-36 text-[11px]"" value={approvalEffectiveFrom} onChange={e => setApprovalEffectiveFrom(e.target.value)} aria-label=""Approval effective from"" />
                      <Button
                        size=""sm""
                        variant=""outline""
                        className=""h-7 text-[11px] text-emerald-700 border-emerald-300 hover:bg-emerald-50""
                        disabled={approvalMutation.isPending || !approvalEffectiveFrom}
                        onClick={() => approvalMutation.mutate({ arrangementId: a.id, effectiveFrom: approvalEffectiveFrom })}
                        data-testid=""button-approve-arrangement""
                      >
                        {approvalMutation.isPending
                          ? <Loader2 className=""w-3 h-3 mr-1 animate-spin"" />
                          : <Check className=""w-3 h-3 mr-1"" />}
                        Approve
                      </Button>
                    </>
                  )}
                  <Button size=""sm"" variant=""outline"" className=""h-7 text-[11px]"" onClick={() => setDetailTargetId(null)}>Close</Button>
                </div>
              </div>
            </DialogContent>
          </Dialog>
        );
      })","(() => { const r = rows.find(x => x.arr.id === detailTargetId) ?? (arrangements as RegisterArrangement[]).filter(a => a.id === detailTargetId).map(a => ({ arr: a, allocs: allocations.filter(al => al.arrangementId === a.id), linkedQty: allocations.filter(al => al.arrangementId === a.id).reduce((s, al) => s + Number(al.allocatedQty), 0), }))[0]; if (!r) return null; const a = r.arr as RegisterArrangement; const uom = a.uom ?? ""CUM""; const latestStatusEvent = latestRecordedArrangementStatusChange(a.revisionHistory, a.status); return ( <Dialog open onOpenChange={o => { if (!o) setDetailTargetId(null); }}> <DialogContent className=""max-w-2xl max-h-[85vh] overflow-y-auto"" data-testid=""arrangement-detail""> <DialogHeader> <DialogTitle className=""text-base""> {a.materialLabel ?? `Arrangement #${a.id}`} </DialogTitle> <p className=""text-[12px] text-slate-500""> {(a.arrangementType ?? """").replace(/_/g, "" "")} · <ArrangementStatusBadge status={a.status} /> </p> </DialogHeader> <div className=""space-y-3 text-[12px]""> <ArrangementTripRatesView rates={a.tripRates} /> <div className=""grid grid-cols-2 gap-x-4 gap-y-1""> <div><span className=""text-slate-500"">Agency:</span> {a.agencyName ?? ""—""}</div> <div><span className=""text-slate-500"">Allocated:</span> <span className=""font-mono"">{Number(a.allocatedQty).toLocaleString()} {uom}</span></div> <div className=""col-span-2""><span className=""text-slate-500"">Applicable Scope:</span> {applicableScopeLabel(a)}</div> {latestStatusEvent && ( <div className=""col-span-2"" data-testid=""latest-arrangement-status-event""> <span className=""text-slate-500"">Effective status:</span>{"" ""} {String(latestStatusEvent.status).replace(/_/g, "" "")} from {latestStatusEvent.effectiveFrom} <span className=""text-slate-400""> · recorded {String(latestStatusEvent.recordedAt ?? """").slice(0, 10)}</span> </div> )} </div> {canSetArrangementOutcome && a.status === ""cancelled"" && !hasRecordedArrangementStatusChange(a.revisionHistory, ""cancelled"") && ( <div className=""rounded border border-amber-300 bg-amber-50 p-2.5 space-y-2"" data-testid=""legacy-status-effective-date""> <p className=""font-semibold text-amber-900"">Confirm historical effective date</p> <p className=""text-[11px] text-amber-800"">Adds an append-only status event. It does not edit or remove earlier history.</p> <div className=""flex gap-2 flex-wrap items-end""> <div> <label className=""block text-[11px] text-slate-600 mb-1"">Effective from</label> <Input type=""date"" className=""h-8 w-40"" value={legacyEffectiveFrom} onChange={e => setLegacyEffectiveFrom(e.target.value)} data-testid=""input-legacy-status-effective-from"" /> </div> <div className=""flex-1 min-w-[220px]""> <label className=""block text-[11px] text-slate-600 mb-1"">Reason / reference</label> <Input className=""h-8"" value={legacyEffectiveReason} onChange={e => setLegacyEffectiveReason(e.target.value)} placeholder={a.status === ""cancelled"" ? ""Cancellation reason or reference"" : ""Status reason or reference""} data-testid=""input-legacy-status-reason"" /> </div> <Button size=""sm"" className=""h-8"" disabled={!legacyEffectiveFrom || legacyStatusMutation.isPending} onClick={() => legacyStatusMutation.mutate({ arrangementId: a.id, status: a.status })} data-testid=""button-confirm-legacy-status-effective-date"" > {legacyStatusMutation.isPending && <Loader2 className=""w-3 h-3 mr-1 animate-spin"" />} Confirm date </Button> </div> </div> )} <div className=""space-y-1""> <p className=""font-semibold text-slate-700""> Programme Coverage — {r.allocs.length} bar{r.allocs.length !== 1 ? ""s"" : """"} · {Number(r.linkedQty).toLocaleString()} {uom} allocated </p> {r.allocs.length === 0 && ( <p className=""text-slate-400"">Not linked to any programme bar{a.reachLabel ? ` — legacy scope: ${a.reachLabel}` : """"}.</p> )} {r.allocs.length > 0 && ( <div className=""space-y-2"" data-testid=""detail-bar-list""> {evidenceError && ( <div className=""flex items-center justify-between gap-3 rounded border border-rose-300 bg-rose-50 px-2.5 py-2 text-[11px] text-rose-800"" role=""alert"" data-testid=""execution-evidence-error""> <span><strong>Execution evidence unavailable.</strong> Derived DPR and trip values could not be refreshed.</span> <Button type=""button"" variant=""outline"" size=""sm"" className=""h-6 shrink-0 border-rose-300 bg-rose-50 px-2 text-[11px] text-rose-800 hover:bg-rose-100"" onClick={() => refetchEvidence()} data-testid=""button-retry-execution-evidence"">Retry</Button> </div> )} {r.allocs.map(al => { const b = barById.get(al.programmeBarId); const label = b ? (b.reachLabel || (b.chainageFrom != null ? `Ch ${b.chainageFrom}–${b.chainageTo}` : `Bar #${b.id}`)) : `Bar #${al.programmeBarId}`; const evidence = evidenceByBar.get(al.programmeBarId); const hasWarnings = (evidence?.warnings.length ?? 0) > 0; return ( <div key={al.id} className={`rounded border ${hasWarnings ? ""border-amber-300 bg-amber-50/50"" : ""border-slate-200 bg-slate-50/40""} p-2.5`} data-testid={`detail-bar-${al.programmeBarId}`}> <div className=""flex items-start gap-2""> <div className=""flex-1 min-w-0""> <div className=""flex items-center gap-1.5 flex-wrap""> <span className=""font-semibold text-slate-700"">{label}</span> {b?.side && <span className=""rounded bg-slate-100 border border-slate-200 px-1 text-[10px] uppercase"">{b.side}</span>} {b?.chainageFrom != null && <span className=""text-slate-500 font-mono text-[10px]"">Ch. {b.chainageFrom}–{b.chainageTo}</span>} <span className=""rounded border border-teal-200 bg-teal-50 px-1.5 py-0.5 text-[10px] font-semibold text-teal-800"">Arrangement: {a.status.replace(/_/g, "" "")}</span> </div> <div className=""mt-1 grid grid-cols-2 md:grid-cols-5 gap-x-3 gap-y-1 text-[11px]""> <span><b className=""text-slate-500"">Allocated</b><br /><strong className=""font-mono"">{Number(evidence?.allocatedQty ?? al.allocatedQty).toLocaleString()} {evidence?.allocationUom ?? uom}</strong></span> <span><b className=""text-slate-500"">DPR executed</b><br /><strong className=""font-mono text-teal-800"">{evidence ? evidence.dprExecutedQty.toLocaleString() : ""—""} {uom}</strong></span> <span><b className=""text-slate-500"">Balance</b><br /><strong className={`font-mono ${evidence?.balanceVsAllocation == null ? ""text-slate-500"" : ""text-slate-800""}`}>{evidence?.balanceVsAllocation == null ? ""Review"" : `${evidence.balanceVsAllocation.toLocaleString()} ${uom}`}</strong></span> <span><b className=""text-slate-500"">Trips</b><br /><strong className=""font-mono"">{evidence ? evidence.tripCount : ""—""}</strong>{evidence?.tripOriginal.length ? <small className=""block text-slate-500"">{evidence.tripOriginal.map(t => `${t.quantity.toLocaleString()} ${t.uom}`).join("" + "")}{evidence.tripConvertedCum != null ? ` = ${evidence.tripConvertedCum.toLocaleString()} Cum` : "" = review Cum""}</small> : null}</span> <span><b className=""text-slate-500"">DPR − trips</b><br /><strong className={`font-mono ${evidence?.varianceCum != null && Math.abs(evidence.varianceCum) > 0.01 ? ""text-amber-800"" : ""text-slate-700""}`}>{evidence?.varianceCum == null ? ""Review"" : `${evidence.varianceCum.toLocaleString()} CUM`}</strong></span> </div> <div className=""mt-1 text-[10px] text-slate-500"">Balance source: DPR executed quantity{evidence?.tripConvertedCum != null ? "" · trip conversion shown for reconciliation"" : """"}</div> {evidenceLoading && <div className=""mt-1 h-3 w-40 rounded bg-slate-200 animate-pulse"" />} {hasWarnings && <div className=""mt-1.5 space-y-0.5 text-[10px] font-medium text-amber-800"">{evidence?.warnings.map(warning => <div key={warning}>Review: {warning}</div>)}</div>} </div> {b && <button className=""text-[11px] text-teal-700 hover:underline shrink-0"" onClick={() => { setDetailTargetId(null); setOpenPanel({ barId: b.id, boqItemId: al.boqItemId, label, qty: Number(b.plannedQty ?? 0), unit: b.unit ?? uom }); }} data-testid={`button-open-bar-${al.programmeBarId}`}>Open bar →</button>} </div> {canSetArrangementOutcome && <div className=""mt-2 border-t border-slate-200 pt-2""><ArrangementOutcomeControl projectId={projectId} programmeBarId={al.programmeBarId} defaultUom={uom} /></div>} </div> ); })} </div> )} </div> <div className=""flex gap-2 pt-1""> {canEditArrangements && ( <Button size=""sm"" className=""h-7 text-[11px]"" onClick={() => { setDetailTargetId(null); setEditTarget(a); }} data-testid=""button-edit-arrangement""> Edit arrangement </Button> )} {canShowExecutionArrangementApprove(a.status, canEditArrangements) && ( <> <Input type=""date"" className=""h-7 w-36 text-[11px]"" value={approvalEffectiveFrom} onChange={e => setApprovalEffectiveFrom(e.target.value)} aria-label=""Approval effective from"" /> <Button size=""sm"" variant=""outline"" className=""h-7 text-[11px] text-emerald-700 border-emerald-300 hover:bg-emerald-50"" disabled={approvalMutation.isPending || !approvalEffectiveFrom} onClick={() => approvalMutation.mutate({ arrangementId: a.id, effectiveFrom: approvalEffectiveFrom })} data-testid=""button-approve-arrangement"" > {approvalMutation.isPending ? <Loader2 className=""w-3 h-3 mr-1 animate-spin"" /> : <Check className=""w-3 h-3 mr-1"" />} Approve </Button> </> )} <Button size=""sm"" variant=""outline"" className=""h-7 text-[11px]"" onClick={() => setDetailTargetId(null)}>Close</Button> </div> </div> </DialogContent> </Dialog> ); })()"
"client/src/pages/ExecutionArrangements.tsx","client/src/pages/ExecutionArrangements.tsx:539","refetchEvidence","refetchEvidence()"
"client/src/pages/FieldHome.tsx","client/src/pages/FieldHome.tsx:408","useQueryClient","useQueryClient()"
"client/src/pages/FieldHome.tsx","client/src/pages/FieldHome.tsx:418","useQuery","useQuery<any[]>({ queryKey: [`/api/site-requirements?dateFrom=${TODAY_DATE}&dateTo=${TODAY_DATE}`], })"
"client/src/pages/FieldHome.tsx","client/src/pages/FieldHome.tsx:425","useMutation","useMutation({ mutationFn: () => apiRequest(""PATCH"", `/api/site-requirements/${req.id}/readiness`, { materialStatus: matStatus || ""not_required"", equipmentStatus: eqStatus || ""not_required"", labourStatus: labStatus || ""not_required"", immediateStatus: immStatus || ""not_required"", remarks, }), onSuccess: () => { queryClient.invalidateQueries({ queryKey: [`/api/site-requirements?dateFrom=${TODAY_DATE}&dateTo=${TODAY_DATE}`], }); toast({ title: ""Readiness confirmed"", description: ""Your morning readiness has been saved."" }); }, onError: (err: any) => toast({ title: ""Failed to save"", description: err.message, variant: ""destructive"" }), })"
"client/src/pages/FieldHome.tsx","client/src/pages/FieldHome.tsx:427","apiRequest","apiRequest(""PATCH"", `/api/site-requirements/${req.id}/readiness`, { materialStatus: matStatus || ""not_required"", equipmentStatus: eqStatus || ""not_required"", labourStatus: labStatus || ""not_required"", immediateStatus: immStatus || ""not_required"", remarks, })"
"client/src/pages/FieldHome.tsx","client/src/pages/FieldHome.tsx:831","useQuery","useQuery<any[]>({ queryKey: [""/api/sites""] })"
"client/src/pages/FieldHome.tsx","client/src/pages/FieldHome.tsx:837","useQuery","useQuery<unknown>({ queryKey: [""/api/dprs/with-details"", lookbackFromStr, todayStr], queryFn: async () => { const response = await fetch(`/api/dprs/with-details?dateFrom=${lookbackFromStr}&dateTo=${todayStr}`); if (!response.ok) throw new Error(`Failed to load DPRs (${response.status})`); const payload: unknown = await response.json(); if (!Array.isArray(payload)) throw new Error(""DPR response was not an array""); return payload; }, })"
"client/src/pages/FieldHome.tsx","client/src/pages/FieldHome.tsx:840","fetch","fetch(`/api/dprs/with-details?dateFrom=${lookbackFromStr}&dateTo=${todayStr}`)"
"client/src/pages/FieldHome.tsx","client/src/pages/FieldHome.tsx:851","useQuery","useQuery<any[]>({ queryKey: [""/api/purchase-indents""], enabled: canProcure, })"
"client/src/pages/FieldHome.tsx","client/src/pages/FieldHome.tsx:862","useQuery","useQuery<any[]>({ queryKey: [""/api/site-requirements"", tomorrowStr], queryFn: () => fetch(`/api/site-requirements?dateFrom=${tomorrowStr}&dateTo=${tomorrowStr}`) .then(r => r.json()), enabled: sectionVisible(""site_dprs""), })"
"client/src/pages/FieldHome.tsx","client/src/pages/FieldHome.tsx:865","fetch(`/api/site-requirements?dateFrom=${tomorrowStr}&dateTo=${tomorrowStr}`)
        .then","fetch(`/api/site-requirements?dateFrom=${tomorrowStr}&dateTo=${tomorrowStr}`) .then(r => r.json())"
"client/src/pages/FieldHome.tsx","client/src/pages/FieldHome.tsx:865","fetch","fetch(`/api/site-requirements?dateFrom=${tomorrowStr}&dateTo=${tomorrowStr}`)"
"client/src/pages/FieldHome.tsx","client/src/pages/FieldHome.tsx:870","useQuery","useQuery<any[]>({ queryKey: [""/api/site-requirements"", todayStr], queryFn: () => fetch(`/api/site-requirements?dateFrom=${todayStr}&dateTo=${todayStr}`) .then(r => r.json()), enabled: sectionVisible(""site_dprs""), })"
"client/src/pages/FieldHome.tsx","client/src/pages/FieldHome.tsx:873","fetch(`/api/site-requirements?dateFrom=${todayStr}&dateTo=${todayStr}`)
        .then","fetch(`/api/site-requirements?dateFrom=${todayStr}&dateTo=${todayStr}`) .then(r => r.json())"
"client/src/pages/FieldHome.tsx","client/src/pages/FieldHome.tsx:873","fetch","fetch(`/api/site-requirements?dateFrom=${todayStr}&dateTo=${todayStr}`)"
"client/src/pages/FieldHome.tsx","client/src/pages/FieldHome.tsx:878","useQuery","useQuery<any[]>({ queryKey: [""/api/site-material-trips"", todayStr], queryFn: () => fetch(`/api/site-material-trips?dateFrom=${todayStr}&dateTo=${todayStr}`) .then(r => r.json()), enabled: sectionVisible(""site_materials""), })"
"client/src/pages/FieldHome.tsx","client/src/pages/FieldHome.tsx:881","fetch(`/api/site-material-trips?dateFrom=${todayStr}&dateTo=${todayStr}`)
        .then","fetch(`/api/site-material-trips?dateFrom=${todayStr}&dateTo=${todayStr}`) .then(r => r.json())"
"client/src/pages/FieldHome.tsx","client/src/pages/FieldHome.tsx:881","fetch","fetch(`/api/site-material-trips?dateFrom=${todayStr}&dateTo=${todayStr}`)"
"client/src/pages/FieldHome.tsx","client/src/pages/FieldHome.tsx:886","useQuery","useQuery<any[]>({ queryKey: [""/api/site-material-stock""], enabled: sectionVisible(""site_materials""), })"
"client/src/pages/FieldHome.tsx","client/src/pages/FieldHome.tsx:891","useQuery","useQuery<any[]>({ queryKey: [""/api/irn""], enabled: canRaiseIrn, })"
"client/src/pages/FieldHome.tsx","client/src/pages/FieldHome.tsx:910","fetch","fetch(`/api/boq/projects?siteId=${site.id}`, { credentials: ""include"" })"
"client/src/pages/FieldHome.tsx","client/src/pages/FieldHome.tsx:914","fetch","fetch(`/api/boq/projects/${project.id}/programme`, { credentials: ""include"" })"
"client/src/pages/FieldHome.tsx","client/src/pages/FieldHome.tsx:947","useQuery","useQuery<BoqProjectWithCounts[]>({ queryKey: [""/api/boq/projects"", { siteId: currentSiteId }], queryFn: () => fetch(`/api/boq/projects?siteId=${currentSiteId}`) .then(r => r.json()), enabled: !!currentSiteId, })"
"client/src/pages/FieldHome.tsx","client/src/pages/FieldHome.tsx:950","fetch(`/api/boq/projects?siteId=${currentSiteId}`)
        .then","fetch(`/api/boq/projects?siteId=${currentSiteId}`) .then(r => r.json())"
"client/src/pages/FieldHome.tsx","client/src/pages/FieldHome.tsx:950","fetch","fetch(`/api/boq/projects?siteId=${currentSiteId}`)"
"client/src/pages/FieldHome.tsx","client/src/pages/FieldHome.tsx:962","useQuery","useQuery<PlanVsActualRow[]>({ queryKey: [""/api/boq/projects"", activeProject?.id, ""plan-vs-actual"", todayStr], queryFn: () => fetch(`/api/boq/projects/${activeProject!.id}/plan-vs-actual?asOf=${todayStr}`) .then(r => r.json()), enabled: !!activeProject && hasProgramme, })"
"client/src/pages/FieldHome.tsx","client/src/pages/FieldHome.tsx:965","fetch(`/api/boq/projects/${activeProject!.id}/plan-vs-actual?asOf=${todayStr}`)
        .then","fetch(`/api/boq/projects/${activeProject!.id}/plan-vs-actual?asOf=${todayStr}`) .then(r => r.json())"
"client/src/pages/FieldHome.tsx","client/src/pages/FieldHome.tsx:965","fetch","fetch(`/api/boq/projects/${activeProject!.id}/plan-vs-actual?asOf=${todayStr}`)"
"client/src/pages/FieldHome.tsx","client/src/pages/FieldHome.tsx:1158","useMutation","useMutation({ mutationFn: async () => { const response = await apiRequest(""POST"", ""/api/dprs?resumeExisting=1"", { date: todayStr, site: currentSiteName, engineer: myName, role: ""engineer"", workType: ""road"", dprStatus: ""draft"", progress: [], structureItems: [], equipment: [], labour: [], materials: [], sitePurchases: [], }); return response.json(); }, onSuccess: (draft: any) => { setLocation(dprWorkHubHref(draft.id)); }, })"
"client/src/pages/FieldHome.tsx","client/src/pages/FieldHome.tsx:1160","apiRequest","apiRequest(""POST"", ""/api/dprs?resumeExisting=1"", { date: todayStr, site: currentSiteName, engineer: myName, role: ""engineer"", workType: ""road"", dprStatus: ""draft"", progress: [], structureItems: [], equipment: [], labour: [], materials: [], sitePurchases: [], })"
"client/src/pages/FinanceHub.tsx","client/src/pages/FinanceHub.tsx:33","useQuery","useQuery<any[]>({ queryKey: [""/api/purchase-indents"", TODAY], queryFn: async () => { const res = await fetch(`/api/purchase-indents?dateFrom=2000-01-01&dateTo=${TODAY}`); if (!res.ok) return []; return res.json(); }, enabled: canProcure, })"
"client/src/pages/FinanceHub.tsx","client/src/pages/FinanceHub.tsx:36","fetch","fetch(`/api/purchase-indents?dateFrom=2000-01-01&dateTo=${TODAY}`)"
"client/src/pages/FinanceHub.tsx","client/src/pages/FinanceHub.tsx:43","useQuery","useQuery<any[]>({ queryKey: [""/api/irn""], queryFn: async () => { const res = await fetch(""/api/irn""); if (!res.ok) return []; return res.json(); }, enabled: sectionVisible(""irn_view"") || sectionVisible(""irn_raise""), })"
"client/src/pages/FinanceHub.tsx","client/src/pages/FinanceHub.tsx:46","fetch","fetch(""/api/irn"")"
"client/src/pages/GuidedDpr.tsx","client/src/pages/GuidedDpr.tsx:385","useQuery","useQuery<any>({ queryKey: [""/api/dprs"", serverDraftId], queryFn: async () => { const res = await fetch(`/api/dprs/${serverDraftId}`, { credentials: ""include"" }); if (!res.ok) throw new Error(""draft_load_failed""); return res.json(); }, enabled: serverDraftId != null, })"
"client/src/pages/GuidedDpr.tsx","client/src/pages/GuidedDpr.tsx:388","fetch","fetch(`/api/dprs/${serverDraftId}`, { credentials: ""include"" })"
"client/src/pages/GuidedDpr.tsx","client/src/pages/GuidedDpr.tsx:517","useQuery","useQuery<OpenUsageLike[]>({ queryKey: [""/api/plant-module/equipment-usage/open-today"", date, siteName], queryFn: async () => { // 06X-HF2: site context is required — the server will return 400 without // it. The enabled guard below prevents this call when siteName is empty, // but surface a clear message if somehow called without site context. if (!siteName) { console.warn(""GuidedDpr: open-usage discovery skipped — no site context""); return []; } let res: Response; try { res = await fetch( `/api/plant-module/equipment-usage/open-today?date=${encodeURIComponent(date)}&site=${encodeURIComponent(siteName)}`, { credentials: ""include"" }, ); } catch (error) { console.warn(""GuidedDpr: open-usage discovery network error:"", error); toast({ title: ""Equipment linkage unavailable"", description: ""Could not check dispatched equipment. You can continue with manual equipment entry."", variant: ""destructive"", }); return []; } if (!res.ok) { // 06X-HF2: surface actionable errors rather than silently returning // empty. 400 = missing/invalid site param; 403 = no site access. // These are non-fatal for the DPR — we return [] but log a warning // and show a toast so the user knows equipment linkage is unavailable. let serverMsg = """"; try { serverMsg = (await res.json()).message ?? """"; } catch { /* ignore */ } console.warn(`GuidedDpr: open-usage discovery failed (${res.status}): ${serverMsg}`); toast({ title: ""Equipment linkage unavailable"", description: serverMsg || ( res.status === 403 ? ""You do not have access to this site's dispatched equipment."" : ""Could not check dispatched equipment. You can continue with manual equipment entry."" ), variant: ""destructive"", }); return []; } return res.json(); }, enabled: !!date && !!siteName, })"
"client/src/pages/GuidedDpr.tsx","client/src/pages/GuidedDpr.tsx:529","fetch","fetch( `/api/plant-module/equipment-usage/open-today?date=${encodeURIComponent(date)}&site=${encodeURIComponent(siteName)}`, { credentials: ""include"" }, )"
"client/src/pages/GuidedDpr.tsx","client/src/pages/GuidedDpr.tsx:565","useQuery","useQuery<any[]>({ queryKey: [""/api/plant-module/equipment"", ""guided""], queryFn: async () => { const res = await fetch(""/api/plant-module/equipment?includeInactive=true"", { credentials: ""include"" }); if (!res.ok) return []; return res.json(); }, // Batch 06C §9: the master must load whenever the Equipment step is // usable — open-usage reuse is an ADDITIONAL mechanism, not a // prerequisite for picking a machine from the Equipment & Fleet master. })"
"client/src/pages/GuidedDpr.tsx","client/src/pages/GuidedDpr.tsx:568","fetch","fetch(""/api/plant-module/equipment?includeInactive=true"", { credentials: ""include"" })"
"client/src/pages/GuidedDpr.tsx","client/src/pages/GuidedDpr.tsx:585","useQuery","useQuery<Array<{ progressEntryKey?: string | null }>>({ queryKey: [""/api/attachments"", ""dpr_progress"", draftId], queryFn: async () => { const res = await fetch(`/api/attachments?moduleType=dpr_progress&linkedRecordId=${draftId}`, { credentials: ""include"" }); return res.ok ? res.json() : []; }, enabled: draftId != null, })"
"client/src/pages/GuidedDpr.tsx","client/src/pages/GuidedDpr.tsx:588","fetch","fetch(`/api/attachments?moduleType=dpr_progress&linkedRecordId=${draftId}`, { credentials: ""include"" })"
"client/src/pages/GuidedDpr.tsx","client/src/pages/GuidedDpr.tsx:618","useQuery","useQuery<Site[]>({ queryKey: [""/api/sites""] })"
"client/src/pages/GuidedDpr.tsx","client/src/pages/GuidedDpr.tsx:658","useQuery","useQuery<Personnel[]>({ queryKey: [""/api/personnel""] })"
"client/src/pages/GuidedDpr.tsx","client/src/pages/GuidedDpr.tsx:900","useQuery","useQuery<any[]>({ queryKey: [""/api/boq/projects"", boqProjectId, ""earthwork-arrangements""], queryFn: async () => { const res = await fetch(`/api/boq/projects/${boqProjectId}/earthwork-arrangements`, { credentials: ""include"" }); if (!res.ok) return []; const data = await res.json(); return Array.isArray(data) ? data : (data.arrangements ?? []); }, enabled: !!boqProjectId, })"
"client/src/pages/GuidedDpr.tsx","client/src/pages/GuidedDpr.tsx:903","fetch","fetch(`/api/boq/projects/${boqProjectId}/earthwork-arrangements`, { credentials: ""include"" })"
"client/src/pages/GuidedDpr.tsx","client/src/pages/GuidedDpr.tsx:958","useQuery","useQuery<PlanVsActualRow[]>({ queryKey: [""/api/boq/projects"", boqProjectId, ""plan-vs-actual"", date], queryFn: async () => { const res = await fetch(`/api/boq/projects/${boqProjectId}/plan-vs-actual?asOf=${date}`, { credentials: ""include"" }); return res.ok ? res.json() : []; }, enabled: !!boqProjectId, })"
"client/src/pages/GuidedDpr.tsx","client/src/pages/GuidedDpr.tsx:961","fetch","fetch(`/api/boq/projects/${boqProjectId}/plan-vs-actual?asOf=${date}`, { credentials: ""include"" })"
"client/src/pages/GuidedDpr.tsx","client/src/pages/GuidedDpr.tsx:973","useQuery","useQuery<ProgrammeBar[]>({ queryKey: [""/api/boq/projects"", boqProjectId, ""programme""], queryFn: async () => { const res = await fetch(`/api/boq/projects/${boqProjectId}/programme`, { credentials: ""include"" }); return res.ok ? res.json() : []; }, enabled: !!boqProjectId, })"
"client/src/pages/GuidedDpr.tsx","client/src/pages/GuidedDpr.tsx:976","fetch","fetch(`/api/boq/projects/${boqProjectId}/programme`, { credentials: ""include"" })"
"client/src/pages/GuidedDpr.tsx","client/src/pages/GuidedDpr.tsx:984","useQuery","useQuery<DprWithDetails[]>({ queryKey: [""/api/dprs/with-details"", yesterday, date], queryFn: async () => { const res = await fetch(`/api/dprs/with-details?dateFrom=${yesterday}&dateTo=${date}`, { credentials: ""include"" }); return res.ok ? res.json() : []; }, enabled: !!date, })"
"client/src/pages/GuidedDpr.tsx","client/src/pages/GuidedDpr.tsx:987","fetch","fetch(`/api/dprs/with-details?dateFrom=${yesterday}&dateTo=${date}`, { credentials: ""include"" })"
"client/src/pages/GuidedDpr.tsx","client/src/pages/GuidedDpr.tsx:1303","apiRequest","apiRequest(""POST"", ""/api/attachments"", { moduleType: ""dpr_progress"", linkedRecordId: dprId, siteId: selectedSiteId ?? null, boqProjectId: boqProjectId ?? null, fileName: file.name, objectPath: up.objectPath, mimeType: file.type || ""application/octet-stream"", fileSize: file.size, progressEntryKey, })"
"client/src/pages/GuidedDpr.tsx","client/src/pages/GuidedDpr.tsx:1506","useMutation","useMutation({ mutationFn: async (asDraft: boolean) => { if (urlDraftDpr?.workType === ""structure"") { throw new Error(""Structure drafts must be edited in the Detailed editor. No changes have been sent.""); } const missingFuelSource = equipment.some((row) => Number(row.passthrough?.diesel ?? 0) > 0 && !row.passthrough?.dieselSource ); if (missingFuelSource) { toast({ title: ""Select diesel source for every equipment row with positive diesel"", variant: ""destructive"" }); throw new Error(""Diesel source is required for positive diesel""); } const dieselTankError = equipment .map((row, index) => validateDieselTankBalance( row.passthrough, row.machine?.trim() || `Equipment row ${index + 1}`, )) .find((error): error is string => error != null); if (dieselTankError) { toast({ title: ""Diesel tank balance required"", description: dieselTankError, variant: ""destructive"" }); throw new Error(dieselTankError); } const payload = buildPayload(asDraft); const sentLabour = labour.filter(row => row.persistedId != null || isFilledLabourRow(row)); const payloadRows = equipment.filter((e) => isMeaningfulEquipmentRow({ ...e.passthrough, machine: e.machine, vehicleNo: e.vehicleNo, operator: e.operator, task: e.task }), ); payload.equipment = (await prepareBreakdownAttachments(payloadRows)).map((row) => buildGuidedEquipmentPayload(row)) as any[]; // Part A: reuse the saved draft record instead of creating duplicates. let res; if (draftId != null) { const savedResponse = await apiRequest(""PATCH"", `/api/dprs/${draftId}/draft`, { ...payload, dprStatus: ""draft"", ...requireDprWriteTokens(draftWriteTokensRef.current), }); const saved = await savedResponse.json(); draftWriteTokensRef.current = readDprWriteTokens(saved); setLabour(current => adoptLabourRowIds(current, sentLabour, saved.labour ?? [])); // Advance only on a successful persist, never from background refetch. setEquipment((saved.equipment ?? []).map((row: any) => splitGuidedEquipmentRow(row))); unmanagedSectionsRef.current = { materials: saved.materials ?? [], sitePurchases: saved.sitePurchases ?? [], structureItems: saved.structureItems ?? [], }; if (asDraft) return { data: saved, asDraft, sentLabour: undefined }; res = await apiRequest(""POST"", `/api/dprs/${draftId}/submit`, { ...requireDprWriteTokens(draftWriteTokensRef.current), clientTimestamp: payload.clientTimestamp, }); } else { res = await apiRequest(""POST"", ""/api/dprs"", payload); } return { data: await res.json(), asDraft, sentLabour }; }, onSuccess: async ({ data, asDraft, sentLabour }) => { if (asDraft) { draftWriteTokensRef.current = readDprWriteTokens(data); hydratedRef.current = true; setDraftId(data.id); if (sentLabour) setLabour(current => adoptLabourRowIds(current, sentLabour, data.labour ?? [])); } // Pin the server's canonical project before photo work starts. A draft // save is still successful when one or more staged photos need retry; // that later in-page retry must not re-resolve the project from order. if (asDraft && Object.prototype.hasOwnProperty.call(data, ""boqProjectId"") && isSavedBoqProjectId(data.boqProjectId)) { serverBoqProjectPinRef.current = data.boqProjectId; evidenceRecoveredProjectRef.current = null; localBoqPreferenceScopeRef.current = null; setBoqProjectPreference({ resolved: true, projectId: data.boqProjectId }); setAutosaveBoqProjectId(data.boqProjectId); } let failedPhotoCount = 0; if (stagedPhotoCount > 0) { // Attached photos leave the staged lists (no duplicate re-upload on // the next save); failed ones stay staged so the user can retry. const { failed, failedByEntry } = await uploadStagedPhotos(data.id); setStagedPhotos(failed); setEntryPhotos(failedByEntry); failedPhotoCount = failed.length + Object.values(failedByEntry).reduce((n, f) => n + f.length, 0); queryClient.invalidateQueries({ queryKey: [""/api/attachments"", ""dpr_progress"", data.id] }); } queryClient.invalidateQueries({ queryKey: [""/api/dprs""] }); if (asDraft) { const savedId = data.id ?? draftId; setDraftId(savedId); // Batch 05 (spec §10): once the server draft holds this work, the // server is authoritative — clear this screen's local blob and any // stale new-DPR blob (either silo) for the same draft/site/date. await autosave.clearDraft(); if (savedId != null) await reconcileNewDprAutosaves({ draftId: savedId, site: siteName, date }); // Batch 06D §3: explicit Save Draft = ""park it safely and leave"". // Navigate only AFTER the server confirmed the save (we're in // onSuccess) AND every staged photo uploaded — leaving would unmount // the still-staged failed files and silently lose them. Retrying // Save Draft here is safe (PATCHes the same draft). if (failedPhotoCount > 0) { toast({ title: ""Draft saved — photos need retry"", description: `${failedPhotoCount} photo${failedPhotoCount !== 1 ? ""s"" : """"} failed to upload and ${failedPhotoCount !== 1 ? ""are"" : ""is""} still attached here. Tap Save Draft again to retry.`, variant: ""destructive"", }); return; } toast({ title: ""Draft Saved"", description: ""You can complete today's DPR later from Field Home."" }); setLocation(returnTo); } else { await autosave.clearDraft(); if ((data.id ?? draftId) != null) await reconcileNewDprAutosaves({ draftId: data.id ?? draftId!, site: siteName, date }); toast({ title: ""Report Saved Successfully"", description: ""Your site report has been submitted."" }); setLocation(`/site/success/${data.id ?? draftId}?type=road&returnTo=${encodeURIComponent(returnTo)}`); } }, onError: (err: any) => { const shortage = parseInsufficientPlantStock(err); if (shortage) { setDieselShortage(shortage); return; } // Batch 06V: normalised DPR error — plain message, never raw JSON/code. const dprErr = parseDprError(err); toast({ title: dprErr.title, description: dprErr.lines.join(""\n"") || undefined, variant: ""destructive"" }); // Instruction 06X: prefer rowIndex/rowKey from DPR_NOT_READY; fall back // to highlightActivity for activity-section rows. const target = extractNotReadyRowTarget(err); if (target) { // Map the error's section to the wizard step that owns those rows. const targetStep = READINESS_SECTION_TO_GUIDED_STEP[target.section] ?? null; if (targetStep !== null && targetStep !== step) { // Navigate first; the useEffect on `step` will scroll after render. pendingHighlightRef.current = target; setStep(targetStep as GuidedStepId); } else { // Already on the correct step — scroll immediately. scrollAndHighlightRow(target); } } else if (dprErr.highlightActivity) { // Legacy: locate by activity name when rowIndex absent. // Activities live on step 2 (Activities) or 3 (Details). const idx = entries.findIndex((e) => e.activity === dprErr.highlightActivity); if (idx >= 0) { const activityStep: GuidedStepId = 2; if (step !== activityStep) { pendingHighlightRef.current = { section: ""activities"", rowIndex: idx, rowKey: null }; setStep(activityStep); } else { const el = document.querySelector(`[data-testid=""card-entry-${idx}""]`); if (el) { el.scrollIntoView({ behavior: ""smooth"", block: ""center"" }); el.classList.add(""ring-2"", ""ring-destructive"", ""ring-offset-2""); setTimeout(() => el.classList.remove(""ring-2"", ""ring-destructive"", ""ring-offset-2""), 3000); } } } } }, })"
"client/src/pages/GuidedDpr.tsx","client/src/pages/GuidedDpr.tsx:1537","apiRequest","apiRequest(""PATCH"", `/api/dprs/${draftId}/draft`, { ...payload, dprStatus: ""draft"", ...requireDprWriteTokens(draftWriteTokensRef.current), })"
"client/src/pages/GuidedDpr.tsx","client/src/pages/GuidedDpr.tsx:1549","apiRequest","apiRequest(""POST"", `/api/dprs/${draftId}/submit`, { ...requireDprWriteTokens(draftWriteTokensRef.current), clientTimestamp: payload.clientTimestamp, })"
"client/src/pages/GuidedDpr.tsx","client/src/pages/GuidedDpr.tsx:1553","apiRequest","apiRequest(""POST"", ""/api/dprs"", payload)"
"client/src/pages/GuidedDpr.tsx","client/src/pages/GuidedDpr.tsx:2554","fetchLatestPriorClosing(sel.id, date, siteName, { inclusive: true }).then","fetchLatestPriorClosing(sel.id, date, siteName, { inclusive: true }).then((latest) => { if (latest.closingReading == null) return; setEquipment((p) => p.map((r, j) => { // Only the row this selection happened on — // never other rows that share the machine. if (j !== i) return r; const pt = r.passthrough as Record<string, any>; if (pt?.equipmentId !== sel.id) return r; if (pt.plantUsageId != null) return r; if (pt.openingReading !== undefined && pt.openingReading !== null && pt.openingReading !== """") return r; return { ...r, passthrough: { ...pt, openingReading: latest.closingReading } }; })); })"
"client/src/pages/GuidedDpr.tsx","client/src/pages/GuidedDpr.tsx:2554","fetchLatestPriorClosing","fetchLatestPriorClosing(sel.id, date, siteName, { inclusive: true })"
"client/src/pages/HmpHub.tsx","client/src/pages/HmpHub.tsx:70","useQuery","useQuery<any[]>({ queryKey: [""/api/plant-module/shift-logs"", TODAY], queryFn: async () => { const res = await fetch(`/api/plant-module/shift-logs?dateFrom=${TODAY}&dateTo=${TODAY}`); if (!res.ok) return []; const data = await res.json(); return Array.isArray(data) ? data : []; }, enabled: canShift, staleTime: 2 * 60 * 1000, refetchInterval: 5 * 60 * 1000, })"
"client/src/pages/HmpHub.tsx","client/src/pages/HmpHub.tsx:73","fetch","fetch(`/api/plant-module/shift-logs?dateFrom=${TODAY}&dateTo=${TODAY}`)"
"client/src/pages/HmpHub.tsx","client/src/pages/HmpHub.tsx:83","useQuery","useQuery<any[]>({ queryKey: [""/api/plant-module/dispatches"", TODAY], queryFn: async () => { const res = await fetch(`/api/plant-module/dispatches?dateFrom=${TODAY}&dateTo=${TODAY}`); if (!res.ok) return []; const data = await res.json(); return Array.isArray(data) ? data : []; }, enabled: canProd, staleTime: 2 * 60 * 1000, refetchInterval: 5 * 60 * 1000, })"
"client/src/pages/HmpHub.tsx","client/src/pages/HmpHub.tsx:86","fetch","fetch(`/api/plant-module/dispatches?dateFrom=${TODAY}&dateTo=${TODAY}`)"
"client/src/pages/HmpHub.tsx","client/src/pages/HmpHub.tsx:96","useQuery","useQuery<any[]>({ queryKey: [""/api/plant-module/dispatches-trend"", sevenDaysAgo, TODAY], queryFn: async () => { const res = await fetch(`/api/plant-module/dispatches?dateFrom=${sevenDaysAgo}&dateTo=${TODAY}`); if (!res.ok) return []; const rows: any[] = await res.json(); const byDate: Record<string, number> = {}; rows.forEach(r => { const d = r.date || r.dispatchDate; if (d) byDate[d] = (byDate[d] || 0) + (parseFloat(r.weight || r.tonnage || r.quantity || ""0"") || 0); }); const allDates: string[] = []; for (let i = 6; i >= 0; i--) { const d = new Date(Date.now() - i * 24 * 60 * 60 * 1000).toISOString().slice(0, 10); allDates.push(d); } return allDates.map(d => ({ date: d, tonnes: byDate[d] || 0 })); }, enabled: canProd, staleTime: 5 * 60 * 1000, })"
"client/src/pages/HmpHub.tsx","client/src/pages/HmpHub.tsx:99","fetch","fetch(`/api/plant-module/dispatches?dateFrom=${sevenDaysAgo}&dateTo=${TODAY}`)"
"client/src/pages/HmpHub.tsx","client/src/pages/HmpHub.tsx:118","useQuery","useQuery<any[]>({ queryKey: [""/api/plant-module/equipment-usage"", TODAY], queryFn: async () => { const res = await fetch(`/api/plant-module/equipment-usage?dateFrom=${TODAY}&dateTo=${TODAY}`); if (!res.ok) return []; const data = await res.json(); return Array.isArray(data) ? data : []; }, enabled: canEquipment, staleTime: 2 * 60 * 1000, refetchInterval: 5 * 60 * 1000, })"
"client/src/pages/HmpHub.tsx","client/src/pages/HmpHub.tsx:121","fetch","fetch(`/api/plant-module/equipment-usage?dateFrom=${TODAY}&dateTo=${TODAY}`)"
"client/src/pages/Home.tsx","client/src/pages/Home.tsx:84","useQuery","useQuery<any[]>({ queryKey: [""/api/sites""] })"
"client/src/pages/Home.tsx","client/src/pages/Home.tsx:86","useQuery","useQuery<any[]>({ queryKey: [""/api/dprs"", { dateFrom: todayStr, dateTo: todayStr }], queryFn: () => fetch(`/api/dprs?dateFrom=${todayStr}&dateTo=${todayStr}`) .then((r) => r.json()), })"
"client/src/pages/Home.tsx","client/src/pages/Home.tsx:89","fetch(`/api/dprs?dateFrom=${todayStr}&dateTo=${todayStr}`)
        .then","fetch(`/api/dprs?dateFrom=${todayStr}&dateTo=${todayStr}`) .then((r) => r.json())"
"client/src/pages/Home.tsx","client/src/pages/Home.tsx:89","fetch","fetch(`/api/dprs?dateFrom=${todayStr}&dateTo=${todayStr}`)"
"client/src/pages/Home.tsx","client/src/pages/Home.tsx:99","useQuery","useQuery<any[]>({ queryKey: [""/api/dprs"", { dateFrom: draftLookbackFromStr, dateTo: todayStr }], queryFn: () => fetch(`/api/dprs?dateFrom=${draftLookbackFromStr}&dateTo=${todayStr}`) .then((r) => r.json()), enabled: canViewDprs, })"
"client/src/pages/Home.tsx","client/src/pages/Home.tsx:102","fetch(`/api/dprs?dateFrom=${draftLookbackFromStr}&dateTo=${todayStr}`)
        .then","fetch(`/api/dprs?dateFrom=${draftLookbackFromStr}&dateTo=${todayStr}`) .then((r) => r.json())"
"client/src/pages/Home.tsx","client/src/pages/Home.tsx:102","fetch","fetch(`/api/dprs?dateFrom=${draftLookbackFromStr}&dateTo=${todayStr}`)"
"client/src/pages/Home.tsx","client/src/pages/Home.tsx:110","useQuery","useQuery<any[]>({ queryKey: [""/api/dprs/with-details""], queryFn: () => fetch(""/api/dprs/with-details"").then((r) => r.json()), select: (data) => data.slice(0, 6), })"
"client/src/pages/Home.tsx","client/src/pages/Home.tsx:112","fetch(""/api/dprs/with-details"").then","fetch(""/api/dprs/with-details"").then((r) => r.json())"
"client/src/pages/Home.tsx","client/src/pages/Home.tsx:112","fetch","fetch(""/api/dprs/with-details"")"
"client/src/pages/Home.tsx","client/src/pages/Home.tsx:116","useQuery","useQuery<any[]>({ queryKey: [""/api/diesel-requirements""], })"
"client/src/pages/Home.tsx","client/src/pages/Home.tsx:120","useQuery","useQuery<any[]>({ queryKey: [""/api/purchase-indents""], })"
"client/src/pages/Home.tsx","client/src/pages/Home.tsx:124","useQuery","useQuery<any[]>({ queryKey: [""/api/plant-module/dispatches""], queryFn: () => fetch(`/api/plant-module/dispatches?dateFrom=${todayStr}&dateTo=${todayStr}`) .then((r) => r.json()), })"
"client/src/pages/Home.tsx","client/src/pages/Home.tsx:127","fetch(`/api/plant-module/dispatches?dateFrom=${todayStr}&dateTo=${todayStr}`)
        .then","fetch(`/api/plant-module/dispatches?dateFrom=${todayStr}&dateTo=${todayStr}`) .then((r) => r.json())"
"client/src/pages/Home.tsx","client/src/pages/Home.tsx:127","fetch","fetch(`/api/plant-module/dispatches?dateFrom=${todayStr}&dateTo=${todayStr}`)"
"client/src/pages/Home.tsx","client/src/pages/Home.tsx:131","useQuery","useQuery<{ dieselRequirements: unknown[]; purchaseIndents: unknown[]; }>({ queryKey: [""/api/admin/site-backfill/unassigned""], enabled: isAdmin, })"
"client/src/pages/Home.tsx","client/src/pages/Home.tsx:141","useQuery","useQuery<any[]>({ queryKey: [""/api/irn"", { status: ""pending_stores"" }], queryFn: () => fetch(""/api/irn?status=pending_stores"", { credentials: ""include"" }) .then((r) => r.json()), enabled: canSeeIrn, })"
"client/src/pages/Home.tsx","client/src/pages/Home.tsx:144","fetch(""/api/irn?status=pending_stores"", { credentials: ""include"" })
        .then","fetch(""/api/irn?status=pending_stores"", { credentials: ""include"" }) .then((r) => r.json())"
"client/src/pages/Home.tsx","client/src/pages/Home.tsx:144","fetch","fetch(""/api/irn?status=pending_stores"", { credentials: ""include"" })"
"client/src/pages/Login.tsx","client/src/pages/Login.tsx:31","useQueryClient","useQueryClient()"
"client/src/pages/Login.tsx","client/src/pages/Login.tsx:56","fetch","fetch(statusUrl, { credentials: ""include"" })"
"client/src/pages/Login.tsx","client/src/pages/Login.tsx:82","fetch","fetch(""/api/auth/claim-device"", { method: ""POST"", credentials: ""include"", headers: { ""Content-Type"": ""application/json"" }, body: JSON.stringify({ token }), })"
"client/src/pages/Login.tsx","client/src/pages/Login.tsx:117","fetch","fetch(""/api/auth/login"", { method: ""POST"", credentials: ""include"", headers: { ""Content-Type"": ""application/json"" }, body: JSON.stringify({ identifier: identifier.trim(), password }), })"
"client/src/pages/ManagementReport.tsx","client/src/pages/ManagementReport.tsx:151","useQuery","useQuery<Site[]>({ queryKey: [""/api/admin/management-report/accessible-sites""], })"
"client/src/pages/ManagementReport.tsx","client/src/pages/ManagementReport.tsx:163","useQuery","useQuery<MaterialRow[]>({ queryKey: [`/api/admin/management-report/materials?${qs}`], enabled: activeTab === ""materials"" && !!qs, })"
"client/src/pages/ManagementReport.tsx","client/src/pages/ManagementReport.tsx:167","useQuery","useQuery<ProductionRow[]>({ queryKey: [`/api/admin/management-report/production?${qs}`], enabled: activeTab === ""production"" && !!qs, })"
"client/src/pages/ManagementReport.tsx","client/src/pages/ManagementReport.tsx:171","useQuery","useQuery<FuelResponse>({ queryKey: [`/api/admin/management-report/fuel?${qs}`], enabled: activeTab === ""fuel"" && !!qs, })"
"client/src/pages/ManagementReport.tsx","client/src/pages/ManagementReport.tsx:175","useQuery","useQuery<LabourRow[]>({ queryKey: [`/api/admin/management-report/labour?${qs}`], enabled: activeTab === ""labour"" && !!qs, })"
"client/src/pages/ManagementReport.tsx","client/src/pages/ManagementReport.tsx:179","useQuery","useQuery<FinancialsResponse>({ queryKey: [`/api/admin/management-report/financials?${qs}`], enabled: activeTab === ""financials"" && !!qs, })"
"client/src/pages/ManagementReport.tsx","client/src/pages/ManagementReport.tsx:205","setPdfExporting","setPdfExporting(true)"
"client/src/pages/ManagementReport.tsx","client/src/pages/ManagementReport.tsx:210","fetch(`${base}/materials?${qs}`, { credentials: ""include"" }).then","fetch(`${base}/materials?${qs}`, { credentials: ""include"" }).then((r) => r.json())"
"client/src/pages/ManagementReport.tsx","client/src/pages/ManagementReport.tsx:210","fetch","fetch(`${base}/materials?${qs}`, { credentials: ""include"" })"
"client/src/pages/ManagementReport.tsx","client/src/pages/ManagementReport.tsx:211","fetch(`${base}/production?${qs}`, { credentials: ""include"" }).then","fetch(`${base}/production?${qs}`, { credentials: ""include"" }).then((r) => r.json())"
"client/src/pages/ManagementReport.tsx","client/src/pages/ManagementReport.tsx:211","fetch","fetch(`${base}/production?${qs}`, { credentials: ""include"" })"
"client/src/pages/ManagementReport.tsx","client/src/pages/ManagementReport.tsx:212","fetch(`${base}/fuel?${qs}`,       { credentials: ""include"" }).then","fetch(`${base}/fuel?${qs}`, { credentials: ""include"" }).then((r) => r.json())"
"client/src/pages/ManagementReport.tsx","client/src/pages/ManagementReport.tsx:212","fetch","fetch(`${base}/fuel?${qs}`, { credentials: ""include"" })"
"client/src/pages/ManagementReport.tsx","client/src/pages/ManagementReport.tsx:213","fetch(`${base}/labour?${qs}`,     { credentials: ""include"" }).then","fetch(`${base}/labour?${qs}`, { credentials: ""include"" }).then((r) => r.json())"
"client/src/pages/ManagementReport.tsx","client/src/pages/ManagementReport.tsx:213","fetch","fetch(`${base}/labour?${qs}`, { credentials: ""include"" })"
"client/src/pages/ManagementReport.tsx","client/src/pages/ManagementReport.tsx:214","fetch(`${base}/financials?${qs}`, { credentials: ""include"" }).then","fetch(`${base}/financials?${qs}`, { credentials: ""include"" }).then((r) => r.json())"
"client/src/pages/ManagementReport.tsx","client/src/pages/ManagementReport.tsx:214","fetch","fetch(`${base}/financials?${qs}`, { credentials: ""include"" })"
"client/src/pages/ManagementReport.tsx","client/src/pages/ManagementReport.tsx:279","setPdfExporting","setPdfExporting(false)"
"client/src/pages/MastersHub.tsx","client/src/pages/MastersHub.tsx:14","useQuery","useQuery<{ dieselRequirements: unknown[]; purchaseIndents: unknown[]; }>({ queryKey: [""/api/admin/site-backfill/unassigned""], enabled: isAdmin, })"
"client/src/pages/MixComparativeReport.tsx","client/src/pages/MixComparativeReport.tsx:80","doExport","doExport(data)"
"client/src/pages/MixComparativeReport.tsx","client/src/pages/MixComparativeReport.tsx:85","window.print","window.print()"
"client/src/pages/MixComparativeReport.tsx","client/src/pages/MixComparativeReport.tsx:278","useQuery","useQuery<MixEstimate[]>({ queryKey: [""/api/mix-estimates""], })"
"client/src/pages/MixEstimates.tsx","client/src/pages/MixEstimates.tsx:66","useMutation","useMutation({ mutationFn: ({ ids, to }: { ids: number[]; to: string }) => apiRequest(""PATCH"", ""/api/mix-estimates/rename-project"", { ids, to }), onSuccess: () => { queryClient.invalidateQueries({ queryKey: [""/api/mix-estimates""] }); toast({ title: ""Project renamed"" }); setEditingContractor(null); }, onError: () => toast({ title: ""Failed to rename project"", variant: ""destructive"" }), })"
"client/src/pages/MixEstimates.tsx","client/src/pages/MixEstimates.tsx:68","apiRequest","apiRequest(""PATCH"", ""/api/mix-estimates/rename-project"", { ids, to })"
"client/src/pages/MixEstimates.tsx","client/src/pages/MixEstimates.tsx:94","useQuery","useQuery<MixEstimate[]>({ queryKey: [""/api/mix-estimates""], })"
"client/src/pages/MixEstimates.tsx","client/src/pages/MixEstimates.tsx:98","useQuery","useQuery<{ id: number; fullName: string }[]>({ queryKey: [""/api/users/directory""], })"
"client/src/pages/MixEstimates.tsx","client/src/pages/MixEstimates.tsx:108","useMutation","useMutation({ mutationFn: (id: number) => apiRequest(""DELETE"", `/api/mix-estimates/${id}`), onSuccess: () => { queryClient.invalidateQueries({ queryKey: [""/api/mix-estimates""] }); toast({ title: ""Estimate deleted"" }); }, onError: () => toast({ title: ""Failed to delete estimate"", variant: ""destructive"" }), })"
"client/src/pages/MixEstimates.tsx","client/src/pages/MixEstimates.tsx:109","apiRequest","apiRequest(""DELETE"", `/api/mix-estimates/${id}`)"
"client/src/pages/MixImpact.tsx","client/src/pages/MixImpact.tsx:598","useQuery","useQuery<MixEstimate[]>({ queryKey: [""/api/mix-estimates""], })"
"client/src/pages/MixImpact.tsx","client/src/pages/MixImpact.tsx:602","useQuery","useQuery<MixEstimate>({ queryKey: [""/api/mix-estimates"", selectedId], queryFn: () => fetch(`/api/mix-estimates/${selectedId}`).then(r => r.json()), enabled: !!selectedId, })"
"client/src/pages/MixImpact.tsx","client/src/pages/MixImpact.tsx:604","fetch(`/api/mix-estimates/${selectedId}`).then","fetch(`/api/mix-estimates/${selectedId}`).then(r => r.json())"
"client/src/pages/MixImpact.tsx","client/src/pages/MixImpact.tsx:604","fetch","fetch(`/api/mix-estimates/${selectedId}`)"
"client/src/pages/MixImpact.tsx","client/src/pages/MixImpact.tsx:608","useQuery","useQuery<PriceScenario[]>({ queryKey: [""/api/price-scenarios"", selectedId], queryFn: () => fetch(`/api/price-scenarios?estimateId=${selectedId}`).then(r => r.json()), enabled: !!selectedId, })"
"client/src/pages/MixImpact.tsx","client/src/pages/MixImpact.tsx:610","fetch(`/api/price-scenarios?estimateId=${selectedId}`).then","fetch(`/api/price-scenarios?estimateId=${selectedId}`).then(r => r.json())"
"client/src/pages/MixImpact.tsx","client/src/pages/MixImpact.tsx:610","fetch","fetch(`/api/price-scenarios?estimateId=${selectedId}`)"
"client/src/pages/MixImpact.tsx","client/src/pages/MixImpact.tsx:614","useMutation","useMutation({ mutationFn: async (payload: { estimateId: number; name: string; baseState?: string }) => { const res = await apiRequest(""POST"", ""/api/price-scenarios"", payload); return res.json() as Promise<PriceScenario>; }, onSuccess: (sc: PriceScenario) => { queryClient.invalidateQueries({ queryKey: [""/api/price-scenarios"", selectedId] }); setNewScenarioName(""""); setShowCreateForm(false); window.location.href = `/mix-calculator?scenarioId=${sc.id}&estimateId=${selectedId}`; }, onError: () => toast({ title: ""Failed to create scenario"", variant: ""destructive"" }), })"
"client/src/pages/MixImpact.tsx","client/src/pages/MixImpact.tsx:616","apiRequest","apiRequest(""POST"", ""/api/price-scenarios"", payload)"
"client/src/pages/MixImpact.tsx","client/src/pages/MixImpact.tsx:628","useMutation","useMutation({ mutationFn: (id: number) => apiRequest(""DELETE"", `/api/price-scenarios/${id}`), onSuccess: () => { queryClient.invalidateQueries({ queryKey: [""/api/price-scenarios"", selectedId] }); toast({ title: ""Scenario deleted"" }); }, })"
"client/src/pages/MixImpact.tsx","client/src/pages/MixImpact.tsx:629","apiRequest","apiRequest(""DELETE"", `/api/price-scenarios/${id}`)"
"client/src/pages/MixImpact.tsx","client/src/pages/MixImpact.tsx:708","window.print","window.print()"
"client/src/pages/MyPlans.tsx","client/src/pages/MyPlans.tsx:191","useQuery","useQuery<any[]>({ queryKey: [""/api/site-requirements""], })"
"client/src/pages/NormsLibrary.tsx","client/src/pages/NormsLibrary.tsx:160","useQuery","useQuery<SnlItemFull>({ queryKey: [""/api/snl/items"", itemId], queryFn: async () => { const res = await fetch(`/api/snl/items/${itemId}`, { credentials: ""include"" }); return res.ok ? res.json() : Promise.reject(""Not found""); }, })"
"client/src/pages/NormsLibrary.tsx","client/src/pages/NormsLibrary.tsx:163","fetch","fetch(`/api/snl/items/${itemId}`, { credentials: ""include"" })"
"client/src/pages/NormsLibrary.tsx","client/src/pages/NormsLibrary.tsx:330","useQuery","useQuery<SnlSearchResult[]>({ queryKey: [""/api/snl/sources"", sourceId, ""items"", catFilter, sectorFilter], queryFn: async () => { const params = new URLSearchParams(); if (catFilter) params.set(""category"", catFilter); if (sectorFilter) params.set(""sector"", sectorFilter); const url = `/api/snl/sources/${sourceId}/items${params.size ? ""?"" + params.toString() : """"}`; const res = await fetch(url, { credentials: ""include"" }); return res.ok ? res.json() : []; }, })"
"client/src/pages/NormsLibrary.tsx","client/src/pages/NormsLibrary.tsx:337","fetch","fetch(url, { credentials: ""include"" })"
"client/src/pages/NormsLibrary.tsx","client/src/pages/NormsLibrary.tsx:393","useQuery","useQuery<SnlSearchResult[]>({ queryKey: [""/api/snl/search"", q, sectorFilter], queryFn: async () => { const params = new URLSearchParams({ q }); if (sectorFilter) params.set(""sector"", sectorFilter); const res = await fetch(`/api/snl/search?${params.toString()}`, { credentials: ""include"" }); return res.ok ? res.json() : []; }, enabled: q.trim().length > 1 || q === """", })"
"client/src/pages/NormsLibrary.tsx","client/src/pages/NormsLibrary.tsx:398","fetch","fetch(`/api/snl/search?${params.toString()}`, { credentials: ""include"" })"
"client/src/pages/NormsLibrary.tsx","client/src/pages/NormsLibrary.tsx:462","useQuery","useQuery<SnlSource[]>({ queryKey: [""/api/snl/sources""], })"
"client/src/pages/NormsLibrary.tsx","client/src/pages/NormsLibrary.tsx:466","useMutation","useMutation({ mutationFn: async (file: File) => { const fd = new FormData(); fd.append(""file"", file); const res = await fetch(""/api/snl/import"", { method: ""POST"", body: fd, credentials: ""include"", }); if (!res.ok) { const err = await res.json().catch(() => ({ error: ""Upload failed"" })); throw new Error(err.error ?? ""Import failed""); } return res.json() as Promise<ImportResult>; }, onSuccess: async (data) => { setImportResult(data); await queryClient.invalidateQueries({ queryKey: [""/api/snl/sources""] }); toast({ title: `Import complete — ${data.sourceName}`, description: `${data.itemsInserted} inserted, ${data.itemsUpdated} updated, ${data.errors.length} errors`, }); }, onError: (err: Error) => toast({ title: ""Import failed"", description: err.message, variant: ""destructive"" }), })"
"client/src/pages/NormsLibrary.tsx","client/src/pages/NormsLibrary.tsx:470","fetch","fetch(""/api/snl/import"", { method: ""POST"", body: fd, credentials: ""include"", })"
"client/src/pages/NotificationPreferences.tsx","client/src/pages/NotificationPreferences.tsx:34","useMutation","useMutation({ mutationFn: async (patch: Record<string, boolean>) => { const res = await apiRequest(""PUT"", ""/api/auth/me/notify-preferences"", patch); if (!res.ok) throw new Error(""Failed to save""); return res.json(); }, onSuccess: async () => { await refresh(); queryClient.invalidateQueries({ queryKey: [""/api/auth/me""] }); setDirty(false); toast({ title: ""Preferences saved"", description: ""Your notification subscriptions have been updated."" }); }, onError: () => { toast({ title: ""Error"", description: ""Could not save preferences. Please try again."", variant: ""destructive"" }); }, })"
"client/src/pages/NotificationPreferences.tsx","client/src/pages/NotificationPreferences.tsx:36","apiRequest","apiRequest(""PUT"", ""/api/auth/me/notify-preferences"", patch)"
"client/src/pages/PendingPlantReceipts.tsx","client/src/pages/PendingPlantReceipts.tsx:77","useQuery","useQuery<{ id: number; name: string }[]>({ queryKey: [""/api/sites""], })"
"client/src/pages/PendingPlantReceipts.tsx","client/src/pages/PendingPlantReceipts.tsx:81","useQuery","useQuery<PendingPlantReceipt[]>({ queryKey: [""/api/pending-plant-receipts"", statusFilter, locationFilter], queryFn: async () => { const params = new URLSearchParams({ status: statusFilter }); if (locationFilter !== ""all"") params.set(""receivingLocation"", locationFilter); const res = await fetch(`/api/pending-plant-receipts?${params}`); if (!res.ok) throw new Error(""Failed to load""); return res.json(); }, })"
"client/src/pages/PendingPlantReceipts.tsx","client/src/pages/PendingPlantReceipts.tsx:86","fetch","fetch(`/api/pending-plant-receipts?${params}`)"
"client/src/pages/PendingPlantReceipts.tsx","client/src/pages/PendingPlantReceipts.tsx:92","useMutation","useMutation({ mutationFn: (id: number) => apiRequest(""PATCH"", `/api/pending-plant-receipts/${id}`, { action: ""confirm"" }), onSuccess: () => { queryClient.invalidateQueries({ queryKey: [""/api/pending-plant-receipts""] }); queryClient.invalidateQueries({ queryKey: [""/api/purchase-indents""] }); setConfirmId(null); toast({ title: ""Receipt confirmed — stock updated"" }); }, onError: (err: Error) => { toast({ title: ""Confirmation failed"", description: err.message, variant: ""destructive"" }); }, })"
"client/src/pages/PendingPlantReceipts.tsx","client/src/pages/PendingPlantReceipts.tsx:94","apiRequest","apiRequest(""PATCH"", `/api/pending-plant-receipts/${id}`, { action: ""confirm"" })"
"client/src/pages/PendingPlantReceipts.tsx","client/src/pages/PendingPlantReceipts.tsx:106","useMutation","useMutation({ mutationFn: ({ id, reason }: { id: number; reason: string }) => apiRequest(""PATCH"", `/api/pending-plant-receipts/${id}`, { action: ""reject"", rejectionReason: reason }), onSuccess: () => { queryClient.invalidateQueries({ queryKey: [""/api/pending-plant-receipts""] }); queryClient.invalidateQueries({ queryKey: [""/api/purchase-indents""] }); setRejectId(null); setRejectionReason(""""); toast({ title: ""Receipt rejected — purchaser notified"" }); }, onError: (err: Error) => { toast({ title: ""Rejection failed"", description: err.message, variant: ""destructive"" }); }, })"
"client/src/pages/PendingPlantReceipts.tsx","client/src/pages/PendingPlantReceipts.tsx:108","apiRequest","apiRequest(""PATCH"", `/api/pending-plant-receipts/${id}`, { action: ""reject"", rejectionReason: reason })"
"client/src/pages/PermissionMigrationAudit.tsx","client/src/pages/PermissionMigrationAudit.tsx:71","useQuery","useQuery<PermissionMigrationAuditResponse>({ queryKey: [""/api/admin/permission-migration-audit""], })"
"client/src/pages/PermissionMigrationAudit.tsx","client/src/pages/PermissionMigrationAudit.tsx:142","refetch","refetch()"
"client/src/pages/PermissionMigrationAudit.tsx","client/src/pages/PermissionMigrationAudit.tsx:154","refetch","refetch()"
"client/src/pages/PlanningMasters.tsx","client/src/pages/PlanningMasters.tsx:46","useMutation","useMutation({ mutationFn: async () => { const standardOutputs = CANONICAL_UNITS .filter((u) => outputMap[u] && parseFloat(outputMap[u]) > 0) .map((u) => ({ unit: u, outputPerHr: parseFloat(outputMap[u]) })); const payload = { name: name.trim(), category, standardOutputs, fuelType: fuelType || null, consumptionNorm: fuelNorm.trim() ? parseFloat(fuelNorm) : null, isActive: true, }; if (item) { await apiRequest(""PATCH"", `/api/planning/equipment-types/${item.id}`, payload); } else { await apiRequest(""POST"", ""/api/planning/equipment-types"", payload); } }, onSuccess: async () => { await queryClient.invalidateQueries({ queryKey: [""/api/planning/equipment-types""] }); toast({ title: item ? ""Equipment type updated"" : ""Equipment type added"" }); onClose(); }, onError: () => toast({ title: ""Save failed"", variant: ""destructive"" }), })"
"client/src/pages/PlanningMasters.tsx","client/src/pages/PlanningMasters.tsx:60","apiRequest","apiRequest(""PATCH"", `/api/planning/equipment-types/${item.id}`, payload)"
"client/src/pages/PlanningMasters.tsx","client/src/pages/PlanningMasters.tsx:62","apiRequest","apiRequest(""POST"", ""/api/planning/equipment-types"", payload)"
"client/src/pages/PlanningMasters.tsx","client/src/pages/PlanningMasters.tsx:207","useMutation","useMutation({ mutationFn: async () => { const standardOutputs = CANONICAL_UNITS .filter((u) => outputMap[u] && parseFloat(outputMap[u]) > 0) .map((u) => ({ unit: u, outputPerDay: parseFloat(outputMap[u]) })); const payload = { designation: designation.trim(), skillTier, standardOutputs, isActive: true }; if (item) { await apiRequest(""PATCH"", `/api/planning/labour-types/${item.id}`, payload); } else { await apiRequest(""POST"", ""/api/planning/labour-types"", payload); } }, onSuccess: async () => { await queryClient.invalidateQueries({ queryKey: [""/api/planning/labour-types""] }); toast({ title: item ? ""Labour type updated"" : ""Labour type added"" }); onClose(); }, onError: () => toast({ title: ""Save failed"", variant: ""destructive"" }), })"
"client/src/pages/PlanningMasters.tsx","client/src/pages/PlanningMasters.tsx:214","apiRequest","apiRequest(""PATCH"", `/api/planning/labour-types/${item.id}`, payload)"
"client/src/pages/PlanningMasters.tsx","client/src/pages/PlanningMasters.tsx:216","apiRequest","apiRequest(""POST"", ""/api/planning/labour-types"", payload)"
"client/src/pages/PlanningMasters.tsx","client/src/pages/PlanningMasters.tsx:321","useQuery","useQuery<PlanningEquipmentType[]>({ queryKey: [""/api/planning/equipment-types""], queryFn: async () => { const res = await fetch(""/api/planning/equipment-types?includeInactive=true"", { credentials: ""include"" }); return res.ok ? res.json() : []; }, })"
"client/src/pages/PlanningMasters.tsx","client/src/pages/PlanningMasters.tsx:324","fetch","fetch(""/api/planning/equipment-types?includeInactive=true"", { credentials: ""include"" })"
"client/src/pages/PlanningMasters.tsx","client/src/pages/PlanningMasters.tsx:329","useMutation","useMutation({ mutationFn: (id: number) => apiRequest(""DELETE"", `/api/planning/equipment-types/${id}`), onSuccess: async () => { await queryClient.invalidateQueries({ queryKey: [""/api/planning/equipment-types""] }); toast({ title: ""Equipment type deleted"" }); }, onError: () => toast({ title: ""Delete failed"", variant: ""destructive"" }), })"
"client/src/pages/PlanningMasters.tsx","client/src/pages/PlanningMasters.tsx:330","apiRequest","apiRequest(""DELETE"", `/api/planning/equipment-types/${id}`)"
"client/src/pages/PlanningMasters.tsx","client/src/pages/PlanningMasters.tsx:338","useMutation","useMutation({ mutationFn: async () => { const res = await apiRequest(""POST"", ""/api/planning/seed-morth""); return res.json() as Promise<{ equipmentInserted: number; labourInserted: number }>; }, onSuccess: async (data) => { await queryClient.invalidateQueries({ queryKey: [""/api/planning/equipment-types""] }); await queryClient.invalidateQueries({ queryKey: [""/api/planning/labour-types""] }); const eq = data?.equipmentInserted ?? 0; const lb = data?.labourInserted ?? 0; if (eq === 0 && lb === 0) { toast({ title: ""Already seeded — no new rows added"" }); } else { toast({ title: `Seeded ${eq} equipment type${eq !== 1 ? ""s"" : """"} and ${lb} labour type${lb !== 1 ? ""s"" : """"}` }); } }, onError: () => toast({ title: ""Seed failed"", variant: ""destructive"" }), })"
"client/src/pages/PlanningMasters.tsx","client/src/pages/PlanningMasters.tsx:340","apiRequest","apiRequest(""POST"", ""/api/planning/seed-morth"")"
"client/src/pages/PlanningMasters.tsx","client/src/pages/PlanningMasters.tsx:485","useQuery","useQuery<PlanningLabourType[]>({ queryKey: [""/api/planning/labour-types""], queryFn: async () => { const res = await fetch(""/api/planning/labour-types?includeInactive=true"", { credentials: ""include"" }); return res.ok ? res.json() : []; }, })"
"client/src/pages/PlanningMasters.tsx","client/src/pages/PlanningMasters.tsx:488","fetch","fetch(""/api/planning/labour-types?includeInactive=true"", { credentials: ""include"" })"
"client/src/pages/PlanningMasters.tsx","client/src/pages/PlanningMasters.tsx:493","useMutation","useMutation({ mutationFn: (id: number) => apiRequest(""DELETE"", `/api/planning/labour-types/${id}`), onSuccess: async () => { await queryClient.invalidateQueries({ queryKey: [""/api/planning/labour-types""] }); toast({ title: ""Labour type deleted"" }); }, onError: () => toast({ title: ""Delete failed"", variant: ""destructive"" }), })"
"client/src/pages/PlanningMasters.tsx","client/src/pages/PlanningMasters.tsx:494","apiRequest","apiRequest(""DELETE"", `/api/planning/labour-types/${id}`)"
"client/src/pages/Plant.tsx","client/src/pages/Plant.tsx:55","useQuery","useQuery<PlantSettingsWithSite[]>({ queryKey: ['/api/plant-module/plant-settings'], enabled: isAdmin, })"
"client/src/pages/Plant.tsx","client/src/pages/Plant.tsx:161","useQuery","useQuery<{ count: number }>({ queryKey: [""/api/maintenance/open-count""], enabled: sectionVisible(""plant_equipment""), staleTime: 5 * 60 * 1000, })"
"client/src/pages/Plant.tsx","client/src/pages/Plant.tsx:399","useQuery","useQuery<{ count: number }>({ queryKey: [""/api/maintenance/open-count""], enabled: sectionVisible(""plant_equipment""), staleTime: 5 * 60 * 1000, })"
"client/src/pages/Plant.tsx","client/src/pages/Plant.tsx:488","useQuery","useQuery<{ count: number }>({ queryKey: [""/api/maintenance/open-count""], enabled: sectionVisible(""plant_equipment""), staleTime: 5 * 60 * 1000, })"
"client/src/pages/Plant.tsx","client/src/pages/Plant.tsx:496","useQuery","useQuery<{ failCount: number }>({ queryKey: [""/api/rmc/cube-tests/stats"", thirtyDaysAgo], queryFn: () => apiRequest(""GET"", `/api/rmc/cube-tests/stats?dateFrom=${thirtyDaysAgo}`).then(r => r.json()), enabled: isRmc && sectionVisible(""plant_production""), staleTime: 5 * 60 * 1000, })"
"client/src/pages/Plant.tsx","client/src/pages/Plant.tsx:498","apiRequest(""GET"", `/api/rmc/cube-tests/stats?dateFrom=${thirtyDaysAgo}`).then","apiRequest(""GET"", `/api/rmc/cube-tests/stats?dateFrom=${thirtyDaysAgo}`).then(r => r.json())"
"client/src/pages/Plant.tsx","client/src/pages/Plant.tsx:498","apiRequest","apiRequest(""GET"", `/api/rmc/cube-tests/stats?dateFrom=${thirtyDaysAgo}`)"
"client/src/pages/Plant.tsx","client/src/pages/Plant.tsx:505","useQuery","useQuery<{ date: string; totalVolumeM3: number; totalBatches: number; byGrade: { grade: string; volumeM3: number; batchesCount: number }[]; }>({ queryKey: [""/api/rmc/today-summary"", plantName, todayStr], queryFn: async () => { const params = new URLSearchParams({ date: todayStr }); if (plantName) params.set(""plantName"", plantName); const r = await fetch(`/api/rmc/today-summary?${params}`); if (!r.ok) throw new Error(""Failed""); return r.json(); }, enabled: isRmc && sectionVisible(""plant_production""), staleTime: 2 * 60 * 1000, refetchInterval: 5 * 60 * 1000, })"
"client/src/pages/Plant.tsx","client/src/pages/Plant.tsx:515","fetch","fetch(`/api/rmc/today-summary?${params}`)"
"client/src/pages/Plant.tsx","client/src/pages/Plant.tsx:917","useQuery","useQuery<LdoFlowReading[]>({ queryKey: [""/api/plant-module/ldo-flow-readings""], })"
"client/src/pages/Plant.tsx","client/src/pages/Plant.tsx:921","useQuery","useQuery<{ id: number; name: string; defaultUom: string }[]>({ queryKey: [""/api/plant-module/materials""], })"
"client/src/pages/Plant.tsx","client/src/pages/Plant.tsx:925","useQuery","useQuery<{ id: number; partyId: number | null; materialId: number; balance: number; uom: string }[]>({ queryKey: [""/api/plant-module/stock-balances""], })"
"client/src/pages/Plant.tsx","client/src/pages/Plant.tsx:929","useQuery","useQuery<Party[]>({ queryKey: [""/api/plant-module/parties""], })"
"client/src/pages/Plant.tsx","client/src/pages/Plant.tsx:954","useMutation","useMutation({ mutationFn: async () => { const res = await apiRequest(""POST"", ""/api/admin/backfill-dispatch-notes"", {}); return res.json(); }, onSuccess: (result: { updated: number; skipped: number; errors: number }) => { setDispatchNotesBackfillResult(result); toast({ title: ""Dispatch notes backfill complete"", description: `Updated: ${result.updated}, Skipped: ${result.skipped}, Errors: ${result.errors}`, }); }, onError: (err: any) => { toast({ title: ""Backfill failed"", description: err.message, variant: ""destructive"" }); }, })"
"client/src/pages/Plant.tsx","client/src/pages/Plant.tsx:956","apiRequest","apiRequest(""POST"", ""/api/admin/backfill-dispatch-notes"", {})"
"client/src/pages/Plant.tsx","client/src/pages/Plant.tsx:971","useMutation","useMutation({ mutationFn: async (data: { materialId: number; partyId: number; physicalQty: number; uom: string; date: string; notes: string; correctedBy: string }) => { const res = await apiRequest(""POST"", ""/api/plant-module/stock-correction"", data); return res.json(); }, onSuccess: (result: any) => { queryClient.invalidateQueries({ queryKey: [""/api/plant-module/stock-balances""] }); queryClient.invalidateQueries({ queryKey: [""/api/plant-module/stock-ledger""] }); const adjL = result.adjustment || 0; const sign = adjL >= 0 ? ""+"" : """"; const newL = result.newBalance || 0; toast({ title: ""Diesel stock correction posted"", description: `Adjustment: ${sign}${adjL.toFixed(0)} L. Book stock now ${newL.toFixed(0)} L.` }); setShowDieselCorrForm(false); setDieselCorrPhysicalL(""""); setDieselCorrNotes(""""); }, onError: (err: any) => { toast({ title: ""Error"", description: err.message, variant: ""destructive"" }); }, })"
"client/src/pages/Plant.tsx","client/src/pages/Plant.tsx:973","apiRequest","apiRequest(""POST"", ""/api/plant-module/stock-correction"", data)"
"client/src/pages/Plant.tsx","client/src/pages/Plant.tsx:1505","useQuery","useQuery<PlantSettingsWithSite[]>({ queryKey: ['/api/plant-module/plant-settings'], })"
"client/src/pages/Plant.tsx","client/src/pages/Plant.tsx:1539","useQuery","useQuery<Site[]>({ queryKey: [""/api/sites""] })"
"client/src/pages/Plant.tsx","client/src/pages/Plant.tsx:1540","useQuery","useQuery<Party[]>({ queryKey: [""/api/parties""] })"
"client/src/pages/Plant.tsx","client/src/pages/Plant.tsx:1545","useMutation","useMutation({ mutationFn: async () => { if (!editTarget) throw new Error(""No plant selected""); const res = await apiRequest(""PUT"", `/api/plant-module/plant-settings/${encodeURIComponent(editTarget.plantName)}`, { plantType: editType, siteId: editTarget.siteId ?? null, primaryPartyId: (editTarget as any).primaryPartyId ?? null, bitumenTank1LitresPerCm: editTarget.bitumenTank1LitresPerCm ?? null, bitumenTank2LitresPerCm: editTarget.bitumenTank2LitresPerCm ?? null, bitumenDensityKgPerL: editTarget.bitumenDensityKgPerL ?? null, tankConfig: (editTarget as any).tankConfig ?? null, }); if (!res.ok) { const e = await res.json(); throw new Error(e.message || ""Failed""); } return res.json(); }, onSuccess: () => { invalidate(); setEditTarget(null); toast({ title: ""Plant type updated"", description: `""${editTarget?.plantName}"" is now ${PLANT_TYPE_LABELS[editType] ?? editType}.` }); }, onError: (e: any) => toast({ title: ""Error"", description: e.message, variant: ""destructive"" }), })"
"client/src/pages/Plant.tsx","client/src/pages/Plant.tsx:1548","apiRequest","apiRequest(""PUT"", `/api/plant-module/plant-settings/${encodeURIComponent(editTarget.plantName)}`, { plantType: editType, siteId: editTarget.siteId ?? null, primaryPartyId: (editTarget as any).primaryPartyId ?? null, bitumenTank1LitresPerCm: editTarget.bitumenTank1LitresPerCm ?? null, bitumenTank2LitresPerCm: editTarget.bitumenTank2LitresPerCm ?? null, bitumenDensityKgPerL: editTarget.bitumenDensityKgPerL ?? null, tankConfig: (editTarget as any).tankConfig ?? null, })"
"client/src/pages/Plant.tsx","client/src/pages/Plant.tsx:1569","useMutation","useMutation({ mutationFn: async () => { if (!renameTarget) throw new Error(""No plant selected""); const newName = renameTo.trim(); if (!newName) throw new Error(""Plant name is required""); const res = await apiRequest(""POST"", `/api/plant-module/plant-settings/${encodeURIComponent(renameTarget.plantName)}/rename`, { newName }); if (!res.ok) { const e = await res.json(); throw new Error(e.message || ""Failed""); } return res.json(); }, onSuccess: () => { invalidate(); toast({ title: ""Plant renamed"", description: `Renamed to ""${renameTo.trim()}"". Existing records referencing the old name are not updated automatically.` }); setRenameTarget(null); setRenameTo(""""); }, onError: (e: any) => toast({ title: ""Error"", description: e.message, variant: ""destructive"" }), })"
"client/src/pages/Plant.tsx","client/src/pages/Plant.tsx:1574","apiRequest","apiRequest(""POST"", `/api/plant-module/plant-settings/${encodeURIComponent(renameTarget.plantName)}/rename`, { newName })"
"client/src/pages/Plant.tsx","client/src/pages/Plant.tsx:1588","useMutation","useMutation({ mutationFn: async () => { if (!deleteTarget) throw new Error(""No plant selected""); const res = await apiRequest(""DELETE"", `/api/plant-module/plant-settings/${encodeURIComponent(deleteTarget.plantName)}`); if (!res.ok) { const e = await res.json(); throw new Error(e.message || ""Failed""); } }, onSuccess: () => { invalidate(); toast({ title: ""Plant removed"", description: `""${deleteTarget?.plantName}"" has been deleted.` }); setDeleteTarget(null); }, onError: (e: any) => toast({ title: ""Error"", description: e.message, variant: ""destructive"" }), })"
"client/src/pages/Plant.tsx","client/src/pages/Plant.tsx:1591","apiRequest","apiRequest(""DELETE"", `/api/plant-module/plant-settings/${encodeURIComponent(deleteTarget.plantName)}`)"
"client/src/pages/Plant.tsx","client/src/pages/Plant.tsx:1603","useMutation","useMutation({ mutationFn: async () => { const name = addName.trim(); if (!name) throw new Error(""Plant name is required""); if (allSettings.some(s => s.plantName.toLowerCase() === name.toLowerCase())) { throw new Error(""A plant with this name already exists""); } const res = await apiRequest(""PUT"", `/api/plant-module/plant-settings/${encodeURIComponent(name)}`, { plantType: addType, siteId: addSiteId ? parseInt(addSiteId) : null, primaryPartyId: addPartyId ? parseInt(addPartyId) : null, bitumenTank1LitresPerCm: null, bitumenTank2LitresPerCm: null, bitumenDensityKgPerL: null, tankConfig: null, }); if (!res.ok) { const e = await res.json(); throw new Error(e.message || ""Failed""); } return res.json(); }, onSuccess: () => { invalidate(); toast({ title: ""Plant added"", description: `""${addName.trim()}"" created as ${PLANT_TYPE_LABELS[addType] ?? addType}.` }); setAddOpen(false); setAddName(""""); setAddType(""hma""); setAddSiteId(""""); setAddPartyId(""""); }, onError: (e: any) => toast({ title: ""Error"", description: e.message, variant: ""destructive"" }), })"
"client/src/pages/Plant.tsx","client/src/pages/Plant.tsx:1610","apiRequest","apiRequest(""PUT"", `/api/plant-module/plant-settings/${encodeURIComponent(name)}`, { plantType: addType, siteId: addSiteId ? parseInt(addSiteId) : null, primaryPartyId: addPartyId ? parseInt(addPartyId) : null, bitumenTank1LitresPerCm: null, bitumenTank2LitresPerCm: null, bitumenDensityKgPerL: null, tankConfig: null, })"
"client/src/pages/Plant.tsx","client/src/pages/Plant.tsx:1635","useMutation","useMutation({ mutationFn: async () => { if (!assignSiteTarget) throw new Error(""No plant selected""); const res = await apiRequest(""PUT"", `/api/plant-module/plant-settings/${encodeURIComponent(assignSiteTarget.plantName)}`, { plantType: assignSiteTarget.plantType ?? ""hma"", siteId: assignSiteId ? parseInt(assignSiteId) : null, primaryPartyId: (assignSiteTarget as any).primaryPartyId ?? null, bitumenTank1LitresPerCm: assignSiteTarget.bitumenTank1LitresPerCm ?? null, bitumenTank2LitresPerCm: assignSiteTarget.bitumenTank2LitresPerCm ?? null, bitumenDensityKgPerL: assignSiteTarget.bitumenDensityKgPerL ?? null, tankConfig: (assignSiteTarget as any).tankConfig ?? null, }); if (!res.ok) { const e = await res.json(); throw new Error(e.message || ""Failed""); } return res.json(); }, onSuccess: () => { invalidate(); const siteName = assignSiteId ? (sitesList.find(s => String(s.id) === assignSiteId)?.name ?? ""selected site"") : ""none""; toast({ title: ""Site assigned"", description: assignSiteId ? `""${assignSiteTarget?.plantName}"" linked to ${siteName}.` : `""${assignSiteTarget?.plantName}"" is now unlinked from any site.` }); setAssignSiteTarget(null); setAssignSiteId(""""); }, onError: (e: any) => toast({ title: ""Error"", description: e.message, variant: ""destructive"" }), })"
"client/src/pages/Plant.tsx","client/src/pages/Plant.tsx:1638","apiRequest","apiRequest(""PUT"", `/api/plant-module/plant-settings/${encodeURIComponent(assignSiteTarget.plantName)}`, { plantType: assignSiteTarget.plantType ?? ""hma"", siteId: assignSiteId ? parseInt(assignSiteId) : null, primaryPartyId: (assignSiteTarget as any).primaryPartyId ?? null, bitumenTank1LitresPerCm: assignSiteTarget.bitumenTank1LitresPerCm ?? null, bitumenTank2LitresPerCm: assignSiteTarget.bitumenTank2LitresPerCm ?? null, bitumenDensityKgPerL: assignSiteTarget.bitumenDensityKgPerL ?? null, tankConfig: (assignSiteTarget as any).tankConfig ?? null, })"
"client/src/pages/Plant.tsx","client/src/pages/Plant.tsx:1661","useMutation","useMutation({ mutationFn: async () => { if (!primaryPartyTarget) throw new Error(""No plant selected""); const res = await apiRequest(""PUT"", `/api/plant-module/plant-settings/${encodeURIComponent(primaryPartyTarget.plantName)}`, { plantType: primaryPartyTarget.plantType ?? ""hma"", siteId: primaryPartyTarget.siteId ?? null, primaryPartyId: primaryPartyIdEdit ? parseInt(primaryPartyIdEdit) : null, bitumenTank1LitresPerCm: primaryPartyTarget.bitumenTank1LitresPerCm ?? null, bitumenTank2LitresPerCm: primaryPartyTarget.bitumenTank2LitresPerCm ?? null, bitumenDensityKgPerL: primaryPartyTarget.bitumenDensityKgPerL ?? null, tankConfig: (primaryPartyTarget as any).tankConfig ?? null, }); if (!res.ok) { const e = await res.json(); throw new Error(e.message || ""Failed""); } return res.json(); }, onSuccess: () => { invalidate(); const partyName = primaryPartyIdEdit ? (partiesList.find(p => String(p.id) === primaryPartyIdEdit)?.name ?? ""selected party"") : ""none""; toast({ title: ""Primary party updated"", description: primaryPartyIdEdit ? `""${primaryPartyTarget?.plantName}"" default party set to ${partyName}.` : `""${primaryPartyTarget?.plantName}"" primary party cleared.` }); setPrimaryPartyTarget(null); setPrimaryPartyIdEdit(""""); }, onError: (e: any) => toast({ title: ""Error"", description: e.message, variant: ""destructive"" }), })"
"client/src/pages/Plant.tsx","client/src/pages/Plant.tsx:1664","apiRequest","apiRequest(""PUT"", `/api/plant-module/plant-settings/${encodeURIComponent(primaryPartyTarget.plantName)}`, { plantType: primaryPartyTarget.plantType ?? ""hma"", siteId: primaryPartyTarget.siteId ?? null, primaryPartyId: primaryPartyIdEdit ? parseInt(primaryPartyIdEdit) : null, bitumenTank1LitresPerCm: primaryPartyTarget.bitumenTank1LitresPerCm ?? null, bitumenTank2LitresPerCm: primaryPartyTarget.bitumenTank2LitresPerCm ?? null, bitumenDensityKgPerL: primaryPartyTarget.bitumenDensityKgPerL ?? null, tankConfig: (primaryPartyTarget as any).tankConfig ?? null, })"
"client/src/pages/Plant.tsx","client/src/pages/Plant.tsx:1687","useMutation","useMutation({ mutationFn: async () => { if (!calibrateTarget) throw new Error(""No plant selected""); const res = await apiRequest(""PUT"", `/api/plant-module/plant-settings/${encodeURIComponent(calibrateTarget.plantName)}`, { plantType: calibrateTarget.plantType ?? ""hma"", siteId: calibrateTarget.siteId ?? null, primaryPartyId: (calibrateTarget as any).primaryPartyId ?? null, bitumenTank1LitresPerCm: calibrateTarget.bitumenTank1LitresPerCm ?? null, bitumenTank2LitresPerCm: calibrateTarget.bitumenTank2LitresPerCm ?? null, bitumenDensityKgPerL: calibrateTarget.bitumenDensityKgPerL ?? null, tankConfig: Object.keys(calibrateConfig).length > 0 ? JSON.stringify(calibrateConfig) : null, }); if (!res.ok) { const e = await res.json(); throw new Error(e.message || ""Failed""); } return res.json(); }, onSuccess: () => { invalidate(); toast({ title: ""Tank calibration saved"", description: `Tank dimensions for ""${calibrateTarget?.plantName}"" have been saved.` }); setCalibrateTarget(null); setCalibrateConfig({}); }, onError: (e: any) => toast({ title: ""Error"", description: e.message, variant: ""destructive"" }), })"
"client/src/pages/Plant.tsx","client/src/pages/Plant.tsx:1690","apiRequest","apiRequest(""PUT"", `/api/plant-module/plant-settings/${encodeURIComponent(calibrateTarget.plantName)}`, { plantType: calibrateTarget.plantType ?? ""hma"", siteId: calibrateTarget.siteId ?? null, primaryPartyId: (calibrateTarget as any).primaryPartyId ?? null, bitumenTank1LitresPerCm: calibrateTarget.bitumenTank1LitresPerCm ?? null, bitumenTank2LitresPerCm: calibrateTarget.bitumenTank2LitresPerCm ?? null, bitumenDensityKgPerL: calibrateTarget.bitumenDensityKgPerL ?? null, tankConfig: Object.keys(calibrateConfig).length > 0 ? JSON.stringify(calibrateConfig) : null, })"
"client/src/pages/Plant.tsx","client/src/pages/Plant.tsx:2161","useQuery","useQuery<Site[]>({ queryKey: [""/api/sites""], })"
"client/src/pages/Plant.tsx","client/src/pages/Plant.tsx:2165","useQuery","useQuery<Party[]>({ queryKey: [""/api/plant-module/parties""], })"
"client/src/pages/Plant.tsx","client/src/pages/Plant.tsx:2174","useMutation","useMutation({ mutationFn: async (data: { name: string; partyId: number | null }) => { const response = await apiRequest(""POST"", ""/api/sites"", data); if (!response.ok) { const error = await response.json(); throw new Error(error.message || ""Failed to create site""); } return response.json(); }, onSuccess: () => { queryClient.invalidateQueries({ queryKey: [""/api/sites""] }); setNewSiteName(""""); setNewSitePartyId(""all""); toast({ title: ""Site Added"", description: ""New site has been added."" }); }, onError: (error: any) => { if (isForbiddenError(error)) { toast({ title: ""Permission denied"", description: NO_CREATE_PERMISSION_DESCRIPTION, variant: ""destructive"" }); } else { toast({ title: ""Error"", description: error.message, variant: ""destructive"" }); } }, })"
"client/src/pages/Plant.tsx","client/src/pages/Plant.tsx:2176","apiRequest","apiRequest(""POST"", ""/api/sites"", data)"
"client/src/pages/Plant.tsx","client/src/pages/Plant.tsx:2198","useMutation","useMutation({ mutationFn: async ({ id, name, partyId }: { id: number; name: string; partyId: number | null }) => { const response = await apiRequest(""PATCH"", `/api/sites/${id}`, { name, partyId }); if (!response.ok) throw new Error(""Failed to update site""); return response.json(); }, onSuccess: () => { queryClient.invalidateQueries({ queryKey: [""/api/sites""] }); setEditingSiteId(null); setEditingSiteName(""""); setEditingSitePartyId(""all""); toast({ title: ""Site Updated"", description: ""Site has been updated."" }); }, onError: (error: any) => { if (isForbiddenError(error)) { toast({ title: ""Permission denied"", description: NO_PERMISSION_DESCRIPTION, variant: ""destructive"" }); } else { toast({ title: ""Error"", description: error.message, variant: ""destructive"" }); } }, })"
"client/src/pages/Plant.tsx","client/src/pages/Plant.tsx:2200","apiRequest","apiRequest(""PATCH"", `/api/sites/${id}`, { name, partyId })"
"client/src/pages/Plant.tsx","client/src/pages/Plant.tsx:2220","useMutation","useMutation({ mutationFn: async (id: number) => { const response = await apiRequest(""DELETE"", `/api/sites/${id}`); if (!response.ok) throw new Error(""Failed to delete site""); return response.json(); }, onSuccess: () => { queryClient.invalidateQueries({ queryKey: [""/api/sites""] }); toast({ title: ""Site Deleted"", description: ""Site has been removed."" }); }, onError: (error: any) => { if (isForbiddenError(error)) { toast({ title: ""Permission denied"", description: NO_PERMISSION_DESCRIPTION, variant: ""destructive"" }); } else { toast({ title: ""Error"", description: error.message, variant: ""destructive"" }); } }, })"
"client/src/pages/Plant.tsx","client/src/pages/Plant.tsx:2222","apiRequest","apiRequest(""DELETE"", `/api/sites/${id}`)"
"client/src/pages/Plant.tsx","client/src/pages/Plant.tsx:2239","useMutation","useMutation({ mutationFn: async ({ id, isActive }: { id: number; isActive: number }) => { const response = await apiRequest(""PATCH"", `/api/sites/${id}`, { isActive }); if (!response.ok) throw new Error(""Failed to update site status""); return response.json(); }, onSuccess: (_data, vars) => { queryClient.invalidateQueries({ queryKey: [""/api/sites""] }); toast({ title: vars.isActive === 1 ? ""Site Activated"" : ""Site Closed"", description: vars.isActive === 1 ? ""Site is now active and will appear in the dashboard."" : ""Site marked as closed. It will be hidden from daily tracking."", }); }, onError: () => { toast({ title: ""Error"", description: ""Could not update site status."", variant: ""destructive"" }); }, })"
"client/src/pages/Plant.tsx","client/src/pages/Plant.tsx:2241","apiRequest","apiRequest(""PATCH"", `/api/sites/${id}`, { isActive })"
"client/src/pages/Plant.tsx","client/src/pages/Plant.tsx:2467","window.print","window.print()"
"client/src/pages/Plant.tsx","client/src/pages/Plant.tsx:2470","useQuery","useQuery<Party[]>({ queryKey: [""/api/plant-module/parties""], })"
"client/src/pages/Plant.tsx","client/src/pages/Plant.tsx:2474","useMutation","useMutation({ mutationFn: (data: { name: string; notes?: string }) => apiRequest(""POST"", ""/api/plant-module/parties"", data), onSuccess: () => { queryClient.invalidateQueries({ queryKey: [""/api/plant-module/parties""] }); setDialogOpen(false); resetForm(); toast({ title: ""Party created successfully"" }); }, onError: (error: any) => { if (isForbiddenError(error)) { toast({ title: ""Permission denied"", description: NO_CREATE_PERMISSION_DESCRIPTION, variant: ""destructive"" }); } else { toast({ title: ""Error"", description: error.message, variant: ""destructive"" }); } }, })"
"client/src/pages/Plant.tsx","client/src/pages/Plant.tsx:2476","apiRequest","apiRequest(""POST"", ""/api/plant-module/parties"", data)"
"client/src/pages/Plant.tsx","client/src/pages/Plant.tsx:2492","useMutation","useMutation({ mutationFn: ({ id, data }: { id: number; data: { name: string; notes?: string } }) => apiRequest(""PATCH"", `/api/plant-module/parties/${id}`, data), onSuccess: () => { queryClient.invalidateQueries({ queryKey: [""/api/plant-module/parties""] }); setDialogOpen(false); resetForm(); toast({ title: ""Party updated successfully"" }); }, onError: (error: any) => { if (isForbiddenError(error)) { toast({ title: ""Permission denied"", description: NO_PERMISSION_DESCRIPTION, variant: ""destructive"" }); } else { toast({ title: ""Error"", description: error.message, variant: ""destructive"" }); } }, })"
"client/src/pages/Plant.tsx","client/src/pages/Plant.tsx:2494","apiRequest","apiRequest(""PATCH"", `/api/plant-module/parties/${id}`, data)"
"client/src/pages/Plant.tsx","client/src/pages/Plant.tsx:2510","useMutation","useMutation({ mutationFn: (id: number) => apiRequest(""DELETE"", `/api/plant-module/parties/${id}`), onSuccess: () => { queryClient.invalidateQueries({ queryKey: [""/api/plant-module/parties""] }); toast({ title: ""Party deleted successfully"" }); }, onError: (error: any) => { if (isForbiddenError(error)) { toast({ title: ""Permission denied"", description: NO_PERMISSION_DESCRIPTION, variant: ""destructive"" }); } else { toast({ title: ""Error"", description: error.message, variant: ""destructive"" }); } }, })"
"client/src/pages/Plant.tsx","client/src/pages/Plant.tsx:2512","apiRequest","apiRequest(""DELETE"", `/api/plant-module/parties/${id}`)"
"client/src/pages/Plant.tsx","client/src/pages/Plant.tsx:2558","exportToExcel","exportToExcel(parties)"
"client/src/pages/Plant.tsx","client/src/pages/Plant.tsx:2687","useQuery","useQuery<PlantMaterial[]>({ queryKey: [""/api/plant-module/materials""], })"
"client/src/pages/Plant.tsx","client/src/pages/Plant.tsx:2691","useQuery","useQuery<Party[]>({ queryKey: [""/api/plant-module/parties""], })"
"client/src/pages/Plant.tsx","client/src/pages/Plant.tsx:2695","useQuery","useQuery<MaterialOpeningStock[]>({ queryKey: [""/api/plant-module/opening-stocks""], })"
"client/src/pages/Plant.tsx","client/src/pages/Plant.tsx:2699","useMutation","useMutation({ mutationFn: (data: { name: string; category?: string; defaultUom: string; procurementRoute: string; bulkDensity?: number | null; conversionFromUom?: string }) => apiRequest(""POST"", ""/api/plant-module/materials"", data), onSuccess: () => { queryClient.invalidateQueries({ queryKey: [""/api/plant-module/materials""] }); resetForm(); toast({ title: ""Material created successfully"" }); }, onError: (error: any) => { if (isForbiddenError(error)) { toast({ title: ""Permission denied"", description: NO_CREATE_PERMISSION_DESCRIPTION, variant: ""destructive"" }); } else { toast({ title: ""Error"", description: error.message, variant: ""destructive"" }); } }, })"
"client/src/pages/Plant.tsx","client/src/pages/Plant.tsx:2701","apiRequest","apiRequest(""POST"", ""/api/plant-module/materials"", data)"
"client/src/pages/Plant.tsx","client/src/pages/Plant.tsx:2716","useMutation","useMutation({ mutationFn: ({ id, data }: { id: number; data: Partial<{ name: string; category?: string; defaultUom: string; procurementRoute: string; bulkDensity?: number | null; conversionFromUom?: string }> }) => apiRequest(""PATCH"", `/api/plant-module/materials/${id}`, data), onSuccess: () => { queryClient.invalidateQueries({ queryKey: [""/api/plant-module/materials""] }); resetForm(); toast({ title: ""Material updated successfully"" }); }, onError: (error: any) => { if (isForbiddenError(error)) { toast({ title: ""Permission denied"", description: NO_PERMISSION_DESCRIPTION, variant: ""destructive"" }); } else { toast({ title: ""Error"", description: error.message, variant: ""destructive"" }); } }, })"
"client/src/pages/Plant.tsx","client/src/pages/Plant.tsx:2718","apiRequest","apiRequest(""PATCH"", `/api/plant-module/materials/${id}`, data)"
"client/src/pages/Plant.tsx","client/src/pages/Plant.tsx:2734","useQuery","useQuery<Array<{ id: number; materialId: number; fromUom: string; toUom: string; conversionFactor: number; conversionBasis: string | null; conversionType: string; isActive: number; notes: string | null; }>>({ queryKey: editingMaterial ? [`/api/plant-materials/${editingMaterial.id}/uom-conversions`] : [""uom-conv-noop""], queryFn: async () => { if (!editingMaterial) return []; const r = await fetch(`/api/plant-materials/${editingMaterial.id}/uom-conversions`, { credentials: ""include"" }); return r.ok ? r.json() : []; }, enabled: !!editingMaterial, staleTime: 30_000, })"
"client/src/pages/Plant.tsx","client/src/pages/Plant.tsx:2741","fetch","fetch(`/api/plant-materials/${editingMaterial.id}/uom-conversions`, { credentials: ""include"" })"
"client/src/pages/Plant.tsx","client/src/pages/Plant.tsx:2748","useMutation","useMutation({ mutationFn: () => apiRequest(""POST"", `/api/plant-materials/${editingMaterial!.id}/uom-conversions`, { fromUom: convFromUom.trim(), toUom: convToUom.trim(), conversionFactor: parseFloat(convFactor), conversionBasis: convBasis.trim() || null, conversionType: convType, }), onSuccess: () => { refetchConvProfiles(); setShowConvForm(false); setConvFromUom(""""); setConvToUom(""""); setConvFactor(""""); setConvBasis(""""); setConvType(""fixed_factor""); toast({ title: ""Conversion profile saved"" }); }, onError: (e: any) => { toast({ title: ""Failed to save profile"", description: e.message, variant: ""destructive"" }); }, })"
"client/src/pages/Plant.tsx","client/src/pages/Plant.tsx:2750","apiRequest","apiRequest(""POST"", `/api/plant-materials/${editingMaterial!.id}/uom-conversions`, { fromUom: convFromUom.trim(), toUom: convToUom.trim(), conversionFactor: parseFloat(convFactor), conversionBasis: convBasis.trim() || null, conversionType: convType, })"
"client/src/pages/Plant.tsx","client/src/pages/Plant.tsx:2755","refetchConvProfiles","refetchConvProfiles()"
"client/src/pages/Plant.tsx","client/src/pages/Plant.tsx:2764","useMutation","useMutation({ mutationFn: ({ id, isActive }: { id: number; isActive: boolean }) => apiRequest(""PATCH"", `/api/plant-materials/${editingMaterial!.id}/uom-conversions/${id}`, { isActive: isActive ? 1 : 0 }), onSuccess: () => { refetchConvProfiles(); toast({ title: ""Conversion profile updated"" }); }, onError: (e: any) => { toast({ title: ""Failed to update profile"", description: e.message, variant: ""destructive"" }); }, })"
"client/src/pages/Plant.tsx","client/src/pages/Plant.tsx:2766","apiRequest","apiRequest(""PATCH"", `/api/plant-materials/${editingMaterial!.id}/uom-conversions/${id}`, { isActive: isActive ? 1 : 0 })"
"client/src/pages/Plant.tsx","client/src/pages/Plant.tsx:2768","refetchConvProfiles","refetchConvProfiles()"
"client/src/pages/Plant.tsx","client/src/pages/Plant.tsx:2776","useMutation","useMutation({ mutationFn: (data: { materialId: number; partyId?: number | null; isPlantCommon: number; quantity: number; uom: string; date: string; notes?: string }) => apiRequest(""POST"", ""/api/plant-module/opening-stocks"", data), onSuccess: () => { queryClient.invalidateQueries({ predicate: (q) => q.queryKey[0]?.toString().includes('stock') || q.queryKey[0]?.toString().includes('opening') || false }); resetOpeningStockForm(); toast({ title: ""Opening stock added successfully"" }); }, onError: (error: any) => { if (isForbiddenError(error)) { toast({ title: ""Permission denied"", description: NO_CREATE_PERMISSION_DESCRIPTION, variant: ""destructive"" }); } else { toast({ title: ""Error"", description: error.message, variant: ""destructive"" }); } }, })"
"client/src/pages/Plant.tsx","client/src/pages/Plant.tsx:2778","apiRequest","apiRequest(""POST"", ""/api/plant-module/opening-stocks"", data)"
"client/src/pages/Plant.tsx","client/src/pages/Plant.tsx:2793","useMutation","useMutation({ mutationFn: ({ id, data }: { id: number; data: any }) => apiRequest(""PUT"", `/api/plant-module/opening-stocks/${id}`, data), onSuccess: () => { queryClient.invalidateQueries({ predicate: (q) => q.queryKey[0]?.toString().includes('stock') || q.queryKey[0]?.toString().includes('opening') || false }); resetOpeningStockForm(); toast({ title: ""Opening stock updated successfully"" }); }, })"
"client/src/pages/Plant.tsx","client/src/pages/Plant.tsx:2795","apiRequest","apiRequest(""PUT"", `/api/plant-module/opening-stocks/${id}`, data)"
"client/src/pages/Plant.tsx","client/src/pages/Plant.tsx:2803","useMutation","useMutation({ mutationFn: (id: number) => apiRequest(""DELETE"", `/api/plant-module/opening-stocks/${id}`), onSuccess: () => { queryClient.invalidateQueries({ predicate: (q) => q.queryKey[0]?.toString().includes('stock') || q.queryKey[0]?.toString().includes('opening') || false }); setDeleteOpeningStockId(null); toast({ title: ""Opening stock deleted successfully"" }); }, })"
"client/src/pages/Plant.tsx","client/src/pages/Plant.tsx:2805","apiRequest","apiRequest(""DELETE"", `/api/plant-module/opening-stocks/${id}`)"
"client/src/pages/Plant.tsx","client/src/pages/Plant.tsx:2813","useMutation","useMutation({ mutationFn: (id: number) => apiRequest(""DELETE"", `/api/plant-module/materials/${id}`), onSuccess: () => { queryClient.invalidateQueries({ queryKey: [""/api/plant-module/materials""] }); toast({ title: ""Material deleted successfully"" }); }, onError: (error: any) => { if (isForbiddenError(error)) { toast({ title: ""Permission denied"", description: NO_PERMISSION_DESCRIPTION, variant: ""destructive"" }); } else { toast({ title: ""Error"", description: error.message, variant: ""destructive"" }); } }, })"
"client/src/pages/Plant.tsx","client/src/pages/Plant.tsx:2815","apiRequest","apiRequest(""DELETE"", `/api/plant-module/materials/${id}`)"
"client/src/pages/Plant.tsx","client/src/pages/Plant.tsx:2937","exportToExcel","exportToExcel(materials)"
"client/src/pages/Plant.tsx","client/src/pages/Plant.tsx:3397","useQuery","useQuery<MixTemplate[]>({ queryKey: [""/api/plant-module/mix-templates""], })"
"client/src/pages/Plant.tsx","client/src/pages/Plant.tsx:3401","useQuery","useQuery<PlantMaterial[]>({ queryKey: [""/api/plant-module/materials""], })"
"client/src/pages/Plant.tsx","client/src/pages/Plant.tsx:3405","useQuery","useQuery<MixTemplateComponent[]>({ queryKey: [""/api/plant-module/mix-template-components""], })"
"client/src/pages/Plant.tsx","client/src/pages/Plant.tsx:3409","useQuery","useQuery<MixType[]>({ queryKey: [""/api/plant-module/mix-types""], })"
"client/src/pages/Plant.tsx","client/src/pages/Plant.tsx:3413","useQuery","useQuery<Party[]>({ queryKey: [""/api/plant-module/parties""], })"
"client/src/pages/Plant.tsx","client/src/pages/Plant.tsx:3419","useMutation","useMutation({ mutationFn: async (data: { name: string }) => { const response = await apiRequest(""POST"", ""/api/plant-module/mix-types"", data); return response.json() as Promise<MixType>; }, onSuccess: (newType: MixType) => { queryClient.invalidateQueries({ queryKey: [""/api/plant-module/mix-types""] }); setMixType(newType.name); setNewMixTypeDialogOpen(false); setNewMixTypeName(""""); toast({ title: ""Mix type created successfully"" }); }, onError: (error: any) => { if (isForbiddenError(error)) { toast({ title: ""Permission denied"", description: NO_CREATE_PERMISSION_DESCRIPTION, variant: ""destructive"" }); } else { toast({ title: ""Failed to create mix type"", variant: ""destructive"" }); } }, })"
"client/src/pages/Plant.tsx","client/src/pages/Plant.tsx:3421","apiRequest","apiRequest(""POST"", ""/api/plant-module/mix-types"", data)"
"client/src/pages/Plant.tsx","client/src/pages/Plant.tsx:3440","useMutation","useMutation({ mutationFn: (data: { name: string; mixType: string; bitumenPercent?: number; binderGrade?: string; ldoNorm?: number; notes?: string; components?: { materialId: number; percent: number; uom: string }[]; }) => apiRequest(""POST"", ""/api/plant-module/mix-templates"", data), onSuccess: () => { queryClient.invalidateQueries({ queryKey: [""/api/plant-module/mix-templates""] }); queryClient.invalidateQueries({ queryKey: [""/api/plant-module/mix-template-components""] }); setDialogOpen(false); resetForm(); toast({ title: ""Mix template created successfully"" }); }, onError: (error: any) => { if (isForbiddenError(error)) { toast({ title: ""Permission denied"", description: NO_CREATE_PERMISSION_DESCRIPTION, variant: ""destructive"" }); } else { toast({ title: ""Error"", description: error.message, variant: ""destructive"" }); } }, })"
"client/src/pages/Plant.tsx","client/src/pages/Plant.tsx:3449","apiRequest","apiRequest(""POST"", ""/api/plant-module/mix-templates"", data)"
"client/src/pages/Plant.tsx","client/src/pages/Plant.tsx:3466","useMutation","useMutation({ mutationFn: ({ id, data, _proportionsChanged: _ }: { id: number; _proportionsChanged?: boolean; data: { name?: string; mixType?: string; bitumenPercent?: number; binderGrade?: string; ldoNorm?: number; notes?: string; components?: { materialId: number; percent: number; uom: string }[]; }}) => apiRequest(""PATCH"", `/api/plant-module/mix-templates/${id}`, data), onSuccess: (_, variables) => { const savedId = variables.id; const savedName = name; queryClient.invalidateQueries({ queryKey: [""/api/plant-module/mix-templates""] }); queryClient.invalidateQueries({ queryKey: [""/api/plant-module/mix-template-components""] }); setDialogOpen(false); resetForm(); if (isAdmin && variables._proportionsChanged) setPostSaveAlertTemplate({ id: savedId, name: savedName }); toast({ title: ""Mix template updated successfully"" }); }, onError: (error: any) => { if (isForbiddenError(error)) { toast({ title: ""Permission denied"", description: NO_PERMISSION_DESCRIPTION, variant: ""destructive"" }); } else { toast({ title: ""Error"", description: error.message, variant: ""destructive"" }); } }, })"
"client/src/pages/Plant.tsx","client/src/pages/Plant.tsx:3475","apiRequest","apiRequest(""PATCH"", `/api/plant-module/mix-templates/${id}`, data)"
"client/src/pages/Plant.tsx","client/src/pages/Plant.tsx:3495","useMutation","useMutation({ mutationFn: (id: number) => apiRequest(""DELETE"", `/api/plant-module/mix-templates/${id}`), onSuccess: () => { queryClient.invalidateQueries({ queryKey: [""/api/plant-module/mix-templates""] }); queryClient.invalidateQueries({ queryKey: [""/api/plant-module/mix-template-components""] }); setDeleteConfirmId(null); toast({ title: ""Mix template deleted successfully"" }); }, onError: (error: any) => { if (isForbiddenError(error)) { toast({ title: ""Permission denied"", description: NO_PERMISSION_DESCRIPTION, variant: ""destructive"" }); } else { toast({ title: ""Error"", description: error.message, variant: ""destructive"" }); } }, })"
"client/src/pages/Plant.tsx","client/src/pages/Plant.tsx:3497","apiRequest","apiRequest(""DELETE"", `/api/plant-module/mix-templates/${id}`)"
"client/src/pages/Plant.tsx","client/src/pages/Plant.tsx:4180","useQuery","useQuery<EquipmentPerformanceReport>({ queryKey: EQUIPMENT_IDENTIFICATION_QUERY_KEY, queryFn: fetchEquipmentIdentification, enabled: canReview, })"
"client/src/pages/Plant.tsx","client/src/pages/Plant.tsx:4187","useMutation","useMutation({ mutationFn: async ({ logId, equipmentId }: { logId: number; equipmentId: number; created?: { row: IdentificationRow; equipment: EquipmentMasterType } }) => { const response = await apiRequest(""POST"", `/api/reports/equipment-performance/logs/${logId}/confirm`, { equipmentId }); return response.json(); }, onSuccess: (_result, variables) => { queryClient.setQueryData<EquipmentPerformanceReport>(EQUIPMENT_IDENTIFICATION_QUERY_KEY, current => { if (!current) return current; return { ...current, reviewRows: current.reviewRows.filter(row => row.logId !== variables.logId) }; }); setPartialLink(null); setAddRow(null); queryClient.invalidateQueries({ queryKey: [""/api/reports/equipment-performance""] }); toast({ title: ""Equipment identified"", description: ""The original equipment entry now uses the selected Equipment Master record."" }); }, onError: (error: any, variables) => { if (variables.created) setPartialLink(variables.created); toast({ title: variables.created ? ""Equipment created, but the original entry was not linked"" : ""Could not identify equipment"", description: variables.created ? ""The new Equipment Master record is safe. Use Retry linking below; do not create it again."" : error?.message, variant: ""destructive"", }); }, })"
"client/src/pages/Plant.tsx","client/src/pages/Plant.tsx:4189","apiRequest","apiRequest(""POST"", `/api/reports/equipment-performance/logs/${logId}/confirm`, { equipmentId })"
"client/src/pages/Plant.tsx","client/src/pages/Plant.tsx:4317","useQuery","useQuery<PlantSettingsWithSite[]>({ queryKey: [""/api/plant-module/plant-settings""], })"
"client/src/pages/Plant.tsx","client/src/pages/Plant.tsx:4321","useQuery","useQuery<EquipmentMasterType[]>({ queryKey: [""/api/plant-module/equipment"", showInactive ? ""all"" : ""active""], queryFn: async () => { const res = await fetch(`/api/plant-module/equipment${showInactive ? ""?includeInactive=true"" : """"}`); if (!res.ok) throw new Error(""Failed to fetch""); return res.json(); }, })"
"client/src/pages/Plant.tsx","client/src/pages/Plant.tsx:4324","fetch","fetch(`/api/plant-module/equipment${showInactive ? ""?includeInactive=true"" : """"}`)"
"client/src/pages/Plant.tsx","client/src/pages/Plant.tsx:4337","useMutation","useMutation({ mutationFn: ({ id, data }: { id: number; data: Partial<{ name: string; registrationNumber?: string; ownership?: string; vendorName?: string; meterType: string; consumptionNorm?: number }> }) => apiRequest(""PATCH"", `/api/plant-module/equipment/${id}`, data), onSuccess: () => { queryClient.invalidateQueries({ queryKey: [""/api/plant-module/equipment""] }); resetForm(); toast({ title: ""Equipment updated successfully"" }); }, onError: (error: any) => { if (isForbiddenError(error)) { toast({ title: ""Permission denied"", description: NO_PERMISSION_DESCRIPTION, variant: ""destructive"" }); } else { toast({ title: ""Error"", description: error.message, variant: ""destructive"" }); } }, })"
"client/src/pages/Plant.tsx","client/src/pages/Plant.tsx:4339","apiRequest","apiRequest(""PATCH"", `/api/plant-module/equipment/${id}`, data)"
"client/src/pages/Plant.tsx","client/src/pages/Plant.tsx:4354","useMutation","useMutation({ mutationFn: (id: number) => apiRequest(""DELETE"", `/api/plant-module/equipment/${id}`), onSuccess: () => { queryClient.invalidateQueries({ queryKey: [""/api/plant-module/equipment""] }); setDeleteEquipmentId(null); toast({ title: ""Equipment deleted successfully"" }); }, onError: (error: any) => { setDeleteEquipmentId(null); if (isForbiddenError(error)) { toast({ title: ""Permission denied"", description: NO_PERMISSION_DESCRIPTION, variant: ""destructive"" }); } else if (error?.status === 409 || error?.message?.includes(""409"")) { toast({ title: ""Cannot delete — usage history exists"", description: ""This equipment has existing usage records. Use the Deactivate toggle instead to hide it from active lists."", variant: ""destructive"", }); } else if (error?.status === 404 || error?.message?.includes(""404"") || error?.message?.toLowerCase().includes(""not found"")) { queryClient.invalidateQueries({ queryKey: [""/api/plant-module/equipment""] }); toast({ title: ""Not found"", description: ""This equipment record no longer exists."", variant: ""destructive"" }); } else { toast({ title: ""Error"", description: error.message, variant: ""destructive"" }); } }, })"
"client/src/pages/Plant.tsx","client/src/pages/Plant.tsx:4356","apiRequest","apiRequest(""DELETE"", `/api/plant-module/equipment/${id}`)"
"client/src/pages/Plant.tsx","client/src/pages/Plant.tsx:4381","useMutation","useMutation({ mutationFn: (id: number) => apiRequest(""PATCH"", `/api/plant-module/equipment/${id}/toggle-active`), onSuccess: () => { queryClient.invalidateQueries({ predicate: (query) => { const key = query.queryKey[0]; return key === ""/api/plant-module/equipment""; }}); toast({ title: ""Equipment status updated"" }); }, onError: (error: any) => { if (isForbiddenError(error)) { toast({ title: ""Permission denied"", description: NO_PERMISSION_DESCRIPTION, variant: ""destructive"" }); } else { toast({ title: ""Error"", description: error.message, variant: ""destructive"" }); } }, })"
"client/src/pages/Plant.tsx","client/src/pages/Plant.tsx:4383","apiRequest","apiRequest(""PATCH"", `/api/plant-module/equipment/${id}/toggle-active`)"
"client/src/pages/Plant.tsx","client/src/pages/Plant.tsx:4824","useQuery","useQuery<Personnel[]>({ queryKey: [""/api/personnel"", showInactive ? ""all"" : ""active""], queryFn: async () => { const res = await fetch(`/api/personnel${showInactive ? ""?includeInactive=true"" : """"}`); if (!res.ok) throw new Error(""Failed to fetch""); return res.json(); }, })"
"client/src/pages/Plant.tsx","client/src/pages/Plant.tsx:4827","fetch","fetch(`/api/personnel${showInactive ? ""?includeInactive=true"" : """"}`)"
"client/src/pages/Plant.tsx","client/src/pages/Plant.tsx:4833","useMutation","useMutation({ mutationFn: (data: { name: string; role: string; phone?: string }) => apiRequest(""POST"", ""/api/personnel"", data), onSuccess: () => { queryClient.invalidateQueries({ predicate: (q) => (q.queryKey[0] as string) === ""/api/personnel"" }); setDialogOpen(false); resetForm(); toast({ title: ""Personnel added"" }); }, onError: (error: any) => { if (isForbiddenError(error)) { toast({ title: ""Permission denied"", description: NO_CREATE_PERMISSION_DESCRIPTION, variant: ""destructive"" }); } else { toast({ title: ""Error"", description: error.message, variant: ""destructive"" }); } }, })"
"client/src/pages/Plant.tsx","client/src/pages/Plant.tsx:4835","apiRequest","apiRequest(""POST"", ""/api/personnel"", data)"
"client/src/pages/Plant.tsx","client/src/pages/Plant.tsx:4851","useMutation","useMutation({ mutationFn: (data: { id: number; name: string; role: string; phone?: string }) => apiRequest(""PATCH"", `/api/personnel/${data.id}`, { name: data.name, role: data.role, phone: data.phone }), onSuccess: () => { queryClient.invalidateQueries({ predicate: (q) => (q.queryKey[0] as string) === ""/api/personnel"" }); setDialogOpen(false); resetForm(); toast({ title: ""Personnel updated"" }); }, onError: (error: any) => { if (isForbiddenError(error)) { toast({ title: ""Permission denied"", description: NO_PERMISSION_DESCRIPTION, variant: ""destructive"" }); } else { toast({ title: ""Error"", description: error.message, variant: ""destructive"" }); } }, })"
"client/src/pages/Plant.tsx","client/src/pages/Plant.tsx:4853","apiRequest","apiRequest(""PATCH"", `/api/personnel/${data.id}`, { name: data.name, role: data.role, phone: data.phone })"
"client/src/pages/Plant.tsx","client/src/pages/Plant.tsx:4869","useMutation","useMutation({ mutationFn: (id: number) => apiRequest(""PATCH"", `/api/personnel/${id}/toggle-active`), onSuccess: () => { queryClient.invalidateQueries({ predicate: (q) => (q.queryKey[0] as string) === ""/api/personnel"" }); toast({ title: ""Status updated"" }); }, onError: (error: any) => { if (isForbiddenError(error)) { toast({ title: ""Permission denied"", description: NO_PERMISSION_DESCRIPTION, variant: ""destructive"" }); } else { toast({ title: ""Error"", description: error.message, variant: ""destructive"" }); } }, })"
"client/src/pages/Plant.tsx","client/src/pages/Plant.tsx:4871","apiRequest","apiRequest(""PATCH"", `/api/personnel/${id}/toggle-active`)"
"client/src/pages/Plant.tsx","client/src/pages/Plant.tsx:4885","useMutation","useMutation({ mutationFn: (id: number) => apiRequest(""DELETE"", `/api/personnel/${id}`), onSuccess: () => { queryClient.invalidateQueries({ predicate: (q) => (q.queryKey[0] as string) === ""/api/personnel"" }); setDeletePersonId(null); toast({ title: ""Personnel deleted"" }); }, onError: (error: any) => { setDeletePersonId(null); if (isForbiddenError(error)) { toast({ title: ""Permission denied"", description: NO_PERMISSION_DESCRIPTION, variant: ""destructive"" }); } else if (error?.status === 409 || error?.message?.includes(""409"")) { toast({ title: ""Cannot delete personnel"", description: ""This person has shift-log or DPR history. Use the Deactivate option instead to hide them from active lists."", variant: ""destructive"" }); } else if (error?.status === 404 || error?.message?.includes(""404"") || error?.message?.toLowerCase().includes(""not found"")) { queryClient.invalidateQueries({ predicate: (q) => (q.queryKey[0] as string) === ""/api/personnel"" }); toast({ title: ""Not found"", description: ""This personnel record no longer exists."", variant: ""destructive"" }); } else { toast({ title: ""Error"", description: error.message, variant: ""destructive"" }); } }, })"
"client/src/pages/Plant.tsx","client/src/pages/Plant.tsx:4886","apiRequest","apiRequest(""DELETE"", `/api/personnel/${id}`)"
"client/src/pages/PlantAuditReport.tsx","client/src/pages/PlantAuditReport.tsx:21","useQuery","useQuery<ConsumptionAuditLog[]>({ queryKey: [""/api/plant-module/consumption-audit-log"", filterDateFrom, filterDateTo], queryFn: async () => { const params = new URLSearchParams(); if (filterDateFrom) params.append(""dateFrom"", filterDateFrom); if (filterDateTo) params.append(""dateTo"", filterDateTo); const res = await fetch(`/api/plant-module/consumption-audit-log?${params}`); return res.json(); }, })"
"client/src/pages/PlantAuditReport.tsx","client/src/pages/PlantAuditReport.tsx:27","fetch","fetch(`/api/plant-module/consumption-audit-log?${params}`)"
"client/src/pages/PlantAuditReport.tsx","client/src/pages/PlantAuditReport.tsx:32","useQuery","useQuery<TruckDispatch[]>({ queryKey: [""/api/plant-module/dispatches""], })"
"client/src/pages/PlantBitumenStock.tsx","client/src/pages/PlantBitumenStock.tsx:68","useQuery","useQuery<string[]>({ queryKey: [""/api/plant-module/shift-logs/plants""], queryFn: async () => { const res = await fetch(""/api/plant-module/shift-logs/plants"", { credentials: ""include"" }); if (!res.ok) return [""Main Plant""]; return res.json(); }, })"
"client/src/pages/PlantBitumenStock.tsx","client/src/pages/PlantBitumenStock.tsx:71","fetch","fetch(""/api/plant-module/shift-logs/plants"", { credentials: ""include"" })"
"client/src/pages/PlantBitumenStock.tsx","client/src/pages/PlantBitumenStock.tsx:118","useQuery","useQuery<BitumenDipReading[]>({ queryKey: [""/api/plant-module/bitumen-dip-readings"", { plantName: urlPlant }], queryFn: async () => { const res = await fetch( `/api/plant-module/bitumen-dip-readings?plantName=${encodeURIComponent(urlPlant)}`, { credentials: ""include"" }, ); if (!res.ok) throw new Error(await res.text()); return res.json(); }, })"
"client/src/pages/PlantBitumenStock.tsx","client/src/pages/PlantBitumenStock.tsx:121","fetch","fetch( `/api/plant-module/bitumen-dip-readings?plantName=${encodeURIComponent(urlPlant)}`, { credentials: ""include"" }, )"
"client/src/pages/PlantBitumenStock.tsx","client/src/pages/PlantBitumenStock.tsx:130","useQuery","useQuery<TruckDispatch[]>({ queryKey: [""/api/plant-module/dispatches""], })"
"client/src/pages/PlantBitumenStock.tsx","client/src/pages/PlantBitumenStock.tsx:134","useQuery","useQuery<Party[]>({ queryKey: [""/api/plant-module/parties""], })"
"client/src/pages/PlantBitumenStock.tsx","client/src/pages/PlantBitumenStock.tsx:138","useQuery","useQuery<MixTemplate[]>({ queryKey: [""/api/plant-module/mix-templates""], })"
"client/src/pages/PlantBitumenStock.tsx","client/src/pages/PlantBitumenStock.tsx:142","useQuery","useQuery<{ id: number; name: string; defaultUom: string }[]>({ queryKey: [""/api/plant-module/materials""], })"
"client/src/pages/PlantBitumenStock.tsx","client/src/pages/PlantBitumenStock.tsx:152","useQuery","useQuery<{ id: number; date: string; materialId: number; quantity: number; uom: string; tankNumber?: number | null }[]>({ queryKey: [""/api/plant-module/material-receipts""], })"
"client/src/pages/PlantBitumenStock.tsx","client/src/pages/PlantBitumenStock.tsx:156","useQuery","useQuery<{ id: number; partyId: number | null; materialId: number; balance: number; uom: string }[]>({ queryKey: [""/api/plant-module/stock-balances""], })"
"client/src/pages/PlantBitumenStock.tsx","client/src/pages/PlantBitumenStock.tsx:181","useMutation","useMutation({ mutationFn: async (data: { materialId: number; partyId: number; physicalQty: number; uom: string; date: string; notes: string; correctedBy: string }) => { const res = await apiRequest(""POST"", ""/api/plant-module/stock-correction"", data); return res.json(); }, onSuccess: (result: any) => { queryClient.invalidateQueries({ queryKey: [""/api/plant-module/stock-balances""] }); queryClient.invalidateQueries({ queryKey: [""/api/plant-module/stock-ledger""] }); const adjNum = toFiniteNumber(result.adjustment); const sign = adjNum !== null && adjNum >= 0 ? ""+"" : """"; toast({ title: ""Stock correction posted"", description: `Adjustment: ${sign}${formatQty(result.adjustment, 3)} MT. Book stock now ${formatQty(result.newBalance, 3)} MT.` }); setShowCorrForm(false); setCorrTank1MT(""""); setCorrTank2MT(""""); setCorrNotes(""""); }, onError: (err: any) => { toast({ title: ""Error"", description: err.message, variant: ""destructive"" }); }, })"
"client/src/pages/PlantBitumenStock.tsx","client/src/pages/PlantBitumenStock.tsx:183","apiRequest","apiRequest(""POST"", ""/api/plant-module/stock-correction"", data)"
"client/src/pages/PlantBitumenStock.tsx","client/src/pages/PlantBitumenStock.tsx:532","fetch","fetch(url, { method, headers: { ""Content-Type"": ""application/json"" }, body: JSON.stringify(data), credentials: ""include"", })"
"client/src/pages/PlantBitumenStock.tsx","client/src/pages/PlantBitumenStock.tsx:548","useMutation","useMutation({ mutationFn: (data: any) => bitumenDipFetch(""POST"", ""/api/plant-module/bitumen-dip-readings"", data), onSuccess: () => { queryClient.invalidateQueries({ queryKey: [""/api/plant-module/bitumen-dip-readings""] }); toast({ title: ""Dip reading recorded"" }); resetForm(); setDialogOpen(false); }, onError: (err: any) => { if (err?.status === 409) { toast({ title: ""Reading already exists"", description: err.message, variant: ""destructive"" }); } else { toast({ title: ""Error"", description: err.message, variant: ""destructive"" }); } }, })"
"client/src/pages/PlantBitumenStock.tsx","client/src/pages/PlantBitumenStock.tsx:549","bitumenDipFetch","bitumenDipFetch(""POST"", ""/api/plant-module/bitumen-dip-readings"", data)"
"client/src/pages/PlantBitumenStock.tsx","client/src/pages/PlantBitumenStock.tsx:565","useMutation","useMutation({ mutationFn: ({ id, data }: { id: number; data: any }) => bitumenDipFetch(""PATCH"", `/api/plant-module/bitumen-dip-readings/${id}`, data), onSuccess: () => { queryClient.invalidateQueries({ queryKey: [""/api/plant-module/bitumen-dip-readings""] }); toast({ title: ""Dip reading updated"" }); resetForm(); setEditingReading(null); setDialogOpen(false); }, onError: (err: any) => { if (err?.status === 409) { toast({ title: ""Reading already exists"", description: err.message, variant: ""destructive"" }); } else { toast({ title: ""Error"", description: err.message, variant: ""destructive"" }); } }, })"
"client/src/pages/PlantBitumenStock.tsx","client/src/pages/PlantBitumenStock.tsx:567","bitumenDipFetch","bitumenDipFetch(""PATCH"", `/api/plant-module/bitumen-dip-readings/${id}`, data)"
"client/src/pages/PlantBitumenStock.tsx","client/src/pages/PlantBitumenStock.tsx:584","useMutation","useMutation({ mutationFn: async (id: number) => { await apiRequest(""DELETE"", `/api/plant-module/bitumen-dip-readings/${id}`); }, onSuccess: () => { queryClient.invalidateQueries({ queryKey: [""/api/plant-module/bitumen-dip-readings""] }); toast({ title: ""Reading deleted"" }); setDeleteConfirmId(null); }, onError: (err: any) => { toast({ title: ""Error"", description: err.message, variant: ""destructive"" }); }, })"
"client/src/pages/PlantBitumenStock.tsx","client/src/pages/PlantBitumenStock.tsx:586","apiRequest","apiRequest(""DELETE"", `/api/plant-module/bitumen-dip-readings/${id}`)"
"client/src/pages/PlantBitumenStock.tsx","client/src/pages/PlantBitumenStock.tsx:691","fetch","fetch(`${window.location.origin}/${logoFile}`)"
"client/src/pages/PlantBitumenStock.tsx","client/src/pages/PlantBitumenStock.tsx:764","w.print","w.print()"
"client/src/pages/PlantDailyReport.tsx","client/src/pages/PlantDailyReport.tsx:124","useQuery","useQuery<string[]>({ queryKey: [""/api/plant-module/shift-logs/plants""], queryFn: async () => { const res = await fetch(""/api/plant-module/shift-logs/plants"", { credentials: ""include"" }); if (!res.ok) return [""Main Plant""]; return res.json(); }, })"
"client/src/pages/PlantDailyReport.tsx","client/src/pages/PlantDailyReport.tsx:127","fetch","fetch(""/api/plant-module/shift-logs/plants"", { credentials: ""include"" })"
"client/src/pages/PlantDailyReport.tsx","client/src/pages/PlantDailyReport.tsx:133","useQuery","useQuery<DailyPlantSummary>({ queryKey: [""/api/plant-module/daily-reports"", date, plantName], queryFn: async () => { const res = await fetch(`/api/plant-module/daily-reports/${date}?plant=${encodeURIComponent(plantName)}`, { credentials: ""include"" }); if (!res.ok) throw new Error(await res.text()); return res.json(); }, })"
"client/src/pages/PlantDailyReport.tsx","client/src/pages/PlantDailyReport.tsx:136","fetch","fetch(`/api/plant-module/daily-reports/${date}?plant=${encodeURIComponent(plantName)}`, { credentials: ""include"" })"
"client/src/pages/PlantDailyReport.tsx","client/src/pages/PlantDailyReport.tsx:147","useQuery","useQuery<DryerMismatchRow[]>({ queryKey: [""/api/plant-module/heating-sessions/dryer-source-mismatches"", date, date, plantName], queryFn: async () => { const qs = new URLSearchParams({ dateFrom: date, dateTo: date, plant: plantName }); const res = await fetch(`/api/plant-module/heating-sessions/dryer-source-mismatches?${qs}`, { credentials: ""include"" }); if (!res.ok) return []; return res.json(); }, enabled: !!date && !!plantName, })"
"client/src/pages/PlantDailyReport.tsx","client/src/pages/PlantDailyReport.tsx:151","fetch","fetch(`/api/plant-module/heating-sessions/dryer-source-mismatches?${qs}`, { credentials: ""include"" })"
"client/src/pages/PlantDailyReport.tsx","client/src/pages/PlantDailyReport.tsx:159","useMutation","useMutation({ mutationFn: ({ sessionIds, targetValue }: { sessionIds: number[]; targetValue: ""TANK_1"" | ""TANK_2"" }) => apiRequest(""PATCH"", ""/api/plant-module/heating-sessions/align-dryer-source"", { sessionIds, targetValue }), onSuccess: () => { queryClient.invalidateQueries({ queryKey: [""/api/plant-module/heating-sessions/dryer-source-mismatches""] }); queryClient.invalidateQueries({ queryKey: [""/api/plant-module/daily-reports""] }); toast({ title: ""Sessions updated — dryer source corrected"" }); }, onError: (err: Error) => { toast({ title: ""Failed to update sessions"", description: err.message, variant: ""destructive"" }); }, })"
"client/src/pages/PlantDailyReport.tsx","client/src/pages/PlantDailyReport.tsx:161","apiRequest","apiRequest(""PATCH"", ""/api/plant-module/heating-sessions/align-dryer-source"", { sessionIds, targetValue })"
"client/src/pages/PlantDailyReports.tsx","client/src/pages/PlantDailyReports.tsx:226","useMutation","useMutation({ mutationFn: async ({ sessionIds, targetValue }: { sessionIds: number[]; targetValue: ""TANK_1"" | ""TANK_2"" }) => { const res = await apiRequest(""PATCH"", ""/api/plant-module/heating-sessions/align-dryer-source"", { sessionIds, targetValue }); return res.json() as Promise<{ updatedCount: number }>; }, onSuccess: (data, variables) => { queryClient.invalidateQueries({ queryKey: [""/api/plant-module/heating-sessions""] }); queryClient.invalidateQueries({ queryKey: [""/api/plant-module/heating-sessions/dryer-source-mismatches""] }); const label = variables.targetValue === ""TANK_1"" ? ""Boiler tank"" : ""Dryer tank""; toast({ title: `${data.updatedCount} session${data.updatedCount !== 1 ? ""s"" : """"} aligned to ${label}` }); }, onError: (err: any) => { toast({ title: ""Align failed"", description: err.message, variant: ""destructive"" }); }, })"
"client/src/pages/PlantDailyReports.tsx","client/src/pages/PlantDailyReports.tsx:228","apiRequest","apiRequest(""PATCH"", ""/api/plant-module/heating-sessions/align-dryer-source"", { sessionIds, targetValue })"
"client/src/pages/PlantDailyReports.tsx","client/src/pages/PlantDailyReports.tsx:247","useQuery","useQuery<string[]>({ queryKey: [""/api/plant-module/shift-logs/plants""], queryFn: async () => { const res = await fetch(""/api/plant-module/shift-logs/plants"", { credentials: ""include"" }); if (!res.ok) return [""Main Plant""]; return res.json(); }, })"
"client/src/pages/PlantDailyReports.tsx","client/src/pages/PlantDailyReports.tsx:250","fetch","fetch(""/api/plant-module/shift-logs/plants"", { credentials: ""include"" })"
"client/src/pages/PlantDailyReports.tsx","client/src/pages/PlantDailyReports.tsx:256","useQuery","useQuery<PartyOpt[]>({ queryKey: [""/api/plant-module/parties""], })"
"client/src/pages/PlantDailyReports.tsx","client/src/pages/PlantDailyReports.tsx:259","useQuery","useQuery<MixTypeOpt[]>({ queryKey: [""/api/plant-module/mix-types""], })"
"client/src/pages/PlantDailyReports.tsx","client/src/pages/PlantDailyReports.tsx:283","useQuery","useQuery<DryerMismatchRow[]>({ queryKey: [""/api/plant-module/heating-sessions/dryer-source-mismatches"", from, to], enabled: !!from && !!to, queryFn: async () => { const qs = new URLSearchParams({ dateFrom: from, dateTo: to }); const res = await fetch(`/api/plant-module/heating-sessions/dryer-source-mismatches?${qs.toString()}`, { credentials: ""include"" }); if (!res.ok) throw new Error(await res.text()); return res.json(); }, })"
"client/src/pages/PlantDailyReports.tsx","client/src/pages/PlantDailyReports.tsx:288","fetch","fetch(`/api/plant-module/heating-sessions/dryer-source-mismatches?${qs.toString()}`, { credentials: ""include"" })"
"client/src/pages/PlantDailyReports.tsx","client/src/pages/PlantDailyReports.tsx:302","useQuery","useQuery<IndexRow[]>({ queryKey: [""/api/plant-module/daily-reports-index"", from, to, plant, selectedParties, selectedMixTypes], queryFn: async () => { const params = new URLSearchParams(); if (from) params.set(""from"", from); if (to) params.set(""to"", to); if (plant) params.set(""plant"", plant); for (const p of selectedParties) params.append(""party"", p); for (const m of selectedMixTypes) params.append(""mixType"", m); const res = await fetch(`/api/plant-module/daily-reports-index?${params.toString()}`, { credentials: ""include"" }); if (!res.ok) throw new Error(await res.text()); return res.json(); }, })"
"client/src/pages/PlantDailyReports.tsx","client/src/pages/PlantDailyReports.tsx:311","fetch","fetch(`/api/plant-module/daily-reports-index?${params.toString()}`, { credentials: ""include"" })"
"client/src/pages/PlantDailyReports.tsx","client/src/pages/PlantDailyReports.tsx:349","fetch","fetch(`/api/plant-module/daily-reports-export?${params.toString()}`, { credentials: ""include"" })"
"client/src/pages/PlantDailyReports.tsx","client/src/pages/PlantDailyReports.tsx:384","fetch","fetch(""/api/plant-module/daily-reports/bulk-zip"", { method: ""POST"", headers: { ""Content-Type"": ""application/json"" }, credentials: ""include"", body: JSON.stringify({ entries }), })"
"client/src/pages/PlantDailyReports.tsx","client/src/pages/PlantDailyReports.tsx:468","handleSpreadsheetExport","handleSpreadsheetExport(""csv"")"
"client/src/pages/PlantDailyReports.tsx","client/src/pages/PlantDailyReports.tsx:477","handleSpreadsheetExport","handleSpreadsheetExport(""xlsx"")"
"client/src/pages/PlantDetails.tsx","client/src/pages/PlantDetails.tsx:26","useQuery","useQuery<PlantReportWithDetails>({ queryKey: [""/api/plant"", params?.id], queryFn: async () => { const res = await fetch(`/api/plant/${params?.id}`); if (!res.ok) throw new Error(""Failed to fetch plant report""); return res.json(); }, enabled: !!params?.id, })"
"client/src/pages/PlantDetails.tsx","client/src/pages/PlantDetails.tsx:29","fetch","fetch(`/api/plant/${params?.id}`)"
"client/src/pages/PlantDetails.tsx","client/src/pages/PlantDetails.tsx:36","useMutation","useMutation({ mutationFn: async () => { const response = await apiRequest(""POST"", `/api/plant/${params?.id}/clone`, {}); return response.json(); }, onSuccess: (data) => { toast({ title: ""Report cloned"", description: ""A new copy has been created for editing."", }); queryClient.invalidateQueries({ queryKey: [""/api/plant""] }); setLocation(appendOrigin(`/plant/${data.id}`)); }, onError: () => { toast({ title: ""Error"", description: ""Failed to clone report."", variant: ""destructive"", }); }, })"
"client/src/pages/PlantDetails.tsx","client/src/pages/PlantDetails.tsx:38","apiRequest","apiRequest(""POST"", `/api/plant/${params?.id}/clone`, {})"
"client/src/pages/PlantDetails.tsx","client/src/pages/PlantDetails.tsx:58","useMutation","useMutation({ mutationFn: async () => { await apiRequest(""DELETE"", `/api/plant/${params?.id}`); }, onSuccess: () => { toast({ title: ""Report deleted"", description: ""The plant report has been deleted."", }); queryClient.invalidateQueries({ queryKey: [""/api/plant""] }); setLocation(appendOrigin(""/plant/dashboard"")); }, onError: () => { toast({ title: ""Error"", description: ""Failed to delete report."", variant: ""destructive"", }); }, })"
"client/src/pages/PlantDetails.tsx","client/src/pages/PlantDetails.tsx:60","apiRequest","apiRequest(""DELETE"", `/api/plant/${params?.id}`)"
"client/src/pages/PlantDieselProcurementReport.tsx","client/src/pages/PlantDieselProcurementReport.tsx:48","useQuery","useQuery<PlantMaterial[]>({ queryKey: [""/api/plant-module/materials""], })"
"client/src/pages/PlantDieselProcurementReport.tsx","client/src/pages/PlantDieselProcurementReport.tsx:52","useQuery","useQuery<Party[]>({ queryKey: [""/api/plant-module/parties""], })"
"client/src/pages/PlantDieselProcurementReport.tsx","client/src/pages/PlantDieselProcurementReport.tsx:59","useQuery","useQuery<StockLedgerEntry[]>({ queryKey: [""/api/plant-module/stock-ledger"", dieselMaterialId, filterDateFrom, filterDateTo], queryFn: async () => { const params = new URLSearchParams(); if (dieselMaterialId) params.append(""materialId"", String(dieselMaterialId)); if (filterDateFrom) params.append(""dateFrom"", filterDateFrom); if (filterDateTo) params.append(""dateTo"", filterDateTo); const res = await fetch(`/api/plant-module/stock-ledger?${params}`); return res.json(); }, select: (rows) => rows.map(e => ({ ...e, quantityIn: e.quantityIn == null ? null : Number(e.quantityIn), quantityOut: e.quantityOut == null ? null : Number(e.quantityOut), balanceAfter: e.balanceAfter == null ? null : Number(e.balanceAfter), })), enabled: !!dieselMaterialId, })"
"client/src/pages/PlantDieselProcurementReport.tsx","client/src/pages/PlantDieselProcurementReport.tsx:66","fetch","fetch(`/api/plant-module/stock-ledger?${params}`)"
"client/src/pages/PlantDieselProcurementReport.tsx","client/src/pages/PlantDieselProcurementReport.tsx:78","useQuery","useQuery<MaterialReceipt[]>({ queryKey: [""/api/plant-module/material-receipts"", filterDateFrom, filterDateTo, dieselMaterialId], queryFn: async () => { const params = new URLSearchParams(); if (filterDateFrom) params.append(""dateFrom"", filterDateFrom); if (filterDateTo) params.append(""dateTo"", filterDateTo); const res = await fetch(`/api/plant-module/material-receipts?${params}`); return res.json(); }, enabled: !!dieselMaterialId, })"
"client/src/pages/PlantDieselProcurementReport.tsx","client/src/pages/PlantDieselProcurementReport.tsx:84","fetch","fetch(`/api/plant-module/material-receipts?${params}`)"
"client/src/pages/PlantDieselProcurementReport.tsx","client/src/pages/PlantDieselProcurementReport.tsx:209","window.print","window.print()"
"client/src/pages/PlantDispatches.tsx","client/src/pages/PlantDispatches.tsx:192","useQuery","useQuery<TruckDispatch[]>({ queryKey: [""/api/plant-module/dispatches""], })"
"client/src/pages/PlantDispatches.tsx","client/src/pages/PlantDispatches.tsx:196","useQuery","useQuery<Party[]>({ queryKey: [""/api/plant-module/parties""], })"
"client/src/pages/PlantDispatches.tsx","client/src/pages/PlantDispatches.tsx:201","useQuery","useQuery<PlantSettings[]>({ queryKey: [""/api/plant-module/plant-settings""], enabled: !!mgmtReportPlantId, })"
"client/src/pages/PlantDispatches.tsx","client/src/pages/PlantDispatches.tsx:232","useQuery","useQuery<{ tank1: number; tank2: number; total: number }>({ queryKey: [""/api/plant-module/bitumen-tank-balances""], queryFn: async () => { const res = await fetch(`/api/plant-module/bitumen-tank-balances`, { credentials: ""include"" }); if (!res.ok) throw new Error(""Failed to fetch bitumen tank balances""); return res.json(); }, enabled: dialogOpen, refetchInterval: dialogOpen ? 30000 : false, })"
"client/src/pages/PlantDispatches.tsx","client/src/pages/PlantDispatches.tsx:235","fetch","fetch(`/api/plant-module/bitumen-tank-balances`, { credentials: ""include"" })"
"client/src/pages/PlantDispatches.tsx","client/src/pages/PlantDispatches.tsx:243","useQuery","useQuery<MixTemplate[]>({ queryKey: [""/api/plant-module/mix-templates""], })"
"client/src/pages/PlantDispatches.tsx","client/src/pages/PlantDispatches.tsx:247","useQuery","useQuery<MixType[]>({ queryKey: [""/api/plant-module/mix-types""], })"
"client/src/pages/PlantDispatches.tsx","client/src/pages/PlantDispatches.tsx:251","useQuery","useQuery<Site[]>({ queryKey: [""/api/sites""], })"
"client/src/pages/PlantDispatches.tsx","client/src/pages/PlantDispatches.tsx:255","useQuery","useQuery<EquipmentMasterType[]>({ queryKey: [""/api/plant-module/equipment""], })"
"client/src/pages/PlantDispatches.tsx","client/src/pages/PlantDispatches.tsx:288","useMutation","useMutation<DispatchResult, Error, DispatchPayload>({ mutationFn: async (data) => { // Custom fetch so HTTP 409 (owner-stock shortage) can be surfaced // structurally to the UI instead of being thrown. const res = await fetch(""/api/plant-module/dispatches"", { method: ""POST"", headers: { ""Content-Type"": ""application/json"" }, credentials: ""include"", body: JSON.stringify(data), }); if (res.status === 409) { const body = (await res.json()) as ShortageInfo; setPendingDispatchPayload(data); setShortageInfo(body); return { __confirmationRequired: true }; } if (!res.ok) { const text = (await res.text()) || res.statusText; throw new Error(`${res.status}: ${text}`); } return res.json(); }, onSuccess: async (result) => { if (""__confirmationRequired"" in result && result.__confirmationRequired) return; await clearDraft(); queryClient.invalidateQueries({ queryKey: [""/api/plant-module/dispatches""] }); queryClient.invalidateQueries({ queryKey: [""/api/plant-module/stock-balances""] }); queryClient.invalidateQueries({ queryKey: [""/api/plant-module/stock-ledger""] }); setDialogOpen(false); resetForm(); toast({ title: ""Dispatch recorded successfully"" }); }, })"
"client/src/pages/PlantDispatches.tsx","client/src/pages/PlantDispatches.tsx:292","fetch","fetch(""/api/plant-module/dispatches"", { method: ""POST"", headers: { ""Content-Type"": ""application/json"" }, credentials: ""include"", body: JSON.stringify(data), })"
"client/src/pages/PlantDispatches.tsx","client/src/pages/PlantDispatches.tsx:334","useMutation","useMutation({ mutationFn: ({ id, data }: { id: number; data: any }) => apiRequest(""PUT"", `/api/plant-module/dispatches/${id}`, data), onSuccess: () => { queryClient.invalidateQueries({ queryKey: [""/api/plant-module/dispatches""] }); queryClient.invalidateQueries({ queryKey: [""/api/plant-module/stock-balances""] }); queryClient.invalidateQueries({ queryKey: [""/api/plant-module/stock-ledger""] }); setDialogOpen(false); setEditingDispatch(null); resetForm(); toast({ title: ""Dispatch updated successfully"" }); }, })"
"client/src/pages/PlantDispatches.tsx","client/src/pages/PlantDispatches.tsx:336","apiRequest","apiRequest(""PUT"", `/api/plant-module/dispatches/${id}`, data)"
"client/src/pages/PlantDispatches.tsx","client/src/pages/PlantDispatches.tsx:348","useMutation","useMutation({ mutationFn: (id: number) => apiRequest(""DELETE"", `/api/plant-module/dispatches/${id}`), onSuccess: () => { queryClient.invalidateQueries({ queryKey: [""/api/plant-module/dispatches""] }); queryClient.invalidateQueries({ queryKey: [""/api/plant-module/stock-balances""] }); queryClient.invalidateQueries({ queryKey: [""/api/plant-module/stock-ledger""] }); setDeleteConfirmId(null); toast({ title: ""Dispatch deleted successfully"" }); }, })"
"client/src/pages/PlantDispatches.tsx","client/src/pages/PlantDispatches.tsx:350","apiRequest","apiRequest(""DELETE"", `/api/plant-module/dispatches/${id}`)"
"client/src/pages/PlantDispatches.tsx","client/src/pages/PlantDispatches.tsx:549","exportToExcel","exportToExcel()"
"client/src/pages/PlantDispatches.tsx","client/src/pages/PlantDispatches.tsx:550","exportToPDF","exportToPDF()"
"client/src/pages/PlantDispatches.tsx","client/src/pages/PlantDispatches.tsx:551","handlePrint","handlePrint()"
"client/src/pages/PlantDispatches.tsx","client/src/pages/PlantDispatches.tsx:685","triggerDownload","triggerDownload(blob, filename)"
"client/src/pages/PlantDispatches.tsx","client/src/pages/PlantDispatches.tsx:756","triggerDownload","triggerDownload(pdfBlob, filename)"
"client/src/pages/PlantEquipmentUsage.tsx","client/src/pages/PlantEquipmentUsage.tsx:243","useQuery","useQuery<EquipmentUsage[]>({ queryKey: [""/api/plant-module/equipment-usage""], })"
"client/src/pages/PlantEquipmentUsage.tsx","client/src/pages/PlantEquipmentUsage.tsx:247","useQuery","useQuery<any[]>({ queryKey: [""/api/maintenance/logs"", ""plant_usage"", breakdownSourceId], queryFn: async () => { const res = await fetch(`/api/maintenance/logs?sourceType=plant_usage&sourceRecordId=${breakdownSourceId}`, { credentials: ""include"" }); return res.ok ? res.json() : []; }, enabled: breakdownSourceId != null, })"
"client/src/pages/PlantEquipmentUsage.tsx","client/src/pages/PlantEquipmentUsage.tsx:250","fetch","fetch(`/api/maintenance/logs?sourceType=plant_usage&sourceRecordId=${breakdownSourceId}`, { credentials: ""include"" })"
"client/src/pages/PlantEquipmentUsage.tsx","client/src/pages/PlantEquipmentUsage.tsx:277","useQuery","useQuery<EquipmentUsage[]>({ queryKey: [""/api/plant-module/equipment-usage/incoming"", incomingDestinationType], queryFn: async () => { const res = await fetch(`/api/plant-module/equipment-usage/incoming?destinationType=${incomingDestinationType}`, { credentials: ""include"" }); if (!res.ok) throw new Error(""Failed to load incoming equipment""); return res.json(); }, enabled: incomingDestinationType != null, })"
"client/src/pages/PlantEquipmentUsage.tsx","client/src/pages/PlantEquipmentUsage.tsx:280","fetch","fetch(`/api/plant-module/equipment-usage/incoming?destinationType=${incomingDestinationType}`, { credentials: ""include"" })"
"client/src/pages/PlantEquipmentUsage.tsx","client/src/pages/PlantEquipmentUsage.tsx:287","useQuery","useQuery<EquipmentMasterType[]>({ queryKey: [""/api/plant-module/equipment"", ""all"", effectivePlantFilter ?? ""all""], queryFn: async () => { const url = effectivePlantFilter ? `/api/plant-module/equipment?includeInactive=true&plantName=${encodeURIComponent(effectivePlantFilter)}` : ""/api/plant-module/equipment?includeInactive=true""; const res = await fetch(url); if (!res.ok) throw new Error(""Failed to fetch""); return res.json(); }, })"
"client/src/pages/PlantEquipmentUsage.tsx","client/src/pages/PlantEquipmentUsage.tsx:293","fetch","fetch(url)"
"client/src/pages/PlantEquipmentUsage.tsx","client/src/pages/PlantEquipmentUsage.tsx:312","useQuery","useQuery<Site[]>({ queryKey: [""/api/sites""], })"
"client/src/pages/PlantEquipmentUsage.tsx","client/src/pages/PlantEquipmentUsage.tsx:325","apiRequest","apiRequest(""POST"", `/api/maintenance/logs/${existing.id}/cancel`, { reason: ""Removed from Plant Equipment Usage stoppages"", })"
"client/src/pages/PlantEquipmentUsage.tsx","client/src/pages/PlantEquipmentUsage.tsx:338","apiRequest","apiRequest(breakdown.maintenanceLogId ? ""PATCH"" : ""POST"", breakdown.maintenanceLogId ? `/api/maintenance/logs/${breakdown.maintenanceLogId}` : ""/api/maintenance/logs"", body)"
"client/src/pages/PlantEquipmentUsage.tsx","client/src/pages/PlantEquipmentUsage.tsx:356","apiRequest","apiRequest(""POST"", ""/api/attachments"", { moduleType: ""equipment_breakdown"", linkedRecordId: saved.id, ...attachment!, })"
"client/src/pages/PlantEquipmentUsage.tsx","client/src/pages/PlantEquipmentUsage.tsx:365","useMutation","useMutation({ mutationFn: async (data: any) => (await apiRequest(""POST"", ""/api/plant-module/equipment-usage"", data)).json() as Promise<EquipmentUsage>, onSuccess: async (created) => { await persistPlantUsageBreakdowns(created); clearDraft(); setDraftRestored(false); queryClient.invalidateQueries({ queryKey: [""/api/plant-module/equipment-usage""] }); setDialogOpen(false); resetForm(); toast({ title: ""Equipment usage recorded successfully"" }); }, onError: (err: Error) => { const shortage = parseInsufficientPlantStock(err); if (shortage) { setDieselShortage(shortage); return; } const serverMsg = parseServerMessage(err); toast({ title: serverMsg ?? ""Failed to record equipment usage. Please try again."", variant: ""destructive"", }); }, })"
"client/src/pages/PlantEquipmentUsage.tsx","client/src/pages/PlantEquipmentUsage.tsx:366","(await apiRequest(""POST"", ""/api/plant-module/equipment-usage"", data)).json","(await apiRequest(""POST"", ""/api/plant-module/equipment-usage"", data)).json()"
"client/src/pages/PlantEquipmentUsage.tsx","client/src/pages/PlantEquipmentUsage.tsx:366","apiRequest","apiRequest(""POST"", ""/api/plant-module/equipment-usage"", data)"
"client/src/pages/PlantEquipmentUsage.tsx","client/src/pages/PlantEquipmentUsage.tsx:387","useMutation","useMutation({ mutationFn: ({ id, data }: { id: number; data: any }) => apiRequest(""PUT"", `/api/plant-module/equipment-usage/${id}`, data), onSuccess: async () => { if (editingUsage) await persistPlantUsageBreakdowns(editingUsage); queryClient.invalidateQueries({ queryKey: [""/api/plant-module/equipment-usage""] }); setDialogOpen(false); setEditingUsage(null); resetForm(); toast({ title: ""Equipment usage updated successfully"" }); }, onError: (err: Error) => { const shortage = parseInsufficientPlantStock(err); if (shortage) { setDieselShortage(shortage); return; } if (err.message.startsWith(""423"")) { toast({ title: ""Record is locked"", description: ""Click the Unlock button next to this entry first, then save."", variant: ""destructive"", }); } else { const serverMsg = parseServerMessage(err); toast({ title: serverMsg ?? ""Failed to update equipment usage. Please try again."", variant: ""destructive"", }); } }, })"
"client/src/pages/PlantEquipmentUsage.tsx","client/src/pages/PlantEquipmentUsage.tsx:389","apiRequest","apiRequest(""PUT"", `/api/plant-module/equipment-usage/${id}`, data)"
"client/src/pages/PlantEquipmentUsage.tsx","client/src/pages/PlantEquipmentUsage.tsx:417","useMutation","useMutation({ mutationFn: ({ id, data }: { id: number; data: any }) => apiRequest(""POST"", `/api/plant-module/equipment-usage/${id}/complete-incoming`, data), onSuccess: () => { queryClient.invalidateQueries({ queryKey: [""/api/plant-module/equipment-usage""] }); queryClient.invalidateQueries({ queryKey: [""/api/plant-module/equipment-usage/incoming""] }); setDialogOpen(false); resetForm(); toast({ title: ""Incoming equipment usage completed"" }); }, onError: (err: Error) => { const shortage = parseInsufficientPlantStock(err); if (shortage) { setDieselShortage(shortage); return; } toast({ title: parseServerMessage(err) ?? ""Failed to complete incoming equipment usage."", variant: ""destructive"" }); }, })"
"client/src/pages/PlantEquipmentUsage.tsx","client/src/pages/PlantEquipmentUsage.tsx:419","apiRequest","apiRequest(""POST"", `/api/plant-module/equipment-usage/${id}/complete-incoming`, data)"
"client/src/pages/PlantEquipmentUsage.tsx","client/src/pages/PlantEquipmentUsage.tsx:434","useMutation","useMutation({ mutationFn: (id: number) => apiRequest(""DELETE"", `/api/plant-module/equipment-usage/${id}`), onSuccess: () => { queryClient.invalidateQueries({ queryKey: [""/api/plant-module/equipment-usage""] }); setDeleteConfirmId(null); toast({ title: ""Equipment usage deleted successfully"" }); }, })"
"client/src/pages/PlantEquipmentUsage.tsx","client/src/pages/PlantEquipmentUsage.tsx:436","apiRequest","apiRequest(""DELETE"", `/api/plant-module/equipment-usage/${id}`)"
"client/src/pages/PlantEquipmentUsage.tsx","client/src/pages/PlantEquipmentUsage.tsx:590","fetch","fetch(`/api/plant-module/equipment-usage/previous-balance/${value}`)"
"client/src/pages/PlantEquipmentUsage.tsx","client/src/pages/PlantEquipmentUsage.tsx:607","fetchLatestPriorClosing","fetchLatestPriorClosing(Number(value), date, continuitySite, { inclusive: true })"
"client/src/pages/PlantEquipmentUsage.tsx","client/src/pages/PlantEquipmentUsage.tsx:816","exportToExcel","exportToExcel()"
"client/src/pages/PlantEquipmentUsage.tsx","client/src/pages/PlantEquipmentUsage.tsx:820","exportToPdf","exportToPdf()"
"client/src/pages/PlantEquipmentUsage.tsx","client/src/pages/PlantEquipmentUsage.tsx:824","handlePrint","handlePrint()"
"client/src/pages/PlantEquipmentUsage.tsx","client/src/pages/PlantEquipmentUsage.tsx:1024","getExportData","getExportData()"
"client/src/pages/PlantEquipmentUsage.tsx","client/src/pages/PlantEquipmentUsage.tsx:1056","triggerDownload","triggerDownload(blob, filename)"
"client/src/pages/PlantEquipmentUsage.tsx","client/src/pages/PlantEquipmentUsage.tsx:1065","getExportData","getExportData()"
"client/src/pages/PlantEquipmentUsage.tsx","client/src/pages/PlantEquipmentUsage.tsx:1136","triggerDownload","triggerDownload(pdfBlob, filename)"
"client/src/pages/PlantEquipmentUsage.tsx","client/src/pages/PlantEquipmentUsage.tsx:1144","getExportData","getExportData()"
"client/src/pages/PlantGeneratorLogs.tsx","client/src/pages/PlantGeneratorLogs.tsx:41","useQuery","useQuery<GeneratorLog[]>({ queryKey: [""/api/plant-module/generator-logs""], })"
"client/src/pages/PlantGeneratorLogs.tsx","client/src/pages/PlantGeneratorLogs.tsx:45","useMutation","useMutation({ mutationFn: (data: any) => apiRequest(""POST"", ""/api/plant-module/generator-logs"", data), onSuccess: () => { queryClient.invalidateQueries({ queryKey: [""/api/plant-module/generator-logs""] }); setDialogOpen(false); resetForm(); toast({ title: ""Generator log recorded successfully"" }); }, })"
"client/src/pages/PlantGeneratorLogs.tsx","client/src/pages/PlantGeneratorLogs.tsx:47","apiRequest","apiRequest(""POST"", ""/api/plant-module/generator-logs"", data)"
"client/src/pages/PlantGeneratorLogs.tsx","client/src/pages/PlantGeneratorLogs.tsx:96","exportToExcel","exportToExcel()"
"client/src/pages/PlantGeneratorLogs.tsx","client/src/pages/PlantGeneratorLogs.tsx:97","exportToPDF","exportToPDF()"
"client/src/pages/PlantGeneratorLogs.tsx","client/src/pages/PlantGeneratorLogs.tsx:98","handlePrint","handlePrint()"
"client/src/pages/PlantGeneratorLogs.tsx","client/src/pages/PlantGeneratorLogs.tsx:165","triggerDownload","triggerDownload(blob, filename)"
"client/src/pages/PlantGeneratorLogs.tsx","client/src/pages/PlantGeneratorLogs.tsx:230","triggerDownload","triggerDownload(pdfBlob, filename)"
"client/src/pages/PlantHeatingMismatch.tsx","client/src/pages/PlantHeatingMismatch.tsx:59","useQuery","useQuery<BitumenHeatingSession[]>({ queryKey: [""/api/plant-module/heating-sessions"", date, plant], enabled: !!date, queryFn: async () => { const qs = new URLSearchParams(); qs.set(""date"", date); qs.set(""plant"", plant); const res = await fetch( `/api/plant-module/heating-sessions?${qs.toString()}`, { credentials: ""include"" }, ); if (!res.ok) throw new Error(await res.text()); return res.json(); }, })"
"client/src/pages/PlantHeatingMismatch.tsx","client/src/pages/PlantHeatingMismatch.tsx:66","fetch","fetch( `/api/plant-module/heating-sessions?${qs.toString()}`, { credentials: ""include"" }, )"
"client/src/pages/PlantHeatingMismatch.tsx","client/src/pages/PlantHeatingMismatch.tsx:75","useQuery","useQuery<PlantShiftLog[]>({ queryKey: [""/api/plant-module/shift-logs"", date], enabled: !!date, queryFn: async () => { const qs = new URLSearchParams(); qs.set(""dateFrom"", date); qs.set(""dateTo"", date); const res = await fetch( `/api/plant-module/shift-logs?${qs.toString()}`, { credentials: ""include"" }, ); if (!res.ok) throw new Error(await res.text()); return res.json(); }, })"
"client/src/pages/PlantHeatingMismatch.tsx","client/src/pages/PlantHeatingMismatch.tsx:82","fetch","fetch( `/api/plant-module/shift-logs?${qs.toString()}`, { credentials: ""include"" }, )"
"client/src/pages/PlantHeatingSessions.tsx","client/src/pages/PlantHeatingSessions.tsx:171","useQuery","useQuery<BitumenHeatingSession[]>({ queryKey: [""/api/plant-module/heating-sessions"", filterDateFrom, filterDateTo], queryFn: async () => { const qs = new URLSearchParams(); if (filterDateFrom) qs.set(""dateFrom"", filterDateFrom); if (filterDateTo) qs.set(""dateTo"", filterDateTo); const res = await fetch(`/api/plant-module/heating-sessions?${qs.toString()}`, { credentials: ""include"" }); if (!res.ok) throw new Error(await res.text()); return res.json(); }, })"
"client/src/pages/PlantHeatingSessions.tsx","client/src/pages/PlantHeatingSessions.tsx:177","fetch","fetch(`/api/plant-module/heating-sessions?${qs.toString()}`, { credentials: ""include"" })"
"client/src/pages/PlantHeatingSessions.tsx","client/src/pages/PlantHeatingSessions.tsx:203","useQuery","useQuery<BoilerMeterReconRow[]>({ queryKey: [""/api/plant-module/heating-sessions/reconciliation"", filterDateFrom, filterDateTo], queryFn: async () => { const qs = new URLSearchParams(); qs.set(""dateFrom"", filterDateFrom); qs.set(""dateTo"", filterDateTo); const res = await fetch(`/api/plant-module/heating-sessions/reconciliation?${qs.toString()}`, { credentials: ""include"" }); if (!res.ok) throw new Error(await res.text()); return res.json(); }, enabled: !!filterDateFrom && !!filterDateTo, })"
"client/src/pages/PlantHeatingSessions.tsx","client/src/pages/PlantHeatingSessions.tsx:209","fetch","fetch(`/api/plant-module/heating-sessions/reconciliation?${qs.toString()}`, { credentials: ""include"" })"
"client/src/pages/PlantHeatingSessions.tsx","client/src/pages/PlantHeatingSessions.tsx:238","useQuery","useQuery<DryerMismatchRow[]>({ queryKey: [""/api/plant-module/heating-sessions/dryer-source-mismatches"", filterDateFrom, filterDateTo], enabled: !!filterDateFrom && !!filterDateTo, queryFn: async () => { const qs = new URLSearchParams({ dateFrom: filterDateFrom, dateTo: filterDateTo }); const res = await fetch(`/api/plant-module/heating-sessions/dryer-source-mismatches?${qs.toString()}`, { credentials: ""include"" }); if (!res.ok) throw new Error(await res.text()); return res.json(); }, })"
"client/src/pages/PlantHeatingSessions.tsx","client/src/pages/PlantHeatingSessions.tsx:243","fetch","fetch(`/api/plant-module/heating-sessions/dryer-source-mismatches?${qs.toString()}`, { credentials: ""include"" })"
"client/src/pages/PlantHeatingSessions.tsx","client/src/pages/PlantHeatingSessions.tsx:294","useQuery","useQuery<{ id: number | null; name: string }[]>({ queryKey: [""/api/plant-module/generators""], })"
"client/src/pages/PlantHeatingSessions.tsx","client/src/pages/PlantHeatingSessions.tsx:314","useQuery","useQuery<DgCandidate[]>({ queryKey: [""/api/plant-module/generator-candidates"", { date: form.date, plant: form.plantName }], enabled: dialogOpen && !!form.date && !!form.plantName, queryFn: async () => { const res = await fetch( `/api/plant-module/generator-candidates?date=${encodeURIComponent(form.date)}&plant=${encodeURIComponent(form.plantName)}`, { credentials: ""include"" } ); if (!res.ok) throw new Error(""Failed to fetch DG candidates""); return res.json(); }, })"
"client/src/pages/PlantHeatingSessions.tsx","client/src/pages/PlantHeatingSessions.tsx:318","fetch","fetch( `/api/plant-module/generator-candidates?date=${encodeURIComponent(form.date)}&plant=${encodeURIComponent(form.plantName)}`, { credentials: ""include"" } )"
"client/src/pages/PlantHeatingSessions.tsx","client/src/pages/PlantHeatingSessions.tsx:351","useQuery","useQuery<{ previousBalance: number; previousClosingReading: number }>({ queryKey: [""/api/plant-module/equipment-usage/previous-balance"", selectedGeneratorEquipmentId], enabled: selectedGeneratorEquipmentId != null, queryFn: async () => { const res = await fetch(`/api/plant-module/equipment-usage/previous-balance/${selectedGeneratorEquipmentId}`, { credentials: ""include"" }); if (!res.ok) throw new Error(""Failed to fetch DG tank balance""); return res.json(); }, })"
"client/src/pages/PlantHeatingSessions.tsx","client/src/pages/PlantHeatingSessions.tsx:355","fetch","fetch(`/api/plant-module/equipment-usage/previous-balance/${selectedGeneratorEquipmentId}`, { credentials: ""include"" })"
"client/src/pages/PlantHeatingSessions.tsx","client/src/pages/PlantHeatingSessions.tsx:408","fetch(
      `/api/plant-module/shift-logs/by-date/${encodeURIComponent(form.date)}?plant=${encodeURIComponent(form.plantName)}`,
      { credentials: ""include"", signal: ctrl.signal }
    )
      .then(r => r.ok ? r.json() : null)
      .then((log: any) => {
        if (ctrl.signal.aborted) return;
        // Use shift-log value when valid, otherwise fall back to TANK_2
        // so new sessions always have an explicit tank value.
        const src: ""TANK_1"" | ""TANK_2"" =
          (log?.dryerFedFrom === ""TANK_1"" || log?.dryerFedFrom === ""TANK_2"")
            ? log.dryerFedFrom
            : ""TANK_2"";
        setForm(prev => {
          // Don't overwrite a manual operator pick.
          if (prev.dryerFedFrom !== null && prev.dryerFedFrom !== autoFilledDryerRef.current) return prev;
          autoFilledDryerRef.current = src;
          return { ...prev, dryerFedFrom: src };
        });
      })
      .catch","fetch( `/api/plant-module/shift-logs/by-date/${encodeURIComponent(form.date)}?plant=${encodeURIComponent(form.plantName)}`, { credentials: ""include"", signal: ctrl.signal } ) .then(r => r.ok ? r.json() : null) .then((log: any) => { if (ctrl.signal.aborted) return; // Use shift-log value when valid, otherwise fall back to TANK_2 // so new sessions always have an explicit tank value. const src: ""TANK_1"" | ""TANK_2"" = (log?.dryerFedFrom === ""TANK_1"" || log?.dryerFedFrom === ""TANK_2"") ? log.dryerFedFrom : ""TANK_2""; setForm(prev => { // Don't overwrite a manual operator pick. if (prev.dryerFedFrom !== null && prev.dryerFedFrom !== autoFilledDryerRef.current) return prev; autoFilledDryerRef.current = src; return { ...prev, dryerFedFrom: src }; }); }) .catch(() => {})"
"client/src/pages/PlantHeatingSessions.tsx","client/src/pages/PlantHeatingSessions.tsx:408","fetch(
      `/api/plant-module/shift-logs/by-date/${encodeURIComponent(form.date)}?plant=${encodeURIComponent(form.plantName)}`,
      { credentials: ""include"", signal: ctrl.signal }
    )
      .then(r => r.ok ? r.json() : null)
      .then","fetch( `/api/plant-module/shift-logs/by-date/${encodeURIComponent(form.date)}?plant=${encodeURIComponent(form.plantName)}`, { credentials: ""include"", signal: ctrl.signal } ) .then(r => r.ok ? r.json() : null) .then((log: any) => { if (ctrl.signal.aborted) return; // Use shift-log value when valid, otherwise fall back to TANK_2 // so new sessions always have an explicit tank value. const src: ""TANK_1"" | ""TANK_2"" = (log?.dryerFedFrom === ""TANK_1"" || log?.dryerFedFrom === ""TANK_2"") ? log.dryerFedFrom : ""TANK_2""; setForm(prev => { // Don't overwrite a manual operator pick. if (prev.dryerFedFrom !== null && prev.dryerFedFrom !== autoFilledDryerRef.current) return prev; autoFilledDryerRef.current = src; return { ...prev, dryerFedFrom: src }; }); })"
"client/src/pages/PlantHeatingSessions.tsx","client/src/pages/PlantHeatingSessions.tsx:408","fetch(
      `/api/plant-module/shift-logs/by-date/${encodeURIComponent(form.date)}?plant=${encodeURIComponent(form.plantName)}`,
      { credentials: ""include"", signal: ctrl.signal }
    )
      .then","fetch( `/api/plant-module/shift-logs/by-date/${encodeURIComponent(form.date)}?plant=${encodeURIComponent(form.plantName)}`, { credentials: ""include"", signal: ctrl.signal } ) .then(r => r.ok ? r.json() : null)"
"client/src/pages/PlantHeatingSessions.tsx","client/src/pages/PlantHeatingSessions.tsx:408","fetch","fetch( `/api/plant-module/shift-logs/by-date/${encodeURIComponent(form.date)}?plant=${encodeURIComponent(form.plantName)}`, { credentials: ""include"", signal: ctrl.signal } )"
"client/src/pages/PlantHeatingSessions.tsx","client/src/pages/PlantHeatingSessions.tsx:444","fetch(`/api/plant-module/ldo-meter/last?tank=1&before=${encodeURIComponent(before)}&plant=${encodeURIComponent(form.plantName)}`, { credentials: ""include"" })
      .then(r => r.ok ? r.json() : null)
      .then((data: any) => {
        if (seq !== fetchSeqRef.current) return;
        if (data && typeof data.value === ""number"") {
          const next = String(data.value);
          setForm(prev => {
            if (prev.ldoTank1OpeningMeter && prev.ldoTank1OpeningMeter !== autoFilledOpeningRef.current) return prev;
            autoFilledOpeningRef.current = next;
            return {
              ...prev,
              ldoTank1OpeningMeter: next,
              autoFilledOpening: true,
              autoFilledSource: data.source,
            };
          });
        }
      })
      .catch","fetch(`/api/plant-module/ldo-meter/last?tank=1&before=${encodeURIComponent(before)}&plant=${encodeURIComponent(form.plantName)}`, { credentials: ""include"" }) .then(r => r.ok ? r.json() : null) .then((data: any) => { if (seq !== fetchSeqRef.current) return; if (data && typeof data.value === ""number"") { const next = String(data.value); setForm(prev => { if (prev.ldoTank1OpeningMeter && prev.ldoTank1OpeningMeter !== autoFilledOpeningRef.current) return prev; autoFilledOpeningRef.current = next; return { ...prev, ldoTank1OpeningMeter: next, autoFilledOpening: true, autoFilledSource: data.source, }; }); } }) .catch(() => {})"
"client/src/pages/PlantHeatingSessions.tsx","client/src/pages/PlantHeatingSessions.tsx:444","fetch(`/api/plant-module/ldo-meter/last?tank=1&before=${encodeURIComponent(before)}&plant=${encodeURIComponent(form.plantName)}`, { credentials: ""include"" })
      .then(r => r.ok ? r.json() : null)
      .then","fetch(`/api/plant-module/ldo-meter/last?tank=1&before=${encodeURIComponent(before)}&plant=${encodeURIComponent(form.plantName)}`, { credentials: ""include"" }) .then(r => r.ok ? r.json() : null) .then((data: any) => { if (seq !== fetchSeqRef.current) return; if (data && typeof data.value === ""number"") { const next = String(data.value); setForm(prev => { if (prev.ldoTank1OpeningMeter && prev.ldoTank1OpeningMeter !== autoFilledOpeningRef.current) return prev; autoFilledOpeningRef.current = next; return { ...prev, ldoTank1OpeningMeter: next, autoFilledOpening: true, autoFilledSource: data.source, }; }); } })"
"client/src/pages/PlantHeatingSessions.tsx","client/src/pages/PlantHeatingSessions.tsx:444","fetch(`/api/plant-module/ldo-meter/last?tank=1&before=${encodeURIComponent(before)}&plant=${encodeURIComponent(form.plantName)}`, { credentials: ""include"" })
      .then","fetch(`/api/plant-module/ldo-meter/last?tank=1&before=${encodeURIComponent(before)}&plant=${encodeURIComponent(form.plantName)}`, { credentials: ""include"" }) .then(r => r.ok ? r.json() : null)"
"client/src/pages/PlantHeatingSessions.tsx","client/src/pages/PlantHeatingSessions.tsx:444","fetch","fetch(`/api/plant-module/ldo-meter/last?tank=1&before=${encodeURIComponent(before)}&plant=${encodeURIComponent(form.plantName)}`, { credentials: ""include"" })"
"client/src/pages/PlantHeatingSessions.tsx","client/src/pages/PlantHeatingSessions.tsx:473","fetch(`/api/plant-module/heating-sessions?plant=${encodeURIComponent(form.plantName)}&limit=50`, { credentials: ""include"" })
      .then(r => r.ok ? r.json() : null)
      .then((data: any[]) => {
        if (seq !== dipSeqRef.current || !Array.isArray(data)) return;
        const past = data
          .filter((s: any) => s.date < form.date || (s.date === form.date && (!form.startTime || (s.endTime && s.endTime < form.startTime))))
          .sort((a: any, b: any) => b.date.localeCompare(a.date) || (b.endTime || """").localeCompare(a.endTime || """"));
        const last = past[0];
        if (!last) return;
        if (last.ldoTank1ClosingDip != null) {
          const next = String(last.ldoTank1ClosingDip);
          setForm(prev => {
            if (prev.ldoTank1OpeningDip && prev.ldoTank1OpeningDip !== autoFilledDipT1Ref.current) return prev;
            autoFilledDipT1Ref.current = next;
            return { ...prev, ldoTank1OpeningDip: next, autoFilledDipT1: true, autoFilledDipT1Source: `${last.date} closing dip` };
          });
        }
        if (last.ldoTank2ClosingDip != null) {
          const next = String(last.ldoTank2ClosingDip);
          setForm(prev => {
            if (prev.ldoTank2OpeningDip && prev.ldoTank2OpeningDip !== autoFilledDipT2Ref.current) return prev;
            autoFilledDipT2Ref.current = next;
            return { ...prev, ldoTank2OpeningDip: next, autoFilledDipT2: true, autoFilledDipT2Source: `${last.date} closing dip` };
          });
        }
      })
      .catch","fetch(`/api/plant-module/heating-sessions?plant=${encodeURIComponent(form.plantName)}&limit=50`, { credentials: ""include"" }) .then(r => r.ok ? r.json() : null) .then((data: any[]) => { if (seq !== dipSeqRef.current || !Array.isArray(data)) return; const past = data .filter((s: any) => s.date < form.date || (s.date === form.date && (!form.startTime || (s.endTime && s.endTime < form.startTime)))) .sort((a: any, b: any) => b.date.localeCompare(a.date) || (b.endTime || """").localeCompare(a.endTime || """")); const last = past[0]; if (!last) return; if (last.ldoTank1ClosingDip != null) { const next = String(last.ldoTank1ClosingDip); setForm(prev => { if (prev.ldoTank1OpeningDip && prev.ldoTank1OpeningDip !== autoFilledDipT1Ref.current) return prev; autoFilledDipT1Ref.current = next; return { ...prev, ldoTank1OpeningDip: next, autoFilledDipT1: true, autoFilledDipT1Source: `${last.date} closing dip` }; }); } if (last.ldoTank2ClosingDip != null) { const next = String(last.ldoTank2ClosingDip); setForm(prev => { if (prev.ldoTank2OpeningDip && prev.ldoTank2OpeningDip !== autoFilledDipT2Ref.current) return prev; autoFilledDipT2Ref.current = next; return { ...prev, ldoTank2OpeningDip: next, autoFilledDipT2: true, autoFilledDipT2Source: `${last.date} closing dip` }; }); } }) .catch(() => {})"
"client/src/pages/PlantHeatingSessions.tsx","client/src/pages/PlantHeatingSessions.tsx:473","fetch(`/api/plant-module/heating-sessions?plant=${encodeURIComponent(form.plantName)}&limit=50`, { credentials: ""include"" })
      .then(r => r.ok ? r.json() : null)
      .then","fetch(`/api/plant-module/heating-sessions?plant=${encodeURIComponent(form.plantName)}&limit=50`, { credentials: ""include"" }) .then(r => r.ok ? r.json() : null) .then((data: any[]) => { if (seq !== dipSeqRef.current || !Array.isArray(data)) return; const past = data .filter((s: any) => s.date < form.date || (s.date === form.date && (!form.startTime || (s.endTime && s.endTime < form.startTime)))) .sort((a: any, b: any) => b.date.localeCompare(a.date) || (b.endTime || """").localeCompare(a.endTime || """")); const last = past[0]; if (!last) return; if (last.ldoTank1ClosingDip != null) { const next = String(last.ldoTank1ClosingDip); setForm(prev => { if (prev.ldoTank1OpeningDip && prev.ldoTank1OpeningDip !== autoFilledDipT1Ref.current) return prev; autoFilledDipT1Ref.current = next; return { ...prev, ldoTank1OpeningDip: next, autoFilledDipT1: true, autoFilledDipT1Source: `${last.date} closing dip` }; }); } if (last.ldoTank2ClosingDip != null) { const next = String(last.ldoTank2ClosingDip); setForm(prev => { if (prev.ldoTank2OpeningDip && prev.ldoTank2OpeningDip !== autoFilledDipT2Ref.current) return prev; autoFilledDipT2Ref.current = next; return { ...prev, ldoTank2OpeningDip: next, autoFilledDipT2: true, autoFilledDipT2Source: `${last.date} closing dip` }; }); } })"
"client/src/pages/PlantHeatingSessions.tsx","client/src/pages/PlantHeatingSessions.tsx:473","fetch(`/api/plant-module/heating-sessions?plant=${encodeURIComponent(form.plantName)}&limit=50`, { credentials: ""include"" })
      .then","fetch(`/api/plant-module/heating-sessions?plant=${encodeURIComponent(form.plantName)}&limit=50`, { credentials: ""include"" }) .then(r => r.ok ? r.json() : null)"
"client/src/pages/PlantHeatingSessions.tsx","client/src/pages/PlantHeatingSessions.tsx:473","fetch","fetch(`/api/plant-module/heating-sessions?plant=${encodeURIComponent(form.plantName)}&limit=50`, { credentials: ""include"" })"
"client/src/pages/PlantHeatingSessions.tsx","client/src/pages/PlantHeatingSessions.tsx:582","useMutation","useMutation({ mutationFn: async () => { // If the operator picked an Equipment Usage DG row in ""link"" mode, // materialize it into generator_logs first so the heating-session // FK (generator_log_id) has a real row to reference. let mirroredId: number | undefined; if (form.dgMode === ""link"" && form.linkSelection?.startsWith(""eu-"")) { const eqUsageId = parseInt(form.linkSelection.slice(3)); const mirrorRes = await fetch(""/api/plant-module/generator-logs/from-equipment-usage"", { method: ""POST"", headers: { ""Content-Type"": ""application/json"" }, body: JSON.stringify({ equipmentUsageId: eqUsageId }), credentials: ""include"", }); if (!mirrorRes.ok) { let body: any = {}; try { body = await mirrorRes.json(); } catch {} throw new Error(body?.message || ""Failed to mirror equipment usage DG into generator logs""); } const mirrored = await mirrorRes.json(); mirroredId = mirrored.id; } const payload = buildPayload(mirroredId); const url = form.id ? `/api/plant-module/heating-sessions/${form.id}` : ""/api/plant-module/heating-sessions""; const method = form.id ? ""PUT"" : ""POST""; const res = await fetch(url, { method, headers: { ""Content-Type"": ""application/json"" }, body: JSON.stringify(payload), credentials: ""include"", }); if (!res.ok) { let body: any = {}; try { body = await res.json(); } catch {} const msg = body?.message || (body?.error === ""forbidden"" ? ""You don't have permission to edit heating sessions."" : null) || res.statusText; throw new Error(msg); } const saved: BitumenHeatingSession = await res.json(); // Auto-finalize so the operator doesn't need a second click. if (!saved.isFinalized) { try { await apiRequest(""POST"", `/api/plant-module/heating-sessions/${saved.id}/finalize`, { finalizedBy: ""operator"" }); } catch { // Don't block the close — save already succeeded. } } return saved; }, onSuccess: () => { clearHeatingDraft(); setDraftRestored(false); queryClient.invalidateQueries({ queryKey: [""/api/plant-module/heating-sessions""] }); queryClient.invalidateQueries({ queryKey: [""/api/plant-module/heating-sessions/dryer-source-mismatches""] }); queryClient.invalidateQueries({ queryKey: [""/api/plant-module/generator-logs""] }); queryClient.invalidateQueries({ queryKey: [""/api/plant-module/daily-reports""] }); toast({ title: ""Heating session saved"" }); setDialogOpen(false); // If opened from a shift log, return there so the user lands back on // their in-progress log rather than staying on the sessions list. if (returnToFromUrl) { setLocation(returnToFromUrl); } }, onError: (err: any) => { toast({ title: ""Save failed"", description: err.message, variant: ""destructive"" }); }, })"
"client/src/pages/PlantHeatingSessions.tsx","client/src/pages/PlantHeatingSessions.tsx:590","fetch","fetch(""/api/plant-module/generator-logs/from-equipment-usage"", { method: ""POST"", headers: { ""Content-Type"": ""application/json"" }, body: JSON.stringify({ equipmentUsageId: eqUsageId }), credentials: ""include"", })"
"client/src/pages/PlantHeatingSessions.tsx","client/src/pages/PlantHeatingSessions.tsx:607","fetch","fetch(url, { method, headers: { ""Content-Type"": ""application/json"" }, body: JSON.stringify(payload), credentials: ""include"", })"
"client/src/pages/PlantHeatingSessions.tsx","client/src/pages/PlantHeatingSessions.tsx:625","apiRequest","apiRequest(""POST"", `/api/plant-module/heating-sessions/${saved.id}/finalize`, { finalizedBy: ""operator"" })"
"client/src/pages/PlantHeatingSessions.tsx","client/src/pages/PlantHeatingSessions.tsx:654","useMutation","useMutation({ mutationFn: async (id: number) => { const res = await apiRequest(""DELETE"", `/api/plant-module/heating-sessions/${id}`); return res.json(); }, onSuccess: () => { queryClient.invalidateQueries({ queryKey: [""/api/plant-module/heating-sessions""] }); queryClient.invalidateQueries({ queryKey: [""/api/plant-module/heating-sessions/dryer-source-mismatches""] }); queryClient.invalidateQueries({ queryKey: [""/api/plant-module/generator-logs""] }); toast({ title: ""Heating session deleted"" }); setDialogOpen(false); }, onError: (err: any) => { if (err?.message === ""Cancelled"") return; toast({ title: ""Delete failed"", description: err.message, variant: ""destructive"" }); }, })"
"client/src/pages/PlantHeatingSessions.tsx","client/src/pages/PlantHeatingSessions.tsx:656","apiRequest","apiRequest(""DELETE"", `/api/plant-module/heating-sessions/${id}`)"
"client/src/pages/PlantHeatingSessions.tsx","client/src/pages/PlantHeatingSessions.tsx:673","useMutation","useMutation({ mutationFn: async ({ sessionIds, targetValue }: { sessionIds: number[]; targetValue: ""TANK_1"" | ""TANK_2"" }) => { const res = await apiRequest(""PATCH"", ""/api/plant-module/heating-sessions/align-dryer-source"", { sessionIds, targetValue }); return res.json() as Promise<{ updatedCount: number }>; }, onSuccess: (data, variables) => { queryClient.invalidateQueries({ queryKey: [""/api/plant-module/heating-sessions""] }); queryClient.invalidateQueries({ queryKey: [""/api/plant-module/heating-sessions/dryer-source-mismatches""] }); const label = variables.targetValue === ""TANK_1"" ? ""Boiler tank"" : ""Dryer tank""; toast({ title: `${data.updatedCount} session${data.updatedCount !== 1 ? ""s"" : """"} aligned to ${label}` }); }, onError: (err: any) => { toast({ title: ""Align failed"", description: err.message, variant: ""destructive"" }); }, })"
"client/src/pages/PlantHeatingSessions.tsx","client/src/pages/PlantHeatingSessions.tsx:675","apiRequest","apiRequest(""PATCH"", ""/api/plant-module/heating-sessions/align-dryer-source"", { sessionIds, targetValue })"
"client/src/pages/PlantHeatingTrends.tsx","client/src/pages/PlantHeatingTrends.tsx:93","useQuery","useQuery<TrendsResponse>({ queryKey, queryFn: async () => { const res = await fetch( `/api/plant-module/heating-trends?dateFrom=${dateFrom}&dateTo=${dateTo}&plant=${encodeURIComponent(plant)}`, { credentials: ""include"" } ); if (!res.ok) throw new Error(await res.text()); return res.json(); }, })"
"client/src/pages/PlantHeatingTrends.tsx","client/src/pages/PlantHeatingTrends.tsx:96","fetch","fetch( `/api/plant-module/heating-trends?dateFrom=${dateFrom}&dateTo=${dateTo}&plant=${encodeURIComponent(plant)}`, { credentials: ""include"" } )"
"client/src/pages/PlantLdoBackfill.tsx","client/src/pages/PlantLdoBackfill.tsx:169","useQuery","useQuery<LdoFlowReading[]>({ queryKey: [""/api/plant-module/ldo-backfill"", from, to, plant], queryFn: async () => { if (!from || !to) return []; const qs = new URLSearchParams({ from, to, plant }).toString(); const res = await fetch(`/api/plant-module/ldo-backfill?${qs}`, { credentials: ""include"" }); if (!res.ok) throw new Error((await res.text()) || ""Failed to load""); return res.json(); }, enabled: isAdmin && !!from && !!to, })"
"client/src/pages/PlantLdoBackfill.tsx","client/src/pages/PlantLdoBackfill.tsx:174","fetch","fetch(`/api/plant-module/ldo-backfill?${qs}`, { credentials: ""include"" })"
"client/src/pages/PlantLdoBackfill.tsx","client/src/pages/PlantLdoBackfill.tsx:347","useMutation","useMutation<BackfillSaveResult, Error, { plant: string; rows: BackfillPayloadRow[] }>({ mutationFn: async (payload) => { const res = await apiRequest(""POST"", ""/api/plant-module/ldo-backfill"", payload); return res.json() as Promise<BackfillSaveResult>; }, onSuccess: (result) => { queryClient.invalidateQueries({ queryKey: [""/api/plant-module/ldo-backfill""] }); queryClient.invalidateQueries({ queryKey: [""/api/plant-module/ldo-flow-readings""] }); const desc = `Inserted ${result.inserted}, deleted ${result.deleted}, skipped ${result.skipped}` + (result.conflicts.length ? `, ${result.conflicts.length} conflict(s)` : """"); toast({ title: ""Backfill saved"", description: desc }); if (result.conflicts.length) { const sample = result.conflicts.slice(0, 5).map((c) => `${c.date} T${c.tank}: ${c.reason}`).join(""; ""); toast({ title: ""Conflicts skipped"", description: sample, variant: ""destructive"" }); } }, onError: (err) => { toast({ title: ""Save failed"", description: errorMessage(err), variant: ""destructive"" }); }, })"
"client/src/pages/PlantLdoBackfill.tsx","client/src/pages/PlantLdoBackfill.tsx:349","apiRequest","apiRequest(""POST"", ""/api/plant-module/ldo-backfill"", payload)"
"client/src/pages/PlantLdoDipBackfill.tsx","client/src/pages/PlantLdoDipBackfill.tsx:175","useQuery","useQuery<LdoDipReading[]>({ queryKey: [""/api/plant-module/ldo-dip-backfill"", from, to, plant], queryFn: async () => { if (!from || !to) return []; const qs = new URLSearchParams({ from, to, plant }).toString(); const res = await fetch(`/api/plant-module/ldo-dip-backfill?${qs}`, { credentials: ""include"" }); if (!res.ok) throw new Error((await res.text()) || ""Failed to load""); return res.json(); }, enabled: isAdmin && !!from && !!to, })"
"client/src/pages/PlantLdoDipBackfill.tsx","client/src/pages/PlantLdoDipBackfill.tsx:180","fetch","fetch(`/api/plant-module/ldo-dip-backfill?${qs}`, { credentials: ""include"" })"
"client/src/pages/PlantLdoDipBackfill.tsx","client/src/pages/PlantLdoDipBackfill.tsx:354","useMutation","useMutation<BackfillSaveResult, Error, { plant: string; rows: BackfillPayloadRow[] }>({ mutationFn: async (payload) => { const res = await apiRequest(""POST"", ""/api/plant-module/ldo-dip-backfill"", payload); return res.json() as Promise<BackfillSaveResult>; }, onSuccess: (result) => { queryClient.invalidateQueries({ queryKey: [""/api/plant-module/ldo-dip-backfill""] }); queryClient.invalidateQueries({ queryKey: [""/api/plant-module/ldo-dip-readings""] }); const desc = `Inserted ${result.inserted}, deleted ${result.deleted}, skipped ${result.skipped}` + (result.conflicts.length ? `, ${result.conflicts.length} conflict(s)` : """"); toast({ title: ""Backfill saved"", description: desc }); if (result.conflicts.length) { const sample = result.conflicts.slice(0, 5).map((c) => `${c.date} T${c.tank}: ${c.reason}`).join(""; ""); toast({ title: ""Conflicts skipped"", description: sample, variant: ""destructive"" }); } }, onError: (err) => { toast({ title: ""Save failed"", description: errorMessage(err), variant: ""destructive"" }); }, })"
"client/src/pages/PlantLdoDipBackfill.tsx","client/src/pages/PlantLdoDipBackfill.tsx:356","apiRequest","apiRequest(""POST"", ""/api/plant-module/ldo-dip-backfill"", payload)"
"client/src/pages/PlantLdoFlowMeter.tsx","client/src/pages/PlantLdoFlowMeter.tsx:71","useQuery","useQuery<string[]>({ queryKey: [""/api/plant-module/shift-logs/plants""], queryFn: async () => { const res = await fetch(""/api/plant-module/shift-logs/plants"", { credentials: ""include"" }); if (!res.ok) return [""Main Plant""]; return res.json(); }, })"
"client/src/pages/PlantLdoFlowMeter.tsx","client/src/pages/PlantLdoFlowMeter.tsx:74","fetch","fetch(""/api/plant-module/shift-logs/plants"", { credentials: ""include"" })"
"client/src/pages/PlantLdoFlowMeter.tsx","client/src/pages/PlantLdoFlowMeter.tsx:167","useQuery","useQuery<LdoFlowReading[]>({ queryKey: [""/api/plant-module/ldo-flow-readings"", { plantName: urlPlant }], queryFn: async () => { const res = await fetch( `/api/plant-module/ldo-flow-readings?plantName=${encodeURIComponent(urlPlant)}`, { credentials: ""include"" }, ); if (!res.ok) throw new Error(await res.text()); return res.json(); }, })"
"client/src/pages/PlantLdoFlowMeter.tsx","client/src/pages/PlantLdoFlowMeter.tsx:170","fetch","fetch( `/api/plant-module/ldo-flow-readings?plantName=${encodeURIComponent(urlPlant)}`, { credentials: ""include"" }, )"
"client/src/pages/PlantLdoFlowMeter.tsx","client/src/pages/PlantLdoFlowMeter.tsx:179","useQuery","useQuery<TruckDispatch[]>({ queryKey: [""/api/plant-module/dispatches""], })"
"client/src/pages/PlantLdoFlowMeter.tsx","client/src/pages/PlantLdoFlowMeter.tsx:183","useQuery","useQuery<Party[]>({ queryKey: [""/api/plant-module/parties""], })"
"client/src/pages/PlantLdoFlowMeter.tsx","client/src/pages/PlantLdoFlowMeter.tsx:187","useQuery","useQuery<MixTemplate[]>({ queryKey: [""/api/plant-module/mix-templates""], })"
"client/src/pages/PlantLdoFlowMeter.tsx","client/src/pages/PlantLdoFlowMeter.tsx:191","useQuery","useQuery<{ id: number; name: string; defaultUom: string }[]>({ queryKey: [""/api/plant-module/materials""], })"
"client/src/pages/PlantLdoFlowMeter.tsx","client/src/pages/PlantLdoFlowMeter.tsx:201","useQuery","useQuery<{ id: number; partyId: number | null; materialId: number; balance: number; uom: string }[]>({ queryKey: [""/api/plant-module/stock-balances""], })"
"client/src/pages/PlantLdoFlowMeter.tsx","client/src/pages/PlantLdoFlowMeter.tsx:227","useMutation","useMutation({ mutationFn: async (data: { materialId: number; partyId: number; physicalQty: number; uom: string; date: string; notes: string; correctedBy: string }) => { const res = await apiRequest(""POST"", ""/api/plant-module/stock-correction"", data); return res.json(); }, onSuccess: (result: any) => { queryClient.invalidateQueries({ queryKey: [""/api/plant-module/stock-balances""] }); queryClient.invalidateQueries({ queryKey: [""/api/plant-module/stock-ledger""] }); const adjL = (result.adjustment || 0) * 1000 / LDO_DENSITY_KG_PER_LITER; const sign = adjL >= 0 ? ""+"" : """"; const newL = (result.newBalance || 0) * 1000 / LDO_DENSITY_KG_PER_LITER; toast({ title: ""LDO stock correction posted"", description: `Adjustment: ${sign}${adjL.toFixed(0)} L. Book stock now ${newL.toFixed(0)} L.` }); setShowLdoCorrForm(false); setLdoCorrTank1L(""""); setLdoCorrTank2L(""""); setLdoCorrNotes(""""); }, onError: (err: any) => { toast({ title: ""Error"", description: err.message, variant: ""destructive"" }); }, })"
"client/src/pages/PlantLdoFlowMeter.tsx","client/src/pages/PlantLdoFlowMeter.tsx:229","apiRequest","apiRequest(""POST"", ""/api/plant-module/stock-correction"", data)"
"client/src/pages/PlantLdoFlowMeter.tsx","client/src/pages/PlantLdoFlowMeter.tsx:249","useQuery","useQuery<{ id: number; date: string; materialId: number; quantity: number; uom: string; tankNumber?: number | null }[]>({ queryKey: [""/api/plant-module/material-receipts""], })"
"client/src/pages/PlantLdoFlowMeter.tsx","client/src/pages/PlantLdoFlowMeter.tsx:430","useQuery","useQuery<LdoDipReading[]>({ queryKey: [""/api/plant-module/ldo-dip-readings""], })"
"client/src/pages/PlantLdoFlowMeter.tsx","client/src/pages/PlantLdoFlowMeter.tsx:648","useMutation","useMutation({ mutationFn: async (data: any) => { const res = await apiRequest(""POST"", ""/api/plant-module/ldo-flow-readings"", data); return res.json(); }, onSuccess: () => { queryClient.invalidateQueries({ queryKey: [""/api/plant-module/ldo-flow-readings""] }); toast({ title: ""LDO flow reading recorded"" }); resetForm(); setDialogOpen(false); }, onError: (err: any) => { toast({ title: ""Error"", description: err.message, variant: ""destructive"" }); }, })"
"client/src/pages/PlantLdoFlowMeter.tsx","client/src/pages/PlantLdoFlowMeter.tsx:650","apiRequest","apiRequest(""POST"", ""/api/plant-module/ldo-flow-readings"", data)"
"client/src/pages/PlantLdoFlowMeter.tsx","client/src/pages/PlantLdoFlowMeter.tsx:664","useMutation","useMutation({ mutationFn: async ({ id, data }: { id: number; data: any }) => { const res = await apiRequest(""PATCH"", `/api/plant-module/ldo-flow-readings/${id}`, data); return res.json(); }, onSuccess: () => { queryClient.invalidateQueries({ queryKey: [""/api/plant-module/ldo-flow-readings""] }); toast({ title: ""LDO flow reading updated"" }); resetForm(); setEditingReading(null); setDialogOpen(false); }, onError: (err: any) => { toast({ title: ""Error"", description: err.message, variant: ""destructive"" }); }, })"
"client/src/pages/PlantLdoFlowMeter.tsx","client/src/pages/PlantLdoFlowMeter.tsx:666","apiRequest","apiRequest(""PATCH"", `/api/plant-module/ldo-flow-readings/${id}`, data)"
"client/src/pages/PlantLdoFlowMeter.tsx","client/src/pages/PlantLdoFlowMeter.tsx:681","useMutation","useMutation({ mutationFn: async (id: number) => { await apiRequest(""DELETE"", `/api/plant-module/ldo-flow-readings/${id}`); }, onSuccess: () => { queryClient.invalidateQueries({ queryKey: [""/api/plant-module/ldo-flow-readings""] }); toast({ title: ""Reading deleted"" }); setDeleteConfirmId(null); }, onError: (err: any) => { toast({ title: ""Error"", description: err.message, variant: ""destructive"" }); }, })"
"client/src/pages/PlantLdoFlowMeter.tsx","client/src/pages/PlantLdoFlowMeter.tsx:683","apiRequest","apiRequest(""DELETE"", `/api/plant-module/ldo-flow-readings/${id}`)"
"client/src/pages/PlantLdoFlowMeter.tsx","client/src/pages/PlantLdoFlowMeter.tsx:777","useMutation","useMutation({ mutationFn: async (data: any) => { const res = await apiRequest(""POST"", ""/api/plant-module/ldo-dip-readings"", data); return res.json(); }, onSuccess: () => { queryClient.invalidateQueries({ queryKey: [""/api/plant-module/ldo-dip-readings""] }); toast({ title: ""LDO dip reading recorded"" }); resetDipForm(); setDipDialogOpen(false); }, onError: (err: any) => { let description = err.message; let isDuplicate = false; try { const jsonStr = err.message.replace(/^\d+:\s*/, """"); const parsed = JSON.parse(jsonStr); if (parsed?.message) description = parsed.message; if (err.message.startsWith(""409:"")) isDuplicate = true; } catch {} toast({ title: isDuplicate ? ""Duplicate reading"" : ""Error"", description, variant: ""destructive"" }); }, })"
"client/src/pages/PlantLdoFlowMeter.tsx","client/src/pages/PlantLdoFlowMeter.tsx:779","apiRequest","apiRequest(""POST"", ""/api/plant-module/ldo-dip-readings"", data)"
"client/src/pages/PlantLdoFlowMeter.tsx","client/src/pages/PlantLdoFlowMeter.tsx:801","useMutation","useMutation({ mutationFn: async ({ id, data }: { id: number; data: any }) => { const res = await apiRequest(""PATCH"", `/api/plant-module/ldo-dip-readings/${id}`, data); return res.json(); }, onSuccess: () => { queryClient.invalidateQueries({ queryKey: [""/api/plant-module/ldo-dip-readings""] }); toast({ title: ""LDO dip reading updated"" }); resetDipForm(); setDipEditingReading(null); setDipDialogOpen(false); }, onError: (err: any) => { toast({ title: ""Error"", description: err.message, variant: ""destructive"" }); }, })"
"client/src/pages/PlantLdoFlowMeter.tsx","client/src/pages/PlantLdoFlowMeter.tsx:803","apiRequest","apiRequest(""PATCH"", `/api/plant-module/ldo-dip-readings/${id}`, data)"
"client/src/pages/PlantLdoFlowMeter.tsx","client/src/pages/PlantLdoFlowMeter.tsx:818","useMutation","useMutation({ mutationFn: async (id: number) => { await apiRequest(""DELETE"", `/api/plant-module/ldo-dip-readings/${id}`); }, onSuccess: () => { queryClient.invalidateQueries({ queryKey: [""/api/plant-module/ldo-dip-readings""] }); toast({ title: ""Dip reading deleted"" }); setDipDeleteConfirmId(null); }, onError: (err: any) => { toast({ title: ""Error"", description: err.message, variant: ""destructive"" }); }, })"
"client/src/pages/PlantLdoFlowMeter.tsx","client/src/pages/PlantLdoFlowMeter.tsx:820","apiRequest","apiRequest(""DELETE"", `/api/plant-module/ldo-dip-readings/${id}`)"
"client/src/pages/PlantLdoFlowMeter.tsx","client/src/pages/PlantLdoFlowMeter.tsx:1086","w.print","w.print()"
"client/src/pages/PlantLdoFlowMeter.tsx","client/src/pages/PlantLdoFlowMeter.tsx:2100","exportExcel","exportExcel()"
"client/src/pages/PlantLdoFlowMeter.tsx","client/src/pages/PlantLdoFlowMeter.tsx:2103","exportPdf","exportPdf()"
"client/src/pages/PlantLdoFlowMeter.tsx","client/src/pages/PlantLdoFlowMeter.tsx:2106","printData","printData()"
"client/src/pages/PlantLdoMismatch.tsx","client/src/pages/PlantLdoMismatch.tsx:299","useMutation","useMutation({ mutationFn: async (sessionId: number) => { const res = await apiRequest( ""PATCH"", `/api/plant-module/heating-sessions/${sessionId}/resync-flow`, ); return res; }, onSuccess: () => { queryClient.invalidateQueries({ queryKey: [""/api/plant-module/ldo-flow-readings""] }); queryClient.invalidateQueries({ queryKey: [""/api/plant-module/heating-sessions""] }); toast({ title: ""Flow entry created"", description: ""The missing LDO ledger entry has been added and the mismatch should now clear."" }); }, onError: (err: any) => { toast({ title: ""Fix failed"", description: err?.message || ""Could not create the flow entry. Try opening the session and saving manually."", variant: ""destructive"" }); }, })"
"client/src/pages/PlantLdoMismatch.tsx","client/src/pages/PlantLdoMismatch.tsx:301","apiRequest","apiRequest( ""PATCH"", `/api/plant-module/heating-sessions/${sessionId}/resync-flow`, )"
"client/src/pages/PlantLdoMismatch.tsx","client/src/pages/PlantLdoMismatch.tsx:862","useQuery","useQuery<BitumenHeatingSession[]>({ queryKey: [ ""/api/plant-module/heating-sessions"", { dateFrom: effectiveDateFrom, dateTo: effectiveDateTo, plant }, ], enabled: rangeEnabled, queryFn: async () => { const qs = new URLSearchParams(); qs.set(""dateFrom"", effectiveDateFrom); qs.set(""dateTo"", effectiveDateTo); qs.set(""plant"", plant); const res = await fetch(`/api/plant-module/heating-sessions?${qs.toString()}`, { credentials: ""include"", }); if (!res.ok) throw new Error(await res.text()); return res.json(); }, })"
"client/src/pages/PlantLdoMismatch.tsx","client/src/pages/PlantLdoMismatch.tsx:873","fetch","fetch(`/api/plant-module/heating-sessions?${qs.toString()}`, { credentials: ""include"", })"
"client/src/pages/PlantLdoMismatch.tsx","client/src/pages/PlantLdoMismatch.tsx:881","useQuery","useQuery<PlantShiftLog[]>({ queryKey: [ ""/api/plant-module/shift-logs"", { dateFrom: effectiveDateFrom, dateTo: effectiveDateTo }, ], enabled: rangeEnabled, queryFn: async () => { const qs = new URLSearchParams(); qs.set(""dateFrom"", effectiveDateFrom); qs.set(""dateTo"", effectiveDateTo); const res = await fetch(`/api/plant-module/shift-logs?${qs.toString()}`, { credentials: ""include"", }); if (!res.ok) throw new Error(await res.text()); return res.json(); }, })"
"client/src/pages/PlantLdoMismatch.tsx","client/src/pages/PlantLdoMismatch.tsx:891","fetch","fetch(`/api/plant-module/shift-logs?${qs.toString()}`, { credentials: ""include"", })"
"client/src/pages/PlantLdoMismatch.tsx","client/src/pages/PlantLdoMismatch.tsx:899","useQuery","useQuery<LdoFlowReading[]>({ queryKey: [ ""/api/plant-module/ldo-flow-readings"", { dateFrom: effectiveDateFrom, dateTo: effectiveDateTo, plantName: plant, tankNumber: 1 }, ], enabled: rangeEnabled, queryFn: async () => { const qs = new URLSearchParams(); qs.set(""dateFrom"", effectiveDateFrom); qs.set(""dateTo"", effectiveDateTo); qs.set(""plantName"", plant); qs.set(""tankNumber"", ""1""); const res = await fetch(`/api/plant-module/ldo-flow-readings?${qs.toString()}`, { credentials: ""include"", }); if (!res.ok) throw new Error(await res.text()); return res.json(); }, })"
"client/src/pages/PlantLdoMismatch.tsx","client/src/pages/PlantLdoMismatch.tsx:911","fetch","fetch(`/api/plant-module/ldo-flow-readings?${qs.toString()}`, { credentials: ""include"", })"
"client/src/pages/PlantLdoMismatch.tsx","client/src/pages/PlantLdoMismatch.tsx:1043","useMutation","useMutation({ mutationFn: ({ date }: { date: string }) => { const qs = new URLSearchParams({ dateFrom: date, dateTo: date, plant }); return apiRequest(""DELETE"", `/api/plant-module/ldo-orphaned-rows?${qs.toString()}`); }, onSuccess: (_data, variables) => { setCleanupPendingDate(null); toast({ title: ""Orphaned entries removed"", description: `LDO ledger cleaned up for ${variables.date}` }); queryClient.invalidateQueries({ queryKey: [""/api/plant-module/ldo-flow-readings""] }); }, onError: () => { setCleanupPendingDate(null); toast({ title: ""Cleanup failed"", description: ""Could not remove orphaned entries. Try again."", variant: ""destructive"" }); }, })"
"client/src/pages/PlantLdoMismatch.tsx","client/src/pages/PlantLdoMismatch.tsx:1046","apiRequest","apiRequest(""DELETE"", `/api/plant-module/ldo-orphaned-rows?${qs.toString()}`)"
"client/src/pages/PlantLdoMismatch.tsx","client/src/pages/PlantLdoMismatch.tsx:1220","fetch","fetch(`${window.location.origin}/${reportLogoFile}`)"
"client/src/pages/PlantLdoReconciliation.tsx","client/src/pages/PlantLdoReconciliation.tsx:91","useQuery","useQuery<string[]>({ queryKey: [""/api/plant-module/shift-logs/plants""], queryFn: async () => { const res = await fetch(""/api/plant-module/shift-logs/plants"", { credentials: ""include"" }); if (!res.ok) return [""Main Plant""]; return res.json(); }, })"
"client/src/pages/PlantLdoReconciliation.tsx","client/src/pages/PlantLdoReconciliation.tsx:94","fetch","fetch(""/api/plant-module/shift-logs/plants"", { credentials: ""include"" })"
"client/src/pages/PlantLdoReconciliation.tsx","client/src/pages/PlantLdoReconciliation.tsx:105","useQuery","useQuery<ReconRow[]>({ queryKey: [""/api/plant-module/ldo-reconciliation"", queryParams], queryFn: async () => { if (!queryParams) return []; const qs = new URLSearchParams({ dateFrom: queryParams.dateFrom, dateTo: queryParams.dateTo, plant: queryParams.plant, }); const res = await fetch(`/api/plant-module/ldo-reconciliation?${qs}`, { credentials: ""include"" }); if (!res.ok) throw new Error(await res.text()); return res.json(); }, enabled: !!queryParams, })"
"client/src/pages/PlantLdoReconciliation.tsx","client/src/pages/PlantLdoReconciliation.tsx:114","fetch","fetch(`/api/plant-module/ldo-reconciliation?${qs}`, { credentials: ""include"" })"
"client/src/pages/PlantLedgerRebuild.tsx","client/src/pages/PlantLedgerRebuild.tsx:48","useQuery","useQuery<MixTemplate[]>({ queryKey: [""/api/plant-module/mix-templates""], })"
"client/src/pages/PlantLedgerRebuild.tsx","client/src/pages/PlantLedgerRebuild.tsx:52","useMutation","useMutation({ mutationFn: async ({ tid, fromDateTime }: { tid: number; fromDateTime: string }) => { const res = await apiRequest(""POST"", `/api/plant-module/mix-templates/${tid}/rebuild-ledger`, { fromDateTime }); return res.json() as Promise<RebuildResult>; }, onSuccess: (data) => { setResult(data); }, onError: (error: any) => { toast({ title: ""Rebuild failed"", description: error.message, variant: ""destructive"" }); }, })"
"client/src/pages/PlantLedgerRebuild.tsx","client/src/pages/PlantLedgerRebuild.tsx:54","apiRequest","apiRequest(""POST"", `/api/plant-module/mix-templates/${tid}/rebuild-ledger`, { fromDateTime })"
"client/src/pages/PlantMaintenance.tsx","client/src/pages/PlantMaintenance.tsx:212","apiRequest","apiRequest(""POST"", ""/api/attachments"", { moduleType: logEventType === ""breakdown"" ? ""equipment_breakdown"" : ""equipment_maintenance"", linkedRecordId: logId, equipmentId: equipmentId ? Number(equipmentId) : null, fileName: file.name, objectPath: uploadResponse.objectPath, mimeType: file.type || ""application/octet-stream"", fileSize: file.size, })"
"client/src/pages/PlantMaintenance.tsx","client/src/pages/PlantMaintenance.tsx:227","useMutation","useMutation({ mutationFn: async (body: any) => { const res = await apiRequest(""POST"", ""/api/maintenance/logs"", body); return res.json(); }, onSuccess: async (log: any) => { if (stagedPhotos.length > 0 && log?.id) { await uploadStagedPhotos(log.id, eventType); queryClient.invalidateQueries({ queryKey: [""/api/attachments"", eventType === ""breakdown"" ? ""equipment_breakdown"" : ""equipment_maintenance"", log.id] }); } queryClient.invalidateQueries({ queryKey: [""/api/maintenance/logs""] }); queryClient.invalidateQueries({ queryKey: [""/api/maintenance/health-summary""] }); queryClient.invalidateQueries({ queryKey: [""/api/maintenance/open-count""] }); toast({ title: ""Maintenance log created"" }); onSaved(); }, onError: (err: any) => toast({ title: ""Error"", description: err.message, variant: ""destructive"" }), })"
"client/src/pages/PlantMaintenance.tsx","client/src/pages/PlantMaintenance.tsx:229","apiRequest","apiRequest(""POST"", ""/api/maintenance/logs"", body)"
"client/src/pages/PlantMaintenance.tsx","client/src/pages/PlantMaintenance.tsx:465","useMutation","useMutation({ mutationFn: async (body: any) => { const res = await apiRequest(""PATCH"", `/api/maintenance/logs/${log.id}`, body); return res.json(); }, onSuccess: () => { queryClient.invalidateQueries({ queryKey: [""/api/maintenance/logs""] }); queryClient.invalidateQueries({ queryKey: [""/api/maintenance/health-summary""] }); queryClient.invalidateQueries({ queryKey: [""/api/maintenance/open-count""] }); toast({ title: ""Log updated"" }); onSaved(); }, onError: (err: any) => toast({ title: ""Error"", description: err.message, variant: ""destructive"" }), })"
"client/src/pages/PlantMaintenance.tsx","client/src/pages/PlantMaintenance.tsx:467","apiRequest","apiRequest(""PATCH"", `/api/maintenance/logs/${log.id}`, body)"
"client/src/pages/PlantMaintenance.tsx","client/src/pages/PlantMaintenance.tsx:606","useMutation","useMutation({ mutationFn: async () => { await apiRequest(""DELETE"", `/api/maintenance/logs/${log.id}`); }, onSuccess: () => { queryClient.invalidateQueries({ queryKey: [""/api/maintenance/logs""] }); queryClient.invalidateQueries({ queryKey: [""/api/maintenance/health-summary""] }); queryClient.invalidateQueries({ queryKey: [""/api/maintenance/open-count""] }); toast({ title: ""Log deleted"" }); onRefresh(); }, onError: (err: any) => toast({ title: ""Error"", description: err.message, variant: ""destructive"" }), })"
"client/src/pages/PlantMaintenance.tsx","client/src/pages/PlantMaintenance.tsx:607","apiRequest","apiRequest(""DELETE"", `/api/maintenance/logs/${log.id}`)"
"client/src/pages/PlantMaintenance.tsx","client/src/pages/PlantMaintenance.tsx:618","useMutation","useMutation({ mutationFn: async () => { const newStatus = log.status === ""open"" ? ""resolved"" : ""open""; const res = await apiRequest(""PATCH"", `/api/maintenance/logs/${log.id}`, { status: newStatus, resolvedAt: newStatus === ""resolved"" ? TODAY : null, }); return res.json(); }, onSuccess: () => { queryClient.invalidateQueries({ queryKey: [""/api/maintenance/logs""] }); queryClient.invalidateQueries({ queryKey: [""/api/maintenance/health-summary""] }); queryClient.invalidateQueries({ queryKey: [""/api/maintenance/open-count""] }); toast({ title: log.status === ""open"" ? ""Marked as resolved"" : ""Re-opened"" }); }, onError: (err: any) => toast({ title: ""Error"", description: err.message, variant: ""destructive"" }), })"
"client/src/pages/PlantMaintenance.tsx","client/src/pages/PlantMaintenance.tsx:621","apiRequest","apiRequest(""PATCH"", `/api/maintenance/logs/${log.id}`, { status: newStatus, resolvedAt: newStatus === ""resolved"" ? TODAY : null, })"
"client/src/pages/PlantMaintenance.tsx","client/src/pages/PlantMaintenance.tsx:636","useMutation","useMutation({ mutationFn: async () => { const selectedItem = storeItems.find(s => s.id === Number(partItemId)); const res = await apiRequest(""POST"", `/api/maintenance/logs/${log.id}/parts`, { parts: [{ storeItemId: Number(partItemId), qty: Number(partQty), uom: partUom || selectedItem?.uom || """" }], }); return res.json(); }, onSuccess: () => { queryClient.invalidateQueries({ queryKey: [""/api/maintenance/logs""] }); toast({ title: ""Part added and issued from stores"" }); setAddPartOpen(false); setPartItemId(""""); setPartQty(""""); setPartUom(""""); }, onError: (err: any) => toast({ title: ""Error"", description: err.message, variant: ""destructive"" }), })"
"client/src/pages/PlantMaintenance.tsx","client/src/pages/PlantMaintenance.tsx:639","apiRequest","apiRequest(""POST"", `/api/maintenance/logs/${log.id}/parts`, { parts: [{ storeItemId: Number(partItemId), qty: Number(partQty), uom: partUom || selectedItem?.uom || """" }], })"
"client/src/pages/PlantMaintenance.tsx","client/src/pages/PlantMaintenance.tsx:653","useMutation","useMutation({ mutationFn: async (partId: number) => { await apiRequest(""DELETE"", `/api/maintenance/parts/${partId}`); }, onSuccess: () => { queryClient.invalidateQueries({ queryKey: [""/api/maintenance/logs""] }); toast({ title: ""Part removed"" }); }, onError: (err: any) => toast({ title: ""Error"", description: err.message, variant: ""destructive"" }), })"
"client/src/pages/PlantMaintenance.tsx","client/src/pages/PlantMaintenance.tsx:654","apiRequest","apiRequest(""DELETE"", `/api/maintenance/parts/${partId}`)"
"client/src/pages/PlantMaintenance.tsx","client/src/pages/PlantMaintenance.tsx:928","useQuery","useQuery<EquipmentMasterType[]>({ queryKey: [""/api/plant-module/equipment""], })"
"client/src/pages/PlantMaintenance.tsx","client/src/pages/PlantMaintenance.tsx:932","useQuery","useQuery<StoreItem[]>({ queryKey: [""/api/stores/items""], })"
"client/src/pages/PlantMaintenance.tsx","client/src/pages/PlantMaintenance.tsx:936","useQuery","useQuery<StoreStockBalance[]>({ queryKey: [""/api/stores/stock-summary""], })"
"client/src/pages/PlantMaintenance.tsx","client/src/pages/PlantMaintenance.tsx:949","useQuery","useQuery<MaintenanceLog[]>({ queryKey: [""/api/maintenance/logs"", activeTab, filterEquipmentId, filterStatus, filterDateFrom, filterDateTo], queryFn: async () => { const res = await fetch(`/api/maintenance/logs?${params.toString()}`, { credentials: ""include"" }); if (!res.ok) throw new Error(""Failed to fetch""); return res.json(); }, enabled: activeTab !== ""health"", })"
"client/src/pages/PlantMaintenance.tsx","client/src/pages/PlantMaintenance.tsx:952","fetch","fetch(`/api/maintenance/logs?${params.toString()}`, { credentials: ""include"" })"
"client/src/pages/PlantMaintenance.tsx","client/src/pages/PlantMaintenance.tsx:959","useQuery","useQuery<HealthSummary[]>({ queryKey: [""/api/maintenance/health-summary""], enabled: activeTab === ""health"", })"
"client/src/pages/PlantMaterialIssues.tsx","client/src/pages/PlantMaterialIssues.tsx:92","useQuery","useQuery<{ tank1: string | null; tank2: string | null }>({ queryKey: [""/api/admin/ldo-received-by""], })"
"client/src/pages/PlantMaterialIssues.tsx","client/src/pages/PlantMaterialIssues.tsx:162","useQuery","useQuery<MaterialIssue[]>({ queryKey: [""/api/plant-module/material-issues""], })"
"client/src/pages/PlantMaterialIssues.tsx","client/src/pages/PlantMaterialIssues.tsx:192","useQuery","useQuery<Party[]>({ queryKey: [""/api/plant-module/parties""], })"
"client/src/pages/PlantMaterialIssues.tsx","client/src/pages/PlantMaterialIssues.tsx:196","useQuery","useQuery<PlantMaterial[]>({ queryKey: [""/api/plant-module/materials""], })"
"client/src/pages/PlantMaterialIssues.tsx","client/src/pages/PlantMaterialIssues.tsx:213","useMutation","useMutation({ mutationFn: (data: any) => apiRequest(""POST"", ""/api/plant-module/material-issues"", data), onSuccess: async () => { await clearDraft(); invalidateStockQueries(); setDialogOpen(false); resetForm(); toast({ title: ""Material issue recorded successfully"" }); }, })"
"client/src/pages/PlantMaterialIssues.tsx","client/src/pages/PlantMaterialIssues.tsx:215","apiRequest","apiRequest(""POST"", ""/api/plant-module/material-issues"", data)"
"client/src/pages/PlantMaterialIssues.tsx","client/src/pages/PlantMaterialIssues.tsx:225","useMutation","useMutation({ mutationFn: ({ id, data }: { id: number; data: any }) => apiRequest(""PUT"", `/api/plant-module/material-issues/${id}`, data), onSuccess: () => { invalidateStockQueries(); setDialogOpen(false); setEditingIssue(null); resetForm(); toast({ title: ""Issue updated successfully"" }); }, })"
"client/src/pages/PlantMaterialIssues.tsx","client/src/pages/PlantMaterialIssues.tsx:227","apiRequest","apiRequest(""PUT"", `/api/plant-module/material-issues/${id}`, data)"
"client/src/pages/PlantMaterialIssues.tsx","client/src/pages/PlantMaterialIssues.tsx:237","useMutation","useMutation({ mutationFn: (id: number) => apiRequest(""DELETE"", `/api/plant-module/material-issues/${id}`), onSuccess: () => { invalidateStockQueries(); setDeleteConfirmId(null); toast({ title: ""Issue deleted successfully"" }); }, })"
"client/src/pages/PlantMaterialIssues.tsx","client/src/pages/PlantMaterialIssues.tsx:239","apiRequest","apiRequest(""DELETE"", `/api/plant-module/material-issues/${id}`)"
"client/src/pages/PlantMaterialReceipts.tsx","client/src/pages/PlantMaterialReceipts.tsx:103","apiRequest","apiRequest(""POST"", ""/api/attachments"", { moduleType: ""material_receipt"", linkedRecordId: receiptId, materialId: materialId ? Number(materialId) : null, fileName: file.name, objectPath: uploadResponse.objectPath, mimeType: file.type || ""application/octet-stream"", fileSize: file.size, docType: ""challan"", })"
"client/src/pages/PlantMaterialReceipts.tsx","client/src/pages/PlantMaterialReceipts.tsx:152","useQuery","useQuery<PlantMaterial[]>({ queryKey: [""/api/plant-module/materials""], })"
"client/src/pages/PlantMaterialReceipts.tsx","client/src/pages/PlantMaterialReceipts.tsx:191","useQuery","useQuery< { materialId: number; balance: number; uom: string | null }[] >({ queryKey: [""/api/plant-module/stock-balances""], enabled: showDieselFigures, })"
"client/src/pages/PlantMaterialReceipts.tsx","client/src/pages/PlantMaterialReceipts.tsx:197","useQuery","useQuery<StockLedgerEntry[]>({ queryKey: [""/api/plant-module/stock-ledger"", selectedDieselMaterial?.id, filterDateFrom, filterDateTo], queryFn: async () => { const params = new URLSearchParams({ materialId: String(selectedDieselMaterial!.id) }); if (filterDateFrom) params.set(""dateFrom"", filterDateFrom); if (filterDateTo) params.set(""dateTo"", filterDateTo); const response = await fetch(`/api/plant-module/stock-ledger?${params}`); if (!response.ok) throw new Error(`Diesel issue data unavailable (${response.status})`); return response.json(); }, enabled: showDieselFigures, })"
"client/src/pages/PlantMaterialReceipts.tsx","client/src/pages/PlantMaterialReceipts.tsx:203","fetch","fetch(`/api/plant-module/stock-ledger?${params}`)"
"client/src/pages/PlantMaterialReceipts.tsx","client/src/pages/PlantMaterialReceipts.tsx:305","useQuery","useQuery<MaterialReceipt[]>({ queryKey: [""/api/plant-module/material-receipts""], })"
"client/src/pages/PlantMaterialReceipts.tsx","client/src/pages/PlantMaterialReceipts.tsx:315","useQuery","useQuery<{ id: number; indentNo: string; status: string }[]>({ queryKey: [""/api/purchase-indents""], })"
"client/src/pages/PlantMaterialReceipts.tsx","client/src/pages/PlantMaterialReceipts.tsx:410","useQuery","useQuery<Party[]>({ queryKey: [""/api/plant-module/parties""], })"
"client/src/pages/PlantMaterialReceipts.tsx","client/src/pages/PlantMaterialReceipts.tsx:420","useQuery","useQuery<any[]>({ queryKey: [""/api/diesel-requirements""], enabled: dialogOpen && isSelectedDiesel, })"
"client/src/pages/PlantMaterialReceipts.tsx","client/src/pages/PlantMaterialReceipts.tsx:428","useQuery","useQuery<Record<number, DieselReceiptState>>({ queryKey: [""/api/diesel-requirements/receipt-status"", dieselReceiptStatusKey], queryFn: async () => { const response = await apiRequest(""GET"", `/api/diesel-requirements/receipt-status?ids=${dieselReceiptStatusKey}`); return response.json(); }, enabled: dialogOpen && isSelectedDiesel && purchasedDieselRequirementIds.length > 0, })"
"client/src/pages/PlantMaterialReceipts.tsx","client/src/pages/PlantMaterialReceipts.tsx:431","apiRequest","apiRequest(""GET"", `/api/diesel-requirements/receipt-status?ids=${dieselReceiptStatusKey}`)"
"client/src/pages/PlantMaterialReceipts.tsx","client/src/pages/PlantMaterialReceipts.tsx:446","useQuery","useQuery<{id: number; indentNo: string; status: string; date?: string; raisedBy?: string; items: {description: string; qty: number; uom: string}[]}[]>({ queryKey: [""/api/purchase-indents/for-material"", selectedMaterialName], queryFn: () => { const url = selectedMaterialName ? `/api/purchase-indents/for-material?name=${encodeURIComponent(selectedMaterialName)}` : ""/api/purchase-indents/for-material""; return fetch(url).then(r => r.json()); }, select: (data: any[]) => data.map(d => ({ id: d.id, indentNo: d.indentNo, status: d.status, date: d.date, raisedBy: d.raisedBy, items: (d.items || []).map((it: any) => ({ description: it.description || """", qty: it.qty, uom: it.uom })), })), })"
"client/src/pages/PlantMaterialReceipts.tsx","client/src/pages/PlantMaterialReceipts.tsx:452","fetch(url).then","fetch(url).then(r => r.json())"
"client/src/pages/PlantMaterialReceipts.tsx","client/src/pages/PlantMaterialReceipts.tsx:452","fetch","fetch(url)"
"client/src/pages/PlantMaterialReceipts.tsx","client/src/pages/PlantMaterialReceipts.tsx:466","useQuery","useQuery<{indentId: number; indentNo: string; itemId: number; description: string; approvedQty: number; uom: string; status: string; vendor: string | null; expectedDelivery: string | null; orderedQty: number | null}[]>({ queryKey: [""/api/purchase-indents/pending-for-material"", parsedMaterialId], queryFn: () => fetch(`/api/purchase-indents/pending-for-material/${parsedMaterialId}`).then(r => r.json()), enabled: parsedMaterialId > 0 && dialogOpen, })"
"client/src/pages/PlantMaterialReceipts.tsx","client/src/pages/PlantMaterialReceipts.tsx:468","fetch(`/api/purchase-indents/pending-for-material/${parsedMaterialId}`).then","fetch(`/api/purchase-indents/pending-for-material/${parsedMaterialId}`).then(r => r.json())"
"client/src/pages/PlantMaterialReceipts.tsx","client/src/pages/PlantMaterialReceipts.tsx:468","fetch","fetch(`/api/purchase-indents/pending-for-material/${parsedMaterialId}`)"
"client/src/pages/PlantMaterialReceipts.tsx","client/src/pages/PlantMaterialReceipts.tsx:540","useQuery","useQuery<{ number: string }>({ queryKey: [""/api/plant-module/next-receipt-number"", materialId], queryFn: () => fetch(`/api/plant-module/next-receipt-number?materialId=${materialId}`).then(r => r.json()), enabled: dialogOpen && !editingReceipt && !!materialId, staleTime: 0, })"
"client/src/pages/PlantMaterialReceipts.tsx","client/src/pages/PlantMaterialReceipts.tsx:542","fetch(`/api/plant-module/next-receipt-number?materialId=${materialId}`).then","fetch(`/api/plant-module/next-receipt-number?materialId=${materialId}`).then(r => r.json())"
"client/src/pages/PlantMaterialReceipts.tsx","client/src/pages/PlantMaterialReceipts.tsx:542","fetch","fetch(`/api/plant-module/next-receipt-number?materialId=${materialId}`)"
"client/src/pages/PlantMaterialReceipts.tsx","client/src/pages/PlantMaterialReceipts.tsx:557","useMutation","useMutation({ mutationFn: async (data: any) => { const res = await apiRequest(""POST"", ""/api/plant-module/material-receipts"", data); return res.json() as Promise<{ id: number; [key: string]: any }>; }, onSuccess: async (receipt: any) => { // If a pending Material Indent item was identified, close the PI loop if (selectedPendingPiItemId && receipt?.id && linkedDieselRequirementId == null) { try { await apiRequest(""PATCH"", `/api/purchase-indents/items/${selectedPendingPiItemId}/link-receipt`, { receiptId: receipt.id }); queryClient.invalidateQueries({ queryKey: [""/api/purchase-indents""] }); } catch (e) { console.error(""Failed to link receipt to Material Indent item:"", e); toast({ title: ""Receipt saved — PI link failed"", description: ""Receipt was recorded but could not be linked to the Purchase Indent automatically. Open the PI and use Record Receipt to link it manually."", variant: ""destructive"" }); } } await clearDraft(); if (stagedPhotos.length > 0 && receipt?.id) { await uploadStagedReceiptPhotos(receipt.id); queryClient.invalidateQueries({ queryKey: [""/api/attachments"", ""material_receipt"", receipt.id] }); } queryClient.invalidateQueries({ queryKey: [""/api/plant-module/material-receipts""] }); queryClient.invalidateQueries({ queryKey: [""/api/plant-module/stock-balances""] }); queryClient.invalidateQueries({ queryKey: [""/api/plant-module/stock-ledger""] }); await invalidateDieselRequirementQueries(); setDialogOpen(false); resetForm(); const summary = submittedSummaryRef.current; const receiptDate = receipt?.date || summary?.date || ""the selected date""; const receiptQuantity = receipt?.quantity ?? summary?.quantity; const receiptUom = receipt?.uom || summary?.uom || """"; const receiptReference = receipt?.receiptNo ? `GRN ${receipt.receiptNo}` : `receipt #${receipt?.id ?? ""saved""}`; setSubmissionFeedback({ kind: ""success"", title: ""Material receipt saved"", description: `${receiptReference} saved for ${receiptDate}: ${receiptQuantity} ${receiptUom}. Next: choose New Receipt when you are ready to record another delivery.`, }); toast({ title: ""Material receipt recorded"", description: receipt?.receiptNo ? `GRN: ${receipt.receiptNo}` : undefined }); }, onError: (error: any) => { const message = getReceiptSubmissionError(error, ""Failed to save material receipt""); setSubmissionFeedback({ kind: ""error"", title: ""Material receipt was not saved"", description: `${message} Your entered values are still here; correct the problem and try again.`, }); toast({ title: ""Cannot save receipt"", description: message, variant: ""destructive"" }); }, onSettled: () => { submitLockRef.current = false; setSubmissionLocked(false); }, })"
"client/src/pages/PlantMaterialReceipts.tsx","client/src/pages/PlantMaterialReceipts.tsx:559","apiRequest","apiRequest(""POST"", ""/api/plant-module/material-receipts"", data)"
"client/src/pages/PlantMaterialReceipts.tsx","client/src/pages/PlantMaterialReceipts.tsx:566","apiRequest","apiRequest(""PATCH"", `/api/purchase-indents/items/${selectedPendingPiItemId}/link-receipt`, { receiptId: receipt.id })"
"client/src/pages/PlantMaterialReceipts.tsx","client/src/pages/PlantMaterialReceipts.tsx:611","useMutation","useMutation({ mutationFn: async ({ id, data }: { id: number; data: any }) => { const response = await apiRequest(""PUT"", `/api/plant-module/material-receipts/${id}`, data); return response.json() as Promise<{ id: number; [key: string]: any }>; }, onSuccess: async (receipt: any) => { queryClient.invalidateQueries({ queryKey: [""/api/plant-module/material-receipts""] }); queryClient.invalidateQueries({ queryKey: [""/api/plant-module/stock-balances""] }); queryClient.invalidateQueries({ queryKey: [""/api/plant-module/stock-ledger""] }); await invalidateDieselRequirementQueries(); setDialogOpen(false); setEditingReceipt(null); resetForm(); const summary = submittedSummaryRef.current; const receiptDate = receipt?.date || summary?.date || ""the selected date""; const receiptQuantity = receipt?.quantity ?? summary?.quantity; const receiptUom = receipt?.uom || summary?.uom || """"; setSubmissionFeedback({ kind: ""success"", title: ""Material receipt updated"", description: `Receipt #${receipt?.id ?? editingReceipt?.id ?? ""saved""} saved for ${receiptDate}: ${receiptQuantity} ${receiptUom}. Next: choose New Receipt when you are ready to record another delivery.`, }); toast({ title: ""Receipt updated successfully"" }); }, onError: (error: any) => { const msg = getReceiptSubmissionError(error, ""Failed to update material receipt""); setSubmissionFeedback({ kind: ""error"", title: ""Material receipt was not updated"", description: `${msg} Your entered values are still here; correct the problem and try again.`, }); toast({ title: ""Cannot update receipt"", description: msg, variant: ""destructive"" }); }, onSettled: () => { submitLockRef.current = false; setSubmissionLocked(false); }, })"
"client/src/pages/PlantMaterialReceipts.tsx","client/src/pages/PlantMaterialReceipts.tsx:613","apiRequest","apiRequest(""PUT"", `/api/plant-module/material-receipts/${id}`, data)"
"client/src/pages/PlantMaterialReceipts.tsx","client/src/pages/PlantMaterialReceipts.tsx:650","useMutation","useMutation({ mutationFn: (id: number) => apiRequest(""DELETE"", `/api/plant-module/material-receipts/${id}`), onSuccess: async () => { queryClient.invalidateQueries({ queryKey: [""/api/plant-module/material-receipts""] }); await invalidateDieselRequirementQueries(); queryClient.invalidateQueries({ queryKey: [""/api/plant-module/stock-balances""] }); queryClient.invalidateQueries({ queryKey: [""/api/plant-module/stock-ledger""] }); setDeleteConfirmId(null); toast({ title: ""Receipt deleted successfully"" }); }, onError: (err: any) => { setDeleteConfirmId(null); toast({ title: ""Cannot delete receipt"", description: err?.message || ""Failed to delete material receipt"", variant: ""destructive"" }); }, })"
"client/src/pages/PlantMaterialReceipts.tsx","client/src/pages/PlantMaterialReceipts.tsx:652","apiRequest","apiRequest(""DELETE"", `/api/plant-module/material-receipts/${id}`)"
"client/src/pages/PlantMaterialReceipts.tsx","client/src/pages/PlantMaterialReceipts.tsx:667","useMutation","useMutation({ mutationFn: (id: number) => apiRequest(""POST"", `/api/plant-module/material-receipts/${id}/final-submit`, {}), onSuccess: () => { queryClient.invalidateQueries({ queryKey: [""/api/plant-module/material-receipts""] }); toast({ title: ""Receipt Final Submitted"", description: ""This receipt is now locked from further edits."" }); }, onError: (error: any) => { let msg = ""Failed to final-submit receipt""; try { const parsed = JSON.parse(error.message.replace(/^\d+:\s*/, """")); msg = parsed.message || msg; } catch { msg = error.message || msg; } toast({ title: ""Error"", description: msg, variant: ""destructive"" }); }, })"
"client/src/pages/PlantMaterialReceipts.tsx","client/src/pages/PlantMaterialReceipts.tsx:669","apiRequest","apiRequest(""POST"", `/api/plant-module/material-receipts/${id}/final-submit`, {})"
"client/src/pages/PlantMaterialReceipts.tsx","client/src/pages/PlantMaterialReceipts.tsx:841","exportToExcel","exportToExcel()"
"client/src/pages/PlantMaterialReceipts.tsx","client/src/pages/PlantMaterialReceipts.tsx:842","exportToPDF","exportToPDF()"
"client/src/pages/PlantMaterialReceipts.tsx","client/src/pages/PlantMaterialReceipts.tsx:843","handlePrint","handlePrint()"
"client/src/pages/PlantMaterialReceipts.tsx","client/src/pages/PlantMaterialReceipts.tsx:976","triggerDownload","triggerDownload(blob, filename)"
"client/src/pages/PlantMaterialReceipts.tsx","client/src/pages/PlantMaterialReceipts.tsx:1046","triggerDownload","triggerDownload(pdfBlob, filename)"
"client/src/pages/PlantMaterialReturns.tsx","client/src/pages/PlantMaterialReturns.tsx:69","useQuery","useQuery<MaterialReturn[]>({ queryKey: [""/api/plant-module/material-returns""], })"
"client/src/pages/PlantMaterialReturns.tsx","client/src/pages/PlantMaterialReturns.tsx:99","useQuery","useQuery<MaterialIssue[]>({ queryKey: [""/api/plant-module/material-issues""], })"
"client/src/pages/PlantMaterialReturns.tsx","client/src/pages/PlantMaterialReturns.tsx:103","useQuery","useQuery<Party[]>({ queryKey: [""/api/plant-module/parties""], })"
"client/src/pages/PlantMaterialReturns.tsx","client/src/pages/PlantMaterialReturns.tsx:107","useQuery","useQuery<PlantMaterial[]>({ queryKey: [""/api/plant-module/materials""], })"
"client/src/pages/PlantMaterialReturns.tsx","client/src/pages/PlantMaterialReturns.tsx:111","useQuery","useQuery<{ id: number; name: string }[]>({ queryKey: [""/api/sites""], })"
"client/src/pages/PlantMaterialReturns.tsx","client/src/pages/PlantMaterialReturns.tsx:131","useMutation","useMutation({ mutationFn: (data: any) => apiRequest(""POST"", ""/api/plant-module/material-returns"", data), onSuccess: () => { invalidateQueries(); setDialogOpen(false); resetForm(); toast({ title: ""Material return recorded successfully"" }); }, onError: (err: any) => { toast({ title: err.message || ""Failed to record return"", variant: ""destructive"" }); }, })"
"client/src/pages/PlantMaterialReturns.tsx","client/src/pages/PlantMaterialReturns.tsx:133","apiRequest","apiRequest(""POST"", ""/api/plant-module/material-returns"", data)"
"client/src/pages/PlantMaterialReturns.tsx","client/src/pages/PlantMaterialReturns.tsx:145","useMutation","useMutation({ mutationFn: (id: number) => apiRequest(""DELETE"", `/api/plant-module/material-returns/${id}`), onSuccess: () => { invalidateQueries(); setDeleteConfirmId(null); toast({ title: ""Return deleted successfully"" }); }, })"
"client/src/pages/PlantMaterialReturns.tsx","client/src/pages/PlantMaterialReturns.tsx:147","apiRequest","apiRequest(""DELETE"", `/api/plant-module/material-returns/${id}`)"
"client/src/pages/PlantMaterialReturns.tsx","client/src/pages/PlantMaterialReturns.tsx:155","useMutation","useMutation({ mutationFn: ({ id, data }: { id: number; data: any }) => apiRequest(""PUT"", `/api/plant-module/material-returns/${id}`, data), onSuccess: () => { invalidateQueries(); setDialogOpen(false); setEditingReturn(null); resetForm(); toast({ title: ""Material return updated successfully"" }); }, onError: (err: any) => { toast({ title: err.message || ""Failed to update return"", variant: ""destructive"" }); }, })"
"client/src/pages/PlantMaterialReturns.tsx","client/src/pages/PlantMaterialReturns.tsx:157","apiRequest","apiRequest(""PUT"", `/api/plant-module/material-returns/${id}`, data)"
"client/src/pages/PlantMaterialReturns.tsx","client/src/pages/PlantMaterialReturns.tsx:299","exportToExcel","exportToExcel()"
"client/src/pages/PlantMaterialReturns.tsx","client/src/pages/PlantMaterialReturns.tsx:302","exportToPDF","exportToPDF()"
"client/src/pages/PlantMaterialReturns.tsx","client/src/pages/PlantMaterialReturns.tsx:305","handlePrint","handlePrint()"
"client/src/pages/PlantNew.tsx","client/src/pages/PlantNew.tsx:30","useMutation","useMutation({ mutationFn: async (data: CreatePlantReportRequest) => { const response = await apiRequest(""POST"", ""/api/plant"", data); return response.json(); }, onSuccess: () => { toast({ title: ""Plant report created successfully"" }); queryClient.invalidateQueries({ queryKey: ['/api/plant'] }); setLocation(appendOrigin(""/plant/dashboard"")); }, onError: () => { toast({ title: ""Failed to create plant report"", variant: ""destructive"" }); }, })"
"client/src/pages/PlantNew.tsx","client/src/pages/PlantNew.tsx:32","apiRequest","apiRequest(""POST"", ""/api/plant"", data)"
"client/src/pages/PlantProjectReport.tsx","client/src/pages/PlantProjectReport.tsx:40","useQuery","useQuery<PlantSettingsWithSite[]>({ queryKey: [""/api/plant-module/plant-settings""], enabled: isAdmin || isManager, })"
"client/src/pages/PlantProjectReport.tsx","client/src/pages/PlantProjectReport.tsx:44","useQuery","useQuery<Party[]>({ queryKey: [""/api/plant-module/parties""], enabled: isAdmin || isManager, })"
"client/src/pages/PlantProjectReport.tsx","client/src/pages/PlantProjectReport.tsx:60","useQuery","useQuery<SummaryRow[]>({ queryKey: [""/api/reports/plant-project-dispatch-summary"", queryParams], queryFn: () => fetch(`/api/reports/plant-project-dispatch-summary?${queryParams}`).then((r) => { if (!r.ok) throw new Error(""Failed to fetch summary""); return r.json(); }), enabled: isAdmin || isManager, })"
"client/src/pages/PlantProjectReport.tsx","client/src/pages/PlantProjectReport.tsx:63","fetch(`/api/reports/plant-project-dispatch-summary?${queryParams}`).then","fetch(`/api/reports/plant-project-dispatch-summary?${queryParams}`).then((r) => { if (!r.ok) throw new Error(""Failed to fetch summary""); return r.json(); })"
"client/src/pages/PlantProjectReport.tsx","client/src/pages/PlantProjectReport.tsx:63","fetch","fetch(`/api/reports/plant-project-dispatch-summary?${queryParams}`)"
"client/src/pages/PlantShiftLog.tsx","client/src/pages/PlantShiftLog.tsx:208","useQuery","useQuery<PlantShiftLogWithDetails | undefined>({ queryKey: [""/api/plant-module/shift-logs/by-date"", date, plantName], enabled: viewMode === ""edit"", queryFn: async () => { const res = await fetch(`/api/plant-module/shift-logs/by-date/${date}?plant=${encodeURIComponent(plantName)}`, { credentials: ""include"" }); if (res.status === 404) return undefined; if (!res.ok) throw new Error(await res.text()); return res.json(); }, })"
"client/src/pages/PlantShiftLog.tsx","client/src/pages/PlantShiftLog.tsx:212","fetch","fetch(`/api/plant-module/shift-logs/by-date/${date}?plant=${encodeURIComponent(plantName)}`, { credentials: ""include"" })"
"client/src/pages/PlantShiftLog.tsx","client/src/pages/PlantShiftLog.tsx:220","useQuery","useQuery<PlantShiftLogRow[]>({ queryKey: [""/api/plant-module/shift-logs"", listDateFrom, listDateTo], enabled: viewMode === ""list"", queryFn: async () => { const qs = new URLSearchParams(); if (listDateFrom) qs.set(""dateFrom"", listDateFrom); if (listDateTo) qs.set(""dateTo"", listDateTo); const res = await fetch(`/api/plant-module/shift-logs?${qs.toString()}`, { credentials: ""include"" }); if (!res.ok) throw new Error(await res.text()); return res.json(); }, })"
"client/src/pages/PlantShiftLog.tsx","client/src/pages/PlantShiftLog.tsx:227","fetch","fetch(`/api/plant-module/shift-logs?${qs.toString()}`, { credentials: ""include"" })"
"client/src/pages/PlantShiftLog.tsx","client/src/pages/PlantShiftLog.tsx:293","useQuery","useQuery<DryerMismatchRow[]>({ queryKey: [""/api/plant-module/heating-sessions/dryer-source-mismatches"", listDateFrom, listDateTo], enabled: viewMode === ""list"" && !!listDateFrom && !!listDateTo, queryFn: async () => { const qs = new URLSearchParams({ dateFrom: listDateFrom, dateTo: listDateTo }); const res = await fetch(`/api/plant-module/heating-sessions/dryer-source-mismatches?${qs.toString()}`, { credentials: ""include"" }); if (!res.ok) throw new Error(await res.text()); return res.json(); }, })"
"client/src/pages/PlantShiftLog.tsx","client/src/pages/PlantShiftLog.tsx:298","fetch","fetch(`/api/plant-module/heating-sessions/dryer-source-mismatches?${qs.toString()}`, { credentials: ""include"" })"
"client/src/pages/PlantShiftLog.tsx","client/src/pages/PlantShiftLog.tsx:555","useQuery","useQuery<Array<{ loadWeight: number; plantName: string }>>({ queryKey: [""/api/plant-module/dispatches"", { dateFrom: date, dateTo: date, plant: plantName }], enabled: viewMode === ""edit"" && !!date && !!plantName, queryFn: async () => { const res = await fetch( `/api/plant-module/dispatches?dateFrom=${encodeURIComponent(date)}&dateTo=${encodeURIComponent(date)}`, { credentials: ""include"" } ); if (!res.ok) throw new Error(""Failed to fetch dispatches""); return res.json(); }, })"
"client/src/pages/PlantShiftLog.tsx","client/src/pages/PlantShiftLog.tsx:559","fetch","fetch( `/api/plant-module/dispatches?dateFrom=${encodeURIComponent(date)}&dateTo=${encodeURIComponent(date)}`, { credentials: ""include"" } )"
"client/src/pages/PlantShiftLog.tsx","client/src/pages/PlantShiftLog.tsx:600","useMutation","useMutation({ mutationFn: async (extra?: { pin?: string; effectiveDryerFedFrom?: ""TANK_1"" | ""TANK_2"" }) => { if (incompleteManpower.length > 0) { throw new Error( `${incompleteManpower.length} manpower row(s) are missing Contractor / Category / Gender. ` + `Open each row and complete the fields before saving (legacy rows must be backfilled).` ); } const payload: Record<string, unknown> = { date, shiftCode, plantName, plantStartTime: plantStartTime || null, plantStopTime: plantStopTime || null, weather: weather || null, ambientTemp: numOrNull(ambientTemp), // Task #253 — bitumenTank{1,2}StockApproxMt removed from the form. // The columns remain on the table for audit; existing values are no // longer overwritten on save (server-side upsert preserves them). operatorName: operatorName || null, supervisorName: supervisorName || null, remarks: remarks || null, bitumenTank1Temp: numOrNull(bitumenTank1Temp), bitumenTank2Temp: numOrNull(bitumenTank2Temp), bitumenTank1OpeningDip: numOrNull(bitumenTank1OpeningDip), bitumenTank1ClosingDip: numOrNull(bitumenTank1ClosingDip), bitumenTank2OpeningDip: numOrNull(bitumenTank2OpeningDip), bitumenTank2ClosingDip: numOrNull(bitumenTank2ClosingDip), // Task #254 — when the boiler-runs-during-production toggle is OFF // we explicitly null the Boiler Meter (Tank-1) inputs so they don't // contribute phantom litres to the daily report. Dryer Meter (Tank-2) // is independent of the toggle. ldoTank1OpeningMeter: boilerRunsDuringProduction ? numOrNull(ldoTank1OpeningMeter) : null, ldoTank1ClosingMeter: boilerRunsDuringProduction ? numOrNull(ldoTank1ClosingMeter) : null, ldoTank2OpeningMeter: numOrNull(ldoTank2OpeningMeter), ldoTank2ClosingMeter: numOrNull(ldoTank2ClosingMeter), ldoTank1OpeningDip: numOrNull(ldoTank1OpeningDip), ldoTank1ClosingDip: numOrNull(ldoTank1ClosingDip), ldoTank2OpeningDip: numOrNull(ldoTank2OpeningDip), ldoTank2ClosingDip: numOrNull(ldoTank2ClosingDip), dryerFedFrom: extra?.effectiveDryerFedFrom ?? dryerFedFrom ?? ""TANK_2"", boilerRunsDuringProduction: boilerRunsDuringProduction ? 1 : 0, noMainPlantOps, manpower: manpower .filter(m => m.name?.trim()) .map(m => ({ name: m.name.trim().toUpperCase(), role: m.role || null, contractorName: m.contractorName ? m.contractorName.trim().toUpperCase() : """", category: m.category ? m.category.toUpperCase() : """", gender: m.gender ? m.gender.toUpperCase() : """", })), idleEvents: idleEvents.filter(e => e.startTime && e.reason), editedBy, }; if (extra?.pin) payload.pin = extra.pin; const res = await fetch(""/api/plant-module/shift-logs"", { method: ""POST"", headers: { ""Content-Type"": ""application/json"" }, credentials: ""include"", body: JSON.stringify(payload), }); if (!res.ok) { if (res.status === 401) { if (window.location.pathname !== ""/login"") window.location.assign(""/login""); throw new Error(""Session expired. Please log in again.""); } if (res.status === 403) { const body = await res.json().catch(() => ({})); if (body.code === ""FINALIZED_LOCKED"") { const e = new Error(body.message || ""This shift log is finalized and cannot be edited."") as Error & { locked?: boolean }; e.locked = true; throw e; } throw new Error(body.message || ""Forbidden""); } const text = (await res.text().catch(() => """")) || res.statusText; throw new Error(`${res.status}: ${text}`); } return res.json(); }, onSuccess: async (data: any) => { queryClient.invalidateQueries({ queryKey: [""/api/plant-module/shift-logs""] }); queryClient.invalidateQueries({ queryKey: [""/api/plant-module/heating-sessions/dryer-source-mismatches""] }); queryClient.invalidateQueries({ queryKey: [""/api/plant-module/ldo-flow-readings""] }); queryClient.invalidateQueries({ queryKey: [""/api/plant-module/bitumen-dip-readings""] }); queryClient.invalidateQueries({ queryKey: [""/api/plant-module/ldo-dip-readings""] }); queryClient.invalidateQueries({ queryKey: [""/api/plant-module/shift-logs/by-date"", date, plantName] }); // Clear the draft now that data is safely on the server. clearDraft(); setSavedId(data.id); setIsFinalized(1); // Task #434 — surface any LDO dip vs meter divergence warnings setPostSaveWarnings(Array.isArray(data.divergenceWarnings) ? data.divergenceWarnings : []); toast({ title: ""Shift log saved"" }); // Auto-finalize so the operator doesn't need a second click — server no // longer requires a PIN. Then return to the list view. try { await apiRequest(""POST"", `/api/plant-module/shift-logs/${data.id}/finalize`, { finalizedBy: ""operator"" }); } catch { /* save already succeeded */ } goBackToList(); // Cross-check: warn if any heating session for the same date+plant has a // different dryerFedFrom (non-blocking — stock routing is unchanged). // Fire-and-forget so list navigation is not delayed. fetch( `/api/plant-module/heating-sessions?date=${encodeURIComponent(date)}&plant=${encodeURIComponent(plantName)}`, { credentials: ""include"" } ).then(hsRes => { if (!hsRes.ok) return; return hsRes.json().then((sessions: Array<{ id?: number; dryerFedFrom?: string }>) => { const savedDryerFedFrom: ""TANK_1"" | ""TANK_2"" = data.dryerFedFrom === ""TANK_1"" ? ""TANK_1"" : ""TANK_2""; const mismatches = sessions.filter(s => s.dryerFedFrom && s.dryerFedFrom !== savedDryerFedFrom && s.id != null); if (mismatches.length > 0) { const firstMismatch = mismatches[0]; const slLabel = savedDryerFedFrom === ""TANK_1"" ? ""Boiler tank"" : ""Dryer tank""; const hsLabel = firstMismatch.dryerFedFrom === ""TANK_1"" ? ""Boiler tank"" : ""Dryer tank""; const fixTarget: DryerSourceFixTarget = { mode: ""heating-session"", sessionIds: mismatches.map(s => s.id as number), date, suggestedValue: savedDryerFedFrom, currentValue: firstMismatch.dryerFedFrom as ""TANK_1"" | ""TANK_2"", }; const sessionWord = mismatches.length === 1 ? ""a heating session"" : `${mismatches.length} heating sessions`; const fixLabel = mismatches.length === 1 ? ""Fix heating session"" : `Fix ${mismatches.length} heating sessions`; toast({ title: ""Dryer-source mismatch"", description: `This shift log says dryer fed from ${slLabel}, but ${sessionWord} for ${date} says ${hsLabel}.`, variant: ""destructive"", action: ( <ToastAction altText={fixLabel} onClick={() => setFixDialog({ open: true, target: fixTarget })} > {fixLabel} </ToastAction> ), }); } }); }).catch(() => { /* non-fatal */ }); }, onError: (err: any) => { toast({ title: ""Save failed"", description: err.message, variant: ""destructive"" }); }, })"
"client/src/pages/PlantShiftLog.tsx","client/src/pages/PlantShiftLog.tsx:654","fetch","fetch(""/api/plant-module/shift-logs"", { method: ""POST"", headers: { ""Content-Type"": ""application/json"" }, credentials: ""include"", body: JSON.stringify(payload), })"
"client/src/pages/PlantShiftLog.tsx","client/src/pages/PlantShiftLog.tsx:696","apiRequest","apiRequest(""POST"", `/api/plant-module/shift-logs/${data.id}/finalize`, { finalizedBy: ""operator"" })"
"client/src/pages/PlantShiftLog.tsx","client/src/pages/PlantShiftLog.tsx:702","fetch(
        `/api/plant-module/heating-sessions?date=${encodeURIComponent(date)}&plant=${encodeURIComponent(plantName)}`,
        { credentials: ""include"" }
      ).then(hsRes => {
        if (!hsRes.ok) return;
        return hsRes.json().then((sessions: Array<{ id?: number; dryerFedFrom?: string }>) => {
          const savedDryerFedFrom: ""TANK_1"" | ""TANK_2"" = data.dryerFedFrom === ""TANK_1"" ? ""TANK_1"" : ""TANK_2"";
          const mismatches = sessions.filter(s => s.dryerFedFrom && s.dryerFedFrom !== savedDryerFedFrom && s.id != null);
          if (mismatches.length > 0) {
            const firstMismatch = mismatches[0];
            const slLabel = savedDryerFedFrom === ""TANK_1"" ? ""Boiler tank"" : ""Dryer tank"";
            const hsLabel = firstMismatch.dryerFedFrom === ""TANK_1"" ? ""Boiler tank"" : ""Dryer tank"";
            const fixTarget: DryerSourceFixTarget = {
              mode: ""heating-session"",
              sessionIds: mismatches.map(s => s.id as number),
              date,
              suggestedValue: savedDryerFedFrom,
              currentValue: firstMismatch.dryerFedFrom as ""TANK_1"" | ""TANK_2"",
            };
            const sessionWord = mismatches.length === 1 ? ""a heating session"" : `${mismatches.length} heating sessions`;
            const fixLabel = mismatches.length === 1 ? ""Fix heating session"" : `Fix ${mismatches.length} heating sessions`;
            toast({
              title: ""Dryer-source mismatch"",
              description: `This shift log says dryer fed from ${slLabel}, but ${sessionWord} for ${date} says ${hsLabel}.`,
              variant: ""destructive"",
              action: (
                <ToastAction
                  altText={fixLabel}
                  onClick={() => setFixDialog({ open: true, target: fixTarget })}
                >
                  {fixLabel}
                </ToastAction>
              ),
            });
          }
        });
      }).catch","fetch( `/api/plant-module/heating-sessions?date=${encodeURIComponent(date)}&plant=${encodeURIComponent(plantName)}`, { credentials: ""include"" } ).then(hsRes => { if (!hsRes.ok) return; return hsRes.json().then((sessions: Array<{ id?: number; dryerFedFrom?: string }>) => { const savedDryerFedFrom: ""TANK_1"" | ""TANK_2"" = data.dryerFedFrom === ""TANK_1"" ? ""TANK_1"" : ""TANK_2""; const mismatches = sessions.filter(s => s.dryerFedFrom && s.dryerFedFrom !== savedDryerFedFrom && s.id != null); if (mismatches.length > 0) { const firstMismatch = mismatches[0]; const slLabel = savedDryerFedFrom === ""TANK_1"" ? ""Boiler tank"" : ""Dryer tank""; const hsLabel = firstMismatch.dryerFedFrom === ""TANK_1"" ? ""Boiler tank"" : ""Dryer tank""; const fixTarget: DryerSourceFixTarget = { mode: ""heating-session"", sessionIds: mismatches.map(s => s.id as number), date, suggestedValue: savedDryerFedFrom, currentValue: firstMismatch.dryerFedFrom as ""TANK_1"" | ""TANK_2"", }; const sessionWord = mismatches.length === 1 ? ""a heating session"" : `${mismatches.length} heating sessions`; const fixLabel = mismatches.length === 1 ? ""Fix heating session"" : `Fix ${mismatches.length} heating sessions`; toast({ title: ""Dryer-source mismatch"", description: `This shift log says dryer fed from ${slLabel}, but ${sessionWord} for ${date} says ${hsLabel}.`, variant: ""destructive"", action: ( <ToastAction altText={fixLabel} onClick={() => setFixDialog({ open: true, target: fixTarget })} > {fixLabel} </ToastAction> ), }); } }); }).catch(() => { /* non-fatal */ })"
"client/src/pages/PlantShiftLog.tsx","client/src/pages/PlantShiftLog.tsx:702","fetch(
        `/api/plant-module/heating-sessions?date=${encodeURIComponent(date)}&plant=${encodeURIComponent(plantName)}`,
        { credentials: ""include"" }
      ).then","fetch( `/api/plant-module/heating-sessions?date=${encodeURIComponent(date)}&plant=${encodeURIComponent(plantName)}`, { credentials: ""include"" } ).then(hsRes => { if (!hsRes.ok) return; return hsRes.json().then((sessions: Array<{ id?: number; dryerFedFrom?: string }>) => { const savedDryerFedFrom: ""TANK_1"" | ""TANK_2"" = data.dryerFedFrom === ""TANK_1"" ? ""TANK_1"" : ""TANK_2""; const mismatches = sessions.filter(s => s.dryerFedFrom && s.dryerFedFrom !== savedDryerFedFrom && s.id != null); if (mismatches.length > 0) { const firstMismatch = mismatches[0]; const slLabel = savedDryerFedFrom === ""TANK_1"" ? ""Boiler tank"" : ""Dryer tank""; const hsLabel = firstMismatch.dryerFedFrom === ""TANK_1"" ? ""Boiler tank"" : ""Dryer tank""; const fixTarget: DryerSourceFixTarget = { mode: ""heating-session"", sessionIds: mismatches.map(s => s.id as number), date, suggestedValue: savedDryerFedFrom, currentValue: firstMismatch.dryerFedFrom as ""TANK_1"" | ""TANK_2"", }; const sessionWord = mismatches.length === 1 ? ""a heating session"" : `${mismatches.length} heating sessions`; const fixLabel = mismatches.length === 1 ? ""Fix heating session"" : `Fix ${mismatches.length} heating sessions`; toast({ title: ""Dryer-source mismatch"", description: `This shift log says dryer fed from ${slLabel}, but ${sessionWord} for ${date} says ${hsLabel}.`, variant: ""destructive"", action: ( <ToastAction altText={fixLabel} onClick={() => setFixDialog({ open: true, target: fixTarget })} > {fixLabel} </ToastAction> ), }); } }); })"
"client/src/pages/PlantShiftLog.tsx","client/src/pages/PlantShiftLog.tsx:702","fetch","fetch( `/api/plant-module/heating-sessions?date=${encodeURIComponent(date)}&plant=${encodeURIComponent(plantName)}`, { credentials: ""include"" } )"
"client/src/pages/PlantShiftLog.tsx","client/src/pages/PlantShiftLog.tsx:748","useMutation","useMutation({ mutationFn: async () => { if (!savedId) throw new Error(""Nothing to delete""); const res = await apiRequest(""DELETE"", `/api/plant-module/shift-logs/${savedId}`); return res.json(); }, onSuccess: () => { queryClient.invalidateQueries({ queryKey: [""/api/plant-module/shift-logs""] }); queryClient.invalidateQueries({ queryKey: [""/api/plant-module/heating-sessions/dryer-source-mismatches""] }); queryClient.invalidateQueries({ queryKey: [""/api/plant-module/ldo-flow-readings""] }); queryClient.invalidateQueries({ queryKey: [""/api/plant-module/ldo-dip-readings""] }); queryClient.invalidateQueries({ queryKey: [""/api/plant-module/bitumen-dip-readings""] }); toast({ title: ""Shift log deleted"" }); goBackToList(); }, onError: (err: any) => { if (err?.message === ""Cancelled"") return; toast({ title: ""Delete failed"", description: err.message, variant: ""destructive"" }); }, })"
"client/src/pages/PlantShiftLog.tsx","client/src/pages/PlantShiftLog.tsx:751","apiRequest","apiRequest(""DELETE"", `/api/plant-module/shift-logs/${savedId}`)"
"client/src/pages/PlantShiftLog.tsx","client/src/pages/PlantShiftLog.tsx:776","useQuery","useQuery<BitumenHeatingSession[]>({ queryKey: [""/api/plant-module/heating-sessions"", { servedByProductionDate: date, plant: plantName }], enabled: viewMode === ""edit"" && !!date, queryFn: async () => { const res = await fetch( `/api/plant-module/heating-sessions?servedByProductionDate=${date}&plant=${encodeURIComponent(plantName)}`, { credentials: ""include"" }, ); if (!res.ok) return []; return res.json(); }, })"
"client/src/pages/PlantShiftLog.tsx","client/src/pages/PlantShiftLog.tsx:780","fetch","fetch( `/api/plant-module/heating-sessions?servedByProductionDate=${date}&plant=${encodeURIComponent(plantName)}`, { credentials: ""include"" }, )"
"client/src/pages/PlantShiftLog.tsx","client/src/pages/PlantShiftLog.tsx:842","fetch(`/api/plant-module/ldo-meter/last?tank=1&before=${encodeURIComponent(before)}&plant=${encodeURIComponent(plantName)}`, { credentials: ""include"" })
          .then(r => r.ok ? (r.json() as Promise<LdoLast | null>) : null)
          .then((data) => {
            if (cancelled) return;
            if (data && typeof data.value === ""number"") {
              const next = String(data.value);
              setLdoTank1OpeningMeter(prev => {
                if (prev && prev !== autoFilledT1ValueRef.current) return prev;
                autoFilledT1ValueRef.current = next;
                setAutoFillT1Source(data.source);
                return next;
              });
            }
          })
          .catch","fetch(`/api/plant-module/ldo-meter/last?tank=1&before=${encodeURIComponent(before)}&plant=${encodeURIComponent(plantName)}`, { credentials: ""include"" }) .then(r => r.ok ? (r.json() as Promise<LdoLast | null>) : null) .then((data) => { if (cancelled) return; if (data && typeof data.value === ""number"") { const next = String(data.value); setLdoTank1OpeningMeter(prev => { if (prev && prev !== autoFilledT1ValueRef.current) return prev; autoFilledT1ValueRef.current = next; setAutoFillT1Source(data.source); return next; }); } }) .catch(() => {})"
"client/src/pages/PlantShiftLog.tsx","client/src/pages/PlantShiftLog.tsx:842","fetch(`/api/plant-module/ldo-meter/last?tank=1&before=${encodeURIComponent(before)}&plant=${encodeURIComponent(plantName)}`, { credentials: ""include"" })
          .then(r => r.ok ? (r.json() as Promise<LdoLast | null>) : null)
          .then","fetch(`/api/plant-module/ldo-meter/last?tank=1&before=${encodeURIComponent(before)}&plant=${encodeURIComponent(plantName)}`, { credentials: ""include"" }) .then(r => r.ok ? (r.json() as Promise<LdoLast | null>) : null) .then((data) => { if (cancelled) return; if (data && typeof data.value === ""number"") { const next = String(data.value); setLdoTank1OpeningMeter(prev => { if (prev && prev !== autoFilledT1ValueRef.current) return prev; autoFilledT1ValueRef.current = next; setAutoFillT1Source(data.source); return next; }); } })"
"client/src/pages/PlantShiftLog.tsx","client/src/pages/PlantShiftLog.tsx:842","fetch(`/api/plant-module/ldo-meter/last?tank=1&before=${encodeURIComponent(before)}&plant=${encodeURIComponent(plantName)}`, { credentials: ""include"" })
          .then","fetch(`/api/plant-module/ldo-meter/last?tank=1&before=${encodeURIComponent(before)}&plant=${encodeURIComponent(plantName)}`, { credentials: ""include"" }) .then(r => r.ok ? (r.json() as Promise<LdoLast | null>) : null)"
"client/src/pages/PlantShiftLog.tsx","client/src/pages/PlantShiftLog.tsx:842","fetch","fetch(`/api/plant-module/ldo-meter/last?tank=1&before=${encodeURIComponent(before)}&plant=${encodeURIComponent(plantName)}`, { credentials: ""include"" })"
"client/src/pages/PlantShiftLog.tsx","client/src/pages/PlantShiftLog.tsx:862","fetch(`/api/plant-module/ldo-meter/last?tank=2&before=${encodeURIComponent(before)}&plant=${encodeURIComponent(plantName)}`, { credentials: ""include"" })
        .then(r => r.ok ? (r.json() as Promise<LdoLastT2 | null>) : null)
        .then((data) => {
          if (cancelled) return;
          if (data && typeof data.value === ""number"") {
            const next = String(data.value);
            setLdoTank2OpeningMeter(prev => {
              if (prev) return prev;
              autoFilledT2ValueRef.current = next;
              setAutoFillT2Source(data.source);
              return next;
            });
          }
        })
        .catch","fetch(`/api/plant-module/ldo-meter/last?tank=2&before=${encodeURIComponent(before)}&plant=${encodeURIComponent(plantName)}`, { credentials: ""include"" }) .then(r => r.ok ? (r.json() as Promise<LdoLastT2 | null>) : null) .then((data) => { if (cancelled) return; if (data && typeof data.value === ""number"") { const next = String(data.value); setLdoTank2OpeningMeter(prev => { if (prev) return prev; autoFilledT2ValueRef.current = next; setAutoFillT2Source(data.source); return next; }); } }) .catch(() => {})"
"client/src/pages/PlantShiftLog.tsx","client/src/pages/PlantShiftLog.tsx:862","fetch(`/api/plant-module/ldo-meter/last?tank=2&before=${encodeURIComponent(before)}&plant=${encodeURIComponent(plantName)}`, { credentials: ""include"" })
        .then(r => r.ok ? (r.json() as Promise<LdoLastT2 | null>) : null)
        .then","fetch(`/api/plant-module/ldo-meter/last?tank=2&before=${encodeURIComponent(before)}&plant=${encodeURIComponent(plantName)}`, { credentials: ""include"" }) .then(r => r.ok ? (r.json() as Promise<LdoLastT2 | null>) : null) .then((data) => { if (cancelled) return; if (data && typeof data.value === ""number"") { const next = String(data.value); setLdoTank2OpeningMeter(prev => { if (prev) return prev; autoFilledT2ValueRef.current = next; setAutoFillT2Source(data.source); return next; }); } })"
"client/src/pages/PlantShiftLog.tsx","client/src/pages/PlantShiftLog.tsx:862","fetch(`/api/plant-module/ldo-meter/last?tank=2&before=${encodeURIComponent(before)}&plant=${encodeURIComponent(plantName)}`, { credentials: ""include"" })
        .then","fetch(`/api/plant-module/ldo-meter/last?tank=2&before=${encodeURIComponent(before)}&plant=${encodeURIComponent(plantName)}`, { credentials: ""include"" }) .then(r => r.ok ? (r.json() as Promise<LdoLastT2 | null>) : null)"
"client/src/pages/PlantShiftLog.tsx","client/src/pages/PlantShiftLog.tsx:862","fetch","fetch(`/api/plant-module/ldo-meter/last?tank=2&before=${encodeURIComponent(before)}&plant=${encodeURIComponent(plantName)}`, { credentials: ""include"" })"
"client/src/pages/PlantShiftLog.tsx","client/src/pages/PlantShiftLog.tsx:894","fetch(`/api/plant-module/shift-logs/by-date?date=${prevDateStr}&plant=${encodeURIComponent(plantName)}`, { credentials: ""include"" })
      .then(r => r.ok ? r.json() : null)
      .then((prev: { bitumenTank1ClosingDip?: number | null; bitumenTank2ClosingDip?: number | null; ldoTank1ClosingDip?: number | null; ldoTank2ClosingDip?: number | null } | null) => {
        if (cancelled || !prev) return;
        if (prev.bitumenTank1ClosingDip != null) {
          const next = String(prev.bitumenTank1ClosingDip);
          setBitumenTank1OpeningDip(cur => {
            if (cur && cur !== autoFilledBitumenT1Ref.current) return cur;
            autoFilledBitumenT1Ref.current = next;
            setAutoFillBitumenT1Source(`${prevDateStr} closing dip`);
            return next;
          });
        }
        if (prev.bitumenTank2ClosingDip != null) {
          const next = String(prev.bitumenTank2ClosingDip);
          setBitumenTank2OpeningDip(cur => {
            if (cur && cur !== autoFilledBitumenT2Ref.current) return cur;
            autoFilledBitumenT2Ref.current = next;
            setAutoFillBitumenT2Source(`${prevDateStr} closing dip`);
            return next;
          });
        }
        if (prev.ldoTank1ClosingDip != null) {
          const next = String(prev.ldoTank1ClosingDip);
          setLdoTank1OpeningDip(cur => {
            if (cur && cur !== autoFilledLdoDipT1Ref.current) return cur;
            autoFilledLdoDipT1Ref.current = next;
            setAutoFillLdoDipT1Source(`${prevDateStr} closing dip`);
            return next;
          });
        }
        if (prev.ldoTank2ClosingDip != null) {
          const next = String(prev.ldoTank2ClosingDip);
          setLdoTank2OpeningDip(cur => {
            if (cur && cur !== autoFilledLdoDipT2Ref.current) return cur;
            autoFilledLdoDipT2Ref.current = next;
            setAutoFillLdoDipT2Source(`${prevDateStr} closing dip`);
            return next;
          });
        }
      })
      .catch","fetch(`/api/plant-module/shift-logs/by-date?date=${prevDateStr}&plant=${encodeURIComponent(plantName)}`, { credentials: ""include"" }) .then(r => r.ok ? r.json() : null) .then((prev: { bitumenTank1ClosingDip?: number | null; bitumenTank2ClosingDip?: number | null; ldoTank1ClosingDip?: number | null; ldoTank2ClosingDip?: number | null } | null) => { if (cancelled || !prev) return; if (prev.bitumenTank1ClosingDip != null) { const next = String(prev.bitumenTank1ClosingDip); setBitumenTank1OpeningDip(cur => { if (cur && cur !== autoFilledBitumenT1Ref.current) return cur; autoFilledBitumenT1Ref.current = next; setAutoFillBitumenT1Source(`${prevDateStr} closing dip`); return next; }); } if (prev.bitumenTank2ClosingDip != null) { const next = String(prev.bitumenTank2ClosingDip); setBitumenTank2OpeningDip(cur => { if (cur && cur !== autoFilledBitumenT2Ref.current) return cur; autoFilledBitumenT2Ref.current = next; setAutoFillBitumenT2Source(`${prevDateStr} closing dip`); return next; }); } if (prev.ldoTank1ClosingDip != null) { const next = String(prev.ldoTank1ClosingDip); setLdoTank1OpeningDip(cur => { if (cur && cur !== autoFilledLdoDipT1Ref.current) return cur; autoFilledLdoDipT1Ref.current = next; setAutoFillLdoDipT1Source(`${prevDateStr} closing dip`); return next; }); } if (prev.ldoTank2ClosingDip != null) { const next = String(prev.ldoTank2ClosingDip); setLdoTank2OpeningDip(cur => { if (cur && cur !== autoFilledLdoDipT2Ref.current) return cur; autoFilledLdoDipT2Ref.current = next; setAutoFillLdoDipT2Source(`${prevDateStr} closing dip`); return next; }); } }) .catch(() => {})"
"client/src/pages/PlantShiftLog.tsx","client/src/pages/PlantShiftLog.tsx:894","fetch(`/api/plant-module/shift-logs/by-date?date=${prevDateStr}&plant=${encodeURIComponent(plantName)}`, { credentials: ""include"" })
      .then(r => r.ok ? r.json() : null)
      .then","fetch(`/api/plant-module/shift-logs/by-date?date=${prevDateStr}&plant=${encodeURIComponent(plantName)}`, { credentials: ""include"" }) .then(r => r.ok ? r.json() : null) .then((prev: { bitumenTank1ClosingDip?: number | null; bitumenTank2ClosingDip?: number | null; ldoTank1ClosingDip?: number | null; ldoTank2ClosingDip?: number | null } | null) => { if (cancelled || !prev) return; if (prev.bitumenTank1ClosingDip != null) { const next = String(prev.bitumenTank1ClosingDip); setBitumenTank1OpeningDip(cur => { if (cur && cur !== autoFilledBitumenT1Ref.current) return cur; autoFilledBitumenT1Ref.current = next; setAutoFillBitumenT1Source(`${prevDateStr} closing dip`); return next; }); } if (prev.bitumenTank2ClosingDip != null) { const next = String(prev.bitumenTank2ClosingDip); setBitumenTank2OpeningDip(cur => { if (cur && cur !== autoFilledBitumenT2Ref.current) return cur; autoFilledBitumenT2Ref.current = next; setAutoFillBitumenT2Source(`${prevDateStr} closing dip`); return next; }); } if (prev.ldoTank1ClosingDip != null) { const next = String(prev.ldoTank1ClosingDip); setLdoTank1OpeningDip(cur => { if (cur && cur !== autoFilledLdoDipT1Ref.current) return cur; autoFilledLdoDipT1Ref.current = next; setAutoFillLdoDipT1Source(`${prevDateStr} closing dip`); return next; }); } if (prev.ldoTank2ClosingDip != null) { const next = String(prev.ldoTank2ClosingDip); setLdoTank2OpeningDip(cur => { if (cur && cur !== autoFilledLdoDipT2Ref.current) return cur; autoFilledLdoDipT2Ref.current = next; setAutoFillLdoDipT2Source(`${prevDateStr} closing dip`); return next; }); } })"
"client/src/pages/PlantShiftLog.tsx","client/src/pages/PlantShiftLog.tsx:894","fetch(`/api/plant-module/shift-logs/by-date?date=${prevDateStr}&plant=${encodeURIComponent(plantName)}`, { credentials: ""include"" })
      .then","fetch(`/api/plant-module/shift-logs/by-date?date=${prevDateStr}&plant=${encodeURIComponent(plantName)}`, { credentials: ""include"" }) .then(r => r.ok ? r.json() : null)"
"client/src/pages/PlantShiftLog.tsx","client/src/pages/PlantShiftLog.tsx:894","fetch","fetch(`/api/plant-module/shift-logs/by-date?date=${prevDateStr}&plant=${encodeURIComponent(plantName)}`, { credentials: ""include"" })"
"client/src/pages/PlantShiftLogManpowerReview.tsx","client/src/pages/PlantShiftLogManpowerReview.tsx:613","useQuery","useQuery<string[]>({ queryKey: [""/api/vendor-bills/vendor-names""], enabled: isAdmin, })"
"client/src/pages/PlantShiftLogManpowerReview.tsx","client/src/pages/PlantShiftLogManpowerReview.tsx:618","useQuery","useQuery<string[]>({ queryKey: [""/api/plant-module/shift-logs/plants""], enabled: isAdmin, })"
"client/src/pages/PlantShiftLogManpowerReview.tsx","client/src/pages/PlantShiftLogManpowerReview.tsx:679","fetch","fetch(""/api/plant-module/shift-log-manpower/recent-merges"", { method: ""POST"", headers: { ""Content-Type"": ""application/json"" }, credentials: ""include"", body: JSON.stringify({}), })"
"client/src/pages/PlantShiftLogManpowerReview.tsx","client/src/pages/PlantShiftLogManpowerReview.tsx:732","fetch","fetch(""/api/plant-module/shift-log-manpower/learned-aliases"", { method: ""POST"", headers: { ""Content-Type"": ""application/json"" }, credentials: ""include"", body: JSON.stringify({}), })"
"client/src/pages/PlantShiftLogManpowerReview.tsx","client/src/pages/PlantShiftLogManpowerReview.tsx:749","fetch","fetch(""/api/plant-module/shift-log-manpower/custom-aliases"", { method: ""POST"", headers: { ""Content-Type"": ""application/json"" }, credentials: ""include"", body: JSON.stringify({}), })"
"client/src/pages/PlantShiftLogManpowerReview.tsx","client/src/pages/PlantShiftLogManpowerReview.tsx:777","fetch","fetch(""/api/plant-module/shift-log-manpower/add-custom-alias"", { method: ""POST"", headers: { ""Content-Type"": ""application/json"" }, credentials: ""include"", body: JSON.stringify({ actor: actor.trim(), tokenA: a, tokenB: b, kind: ""alias"" }), })"
"client/src/pages/PlantShiftLogManpowerReview.tsx","client/src/pages/PlantShiftLogManpowerReview.tsx:794","fetchCustomAliases","fetchCustomAliases()"
"client/src/pages/PlantShiftLogManpowerReview.tsx","client/src/pages/PlantShiftLogManpowerReview.tsx:794","fetchRecentMerges","fetchRecentMerges()"
"client/src/pages/PlantShiftLogManpowerReview.tsx","client/src/pages/PlantShiftLogManpowerReview.tsx:810","fetch","fetch(""/api/plant-module/shift-log-manpower/delete-custom-alias"", { method: ""POST"", headers: { ""Content-Type"": ""application/json"" }, credentials: ""include"", body: JSON.stringify({ actor: actor.trim(), id }), })"
"client/src/pages/PlantShiftLogManpowerReview.tsx","client/src/pages/PlantShiftLogManpowerReview.tsx:819","fetchCustomAliases","fetchCustomAliases()"
"client/src/pages/PlantShiftLogManpowerReview.tsx","client/src/pages/PlantShiftLogManpowerReview.tsx:819","fetchRecentMerges","fetchRecentMerges()"
"client/src/pages/PlantShiftLogManpowerReview.tsx","client/src/pages/PlantShiftLogManpowerReview.tsx:854","fetchCustomAliases","fetchCustomAliases()"
"client/src/pages/PlantShiftLogManpowerReview.tsx","client/src/pages/PlantShiftLogManpowerReview.tsx:854","fetchRecentMerges","fetchRecentMerges()"
"client/src/pages/PlantShiftLogManpowerReview.tsx","client/src/pages/PlantShiftLogManpowerReview.tsx:857","fetch","fetch(""/api/plant-module/shift-log-manpower/delete-custom-alias"", { method: ""POST"", headers: { ""Content-Type"": ""application/json"" }, credentials: ""include"", body: JSON.stringify({ actor: actor.trim(), id: match.id }), })"
"client/src/pages/PlantShiftLogManpowerReview.tsx","client/src/pages/PlantShiftLogManpowerReview.tsx:870","fetch","fetch(""/api/plant-module/shift-log-manpower/add-custom-alias"", { method: ""POST"", headers: { ""Content-Type"": ""application/json"" }, credentials: ""include"", body: JSON.stringify({ actor: actor.trim(), tokenA: a.tokenA, tokenB: a.tokenB, kind: a.kind, }), })"
"client/src/pages/PlantShiftLogManpowerReview.tsx","client/src/pages/PlantShiftLogManpowerReview.tsx:889","fetchCustomAliases","fetchCustomAliases()"
"client/src/pages/PlantShiftLogManpowerReview.tsx","client/src/pages/PlantShiftLogManpowerReview.tsx:889","fetchRecentMerges","fetchRecentMerges()"
"client/src/pages/PlantShiftLogManpowerReview.tsx","client/src/pages/PlantShiftLogManpowerReview.tsx:908","fetch","fetch(""/api/plant-module/shift-log-manpower/bulk-revert-alias-activity"", { method: ""POST"", headers: { ""Content-Type"": ""application/json"" }, credentials: ""include"", body: JSON.stringify({ actor: actorName, activities: flipped }), })"
"client/src/pages/PlantShiftLogManpowerReview.tsx","client/src/pages/PlantShiftLogManpowerReview.tsx:923","fetchCustomAliases","fetchCustomAliases()"
"client/src/pages/PlantShiftLogManpowerReview.tsx","client/src/pages/PlantShiftLogManpowerReview.tsx:923","fetchRecentMerges","fetchRecentMerges()"
"client/src/pages/PlantShiftLogManpowerReview.tsx","client/src/pages/PlantShiftLogManpowerReview.tsx:949","(async () => {
          setBulkRevertingAlias(true);
          try {
            const payload = activities.map(a => ({
              action: a.action,
              kind: a.kind,
              tokenA: a.tokenA,
              tokenB: a.tokenB,
            }));
            const res = await fetch(""/api/plant-module/shift-log-manpower/bulk-revert-alias-activity"", {
              method: ""POST"",
              headers: { ""Content-Type"": ""application/json"" },
              credentials: ""include"",
              body: JSON.stringify({
                actor: actor.trim(),
                activities: payload,
              }),
            });
            if (res.status === 401) { window.location.assign(""/login""); return; }
            if (!res.ok) throw new Error(await res.text());
            const result = (await res.json()) as { reverted: number; skipped: number; appliedActivities: Array<{ action: ""add"" | ""remove""; kind: ""alias"" | ""suppress_learned"" | ""suppress_learned_pair""; tokenA: string; tokenB: string }> };
            const actorSnapshot = actor.trim();
            toast({
              title: result.reverted > 0 ? ""Bulk revert complete"" : ""Nothing to revert"",
              description: result.reverted > 0
                ? `${result.reverted} change${result.reverted === 1 ? """" : ""s""} reverted${result.skipped > 0 ? `, ${result.skipped} already undone` : """"}.`
                : ""All selected entries were already undone."",
              action: result.reverted > 0 ? (
                <ToastAction altText=""Undo bulk revert"" onClick={() => undoBulkRevert(result.appliedActivities, actorSnapshot)}>
                  Undo
                </ToastAction>
              ) : undefined,
            });
            setSelectedAliasActivityIds({});
            await Promise.all([fetchCustomAliases(), fetchRecentMerges()]);
          } catch (err) {
            toast({ title: ""Bulk revert failed"", description: getErrorMessage(err), variant: ""destructive"" });
          } finally {
            setBulkRevertingAlias(false);
          }
        })","(async () => { setBulkRevertingAlias(true); try { const payload = activities.map(a => ({ action: a.action, kind: a.kind, tokenA: a.tokenA, tokenB: a.tokenB, })); const res = await fetch(""/api/plant-module/shift-log-manpower/bulk-revert-alias-activity"", { method: ""POST"", headers: { ""Content-Type"": ""application/json"" }, credentials: ""include"", body: JSON.stringify({ actor: actor.trim(), activities: payload, }), }); if (res.status === 401) { window.location.assign(""/login""); return; } if (!res.ok) throw new Error(await res.text()); const result = (await res.json()) as { reverted: number; skipped: number; appliedActivities: Array<{ action: ""add"" | ""remove""; kind: ""alias"" | ""suppress_learned"" | ""suppress_learned_pair""; tokenA: string; tokenB: string }> }; const actorSnapshot = actor.trim(); toast({ title: result.reverted > 0 ? ""Bulk revert complete"" : ""Nothing to revert"", description: result.reverted > 0 ? `${result.reverted} change${result.reverted === 1 ? """" : ""s""} reverted${result.skipped > 0 ? `, ${result.skipped} already undone` : """"}.` : ""All selected entries were already undone."", action: result.reverted > 0 ? ( <ToastAction altText=""Undo bulk revert"" onClick={() => undoBulkRevert(result.appliedActivities, actorSnapshot)}> Undo </ToastAction> ) : undefined, }); setSelectedAliasActivityIds({}); await Promise.all([fetchCustomAliases(), fetchRecentMerges()]); } catch (err) { toast({ title: ""Bulk revert failed"", description: getErrorMessage(err), variant: ""destructive"" }); } finally { setBulkRevertingAlias(false); } })()"
"client/src/pages/PlantShiftLogManpowerReview.tsx","client/src/pages/PlantShiftLogManpowerReview.tsx:958","fetch","fetch(""/api/plant-module/shift-log-manpower/bulk-revert-alias-activity"", { method: ""POST"", headers: { ""Content-Type"": ""application/json"" }, credentials: ""include"", body: JSON.stringify({ actor: actor.trim(), activities: payload, }), })"
"client/src/pages/PlantShiftLogManpowerReview.tsx","client/src/pages/PlantShiftLogManpowerReview.tsx:983","fetchCustomAliases","fetchCustomAliases()"
"client/src/pages/PlantShiftLogManpowerReview.tsx","client/src/pages/PlantShiftLogManpowerReview.tsx:983","fetchRecentMerges","fetchRecentMerges()"
"client/src/pages/PlantShiftLogManpowerReview.tsx","client/src/pages/PlantShiftLogManpowerReview.tsx:1015","(async () => {
          setBulkRevertingAlias(true);
          try {
            const payload = activities.map(a => ({
              action: a.action,
              kind: a.kind,
              tokenA: a.tokenA,
              tokenB: a.tokenB,
            }));
            const res = await fetch(""/api/plant-module/shift-log-manpower/bulk-revert-alias-activity"", {
              method: ""POST"",
              headers: { ""Content-Type"": ""application/json"" },
              credentials: ""include"",
              body: JSON.stringify({
                actor: actor.trim(),
                activities: payload,
              }),
            });
            if (res.status === 401) { window.location.assign(""/login""); return; }
            if (!res.ok) throw new Error(await res.text());
            const result = (await res.json()) as { reverted: number; skipped: number; appliedActivities: Array<{ action: ""add"" | ""remove""; kind: ""alias"" | ""suppress_learned"" | ""suppress_learned_pair""; tokenA: string; tokenB: string }> };
            const actorSnapshot = actor.trim();
            toast({
              title: result.reverted > 0 ? ""Bulk revert complete"" : ""Nothing to revert"",
              description: result.reverted > 0
                ? `${result.reverted} change${result.reverted === 1 ? """" : ""s""} reverted${result.skipped > 0 ? `, ${result.skipped} already undone` : """"}.`
                : ""All selected entries were already undone."",
              action: result.reverted > 0 ? (
                <ToastAction altText=""Undo bulk revert"" onClick={() => undoBulkRevert(result.appliedActivities, actorSnapshot)}>
                  Undo
                </ToastAction>
              ) : undefined,
            });
            setSelectedAliasActivityIds({});
            await Promise.all([fetchCustomAliases(), fetchRecentMerges()]);
          } catch (err) {
            toast({ title: ""Bulk revert failed"", description: getErrorMessage(err), variant: ""destructive"" });
          } finally {
            setBulkRevertingAlias(false);
          }
        })","(async () => { setBulkRevertingAlias(true); try { const payload = activities.map(a => ({ action: a.action, kind: a.kind, tokenA: a.tokenA, tokenB: a.tokenB, })); const res = await fetch(""/api/plant-module/shift-log-manpower/bulk-revert-alias-activity"", { method: ""POST"", headers: { ""Content-Type"": ""application/json"" }, credentials: ""include"", body: JSON.stringify({ actor: actor.trim(), activities: payload, }), }); if (res.status === 401) { window.location.assign(""/login""); return; } if (!res.ok) throw new Error(await res.text()); const result = (await res.json()) as { reverted: number; skipped: number; appliedActivities: Array<{ action: ""add"" | ""remove""; kind: ""alias"" | ""suppress_learned"" | ""suppress_learned_pair""; tokenA: string; tokenB: string }> }; const actorSnapshot = actor.trim(); toast({ title: result.reverted > 0 ? ""Bulk revert complete"" : ""Nothing to revert"", description: result.reverted > 0 ? `${result.reverted} change${result.reverted === 1 ? """" : ""s""} reverted${result.skipped > 0 ? `, ${result.skipped} already undone` : """"}.` : ""All selected entries were already undone."", action: result.reverted > 0 ? ( <ToastAction altText=""Undo bulk revert"" onClick={() => undoBulkRevert(result.appliedActivities, actorSnapshot)}> Undo </ToastAction> ) : undefined, }); setSelectedAliasActivityIds({}); await Promise.all([fetchCustomAliases(), fetchRecentMerges()]); } catch (err) { toast({ title: ""Bulk revert failed"", description: getErrorMessage(err), variant: ""destructive"" }); } finally { setBulkRevertingAlias(false); } })()"
"client/src/pages/PlantShiftLogManpowerReview.tsx","client/src/pages/PlantShiftLogManpowerReview.tsx:1024","fetch","fetch(""/api/plant-module/shift-log-manpower/bulk-revert-alias-activity"", { method: ""POST"", headers: { ""Content-Type"": ""application/json"" }, credentials: ""include"", body: JSON.stringify({ actor: actor.trim(), activities: payload, }), })"
"client/src/pages/PlantShiftLogManpowerReview.tsx","client/src/pages/PlantShiftLogManpowerReview.tsx:1049","fetchCustomAliases","fetchCustomAliases()"
"client/src/pages/PlantShiftLogManpowerReview.tsx","client/src/pages/PlantShiftLogManpowerReview.tsx:1049","fetchRecentMerges","fetchRecentMerges()"
"client/src/pages/PlantShiftLogManpowerReview.tsx","client/src/pages/PlantShiftLogManpowerReview.tsx:1072","fetch","fetch(""/api/plant-module/shift-log-manpower/add-custom-alias"", { method: ""POST"", headers: { ""Content-Type"": ""application/json"" }, credentials: ""include"", body: JSON.stringify({ actor: actor.trim(), tokenA: a, tokenB: b, kind: ""suppress_learned_pair"", }), })"
"client/src/pages/PlantShiftLogManpowerReview.tsx","client/src/pages/PlantShiftLogManpowerReview.tsx:1087","fetchCustomAliases","fetchCustomAliases()"
"client/src/pages/PlantShiftLogManpowerReview.tsx","client/src/pages/PlantShiftLogManpowerReview.tsx:1087","fetchRecentMerges","fetchRecentMerges()"
"client/src/pages/PlantShiftLogManpowerReview.tsx","client/src/pages/PlantShiftLogManpowerReview.tsx:1104","fetch","fetch(""/api/plant-module/shift-log-manpower/add-custom-alias"", { method: ""POST"", headers: { ""Content-Type"": ""application/json"" }, credentials: ""include"", body: JSON.stringify({ actor: actor.trim(), tokenA: a, tokenB: b, kind: ""suppress_learned"", }), })"
"client/src/pages/PlantShiftLogManpowerReview.tsx","client/src/pages/PlantShiftLogManpowerReview.tsx:1119","fetchCustomAliases","fetchCustomAliases()"
"client/src/pages/PlantShiftLogManpowerReview.tsx","client/src/pages/PlantShiftLogManpowerReview.tsx:1119","fetchRecentMerges","fetchRecentMerges()"
"client/src/pages/PlantShiftLogManpowerReview.tsx","client/src/pages/PlantShiftLogManpowerReview.tsx:1130","fetch","fetch(""/api/plant-module/shift-log-manpower/dismissed-pairs"", { method: ""POST"", headers: { ""Content-Type"": ""application/json"" }, credentials: ""include"", body: JSON.stringify({ plantName: dismissalsScopeKey }), })"
"client/src/pages/PlantShiftLogManpowerReview.tsx","client/src/pages/PlantShiftLogManpowerReview.tsx:1146","fetchRecentMerges","fetchRecentMerges()"
"client/src/pages/PlantShiftLogManpowerReview.tsx","client/src/pages/PlantShiftLogManpowerReview.tsx:1147","fetchLearnedAliases","fetchLearnedAliases()"
"client/src/pages/PlantShiftLogManpowerReview.tsx","client/src/pages/PlantShiftLogManpowerReview.tsx:1148","fetchCustomAliases","fetchCustomAliases()"
"client/src/pages/PlantShiftLogManpowerReview.tsx","client/src/pages/PlantShiftLogManpowerReview.tsx:1158","fetchDismissedPairs","fetchDismissedPairs()"
"client/src/pages/PlantShiftLogManpowerReview.tsx","client/src/pages/PlantShiftLogManpowerReview.tsx:1177","(async () => {
          setUndoingId(m.id);
          try {
            const res = await fetch(""/api/plant-module/shift-log-manpower/undo-merge"", {
              method: ""POST"",
              headers: { ""Content-Type"": ""application/json"" },
              credentials: ""include"",
              body: JSON.stringify({ actor: actor.trim(), batchId: m.id }),
            });
            if (!res.ok) throw new Error(await res.text());
            const result = (await res.json()) as { restored: number };
            toast({
              title: ""Merge undone"",
              description: `Restored ${result.restored} shift-log row(s) to their original worker info.`,
            });
            await Promise.all([fetchRecentMerges(), fetchRows(), fetchLearnedAliases()]);
            queryClient.invalidateQueries({ queryKey: [""/api/plant-module/shift-logs""] });
          } catch (err) {
            toast({ title: ""Undo failed"", description: getErrorMessage(err), variant: ""destructive"" });
          } finally {
            setUndoingId(null);
          }
        })","(async () => { setUndoingId(m.id); try { const res = await fetch(""/api/plant-module/shift-log-manpower/undo-merge"", { method: ""POST"", headers: { ""Content-Type"": ""application/json"" }, credentials: ""include"", body: JSON.stringify({ actor: actor.trim(), batchId: m.id }), }); if (!res.ok) throw new Error(await res.text()); const result = (await res.json()) as { restored: number }; toast({ title: ""Merge undone"", description: `Restored ${result.restored} shift-log row(s) to their original worker info.`, }); await Promise.all([fetchRecentMerges(), fetchRows(), fetchLearnedAliases()]); queryClient.invalidateQueries({ queryKey: [""/api/plant-module/shift-logs""] }); } catch (err) { toast({ title: ""Undo failed"", description: getErrorMessage(err), variant: ""destructive"" }); } finally { setUndoingId(null); } })()"
"client/src/pages/PlantShiftLogManpowerReview.tsx","client/src/pages/PlantShiftLogManpowerReview.tsx:1180","fetch","fetch(""/api/plant-module/shift-log-manpower/undo-merge"", { method: ""POST"", headers: { ""Content-Type"": ""application/json"" }, credentials: ""include"", body: JSON.stringify({ actor: actor.trim(), batchId: m.id }), })"
"client/src/pages/PlantShiftLogManpowerReview.tsx","client/src/pages/PlantShiftLogManpowerReview.tsx:1192","fetchRecentMerges","fetchRecentMerges()"
"client/src/pages/PlantShiftLogManpowerReview.tsx","client/src/pages/PlantShiftLogManpowerReview.tsx:1192","fetchRows","fetchRows()"
"client/src/pages/PlantShiftLogManpowerReview.tsx","client/src/pages/PlantShiftLogManpowerReview.tsx:1192","fetchLearnedAliases","fetchLearnedAliases()"
"client/src/pages/PlantShiftLogManpowerReview.tsx","client/src/pages/PlantShiftLogManpowerReview.tsx:1208","fetch","fetch(""/api/plant-module/shift-log-manpower/review-list"", { method: ""POST"", headers: { ""Content-Type"": ""application/json"" }, credentials: ""include"", body: JSON.stringify({ dateFrom: dateFrom || undefined, dateTo: dateTo || undefined, plantName: plantFilter || undefined, }), })"
"client/src/pages/PlantShiftLogManpowerReview.tsx","client/src/pages/PlantShiftLogManpowerReview.tsx:1261","fetch","fetch(""/api/plant-module/shift-log-manpower/bulk-relabel"", { method: ""POST"", headers: { ""Content-Type"": ""application/json"" }, credentials: ""include"", body: JSON.stringify({ actor: actor.trim(), name: row.name, contractorName: e.contractor.trim(), category: e.category, gender: e.gender, }), })"
"client/src/pages/PlantShiftLogManpowerReview.tsx","client/src/pages/PlantShiftLogManpowerReview.tsx:1281","fetchRows","fetchRows()"
"client/src/pages/PlantShiftLogManpowerReview.tsx","client/src/pages/PlantShiftLogManpowerReview.tsx:1281","fetchRecentMerges","fetchRecentMerges()"
"client/src/pages/PlantShiftLogManpowerReview.tsx","client/src/pages/PlantShiftLogManpowerReview.tsx:1281","fetchLearnedAliases","fetchLearnedAliases()"
"client/src/pages/PlantShiftLogManpowerReview.tsx","client/src/pages/PlantShiftLogManpowerReview.tsx:1330","fetch","fetch(""/api/plant-module/shift-log-manpower/bulk-relabel"", { method: ""POST"", headers: { ""Content-Type"": ""application/json"" }, credentials: ""include"", body: JSON.stringify({ actor: actor.trim(), fromNames, toName: target, contractorName: contractor.trim(), category, gender, }), })"
"client/src/pages/PlantShiftLogManpowerReview.tsx","client/src/pages/PlantShiftLogManpowerReview.tsx:1350","fetchRows","fetchRows()"
"client/src/pages/PlantShiftLogManpowerReview.tsx","client/src/pages/PlantShiftLogManpowerReview.tsx:1350","fetchRecentMerges","fetchRecentMerges()"
"client/src/pages/PlantShiftLogManpowerReview.tsx","client/src/pages/PlantShiftLogManpowerReview.tsx:1350","fetchLearnedAliases","fetchLearnedAliases()"
"client/src/pages/PlantShiftLogManpowerReview.tsx","client/src/pages/PlantShiftLogManpowerReview.tsx:1412","fetch","fetch(""/api/plant-module/shift-log-manpower/dismiss-pairs"", { method: ""POST"", headers: { ""Content-Type"": ""application/json"" }, credentials: ""include"", body: JSON.stringify({ actor: actor.trim(), pairs, plantName: dismissalsScopeKey }), })"
"client/src/pages/PlantShiftLogManpowerReview.tsx","client/src/pages/PlantShiftLogManpowerReview.tsx:1427","fetchDismissedPairs","fetchDismissedPairs()"
"client/src/pages/PlantShiftLogManpowerReview.tsx","client/src/pages/PlantShiftLogManpowerReview.tsx:1460","(async () => {
          setBulkRestoring(true);
          try {
            const res = await fetch(""/api/plant-module/shift-log-manpower/bulk-restore-dismissed-pairs"", {
              method: ""POST"",
              headers: { ""Content-Type"": ""application/json"" },
              credentials: ""include"",
              body: JSON.stringify({
                actor: actor.trim(),
                plantName: dismissalsScopeKey,
                ids: opts.ids,
                olderThanDays: opts.olderThanDays,
              }),
            });
            if (res.status === 401) { window.location.assign(""/login""); return; }
            if (!res.ok) throw new Error(await res.text());
            const result = (await res.json()) as { removed: number };
            toast({
              title: result.removed > 0 ? ""Dismissals restored"" : ""No dismissals matched"",
              description: result.removed > 0
                ? `${result.removed} name-pair${result.removed === 1 ? """" : ""s""} can suggest themselves again.`
                : ""Nothing matched the selected criteria."",
            });
            setSelectedDismissedIds({});
            await fetchDismissedPairs();
          } catch (err) {
            toast({ title: ""Bulk restore failed"", description: getErrorMessage(err), variant: ""destructive"" });
          } finally {
            setBulkRestoring(false);
          }
        })","(async () => { setBulkRestoring(true); try { const res = await fetch(""/api/plant-module/shift-log-manpower/bulk-restore-dismissed-pairs"", { method: ""POST"", headers: { ""Content-Type"": ""application/json"" }, credentials: ""include"", body: JSON.stringify({ actor: actor.trim(), plantName: dismissalsScopeKey, ids: opts.ids, olderThanDays: opts.olderThanDays, }), }); if (res.status === 401) { window.location.assign(""/login""); return; } if (!res.ok) throw new Error(await res.text()); const result = (await res.json()) as { removed: number }; toast({ title: result.removed > 0 ? ""Dismissals restored"" : ""No dismissals matched"", description: result.removed > 0 ? `${result.removed} name-pair${result.removed === 1 ? """" : ""s""} can suggest themselves again.` : ""Nothing matched the selected criteria."", }); setSelectedDismissedIds({}); await fetchDismissedPairs(); } catch (err) { toast({ title: ""Bulk restore failed"", description: getErrorMessage(err), variant: ""destructive"" }); } finally { setBulkRestoring(false); } })()"
"client/src/pages/PlantShiftLogManpowerReview.tsx","client/src/pages/PlantShiftLogManpowerReview.tsx:1463","fetch","fetch(""/api/plant-module/shift-log-manpower/bulk-restore-dismissed-pairs"", { method: ""POST"", headers: { ""Content-Type"": ""application/json"" }, credentials: ""include"", body: JSON.stringify({ actor: actor.trim(), plantName: dismissalsScopeKey, ids: opts.ids, olderThanDays: opts.olderThanDays, }), })"
"client/src/pages/PlantShiftLogManpowerReview.tsx","client/src/pages/PlantShiftLogManpowerReview.tsx:1484","fetchDismissedPairs","fetchDismissedPairs()"
"client/src/pages/PlantShiftLogManpowerReview.tsx","client/src/pages/PlantShiftLogManpowerReview.tsx:1503","fetch","fetch(""/api/plant-module/shift-log-manpower/restore-dismissed-pair"", { method: ""POST"", headers: { ""Content-Type"": ""application/json"" }, credentials: ""include"", body: JSON.stringify({ actor: actor.trim(), id: p.id }), })"
"client/src/pages/PlantShiftLogManpowerReview.tsx","client/src/pages/PlantShiftLogManpowerReview.tsx:1515","fetchDismissedPairs","fetchDismissedPairs()"
"client/src/pages/PlantStock.tsx","client/src/pages/PlantStock.tsx:70","useQueryClient","useQueryClient()"
"client/src/pages/PlantStock.tsx","client/src/pages/PlantStock.tsx:133","useMutation","useMutation({ mutationFn: async () => { const res = await fetch('/api/plant-module/reconcile-equipment-usage-ledger', { method: 'POST' }); if (!res.ok) throw new Error('Reconciliation failed'); return res.json(); }, onSuccess: (data) => { queryClient.invalidateQueries({ queryKey: [""/api/plant-module/stock-ledger""] }); queryClient.invalidateQueries({ queryKey: [""/api/plant-module/stock-balances""] }); const created = data.ledgerEntries?.created || 0; const cleaned = data.ledgerEntries?.cleaned || 0; let description = """"; if (created > 0) description += `Created ${created} ledger entries. `; if (cleaned > 0) description += `Cleaned ${cleaned} orphan entries. `; description += ""Stock balances updated.""; toast({ title: ""Data Reconciled"", description: description.trim(), }); }, onError: () => { toast({ title: ""Reconciliation Failed"", description: ""Please try again or contact support."", variant: ""destructive"", }); }, })"
"client/src/pages/PlantStock.tsx","client/src/pages/PlantStock.tsx:135","fetch","fetch('/api/plant-module/reconcile-equipment-usage-ledger', { method: 'POST' })"
"client/src/pages/PlantStock.tsx","client/src/pages/PlantStock.tsx:165","useQuery","useQuery<Party[]>({ queryKey: [""/api/plant-module/parties""] })"
"client/src/pages/PlantStock.tsx","client/src/pages/PlantStock.tsx:166","useQuery","useQuery<PlantMaterial[]>({ queryKey: [""/api/plant-module/materials""] })"
"client/src/pages/PlantStock.tsx","client/src/pages/PlantStock.tsx:167","useQuery","useQuery<{ id: number; partyId: number | null; materialId: number; balance: number; uom: string }[]>({ queryKey: [""/api/plant-module/stock-balances""], select: (rows) => rows.map(r => ({ ...r, balance: Number(r.balance) })), staleTime: 30_000, refetchInterval: 60_000, })"
"client/src/pages/PlantStock.tsx","client/src/pages/PlantStock.tsx:173","useQuery","useQuery<{ id: number; templateId: number; materialId: number; percent: number | null; moistureContent?: number | null; wastageFactor?: number | null }[]>({ queryKey: [""/api/plant-module/mix-template-components""], })"
"client/src/pages/PlantStock.tsx","client/src/pages/PlantStock.tsx:242","useQuery","useQuery<PartyStatementResult>({ queryKey: [stmtUrl], enabled: !!stmtUrl, select: (d) => ({ summary: { totalReceived: Number(d.summary.totalReceived), dispatchedOwn: Number(d.summary.dispatchedOwn), borrowedFromHlc: Number(d.summary.borrowedFromHlc), replenishedToHlc: Number(d.summary.replenishedToHlc), outstanding: Number(d.summary.outstanding), uom: d.summary.uom, }, entries: d.entries.map(e => ({ ...normLedger(e), displayType: e.displayType, borrowedQty: Number(e.borrowedQty), runningBalance: Number(e.runningBalance), templateQty: e.templateQty == null ? undefined : Number(e.templateQty), ownQty: e.ownQty == null ? undefined : Number(e.ownQty), })), }), })"
"client/src/pages/PlantStock.tsx","client/src/pages/PlantStock.tsx:264","useQuery","useQuery<HlcReconResult>({ queryKey: [reconUrl], enabled: !!reconUrl, })"
"client/src/pages/PlantStock.tsx","client/src/pages/PlantStock.tsx:269","useQuery","useQuery<ReceiptDatedLedgerEntry[]>({ queryKey: [buildLedgerUrl()], select: (rows) => rows.map(normLedger), })"
"client/src/pages/PlantStock.tsx","client/src/pages/PlantStock.tsx:275","useQuery","useQuery<ReceiptDatedLedgerEntry[]>({ queryKey: [buildAllTimeLedgerUrl()], enabled: activeTab === ""balances"", select: (rows) => rows.map(normLedger), })"
"client/src/pages/PlantStock.tsx","client/src/pages/PlantStock.tsx:283","useQuery","useQuery<StockBalanceAsOf[]>({ queryKey: [balanceAsOfUrl], enabled: !!balanceAsOfUrl, select: (rows) => rows.map(r => ({ ...r, totalIn: Number(r.totalIn), totalOut: Number(r.totalOut), t1TotalIn: Number(r.t1TotalIn), t1TotalOut: Number(r.t1TotalOut), t2TotalIn: Number(r.t2TotalIn), t2TotalOut: Number(r.t2TotalOut), })), })"
"client/src/pages/PlantStock.tsx","client/src/pages/PlantStock.tsx:1063","triggerDownload","triggerDownload(blob, filename)"
"client/src/pages/PlantStock.tsx","client/src/pages/PlantStock.tsx:1197","triggerDownload","triggerDownload(pdfBlob, filename)"
"client/src/pages/PlantStock.tsx","client/src/pages/PlantStock.tsx:1228","printLedgerRows
      .filter(e => e.transactionType !== 'opening_balance')
      .some","printLedgerRows .filter(e => e.transactionType !== 'opening_balance') .some(e => isPrintRowTanked(e.materialId))"
"client/src/pages/PlantStock.tsx","client/src/pages/PlantStock.tsx:1228","printLedgerRows
      .filter","printLedgerRows .filter(e => e.transactionType !== 'opening_balance')"
"client/src/pages/PlantStock.tsx","client/src/pages/PlantStock.tsx:1230","isPrintRowTanked","isPrintRowTanked(e.materialId)"
"client/src/pages/PlantStock.tsx","client/src/pages/PlantStock.tsx:1316","printLedgerRows.map(entry => {
                const convData = getConvertedEntryData(entry);
                const isBF = entry.transactionType === 'opening_balance';
                const mDelta = entry._mergedDelta;
                const mOrigOut = entry._originalQtyOut;
                const isRevision = mDelta != null && mDelta !== 0;
                const revSuffix = isRevision
                  ? ` (was ${(mOrigOut ?? 0).toFixed(3)}T, ${mDelta >= 0 ? '+' : ''}${mDelta.toFixed(3)}T \u2192 ${(entry.quantityOut || 0).toFixed(3)}T)`
                  : '';
                const typeLabel = isBF ? 'B/F Opening Bal.'
                  : isRevision ? 'Dispatch Revision'
                  : getTransactionTypeLabel(entry.transactionType);
                const notes = isBF
                  ? (entry.notes || '-')
                  : isRevision
                  ? (entry.notes || '-') + revSuffix
                  : entry.transactionType === 'equipment_usage' && entry.notes?.startsWith('Diesel issued to ') 
                  ? entry.notes.replace('Diesel issued to ', '').replace(' (backfilled)', '')
                  : entry.transactionType === 'dpr_equipment_usage' && entry.notes?.startsWith('DPR diesel issued to ')
                  ? entry.notes.replace('DPR diesel issued to ', '').replace(/ at .*$/, '') + ' (DPR)'
                  : entry.transactionType === 'direct_purchase' && entry.notes?.startsWith('Direct purchase at ')
                  ? entry.notes.replace('Direct purchase at ', '')
                  : entry.transactionType === 'issue' && entry.notes?.startsWith('Issue to ')
                  ? entry.notes.replace('Issue to ', '').split(' - ')[0]
                  : entry.transactionType === 'tank_transfer' && entry.notes?.startsWith('Transfer to ')
                  ? entry.notes.replace('Transfer to ', '')
                  : entry.notes || '-';
                const tanked = isPrintRowTanked(entry.materialId);
                const t1Cell = printHasTankedRows
                  ? `<td class=""text-right"">${tanked && entry.t1BalanceAfter != null ? entry.t1BalanceAfter.toFixed(3) : ''}</td>`
                  : '';
                const t2Cell = printHasTankedRows
                  ? `<td class=""text-right"">${tanked && entry.t2BalanceAfter != null ? entry.t2BalanceAfter.toFixed(3) : ''}</td>`
                  : '';
                return `
                <tr${isBF ? ' class=""bf-row""' : ''}>
                  <td>${entry.date}</td>
                  <td>${getMaterialName(entry.materialId)}</td>
                  <td>${getPartyName(entry.partyId, entry.materialId)}</td>
                  <td>${typeLabel}</td>
                  <td>${notes}</td>
                  <td class=""text-right text-green"">${convData.displayIn > 0 ? convData.displayIn.toFixed(3) : '-'}</td>
                  <td class=""text-right text-red"">${convData.displayOut > 0 ? convData.displayOut.toFixed(3) : '-'}</td>
                  <td class=""text-right""><strong>${convData.displayBalance.toFixed(3)}</strong></td>
                  <td>${convData.balanceUom}</td>
                  ${t1Cell}${t2Cell}
                </tr>`;
              }).join","printLedgerRows.map(entry => { const convData = getConvertedEntryData(entry); const isBF = entry.transactionType === 'opening_balance'; const mDelta = entry._mergedDelta; const mOrigOut = entry._originalQtyOut; const isRevision = mDelta != null && mDelta !== 0; const revSuffix = isRevision ? ` (was ${(mOrigOut ?? 0).toFixed(3)}T, ${mDelta >= 0 ? '+' : ''}${mDelta.toFixed(3)}T \u2192 ${(entry.quantityOut || 0).toFixed(3)}T)` : ''; const typeLabel = isBF ? 'B/F Opening Bal.' : isRevision ? 'Dispatch Revision' : getTransactionTypeLabel(entry.transactionType); const notes = isBF ? (entry.notes || '-') : isRevision ? (entry.notes || '-') + revSuffix : entry.transactionType === 'equipment_usage' && entry.notes?.startsWith('Diesel issued to ') ? entry.notes.replace('Diesel issued to ', '').replace(' (backfilled)', '') : entry.transactionType === 'dpr_equipment_usage' && entry.notes?.startsWith('DPR diesel issued to ') ? entry.notes.replace('DPR diesel issued to ', '').replace(/ at .*$/, '') + ' (DPR)' : entry.transactionType === 'direct_purchase' && entry.notes?.startsWith('Direct purchase at ') ? entry.notes.replace('Direct purchase at ', '') : entry.transactionType === 'issue' && entry.notes?.startsWith('Issue to ') ? entry.notes.replace('Issue to ', '').split(' - ')[0] : entry.transactionType === 'tank_transfer' && entry.notes?.startsWith('Transfer to ') ? entry.notes.replace('Transfer to ', '') : entry.notes || '-'; const tanked = isPrintRowTanked(entry.materialId); const t1Cell = printHasTankedRows ? `<td class=""text-right"">${tanked && entry.t1BalanceAfter != null ? entry.t1BalanceAfter.toFixed(3) : ''}</td>` : ''; const t2Cell = printHasTankedRows ? `<td class=""text-right"">${tanked && entry.t2BalanceAfter != null ? entry.t2BalanceAfter.toFixed(3) : ''}</td>` : ''; return ` <tr${isBF ? ' class=""bf-row""' : ''}> <td>${entry.date}</td> <td>${getMaterialName(entry.materialId)}</td> <td>${getPartyName(entry.partyId, entry.materialId)}</td> <td>${typeLabel}</td> <td>${notes}</td> <td class=""text-right text-green"">${convData.displayIn > 0 ? convData.displayIn.toFixed(3) : '-'}</td> <td class=""text-right text-red"">${convData.displayOut > 0 ? convData.displayOut.toFixed(3) : '-'}</td> <td class=""text-right""><strong>${convData.displayBalance.toFixed(3)}</strong></td> <td>${convData.balanceUom}</td> ${t1Cell}${t2Cell} </tr>`; }).join('')"
"client/src/pages/PlantStock.tsx","client/src/pages/PlantStock.tsx:1316","printLedgerRows.map","printLedgerRows.map(entry => { const convData = getConvertedEntryData(entry); const isBF = entry.transactionType === 'opening_balance'; const mDelta = entry._mergedDelta; const mOrigOut = entry._originalQtyOut; const isRevision = mDelta != null && mDelta !== 0; const revSuffix = isRevision ? ` (was ${(mOrigOut ?? 0).toFixed(3)}T, ${mDelta >= 0 ? '+' : ''}${mDelta.toFixed(3)}T \u2192 ${(entry.quantityOut || 0).toFixed(3)}T)` : ''; const typeLabel = isBF ? 'B/F Opening Bal.' : isRevision ? 'Dispatch Revision' : getTransactionTypeLabel(entry.transactionType); const notes = isBF ? (entry.notes || '-') : isRevision ? (entry.notes || '-') + revSuffix : entry.transactionType === 'equipment_usage' && entry.notes?.startsWith('Diesel issued to ') ? entry.notes.replace('Diesel issued to ', '').replace(' (backfilled)', '') : entry.transactionType === 'dpr_equipment_usage' && entry.notes?.startsWith('DPR diesel issued to ') ? entry.notes.replace('DPR diesel issued to ', '').replace(/ at .*$/, '') + ' (DPR)' : entry.transactionType === 'direct_purchase' && entry.notes?.startsWith('Direct purchase at ') ? entry.notes.replace('Direct purchase at ', '') : entry.transactionType === 'issue' && entry.notes?.startsWith('Issue to ') ? entry.notes.replace('Issue to ', '').split(' - ')[0] : entry.transactionType === 'tank_transfer' && entry.notes?.startsWith('Transfer to ') ? entry.notes.replace('Transfer to ', '') : entry.notes || '-'; const tanked = isPrintRowTanked(entry.materialId); const t1Cell = printHasTankedRows ? `<td class=""text-right"">${tanked && entry.t1BalanceAfter != null ? entry.t1BalanceAfter.toFixed(3) : ''}</td>` : ''; const t2Cell = printHasTankedRows ? `<td class=""text-right"">${tanked && entry.t2BalanceAfter != null ? entry.t2BalanceAfter.toFixed(3) : ''}</td>` : ''; return ` <tr${isBF ? ' class=""bf-row""' : ''}> <td>${entry.date}</td> <td>${getMaterialName(entry.materialId)}</td> <td>${getPartyName(entry.partyId, entry.materialId)}</td> <td>${typeLabel}</td> <td>${notes}</td> <td class=""text-right text-green"">${convData.displayIn > 0 ? convData.displayIn.toFixed(3) : '-'}</td> <td class=""text-right text-red"">${convData.displayOut > 0 ? convData.displayOut.toFixed(3) : '-'}</td> <td class=""text-right""><strong>${convData.displayBalance.toFixed(3)}</strong></td> <td>${convData.balanceUom}</td> ${t1Cell}${t2Cell} </tr>`; })"
"client/src/pages/PlantStock.tsx","client/src/pages/PlantStock.tsx:1343","isPrintRowTanked","isPrintRowTanked(entry.materialId)"
"client/src/pages/PlantStock.tsx","client/src/pages/PlantStock.tsx:1383","exportToExcel","exportToExcel()"
"client/src/pages/PlantStock.tsx","client/src/pages/PlantStock.tsx:1384","exportToPDF","exportToPDF()"
"client/src/pages/PlantStock.tsx","client/src/pages/PlantStock.tsx:1385","handlePrint","handlePrint()"
"client/src/pages/PlantStock.tsx","client/src/pages/PlantStock.tsx:1388","useMutation","useMutation({ mutationFn: async () => { const res = await apiRequest(""POST"", ""/api/admin/fix-orphan-stock-balances"", {}); return res.json(); }, onSuccess: (data: { fixed: number; details: { party: string; material: string; corrected: number; uom: string }[] }) => { queryClient.invalidateQueries({ queryKey: [""/api/plant-module/stock-balances""] }); queryClient.invalidateQueries({ queryKey: [""/api/plant-module/stock-ledger""] }); if (data.fixed === 0) { toast({ title: ""No orphan balances found"", description: ""All negative balances have backing ledger entries."" }); } else { const lines = data.details.map(d => `${d.party} – ${d.material}: +${d.corrected.toFixed(3)} ${d.uom}`).join("", ""); toast({ title: `${data.fixed} orphan balance${data.fixed > 1 ? ""s"" : """"} fixed`, description: lines }); } }, onError: (err: any) => { toast({ title: ""Error"", description: err.message, variant: ""destructive"" }); }, })"
"client/src/pages/PlantStock.tsx","client/src/pages/PlantStock.tsx:1390","apiRequest","apiRequest(""POST"", ""/api/admin/fix-orphan-stock-balances"", {})"
"client/src/pages/PlantStock.tsx","client/src/pages/PlantStock.tsx:2343","refetchRecon","refetchRecon()"
"client/src/pages/PlantStock.tsx","client/src/pages/PlantStock.tsx:2351","(() => {
                const { uom, rows, totals } = reconData;
                const partyName = parties?.find(p => String(p.id) === stmtPartyId)?.name ?? ""Party"";
                const materialName = materials?.find(m => String(m.id) === stmtMaterialId)?.name ?? ""Material"";
                const dateRange = [stmtDateFrom, stmtDateTo].filter(Boolean).join(' to ') || 'All Dates';
                const hasMismatches = rows.some(r => r.delta != null && Math.abs(r.delta) > 0.001);
                const hasLegacy = rows.some(r => r.isLegacy);
                const PROJECT_NAME = companyName;

                const escapeHtml = (s: string) =>
                  s.replace(/&/g, '&amp;').replace(/</g, '&lt;').replace(/>/g, '&gt;').replace(/""/g, '&quot;').replace(/'/g, '&#39;');

                const handlePrintRecon = () => {
                  const tableRows = rows.map(r => {
                    const isMismatch = r.delta != null && Math.abs(r.delta) > 0.001;
                    const deltaStr = r.delta != null
                      ? (r.delta >= 0 ? `+${r.delta.toFixed(3)}` : r.delta.toFixed(3))
                      : 'N/A';
                    const hlcStr = r.hlcLedgerDispatched != null ? r.hlcLedgerDispatched.toFixed(3) : 'unlinked';
                    const rowBg = r.isLegacy ? '#f8fafc' : isMismatch ? '#fef3c7' : '';
                    return `<tr${rowBg ? ` style=""background:${rowBg}""` : ''}>
                      <td>${escapeHtml(r.date)}</td>
                      <td>${escapeHtml(r.site || '-')}</td>
                      <td style=""text-align:right"">${r.partyStatementBorrowed.toFixed(3)}</td>
                      <td style=""text-align:right"">${escapeHtml(hlcStr)}</td>
                      <td style=""text-align:right;font-weight:${isMismatch ? 'bold' : 'normal'};color:${isMismatch ? (r.delta! > 0 ? '#b45309' : '#dc2626') : 'inherit'}"">${escapeHtml(deltaStr)}</td>
                    </tr>`;
                  }).join('');
                  const w = window.open('', '_blank');
                  if (!w) return;
                  w.document.write(`<!DOCTYPE html><html><head><title>HLC Borrow Reconciliation &#8212; ${escapeHtml(partyName)}</title>
                    <style>body{font-family:sans-serif;padding:20px;font-size:11px}
                    h1{margin-bottom:2px;font-size:16px}h2{margin-bottom:4px;font-size:13px}p{margin:2px 0}
                    table{width:100%;border-collapse:collapse;margin-top:12px}
                    th,td{border:1px solid #ddd;padding:5px 7px;text-align:left}
                    th{background:#f5f5f5;font-size:10px}
                    .note{font-size:10px;color:#555;margin-top:6px}
                    .mismatch-banner{background:#fef3c7;border:1px solid #fbbf24;border-radius:4px;padding:6px 10px;margin:8px 0;font-weight:bold}</style></head><body>
                    <h1>${escapeHtml(PROJECT_NAME)}</h1>
                    <h2>HLC Borrow Reconciliation</h2>
                    <p><strong>Party:</strong> ${escapeHtml(partyName)} &nbsp;|&nbsp; <strong>Material:</strong> ${escapeHtml(materialName)} &nbsp;|&nbsp; <strong>Period:</strong> ${escapeHtml(dateRange)}</p>
                    ${hasMismatches ? '<div class=""mismatch-banner"">&#9888; Mismatches detected &#8212; highlighted rows require review</div>' : '<p style=""color:#059669;font-weight:bold"">&#10003; No mismatches detected &#8212; ledgers are reconciled</p>'}
                    <table><thead><tr>
                      <th>Date</th><th>Dispatch Site</th>
                      <th style=""text-align:right"">Party Stmt Borrowed (${escapeHtml(uom)})</th>
                      <th style=""text-align:right"">HLC Ledger Dispatched (${escapeHtml(uom)})</th>
                      <th style=""text-align:right"">Delta (${escapeHtml(uom)})</th>
                    </tr></thead>
                    <tbody>${tableRows}</tbody>
                    <tfoot><tr>
                      <td colspan=""2""><strong>Totals</strong></td>
                      <td style=""text-align:right""><strong>${totals.partyStatementBorrowed.toFixed(3)}</strong></td>
                      <td style=""text-align:right""><strong>${totals.hlcLedgerDispatched.toFixed(3)}</strong></td>
                      <td style=""text-align:right""><strong>${escapeHtml((totals.delta >= 0 ? '+' : '') + totals.delta.toFixed(3))}</strong></td>
                    </tr></tfoot>
                    </table>
                    <p class=""note"">* Delta = Party Statement Borrowed &#8722; HLC Ledger Dispatched. Positive = party owes more than HLC ledger shows; Negative = HLC ledger over-charges.</p>
                    </body></html>`);
                  w.document.close();
                  w.print();
                };

                const handlePdfRecon = () => {
                  const doc = new jsPDF({ orientation: 'landscape' });
                  doc.setFontSize(16);
                  doc.text(PROJECT_NAME, 14, 13);
                  doc.setFontSize(12);
                  doc.text('HLC Borrow Reconciliation', 14, 20);
                  doc.setFontSize(9);
                  doc.text(`Party: ${partyName}   |   Material: ${materialName}   |   Period: ${dateRange}`, 14, 27);
                  doc.text(hasMismatches ? '⚠ Mismatches detected — highlighted rows require review' : '✓ No mismatches — ledgers are reconciled', 14, 33);
                  autoTable(doc, {
                    startY: 38,
                    head: [['Date', 'Dispatch Site', `Party Stmt Borrowed\n(${uom})`, `HLC Ledger Dispatched\n(${uom})`, `Delta\n(${uom})`, 'Status']],
                    body: rows.map(r => [
                      r.date,
                      r.site || '-',
                      r.partyStatementBorrowed.toFixed(3),
                      r.hlcLedgerDispatched != null ? r.hlcLedgerDispatched.toFixed(3) : 'unlinked',
                      r.delta != null ? ((r.delta >= 0 ? '+' : '') + r.delta.toFixed(3)) : 'N/A',
                      r.isLegacy ? 'Legacy' : (r.delta != null && Math.abs(r.delta) > 0.001 ? (r.delta > 0 ? 'Party owes more' : 'HLC over-charges') : 'Match'),
                    ]),
                    foot: [['', 'Totals (reconcilable)',
                      totals.partyStatementBorrowed.toFixed(3),
                      totals.hlcLedgerDispatched.toFixed(3),
                      (totals.delta >= 0 ? '+' : '') + totals.delta.toFixed(3),
                      '',
                    ]],
                    theme: 'striped',
                    headStyles: { fillColor: [99, 102, 241] },
                    footStyles: { fillColor: [240, 240, 240], textColor: [0, 0, 0], fontStyle: 'bold' },
                    styles: { fontSize: 7.5 },
                    margin: { left: 10, right: 10 },
                    didParseCell: (data) => {
                      if (data.section === 'body') {
                        const row = rows[data.row.index];
                        if (row?.isLegacy) {
                          data.cell.styles.fillColor = [248, 250, 252];
                        } else if (row && row.delta != null && Math.abs(row.delta) > 0.001) {
                          data.cell.styles.fillColor = [254, 243, 199];
                        }
                      }
                    },
                  });
                  const ts = format(new Date(), 'yyyyMMdd_HHmm');
                  const blob = doc.output('blob');
                  const url = URL.createObjectURL(blob);
                  const a = document.createElement('a');
                  a.href = url;
                  a.download = `HLCRecon_${partyName.replace(/\s+/g, '')}_${materialName}_${ts}.pdf`;
                  document.body.appendChild(a); a.click(); document.body.removeChild(a);
                  setTimeout(() => URL.revokeObjectURL(url), 100);
                  toast({ title: ""PDF download started"" });
                };

                return (
                  <div>
                    {/* Status banner */}
                    {hasMismatches ? (
                      <div className=""mb-2 flex items-center gap-2 rounded-md border border-amber-300 dark:border-amber-700 bg-amber-50 dark:bg-amber-900/20 px-4 py-2 text-amber-700 dark:text-amber-300 text-sm font-medium"">
                        <span className=""text-base"">⚠</span>
                        Mismatches detected — {rows.filter(r => r.delta != null && Math.abs(r.delta) > 0.001).length} dispatch(es) have a discrepancy between the party statement and HLC ledger.
                      </div>
                    ) : !hasLegacy ? (
                      <div className=""mb-2 flex items-center gap-2 rounded-md border border-green-300 dark:border-green-700 bg-green-50 dark:bg-green-900/20 px-4 py-2 text-green-700 dark:text-green-300 text-sm font-medium"">
                        <span className=""text-base"">✓</span>
                        No mismatches — party statement and HLC ledger are fully reconciled for this selection.
                      </div>
                    ) : (
                      <div className=""mb-2 flex items-center gap-2 rounded-md border border-slate-300 dark:border-slate-600 bg-slate-50 dark:bg-slate-900/20 px-4 py-2 text-slate-600 dark:text-slate-400 text-sm font-medium"">
                        <span className=""text-base"">✓</span>
                        No mismatches in linked dispatches — reconciliation complete for trackable entries.
                      </div>
                    )}
                    {hasLegacy && (
                      <div className=""mb-4 flex items-center gap-2 rounded-md border border-slate-300 dark:border-slate-600 bg-slate-50 dark:bg-slate-900/20 px-4 py-2 text-slate-600 dark:text-slate-400 text-sm"">
                        <span>ℹ</span>
                        {rows.filter(r => r.isLegacy).length} legacy (unlinked) dispatch(es) require manual verification — these predate referenceId tracking and cannot be automatically matched to HLC ledger entries.
                      </div>
                    )}

                    {/* Summary cards */}
                    <div className=""grid grid-cols-3 gap-3 mb-5"">
                      <div className=""rounded-lg border p-3 text-center border-red-200 dark:border-red-800 bg-red-50 dark:bg-red-900/20"">
                        <p className=""text-sm text-muted-foreground mb-1"">Party Stmt Borrowed</p>
                        <p className=""text-lg font-bold text-red-700 dark:text-red-300"">{totals.partyStatementBorrowed.toFixed(3)}</p>
                        <p className=""text-sm text-muted-foreground"">{uom}</p>
                      </div>
                      <div className=""rounded-lg border p-3 text-center border-indigo-200 dark:border-indigo-800 bg-indigo-50 dark:bg-indigo-900/20"">
                        <p className=""text-sm text-muted-foreground mb-1"">HLC Ledger Dispatched</p>
                        <p className=""text-lg font-bold text-indigo-700 dark:text-indigo-300"">{totals.hlcLedgerDispatched.toFixed(3)}</p>
                        <p className=""text-sm text-muted-foreground"">{uom}</p>
                      </div>
                      <div className={`rounded-lg border p-3 text-center ${Math.abs(totals.delta) > 0.001 ? 'border-amber-300 dark:border-amber-700 bg-amber-50 dark:bg-amber-900/20' : 'border-green-300 dark:border-green-700 bg-green-50 dark:bg-green-900/20'}`}>
                        <p className=""text-sm text-muted-foreground mb-1"">Net Delta</p>
                        <p className={`text-lg font-bold ${Math.abs(totals.delta) > 0.001 ? 'text-amber-700 dark:text-amber-300' : 'text-green-700 dark:text-green-300'}`}>
                          {(totals.delta >= 0 ? '+' : '')}{totals.delta.toFixed(3)}
                        </p>
                        <p className=""text-sm text-muted-foreground"">{uom}</p>
                      </div>
                    </div>

                    {/* Export buttons */}
                    <div className=""flex gap-2 mb-4"">
                      <Button variant=""outline"" size=""sm"" onClick={handlePdfRecon} data-testid=""btn-recon-pdf"">
                        <Download className=""w-4 h-4 mr-1"" /> PDF
                      </Button>
                      <Button variant=""outline"" size=""sm"" onClick={handlePrintRecon} data-testid=""btn-recon-print"">
                        <Printer className=""w-4 h-4 mr-1"" /> Print
                      </Button>
                    </div>

                    {/* Reconciliation table */}
                    <div className=""overflow-x-auto"">
                      <table className=""w-full text-sm"">
                        <thead>
                          <tr className=""border-b bg-muted/50"">
                            <th className=""text-left p-3 font-semibold"">Date</th>
                            <th className=""text-left p-3 font-semibold"">Dispatch Site</th>
                            <th className=""text-right p-3 font-semibold text-red-600 dark:text-red-400"">Party Stmt Borrowed ({uom})</th>
                            <th className=""text-right p-3 font-semibold text-indigo-600 dark:text-indigo-400"">HLC Ledger Dispatched ({uom})</th>
                            <th className=""text-right p-3 font-semibold"">Delta ({uom})</th>
                            <th className=""text-left p-3 font-semibold"">Status</th>
                          </tr>
                        </thead>
                        <tbody>
                          {rows.map((r, idx) => {
                            const isMismatch = r.delta != null && Math.abs(r.delta) > 0.001;
                            const deltaPositive = r.delta != null && r.delta > 0.001;
                            const deltaStr = r.delta != null
                              ? (r.delta >= 0 ? '+' : '') + r.delta.toFixed(3)
                              : 'N/A';
                            return (
                              <tr key={idx} className={`border-b hover:bg-muted/30 ${r.isLegacy ? 'bg-slate-50/60 dark:bg-slate-900/20' : isMismatch ? 'bg-amber-50/60 dark:bg-amber-950/20' : ''}`} data-testid={`recon-row-${idx}`}>
                                <td className=""p-3 whitespace-nowrap"">{r.date}</td>
                                <td className=""p-3 text-muted-foreground"">{r.site || '-'}</td>
                                <td className=""p-3 text-right text-red-600 dark:text-red-400 font-medium"">
                                  {r.partyStatementBorrowed.toFixed(3)}
                                </td>
                                <td className=""p-3 text-right text-indigo-600 dark:text-indigo-400 font-medium"">
                                  {r.hlcLedgerDispatched != null ? r.hlcLedgerDispatched.toFixed(3) : <span className=""text-muted-foreground italic text-sm"">unlinked</span>}
                                </td>
                                <td className={`p-3 text-right font-medium ${r.isLegacy ? 'text-muted-foreground' : isMismatch ? (deltaPositive ? 'text-amber-700 dark:text-amber-300' : 'text-red-600 dark:text-red-400') : 'text-green-600 dark:text-green-400'}`}>
                                  {r.isLegacy ? <span className=""italic text-sm"">N/A</span> : (isMismatch ? <strong>{deltaStr}</strong> : deltaStr)}
                                </td>
                                <td className=""p-3"">
                                  {r.isLegacy ? (
                                    <span className=""px-2 py-0.5 text-sm rounded bg-slate-100 dark:bg-slate-800 text-slate-600 dark:text-slate-400"">Legacy — verify manually</span>
                                  ) : isMismatch ? (
                                    <span className=""px-2 py-0.5 text-sm rounded bg-amber-100 dark:bg-amber-900/40 text-amber-700 dark:text-amber-300"">
                                      {deltaPositive ? 'Party owes more' : 'HLC over-charges'}
                                    </span>
                                  ) : (
                                    <span className=""px-2 py-0.5 text-sm rounded bg-green-100 dark:bg-green-900/40 text-green-700 dark:text-green-300"">Match</span>
                                  )}
                                </td>
                              </tr>
                            );
                          })}
                          {rows.length === 0 && (
                            <tr><td colSpan={6} className=""p-6 text-center text-muted-foreground"">No dispatch entries found for this selection.</td></tr>
                          )}
                        </tbody>
                        <tfoot className=""bg-muted/70 border-t-2"">
                          <tr>
                            <td colSpan={2} className=""p-3 font-bold"">Totals</td>
                            <td className=""p-3 text-right text-red-600 dark:text-red-400 font-bold"">{totals.partyStatementBorrowed.toFixed(3)}</td>
                            <td className=""p-3 text-right text-indigo-600 dark:text-indigo-400 font-bold"">{totals.hlcLedgerDispatched.toFixed(3)}</td>
                            <td className={`p-3 text-right font-bold ${Math.abs(totals.delta) > 0.001 ? 'text-amber-700 dark:text-amber-300' : 'text-green-600 dark:text-green-400'}`}>
                              {(totals.delta >= 0 ? '+' : '')}{totals.delta.toFixed(3)}
                            </td>
                            <td />
                          </tr>
                        </tfoot>
                      </table>
                    </div>

                    <p className=""text-sm text-muted-foreground mt-3"">
                      * Delta = Party Statement Borrowed − HLC Ledger Dispatched (reconcilable rows only). <strong>Positive</strong> = party owes more than HLC's ledger shows; <strong>Negative</strong> = HLC ledger over-charges the party. Totals exclude legacy/unlinked rows. Any non-zero delta should be investigated and corrected via a stock correction.
                    </p>
                  </div>
                );
              })","(() => { const { uom, rows, totals } = reconData; const partyName = parties?.find(p => String(p.id) === stmtPartyId)?.name ?? ""Party""; const materialName = materials?.find(m => String(m.id) === stmtMaterialId)?.name ?? ""Material""; const dateRange = [stmtDateFrom, stmtDateTo].filter(Boolean).join(' to ') || 'All Dates'; const hasMismatches = rows.some(r => r.delta != null && Math.abs(r.delta) > 0.001); const hasLegacy = rows.some(r => r.isLegacy); const PROJECT_NAME = companyName; const escapeHtml = (s: string) => s.replace(/&/g, '&amp;').replace(/</g, '&lt;').replace(/>/g, '&gt;').replace(/""/g, '&quot;').replace(/'/g, '&#39;'); const handlePrintRecon = () => { const tableRows = rows.map(r => { const isMismatch = r.delta != null && Math.abs(r.delta) > 0.001; const deltaStr = r.delta != null ? (r.delta >= 0 ? `+${r.delta.toFixed(3)}` : r.delta.toFixed(3)) : 'N/A'; const hlcStr = r.hlcLedgerDispatched != null ? r.hlcLedgerDispatched.toFixed(3) : 'unlinked'; const rowBg = r.isLegacy ? '#f8fafc' : isMismatch ? '#fef3c7' : ''; return `<tr${rowBg ? ` style=""background:${rowBg}""` : ''}> <td>${escapeHtml(r.date)}</td> <td>${escapeHtml(r.site || '-')}</td> <td style=""text-align:right"">${r.partyStatementBorrowed.toFixed(3)}</td> <td style=""text-align:right"">${escapeHtml(hlcStr)}</td> <td style=""text-align:right;font-weight:${isMismatch ? 'bold' : 'normal'};color:${isMismatch ? (r.delta! > 0 ? '#b45309' : '#dc2626') : 'inherit'}"">${escapeHtml(deltaStr)}</td> </tr>`; }).join(''); const w = window.open('', '_blank'); if (!w) return; w.document.write(`<!DOCTYPE html><html><head><title>HLC Borrow Reconciliation &#8212; ${escapeHtml(partyName)}</title> <style>body{font-family:sans-serif;padding:20px;font-size:11px} h1{margin-bottom:2px;font-size:16px}h2{margin-bottom:4px;font-size:13px}p{margin:2px 0} table{width:100%;border-collapse:collapse;margin-top:12px} th,td{border:1px solid #ddd;padding:5px 7px;text-align:left} th{background:#f5f5f5;font-size:10px} .note{font-size:10px;color:#555;margin-top:6px} .mismatch-banner{background:#fef3c7;border:1px solid #fbbf24;border-radius:4px;padding:6px 10px;margin:8px 0;font-weight:bold}</style></head><body> <h1>${escapeHtml(PROJECT_NAME)}</h1> <h2>HLC Borrow Reconciliation</h2> <p><strong>Party:</strong> ${escapeHtml(partyName)} &nbsp;|&nbsp; <strong>Material:</strong> ${escapeHtml(materialName)} &nbsp;|&nbsp; <strong>Period:</strong> ${escapeHtml(dateRange)}</p> ${hasMismatches ? '<div class=""mismatch-banner"">&#9888; Mismatches detected &#8212; highlighted rows require review</div>' : '<p style=""color:#059669;font-weight:bold"">&#10003; No mismatches detected &#8212; ledgers are reconciled</p>'} <table><thead><tr> <th>Date</th><th>Dispatch Site</th> <th style=""text-align:right"">Party Stmt Borrowed (${escapeHtml(uom)})</th> <th style=""text-align:right"">HLC Ledger Dispatched (${escapeHtml(uom)})</th> <th style=""text-align:right"">Delta (${escapeHtml(uom)})</th> </tr></thead> <tbody>${tableRows}</tbody> <tfoot><tr> <td colspan=""2""><strong>Totals</strong></td> <td style=""text-align:right""><strong>${totals.partyStatementBorrowed.toFixed(3)}</strong></td> <td style=""text-align:right""><strong>${totals.hlcLedgerDispatched.toFixed(3)}</strong></td> <td style=""text-align:right""><strong>${escapeHtml((totals.delta >= 0 ? '+' : '') + totals.delta.toFixed(3))}</strong></td> </tr></tfoot> </table> <p class=""note"">* Delta = Party Statement Borrowed &#8722; HLC Ledger Dispatched. Positive = party owes more than HLC ledger shows; Negative = HLC ledger over-charges.</p> </body></html>`); w.document.close(); w.print(); }; const handlePdfRecon = () => { const doc = new jsPDF({ orientation: 'landscape' }); doc.setFontSize(16); doc.text(PROJECT_NAME, 14, 13); doc.setFontSize(12); doc.text('HLC Borrow Reconciliation', 14, 20); doc.setFontSize(9); doc.text(`Party: ${partyName} | Material: ${materialName} | Period: ${dateRange}`, 14, 27); doc.text(hasMismatches ? '⚠ Mismatches detected — highlighted rows require review' : '✓ No mismatches — ledgers are reconciled', 14, 33); autoTable(doc, { startY: 38, head: [['Date', 'Dispatch Site', `Party Stmt Borrowed\n(${uom})`, `HLC Ledger Dispatched\n(${uom})`, `Delta\n(${uom})`, 'Status']], body: rows.map(r => [ r.date, r.site || '-', r.partyStatementBorrowed.toFixed(3), r.hlcLedgerDispatched != null ? r.hlcLedgerDispatched.toFixed(3) : 'unlinked', r.delta != null ? ((r.delta >= 0 ? '+' : '') + r.delta.toFixed(3)) : 'N/A', r.isLegacy ? 'Legacy' : (r.delta != null && Math.abs(r.delta) > 0.001 ? (r.delta > 0 ? 'Party owes more' : 'HLC over-charges') : 'Match'), ]), foot: [['', 'Totals (reconcilable)', totals.partyStatementBorrowed.toFixed(3), totals.hlcLedgerDispatched.toFixed(3), (totals.delta >= 0 ? '+' : '') + totals.delta.toFixed(3), '', ]], theme: 'striped', headStyles: { fillColor: [99, 102, 241] }, footStyles: { fillColor: [240, 240, 240], textColor: [0, 0, 0], fontStyle: 'bold' }, styles: { fontSize: 7.5 }, margin: { left: 10, right: 10 }, didParseCell: (data) => { if (data.section === 'body') { const row = rows[data.row.index]; if (row?.isLegacy) { data.cell.styles.fillColor = [248, 250, 252]; } else if (row && row.delta != null && Math.abs(row.delta) > 0.001) { data.cell.styles.fillColor = [254, 243, 199]; } } }, }); const ts = format(new Date(), 'yyyyMMdd_HHmm'); const blob = doc.output('blob'); const url = URL.createObjectURL(blob); const a = document.createElement('a'); a.href = url; a.download = `HLCRecon_${partyName.replace(/\s+/g, '')}_${materialName}_${ts}.pdf`; document.body.appendChild(a); a.click(); document.body.removeChild(a); setTimeout(() => URL.revokeObjectURL(url), 100); toast({ title: ""PDF download started"" }); }; return ( <div> {/* Status banner */} {hasMismatches ? ( <div className=""mb-2 flex items-center gap-2 rounded-md border border-amber-300 dark:border-amber-700 bg-amber-50 dark:bg-amber-900/20 px-4 py-2 text-amber-700 dark:text-amber-300 text-sm font-medium""> <span className=""text-base"">⚠</span> Mismatches detected — {rows.filter(r => r.delta != null && Math.abs(r.delta) > 0.001).length} dispatch(es) have a discrepancy between the party statement and HLC ledger. </div> ) : !hasLegacy ? ( <div className=""mb-2 flex items-center gap-2 rounded-md border border-green-300 dark:border-green-700 bg-green-50 dark:bg-green-900/20 px-4 py-2 text-green-700 dark:text-green-300 text-sm font-medium""> <span className=""text-base"">✓</span> No mismatches — party statement and HLC ledger are fully reconciled for this selection. </div> ) : ( <div className=""mb-2 flex items-center gap-2 rounded-md border border-slate-300 dark:border-slate-600 bg-slate-50 dark:bg-slate-900/20 px-4 py-2 text-slate-600 dark:text-slate-400 text-sm font-medium""> <span className=""text-base"">✓</span> No mismatches in linked dispatches — reconciliation complete for trackable entries. </div> )} {hasLegacy && ( <div className=""mb-4 flex items-center gap-2 rounded-md border border-slate-300 dark:border-slate-600 bg-slate-50 dark:bg-slate-900/20 px-4 py-2 text-slate-600 dark:text-slate-400 text-sm""> <span>ℹ</span> {rows.filter(r => r.isLegacy).length} legacy (unlinked) dispatch(es) require manual verification — these predate referenceId tracking and cannot be automatically matched to HLC ledger entries. </div> )} {/* Summary cards */} <div className=""grid grid-cols-3 gap-3 mb-5""> <div className=""rounded-lg border p-3 text-center border-red-200 dark:border-red-800 bg-red-50 dark:bg-red-900/20""> <p className=""text-sm text-muted-foreground mb-1"">Party Stmt Borrowed</p> <p className=""text-lg font-bold text-red-700 dark:text-red-300"">{totals.partyStatementBorrowed.toFixed(3)}</p> <p className=""text-sm text-muted-foreground"">{uom}</p> </div> <div className=""rounded-lg border p-3 text-center border-indigo-200 dark:border-indigo-800 bg-indigo-50 dark:bg-indigo-900/20""> <p className=""text-sm text-muted-foreground mb-1"">HLC Ledger Dispatched</p> <p className=""text-lg font-bold text-indigo-700 dark:text-indigo-300"">{totals.hlcLedgerDispatched.toFixed(3)}</p> <p className=""text-sm text-muted-foreground"">{uom}</p> </div> <div className={`rounded-lg border p-3 text-center ${Math.abs(totals.delta) > 0.001 ? 'border-amber-300 dark:border-amber-700 bg-amber-50 dark:bg-amber-900/20' : 'border-green-300 dark:border-green-700 bg-green-50 dark:bg-green-900/20'}`}> <p className=""text-sm text-muted-foreground mb-1"">Net Delta</p> <p className={`text-lg font-bold ${Math.abs(totals.delta) > 0.001 ? 'text-amber-700 dark:text-amber-300' : 'text-green-700 dark:text-green-300'}`}> {(totals.delta >= 0 ? '+' : '')}{totals.delta.toFixed(3)} </p> <p className=""text-sm text-muted-foreground"">{uom}</p> </div> </div> {/* Export buttons */} <div className=""flex gap-2 mb-4""> <Button variant=""outline"" size=""sm"" onClick={handlePdfRecon} data-testid=""btn-recon-pdf""> <Download className=""w-4 h-4 mr-1"" /> PDF </Button> <Button variant=""outline"" size=""sm"" onClick={handlePrintRecon} data-testid=""btn-recon-print""> <Printer className=""w-4 h-4 mr-1"" /> Print </Button> </div> {/* Reconciliation table */} <div className=""overflow-x-auto""> <table className=""w-full text-sm""> <thead> <tr className=""border-b bg-muted/50""> <th className=""text-left p-3 font-semibold"">Date</th> <th className=""text-left p-3 font-semibold"">Dispatch Site</th> <th className=""text-right p-3 font-semibold text-red-600 dark:text-red-400"">Party Stmt Borrowed ({uom})</th> <th className=""text-right p-3 font-semibold text-indigo-600 dark:text-indigo-400"">HLC Ledger Dispatched ({uom})</th> <th className=""text-right p-3 font-semibold"">Delta ({uom})</th> <th className=""text-left p-3 font-semibold"">Status</th> </tr> </thead> <tbody> {rows.map((r, idx) => { const isMismatch = r.delta != null && Math.abs(r.delta) > 0.001; const deltaPositive = r.delta != null && r.delta > 0.001; const deltaStr = r.delta != null ? (r.delta >= 0 ? '+' : '') + r.delta.toFixed(3) : 'N/A'; return ( <tr key={idx} className={`border-b hover:bg-muted/30 ${r.isLegacy ? 'bg-slate-50/60 dark:bg-slate-900/20' : isMismatch ? 'bg-amber-50/60 dark:bg-amber-950/20' : ''}`} data-testid={`recon-row-${idx}`}> <td className=""p-3 whitespace-nowrap"">{r.date}</td> <td className=""p-3 text-muted-foreground"">{r.site || '-'}</td> <td className=""p-3 text-right text-red-600 dark:text-red-400 font-medium""> {r.partyStatementBorrowed.toFixed(3)} </td> <td className=""p-3 text-right text-indigo-600 dark:text-indigo-400 font-medium""> {r.hlcLedgerDispatched != null ? r.hlcLedgerDispatched.toFixed(3) : <span className=""text-muted-foreground italic text-sm"">unlinked</span>} </td> <td className={`p-3 text-right font-medium ${r.isLegacy ? 'text-muted-foreground' : isMismatch ? (deltaPositive ? 'text-amber-700 dark:text-amber-300' : 'text-red-600 dark:text-red-400') : 'text-green-600 dark:text-green-400'}`}> {r.isLegacy ? <span className=""italic text-sm"">N/A</span> : (isMismatch ? <strong>{deltaStr}</strong> : deltaStr)} </td> <td className=""p-3""> {r.isLegacy ? ( <span className=""px-2 py-0.5 text-sm rounded bg-slate-100 dark:bg-slate-800 text-slate-600 dark:text-slate-400"">Legacy — verify manually</span> ) : isMismatch ? ( <span className=""px-2 py-0.5 text-sm rounded bg-amber-100 dark:bg-amber-900/40 text-amber-700 dark:text-amber-300""> {deltaPositive ? 'Party owes more' : 'HLC over-charges'} </span> ) : ( <span className=""px-2 py-0.5 text-sm rounded bg-green-100 dark:bg-green-900/40 text-green-700 dark:text-green-300"">Match</span> )} </td> </tr> ); })} {rows.length === 0 && ( <tr><td colSpan={6} className=""p-6 text-center text-muted-foreground"">No dispatch entries found for this selection.</td></tr> )} </tbody> <tfoot className=""bg-muted/70 border-t-2""> <tr> <td colSpan={2} className=""p-3 font-bold"">Totals</td> <td className=""p-3 text-right text-red-600 dark:text-red-400 font-bold"">{totals.partyStatementBorrowed.toFixed(3)}</td> <td className=""p-3 text-right text-indigo-600 dark:text-indigo-400 font-bold"">{totals.hlcLedgerDispatched.toFixed(3)}</td> <td className={`p-3 text-right font-bold ${Math.abs(totals.delta) > 0.001 ? 'text-amber-700 dark:text-amber-300' : 'text-green-600 dark:text-green-400'}`}> {(totals.delta >= 0 ? '+' : '')}{totals.delta.toFixed(3)} </td> <td /> </tr> </tfoot> </table> </div> <p className=""text-sm text-muted-foreground mt-3""> * Delta = Party Statement Borrowed − HLC Ledger Dispatched (reconcilable rows only). <strong>Positive</strong> = party owes more than HLC's ledger shows; <strong>Negative</strong> = HLC ledger over-charges the party. Totals exclude legacy/unlinked rows. Any non-zero delta should be investigated and corrected via a stock correction. </p> </div> ); })()"
"client/src/pages/PlantStock.tsx","client/src/pages/PlantStock.tsx:2410","w.print","w.print()"
"client/src/pages/PlantStock.tsx","client/src/pages/PlantStock.tsx:2646","refetchStmt","refetchStmt()"
"client/src/pages/PlantStock.tsx","client/src/pages/PlantStock.tsx:2654","(() => {
                const { summary, entries } = stmtData;
                const partyName = parties?.find(p => String(p.id) === stmtPartyId)?.name ?? ""Party"";
                const materialName = materials?.find(m => String(m.id) === stmtMaterialId)?.name ?? ""Material"";
                const uom = summary.uom;
                const isSettled = summary.outstanding <= 0.001;
                const finalBalance = entries.length > 0 ? entries[entries.length - 1].runningBalance ?? 0 : 0;
                const totalOut = summary.dispatchedOwn + summary.borrowedFromHlc;

                const typeLabel = (dt: string) => {
                  switch (dt) {
                    case 'opening': return 'Opening Stock';
                    case 'receipt': return 'Material Received';
                    case 'own_dispatch': return 'Material Consumed';
                    case 'correction': return 'Stock Correction';
                    case 'return': return 'Material Return';
                    case 'replenishment': return 'Replenishment to HLC';
                    case 'transfer_in': return 'Transfer Received';
                    default: return 'Other';
                  }
                };
                const typeBadgeClass = (dt: string) => {
                  switch (dt) {
                    case 'receipt': case 'opening': return 'bg-green-100 dark:bg-green-900/40 text-green-700 dark:text-green-300';
                    case 'own_dispatch': return 'bg-orange-100 dark:bg-orange-900/40 text-orange-700 dark:text-orange-300';
                    case 'replenishment': return 'bg-sky-100 dark:bg-sky-900/40 text-sky-700 dark:text-sky-300';
                    case 'correction': case 'return': case 'transfer_in': return 'bg-teal-100 dark:bg-teal-900/40 text-teal-700 dark:text-teal-300';
                    default: return 'bg-muted text-muted-foreground';
                  }
                };

                const PROJECT_NAME = companyName;

                const handlePrintStmt = () => {
                  const dateRange = [stmtDateFrom, stmtDateTo].filter(Boolean).join(' to ') || 'All Dates';
                  const rows = entries.map(e => {
                    const qIn = (e.quantityIn || 0);
                    const isDispatch = e.displayType === 'own_dispatch';
                    const hasBorrow = isDispatch && (e.borrowedQty ?? 0) > 0.001;
                    const tplQty = isDispatch && e.templateQty != null ? e.templateQty.toFixed(3) : '-';
                    const ownQtyStr = isDispatch && e.ownQty != null ? e.ownQty.toFixed(3) : '-';
                    const borrowedStr = isDispatch ? (e.borrowedQty ?? 0).toFixed(3) : '-';
                    return `<tr${hasBorrow ? ' style=""background:#fffbeb""' : ''}>
                      <td>${e.date}</td>
                      <td>${e.invoiceDate || '-'}</td>
                      <td>${e.entryDate ? `${e.entryDate}${e.entryTime ? ` ${e.entryTime}` : ''}` : '-'}</td>
                      <td>${typeLabel(e.displayType)}</td>
                      <td>${materialName}</td>
                      <td style=""text-align:right"">${qIn > 0 ? qIn.toFixed(3) : '-'}</td>
                      <td style=""text-align:right"">${tplQty}</td>
                      <td style=""text-align:right"">${ownQtyStr}</td>
                      <td style=""text-align:right"">${hasBorrow ? `<strong>${borrowedStr}</strong>` : borrowedStr}</td>
                      <td style=""text-align:right"">${(e.runningBalance ?? 0).toFixed(3)}</td>
                      <td>${e.notes || '-'}</td>
                    </tr>`;
                  }).join('');
                  const w = window.open('', '_blank');
                  if (!w) return;
                  w.document.write(`<!DOCTYPE html><html><head><title>Party Statement — ${partyName}</title>
                    <style>body{font-family:sans-serif;padding:20px;font-size:11px}
                    h1{margin-bottom:2px;font-size:16px}h2{margin-bottom:4px;font-size:13px}p{margin:2px 0}
                    .summary{display:grid;grid-template-columns:repeat(5,1fr);gap:12px;margin:16px 0}
                    .card{border:1px solid #ddd;border-radius:6px;padding:10px;text-align:center}
                    .card-label{font-size:10px;color:#666;margin-bottom:4px}
                    .card-value{font-size:14px;font-weight:bold}
                    .outstanding{background:#fef3c7;border-color:#fbbf24}
                    .settled{background:#d1fae5;border-color:#34d399}
                    table{width:100%;border-collapse:collapse;margin-top:12px}
                    th,td{border:1px solid #ddd;padding:5px 7px;text-align:left}
                    th{background:#f5f5f5;font-size:10px}
                    .note{font-size:10px;color:#555;margin-top:6px}</style></head><body>
                    <h1>${PROJECT_NAME}</h1>
                    <h2>Party Supply Obligation Statement</h2>
                    <p><strong>Party:</strong> ${partyName} &nbsp;|&nbsp; <strong>Material:</strong> ${materialName} &nbsp;|&nbsp; <strong>Period:</strong> ${dateRange}</p>
                    <div class=""summary"">
                      <div class=""card""><div class=""card-label"">Total Received</div><div class=""card-value"">${summary.totalReceived.toFixed(3)} ${uom}</div></div>
                      <div class=""card""><div class=""card-label"">From Own Stock</div><div class=""card-value"">${summary.dispatchedOwn.toFixed(3)} ${uom}</div></div>
                      <div class=""card""><div class=""card-label"">Borrowed from HLC</div><div class=""card-value"">${summary.borrowedFromHlc.toFixed(3)} ${uom}</div></div>
                      <div class=""card""><div class=""card-label"">Replenished to HLC</div><div class=""card-value"">${summary.replenishedToHlc.toFixed(3)} ${uom}</div></div>
                      <div class=""card ${isSettled ? 'settled' : 'outstanding'}""><div class=""card-label"">Still Outstanding</div><div class=""card-value"">${summary.outstanding.toFixed(3)} ${uom}</div></div>
                    </div>
                    <table><thead><tr>
                      <th>Transaction Date</th><th>Invoice Date</th><th>Entry Date / Time</th><th>Type</th><th>Material</th>
                      <th>Received (${uom})</th>
                      <th>Template Qty (${uom})</th>
                      <th>From Own Stock (${uom})</th>
                      <th>Borrowed from HLC (${uom})</th>
                      <th>Own Stock Balance</th>
                      <th>Notes</th>
                    </tr></thead>
                    <tbody>${rows}</tbody>
                    <tfoot><tr>
                      <td colspan=""5""><strong>Totals</strong></td>
                      <td style=""text-align:right""><strong>${summary.totalReceived.toFixed(3)}</strong></td>
                      <td style=""text-align:right""><strong>${totalOut.toFixed(3)}</strong></td>
                      <td style=""text-align:right""><strong>${summary.dispatchedOwn.toFixed(3)}</strong></td>
                      <td style=""text-align:right""><strong>${summary.borrowedFromHlc.toFixed(3)}</strong></td>
                      <td style=""text-align:right""><strong>${finalBalance.toFixed(3)}</strong></td>
                      <td></td>
                    </tr></tfoot>
                    </table>
                    <p class=""note"">* Template Qty = full material consumption per dispatch as per mix template. From Own Stock = supplied from party's own inventory. Borrowed from HLC = balance covered by HLC. Outstanding = total borrowed − replenished to HLC.</p>
                    </body></html>`);
                  w.document.close();
                  w.print();
                };

                const handlePdfStmt = () => {
                  const doc = new jsPDF({ orientation: 'landscape' });
                  const dateRange = [stmtDateFrom, stmtDateTo].filter(Boolean).join(' to ') || 'All Dates';
                  doc.setFontSize(16);
                  doc.text(PROJECT_NAME, 14, 13);
                  doc.setFontSize(12);
                  doc.text(`Party Supply Obligation Statement`, 14, 20);
                  doc.setFontSize(9);
                  doc.text(`Party: ${partyName}   |   Material: ${materialName}   |   Period: ${dateRange}`, 14, 27);
                  doc.text([
                    `Received: ${summary.totalReceived.toFixed(3)} ${uom}`,
                    `From Own Stock: ${summary.dispatchedOwn.toFixed(3)} ${uom}`,
                    `Borrowed from HLC: ${summary.borrowedFromHlc.toFixed(3)} ${uom}`,
                    `Replenished to HLC: ${summary.replenishedToHlc.toFixed(3)} ${uom}`,
                    `Outstanding: ${summary.outstanding.toFixed(3)} ${uom}`,
                  ].join('    '), 14, 33);
                  autoTable(doc, {
                    startY: 38,
                    head: [[
                      'Transaction Date', 'Invoice Date', 'Entry Date / Time', 'Type', 'Material',
                      `Received\n(${uom})`,
                      `Template Qty\n(${uom})`,
                      `From Own\nStock (${uom})`,
                      `Borrowed\nfrom HLC (${uom})`,
                      'Own Stock\nBalance',
                      'Notes',
                    ]],
                    body: entries.map(e => {
                      const isDispatch = e.displayType === 'own_dispatch';
                      return [
                        e.date,
                        e.invoiceDate || '-',
                        e.entryDate ? `${e.entryDate}${e.entryTime ? ` ${e.entryTime}` : ''}` : '-',
                        typeLabel(e.displayType),
                        materialName,
                        (e.quantityIn || 0) > 0 ? (e.quantityIn || 0).toFixed(3) : '-',
                        isDispatch && e.templateQty != null ? e.templateQty.toFixed(3) : '-',
                        isDispatch && e.ownQty != null ? e.ownQty.toFixed(3) : '-',
                        isDispatch ? (e.borrowedQty ?? 0).toFixed(3) : '-',
                        (e.runningBalance ?? 0).toFixed(3),
                        e.notes || '-',
                      ];
                    }),
                    foot: [[
                      '', 'Totals', materialName,
                      summary.totalReceived.toFixed(3),
                      totalOut.toFixed(3),
                      summary.dispatchedOwn.toFixed(3),
                      summary.borrowedFromHlc.toFixed(3),
                      finalBalance.toFixed(3),
                      '',
                    ]],
                    theme: 'striped',
                    headStyles: { fillColor: [59, 130, 246] },
                    footStyles: { fillColor: [240, 240, 240], textColor: [0, 0, 0], fontStyle: 'bold' },
                    styles: { fontSize: 6.5 },
                    margin: { left: 10, right: 10 },
                    didParseCell: (data) => {
                      if (data.section === 'body') {
                        const rowEntry = entries[data.row.index];
                        if (rowEntry?.displayType === 'own_dispatch' && (rowEntry?.borrowedQty ?? 0) > 0.001) {
                          data.cell.styles.fillColor = [255, 251, 235];
                        }
                      }
                    },
                  });
                  const ts = format(new Date(), 'yyyyMMdd_HHmm');
                  const blob = doc.output('blob');
                  const url = URL.createObjectURL(blob);
                  const a = document.createElement('a');
                  a.href = url; a.download = `PartyStatement_${partyName.replace(/\s+/g,'')}_${materialName}_${ts}.pdf`;
                  document.body.appendChild(a); a.click(); document.body.removeChild(a);
                  setTimeout(() => URL.revokeObjectURL(url), 100);
                  toast({ title: ""PDF download started"" });
                };

                const matId = parseInt(stmtMaterialId);
                const hasAdjustments = allTemplateComponents?.some(
                  c => c.materialId === matId && ((c.moistureContent ?? 0) > 0 || (c.wastageFactor ?? 0) > 0)
                ) ?? false;

                return (
                  <div>
                    {/* Summary cards */}
                    <div className=""grid grid-cols-2 sm:grid-cols-5 gap-3 mb-6"">
                      {[
                        { label: 'Total Received', value: summary.totalReceived, color: 'border-green-200 dark:border-green-800 bg-green-50 dark:bg-green-900/20', textColor: 'text-green-700 dark:text-green-300' },
                        { label: 'Dispatched (Own Stock)', value: summary.dispatchedOwn, color: 'border-orange-200 dark:border-orange-800 bg-orange-50 dark:bg-orange-900/20', textColor: 'text-orange-700 dark:text-orange-300' },
                        { label: 'Borrowed from HLC', value: summary.borrowedFromHlc, color: 'border-red-200 dark:border-red-800 bg-red-50 dark:bg-red-900/20', textColor: 'text-red-700 dark:text-red-300' },
                        { label: 'Replenished to HLC', value: summary.replenishedToHlc, color: 'border-sky-200 dark:border-sky-800 bg-sky-50 dark:bg-sky-900/20', textColor: 'text-sky-700 dark:text-sky-300' },
                        { label: 'Still Outstanding', value: summary.outstanding, color: isSettled ? 'border-green-300 dark:border-green-700 bg-green-100 dark:bg-green-900/30' : 'border-amber-300 dark:border-amber-700 bg-amber-50 dark:bg-amber-900/20', textColor: isSettled ? 'text-green-700 dark:text-green-300' : 'text-amber-700 dark:text-amber-300' },
                      ].map(card => (
                        <div key={card.label} className={`rounded-lg border p-3 text-center ${card.color}`}>
                          <p className=""text-sm text-muted-foreground mb-1"">{card.label}</p>
                          <p className={`text-lg font-bold ${card.textColor}`}>{card.value.toFixed(3)}</p>
                          <p className=""text-sm text-muted-foreground"">{uom}</p>
                        </div>
                      ))}
                    </div>

                    {/* Export buttons */}
                    <div className=""flex gap-2 mb-4"">
                      <Button variant=""outline"" size=""sm"" onClick={handlePdfStmt} data-testid=""btn-stmt-pdf"">
                        <Download className=""w-4 h-4 mr-1"" /> PDF
                      </Button>
                      <Button variant=""outline"" size=""sm"" onClick={handlePrintStmt} data-testid=""btn-stmt-print"">
                        <Printer className=""w-4 h-4 mr-1"" /> Print
                      </Button>
                    </div>

                    {/* Detail table */}
                    <div className=""overflow-x-auto"">
                      <table className=""w-full text-sm"">
                        <thead>
                          <tr className=""border-b bg-muted/50"">
                            <th className=""text-left p-3 font-semibold"">Transaction Date</th>
                            <th className=""text-left p-3 font-semibold"">Invoice Date</th>
                            <th className=""text-left p-3 font-semibold"">Entry Date / Time</th>
                            <th className=""text-left p-3 font-semibold"">Type</th>
                            <th className=""text-left p-3 font-semibold"">Material</th>
                            <th className=""text-right p-3 font-semibold text-green-600 dark:text-green-400"">Received ({uom})</th>
                            <th className=""text-right p-3 font-semibold text-blue-600 dark:text-blue-400"">Template Qty ({uom})</th>
                            <th className=""text-right p-3 font-semibold text-orange-600 dark:text-orange-400"">From Own Stock ({uom})</th>
                            <th className=""text-right p-3 font-semibold text-red-600 dark:text-red-400"">Borrowed from HLC ({uom})</th>
                            <th className=""text-right p-3 font-semibold"">Own Balance</th>
                            <th className=""text-left p-3 font-semibold"">Notes</th>
                          </tr>
                        </thead>
                        <tbody>
                          {entries.map(e => {
                            const isDispatch = e.displayType === 'own_dispatch';
                            const hasBorrow = isDispatch && (e.borrowedQty ?? 0) > 0.001;
                            return (
                            <tr key={e.id} className={`border-b hover:bg-muted/30 ${hasBorrow ? 'bg-amber-50/60 dark:bg-amber-950/20' : ''}`}>
                              <td className=""p-3 whitespace-nowrap"">{e.date}</td>
                              <td className=""p-3 whitespace-nowrap"">{e.invoiceDate || '-'}</td>
                              <td className=""p-3 whitespace-nowrap"">
                                {e.entryDate ? `${e.entryDate}${e.entryTime ? ` ${e.entryTime}` : ''}` : '-'}
                              </td>
                              <td className=""p-3"">
                                <span className={`px-2 py-0.5 text-sm rounded ${typeBadgeClass(e.displayType)}`}>
                                  {typeLabel(e.displayType)}
                                </span>
                              </td>
                              <td className=""p-3 text-muted-foreground"">{materialName}</td>
                              <td className=""p-3 text-right text-green-600 dark:text-green-400 font-medium"">
                                {(e.quantityIn || 0) > 0 ? (e.quantityIn || 0).toFixed(3) : '-'}
                              </td>
                              <td className=""p-3 text-right text-blue-600 dark:text-blue-400 font-medium"">
                                {isDispatch && e.templateQty != null ? e.templateQty.toFixed(3) : '-'}
                              </td>
                              <td className=""p-3 text-right text-orange-600 dark:text-orange-400 font-medium"">
                                {isDispatch && e.ownQty != null ? e.ownQty.toFixed(3) : '-'}
                              </td>
                              <td className={`p-3 text-right font-medium ${hasBorrow ? 'text-red-600 dark:text-red-400' : 'text-muted-foreground'}`}>
                                {isDispatch ? (e.borrowedQty ?? 0).toFixed(3) : '-'}
                              </td>
                              <td className={`p-3 text-right font-medium ${(e.runningBalance ?? 0) < 0 ? 'text-amber-600 dark:text-amber-400' : 'text-foreground'}`}>
                                {(e.runningBalance ?? 0).toFixed(3)}
                              </td>
                              <td className=""p-3 text-muted-foreground text-sm"">{e.notes || '-'}</td>
                            </tr>
                            );
                          })}
                          {entries.length === 0 && (
                            <tr><td colSpan={11} className=""p-6 text-center text-muted-foreground"">No entries found for this selection.</td></tr>
                          )}
                        </tbody>
                        <tfoot className=""bg-muted/70 border-t-2"">
                          <tr>
                            <td colSpan={4} className=""p-3 font-bold"">Totals</td>
                            <td className=""p-3 text-muted-foreground"">{materialName}</td>
                            <td className=""p-3 text-right text-green-600 dark:text-green-400 font-bold"">{summary.totalReceived.toFixed(3)}</td>
                            <td className=""p-3 text-right text-blue-600 dark:text-blue-400 font-bold"">{totalOut.toFixed(3)}</td>
                            <td className=""p-3 text-right text-orange-600 dark:text-orange-400 font-bold"">{summary.dispatchedOwn.toFixed(3)}</td>
                            <td className=""p-3 text-right text-red-600 dark:text-red-400 font-bold"">{summary.borrowedFromHlc.toFixed(3)}</td>
                            <td className={`p-3 text-right font-bold ${finalBalance < 0 ? 'text-amber-600 dark:text-amber-400' : ''}`}>{finalBalance.toFixed(3)}</td>
                            <td />
                          </tr>
                        </tfoot>
                      </table>
                    </div>

                    {/* Footnote */}
                    <p className=""text-sm text-muted-foreground mt-3"">
                      * Template Qty = material consumption per dispatch as per mix template{hasAdjustments ? "", adjusted for moisture content and wastage factor"" : """"}. From Own Stock = supplied from party's own inventory. Borrowed from HLC = balance covered by HLC. Outstanding = total borrowed − replenished to HLC.
                    </p>
                    {hasAdjustments && (
                      <p className=""text-sm text-amber-600 dark:text-amber-400 mt-1"">
                        ⚠ Moisture content and/or wastage factor is set for this material in the mix template. Template Qty figures include the upward adjustment — the party must supply more wet material than the base mix design quantity to account for water and handling losses.
                      </p>
                    )}
                  </div>
                );
              })","(() => { const { summary, entries } = stmtData; const partyName = parties?.find(p => String(p.id) === stmtPartyId)?.name ?? ""Party""; const materialName = materials?.find(m => String(m.id) === stmtMaterialId)?.name ?? ""Material""; const uom = summary.uom; const isSettled = summary.outstanding <= 0.001; const finalBalance = entries.length > 0 ? entries[entries.length - 1].runningBalance ?? 0 : 0; const totalOut = summary.dispatchedOwn + summary.borrowedFromHlc; const typeLabel = (dt: string) => { switch (dt) { case 'opening': return 'Opening Stock'; case 'receipt': return 'Material Received'; case 'own_dispatch': return 'Material Consumed'; case 'correction': return 'Stock Correction'; case 'return': return 'Material Return'; case 'replenishment': return 'Replenishment to HLC'; case 'transfer_in': return 'Transfer Received'; default: return 'Other'; } }; const typeBadgeClass = (dt: string) => { switch (dt) { case 'receipt': case 'opening': return 'bg-green-100 dark:bg-green-900/40 text-green-700 dark:text-green-300'; case 'own_dispatch': return 'bg-orange-100 dark:bg-orange-900/40 text-orange-700 dark:text-orange-300'; case 'replenishment': return 'bg-sky-100 dark:bg-sky-900/40 text-sky-700 dark:text-sky-300'; case 'correction': case 'return': case 'transfer_in': return 'bg-teal-100 dark:bg-teal-900/40 text-teal-700 dark:text-teal-300'; default: return 'bg-muted text-muted-foreground'; } }; const PROJECT_NAME = companyName; const handlePrintStmt = () => { const dateRange = [stmtDateFrom, stmtDateTo].filter(Boolean).join(' to ') || 'All Dates'; const rows = entries.map(e => { const qIn = (e.quantityIn || 0); const isDispatch = e.displayType === 'own_dispatch'; const hasBorrow = isDispatch && (e.borrowedQty ?? 0) > 0.001; const tplQty = isDispatch && e.templateQty != null ? e.templateQty.toFixed(3) : '-'; const ownQtyStr = isDispatch && e.ownQty != null ? e.ownQty.toFixed(3) : '-'; const borrowedStr = isDispatch ? (e.borrowedQty ?? 0).toFixed(3) : '-'; return `<tr${hasBorrow ? ' style=""background:#fffbeb""' : ''}> <td>${e.date}</td> <td>${e.invoiceDate || '-'}</td> <td>${e.entryDate ? `${e.entryDate}${e.entryTime ? ` ${e.entryTime}` : ''}` : '-'}</td> <td>${typeLabel(e.displayType)}</td> <td>${materialName}</td> <td style=""text-align:right"">${qIn > 0 ? qIn.toFixed(3) : '-'}</td> <td style=""text-align:right"">${tplQty}</td> <td style=""text-align:right"">${ownQtyStr}</td> <td style=""text-align:right"">${hasBorrow ? `<strong>${borrowedStr}</strong>` : borrowedStr}</td> <td style=""text-align:right"">${(e.runningBalance ?? 0).toFixed(3)}</td> <td>${e.notes || '-'}</td> </tr>`; }).join(''); const w = window.open('', '_blank'); if (!w) return; w.document.write(`<!DOCTYPE html><html><head><title>Party Statement — ${partyName}</title> <style>body{font-family:sans-serif;padding:20px;font-size:11px} h1{margin-bottom:2px;font-size:16px}h2{margin-bottom:4px;font-size:13px}p{margin:2px 0} .summary{display:grid;grid-template-columns:repeat(5,1fr);gap:12px;margin:16px 0} .card{border:1px solid #ddd;border-radius:6px;padding:10px;text-align:center} .card-label{font-size:10px;color:#666;margin-bottom:4px} .card-value{font-size:14px;font-weight:bold} .outstanding{background:#fef3c7;border-color:#fbbf24} .settled{background:#d1fae5;border-color:#34d399} table{width:100%;border-collapse:collapse;margin-top:12px} th,td{border:1px solid #ddd;padding:5px 7px;text-align:left} th{background:#f5f5f5;font-size:10px} .note{font-size:10px;color:#555;margin-top:6px}</style></head><body> <h1>${PROJECT_NAME}</h1> <h2>Party Supply Obligation Statement</h2> <p><strong>Party:</strong> ${partyName} &nbsp;|&nbsp; <strong>Material:</strong> ${materialName} &nbsp;|&nbsp; <strong>Period:</strong> ${dateRange}</p> <div class=""summary""> <div class=""card""><div class=""card-label"">Total Received</div><div class=""card-value"">${summary.totalReceived.toFixed(3)} ${uom}</div></div> <div class=""card""><div class=""card-label"">From Own Stock</div><div class=""card-value"">${summary.dispatchedOwn.toFixed(3)} ${uom}</div></div> <div class=""card""><div class=""card-label"">Borrowed from HLC</div><div class=""card-value"">${summary.borrowedFromHlc.toFixed(3)} ${uom}</div></div> <div class=""card""><div class=""card-label"">Replenished to HLC</div><div class=""card-value"">${summary.replenishedToHlc.toFixed(3)} ${uom}</div></div> <div class=""card ${isSettled ? 'settled' : 'outstanding'}""><div class=""card-label"">Still Outstanding</div><div class=""card-value"">${summary.outstanding.toFixed(3)} ${uom}</div></div> </div> <table><thead><tr> <th>Transaction Date</th><th>Invoice Date</th><th>Entry Date / Time</th><th>Type</th><th>Material</th> <th>Received (${uom})</th> <th>Template Qty (${uom})</th> <th>From Own Stock (${uom})</th> <th>Borrowed from HLC (${uom})</th> <th>Own Stock Balance</th> <th>Notes</th> </tr></thead> <tbody>${rows}</tbody> <tfoot><tr> <td colspan=""5""><strong>Totals</strong></td> <td style=""text-align:right""><strong>${summary.totalReceived.toFixed(3)}</strong></td> <td style=""text-align:right""><strong>${totalOut.toFixed(3)}</strong></td> <td style=""text-align:right""><strong>${summary.dispatchedOwn.toFixed(3)}</strong></td> <td style=""text-align:right""><strong>${summary.borrowedFromHlc.toFixed(3)}</strong></td> <td style=""text-align:right""><strong>${finalBalance.toFixed(3)}</strong></td> <td></td> </tr></tfoot> </table> <p class=""note"">* Template Qty = full material consumption per dispatch as per mix template. From Own Stock = supplied from party's own inventory. Borrowed from HLC = balance covered by HLC. Outstanding = total borrowed − replenished to HLC.</p> </body></html>`); w.document.close(); w.print(); }; const handlePdfStmt = () => { const doc = new jsPDF({ orientation: 'landscape' }); const dateRange = [stmtDateFrom, stmtDateTo].filter(Boolean).join(' to ') || 'All Dates'; doc.setFontSize(16); doc.text(PROJECT_NAME, 14, 13); doc.setFontSize(12); doc.text(`Party Supply Obligation Statement`, 14, 20); doc.setFontSize(9); doc.text(`Party: ${partyName} | Material: ${materialName} | Period: ${dateRange}`, 14, 27); doc.text([ `Received: ${summary.totalReceived.toFixed(3)} ${uom}`, `From Own Stock: ${summary.dispatchedOwn.toFixed(3)} ${uom}`, `Borrowed from HLC: ${summary.borrowedFromHlc.toFixed(3)} ${uom}`, `Replenished to HLC: ${summary.replenishedToHlc.toFixed(3)} ${uom}`, `Outstanding: ${summary.outstanding.toFixed(3)} ${uom}`, ].join(' '), 14, 33); autoTable(doc, { startY: 38, head: [[ 'Transaction Date', 'Invoice Date', 'Entry Date / Time', 'Type', 'Material', `Received\n(${uom})`, `Template Qty\n(${uom})`, `From Own\nStock (${uom})`, `Borrowed\nfrom HLC (${uom})`, 'Own Stock\nBalance', 'Notes', ]], body: entries.map(e => { const isDispatch = e.displayType === 'own_dispatch'; return [ e.date, e.invoiceDate || '-', e.entryDate ? `${e.entryDate}${e.entryTime ? ` ${e.entryTime}` : ''}` : '-', typeLabel(e.displayType), materialName, (e.quantityIn || 0) > 0 ? (e.quantityIn || 0).toFixed(3) : '-', isDispatch && e.templateQty != null ? e.templateQty.toFixed(3) : '-', isDispatch && e.ownQty != null ? e.ownQty.toFixed(3) : '-', isDispatch ? (e.borrowedQty ?? 0).toFixed(3) : '-', (e.runningBalance ?? 0).toFixed(3), e.notes || '-', ]; }), foot: [[ '', 'Totals', materialName, summary.totalReceived.toFixed(3), totalOut.toFixed(3), summary.dispatchedOwn.toFixed(3), summary.borrowedFromHlc.toFixed(3), finalBalance.toFixed(3), '', ]], theme: 'striped', headStyles: { fillColor: [59, 130, 246] }, footStyles: { fillColor: [240, 240, 240], textColor: [0, 0, 0], fontStyle: 'bold' }, styles: { fontSize: 6.5 }, margin: { left: 10, right: 10 }, didParseCell: (data) => { if (data.section === 'body') { const rowEntry = entries[data.row.index]; if (rowEntry?.displayType === 'own_dispatch' && (rowEntry?.borrowedQty ?? 0) > 0.001) { data.cell.styles.fillColor = [255, 251, 235]; } } }, }); const ts = format(new Date(), 'yyyyMMdd_HHmm'); const blob = doc.output('blob'); const url = URL.createObjectURL(blob); const a = document.createElement('a'); a.href = url; a.download = `PartyStatement_${partyName.replace(/\s+/g,'')}_${materialName}_${ts}.pdf`; document.body.appendChild(a); a.click(); document.body.removeChild(a); setTimeout(() => URL.revokeObjectURL(url), 100); toast({ title: ""PDF download started"" }); }; const matId = parseInt(stmtMaterialId); const hasAdjustments = allTemplateComponents?.some( c => c.materialId === matId && ((c.moistureContent ?? 0) > 0 || (c.wastageFactor ?? 0) > 0) ) ?? false; return ( <div> {/* Summary cards */} <div className=""grid grid-cols-2 sm:grid-cols-5 gap-3 mb-6""> {[ { label: 'Total Received', value: summary.totalReceived, color: 'border-green-200 dark:border-green-800 bg-green-50 dark:bg-green-900/20', textColor: 'text-green-700 dark:text-green-300' }, { label: 'Dispatched (Own Stock)', value: summary.dispatchedOwn, color: 'border-orange-200 dark:border-orange-800 bg-orange-50 dark:bg-orange-900/20', textColor: 'text-orange-700 dark:text-orange-300' }, { label: 'Borrowed from HLC', value: summary.borrowedFromHlc, color: 'border-red-200 dark:border-red-800 bg-red-50 dark:bg-red-900/20', textColor: 'text-red-700 dark:text-red-300' }, { label: 'Replenished to HLC', value: summary.replenishedToHlc, color: 'border-sky-200 dark:border-sky-800 bg-sky-50 dark:bg-sky-900/20', textColor: 'text-sky-700 dark:text-sky-300' }, { label: 'Still Outstanding', value: summary.outstanding, color: isSettled ? 'border-green-300 dark:border-green-700 bg-green-100 dark:bg-green-900/30' : 'border-amber-300 dark:border-amber-700 bg-amber-50 dark:bg-amber-900/20', textColor: isSettled ? 'text-green-700 dark:text-green-300' : 'text-amber-700 dark:text-amber-300' }, ].map(card => ( <div key={card.label} className={`rounded-lg border p-3 text-center ${card.color}`}> <p className=""text-sm text-muted-foreground mb-1"">{card.label}</p> <p className={`text-lg font-bold ${card.textColor}`}>{card.value.toFixed(3)}</p> <p className=""text-sm text-muted-foreground"">{uom}</p> </div> ))} </div> {/* Export buttons */} <div className=""flex gap-2 mb-4""> <Button variant=""outline"" size=""sm"" onClick={handlePdfStmt} data-testid=""btn-stmt-pdf""> <Download className=""w-4 h-4 mr-1"" /> PDF </Button> <Button variant=""outline"" size=""sm"" onClick={handlePrintStmt} data-testid=""btn-stmt-print""> <Printer className=""w-4 h-4 mr-1"" /> Print </Button> </div> {/* Detail table */} <div className=""overflow-x-auto""> <table className=""w-full text-sm""> <thead> <tr className=""border-b bg-muted/50""> <th className=""text-left p-3 font-semibold"">Transaction Date</th> <th className=""text-left p-3 font-semibold"">Invoice Date</th> <th className=""text-left p-3 font-semibold"">Entry Date / Time</th> <th className=""text-left p-3 font-semibold"">Type</th> <th className=""text-left p-3 font-semibold"">Material</th> <th className=""text-right p-3 font-semibold text-green-600 dark:text-green-400"">Received ({uom})</th> <th className=""text-right p-3 font-semibold text-blue-600 dark:text-blue-400"">Template Qty ({uom})</th> <th className=""text-right p-3 font-semibold text-orange-600 dark:text-orange-400"">From Own Stock ({uom})</th> <th className=""text-right p-3 font-semibold text-red-600 dark:text-red-400"">Borrowed from HLC ({uom})</th> <th className=""text-right p-3 font-semibold"">Own Balance</th> <th className=""text-left p-3 font-semibold"">Notes</th> </tr> </thead> <tbody> {entries.map(e => { const isDispatch = e.displayType === 'own_dispatch'; const hasBorrow = isDispatch && (e.borrowedQty ?? 0) > 0.001; return ( <tr key={e.id} className={`border-b hover:bg-muted/30 ${hasBorrow ? 'bg-amber-50/60 dark:bg-amber-950/20' : ''}`}> <td className=""p-3 whitespace-nowrap"">{e.date}</td> <td className=""p-3 whitespace-nowrap"">{e.invoiceDate || '-'}</td> <td className=""p-3 whitespace-nowrap""> {e.entryDate ? `${e.entryDate}${e.entryTime ? ` ${e.entryTime}` : ''}` : '-'} </td> <td className=""p-3""> <span className={`px-2 py-0.5 text-sm rounded ${typeBadgeClass(e.displayType)}`}> {typeLabel(e.displayType)} </span> </td> <td className=""p-3 text-muted-foreground"">{materialName}</td> <td className=""p-3 text-right text-green-600 dark:text-green-400 font-medium""> {(e.quantityIn || 0) > 0 ? (e.quantityIn || 0).toFixed(3) : '-'} </td> <td className=""p-3 text-right text-blue-600 dark:text-blue-400 font-medium""> {isDispatch && e.templateQty != null ? e.templateQty.toFixed(3) : '-'} </td> <td className=""p-3 text-right text-orange-600 dark:text-orange-400 font-medium""> {isDispatch && e.ownQty != null ? e.ownQty.toFixed(3) : '-'} </td> <td className={`p-3 text-right font-medium ${hasBorrow ? 'text-red-600 dark:text-red-400' : 'text-muted-foreground'}`}> {isDispatch ? (e.borrowedQty ?? 0).toFixed(3) : '-'} </td> <td className={`p-3 text-right font-medium ${(e.runningBalance ?? 0) < 0 ? 'text-amber-600 dark:text-amber-400' : 'text-foreground'}`}> {(e.runningBalance ?? 0).toFixed(3)} </td> <td className=""p-3 text-muted-foreground text-sm"">{e.notes || '-'}</td> </tr> ); })} {entries.length === 0 && ( <tr><td colSpan={11} className=""p-6 text-center text-muted-foreground"">No entries found for this selection.</td></tr> )} </tbody> <tfoot className=""bg-muted/70 border-t-2""> <tr> <td colSpan={4} className=""p-3 font-bold"">Totals</td> <td className=""p-3 text-muted-foreground"">{materialName}</td> <td className=""p-3 text-right text-green-600 dark:text-green-400 font-bold"">{summary.totalReceived.toFixed(3)}</td> <td className=""p-3 text-right text-blue-600 dark:text-blue-400 font-bold"">{totalOut.toFixed(3)}</td> <td className=""p-3 text-right text-orange-600 dark:text-orange-400 font-bold"">{summary.dispatchedOwn.toFixed(3)}</td> <td className=""p-3 text-right text-red-600 dark:text-red-400 font-bold"">{summary.borrowedFromHlc.toFixed(3)}</td> <td className={`p-3 text-right font-bold ${finalBalance < 0 ? 'text-amber-600 dark:text-amber-400' : ''}`}>{finalBalance.toFixed(3)}</td> <td /> </tr> </tfoot> </table> </div> {/* Footnote */} <p className=""text-sm text-muted-foreground mt-3""> * Template Qty = material consumption per dispatch as per mix template{hasAdjustments ? "", adjusted for moisture content and wastage factor"" : """"}. From Own Stock = supplied from party's own inventory. Borrowed from HLC = balance covered by HLC. Outstanding = total borrowed − replenished to HLC. </p> {hasAdjustments && ( <p className=""text-sm text-amber-600 dark:text-amber-400 mt-1""> ⚠ Moisture content and/or wastage factor is set for this material in the mix template. Template Qty figures include the upward adjustment — the party must supply more wet material than the base mix design quantity to account for water and handling losses. </p> )} </div> ); })()"
"client/src/pages/PlantStock.tsx","client/src/pages/PlantStock.tsx:2758","w.print","w.print()"
"client/src/pages/PlantStockReassign.tsx","client/src/pages/PlantStockReassign.tsx:62","useQuery","useQuery<Party[]>({ queryKey: [""/api/plant-module/parties""], enabled: isAdmin })"
"client/src/pages/PlantStockReassign.tsx","client/src/pages/PlantStockReassign.tsx:63","useQuery","useQuery<Material[]>({ queryKey: [""/api/plant-module/materials""], enabled: isAdmin })"
"client/src/pages/PlantStockReassign.tsx","client/src/pages/PlantStockReassign.tsx:106","apiRequest","apiRequest(""POST"", ""/api/plant-module/reassign-ledger/preview"", buildBody())"
"client/src/pages/PlantStockReassign.tsx","client/src/pages/PlantStockReassign.tsx:124","apiRequest","apiRequest(""POST"", ""/api/plant-module/reassign-ledger/execute"", { ...buildBody(), actor: actor.trim() })"
"client/src/pages/PlantStockReconciliation.tsx","client/src/pages/PlantStockReconciliation.tsx:63","useQueryClient","useQueryClient()"
"client/src/pages/PlantStockReconciliation.tsx","client/src/pages/PlantStockReconciliation.tsx:74","useQuery","useQuery<Party[]>({ queryKey: [""/api/plant-module/parties""] })"
"client/src/pages/PlantStockReconciliation.tsx","client/src/pages/PlantStockReconciliation.tsx:75","useQuery","useQuery<PlantMaterial[]>({ queryKey: [""/api/plant-module/materials""] })"
"client/src/pages/PlantStockReconciliation.tsx","client/src/pages/PlantStockReconciliation.tsx:76","useQuery","useQuery<BalanceRow[]>({ queryKey: [""/api/plant-module/stock-balances""] })"
"client/src/pages/PlantStockReconciliation.tsx","client/src/pages/PlantStockReconciliation.tsx:77","useQuery","useQuery<any[]>({ queryKey: [""/api/plant-module/stock-reconciliations""] })"
"client/src/pages/PlantStockReconciliation.tsx","client/src/pages/PlantStockReconciliation.tsx:146","useMutation","useMutation({ mutationFn: async (status: ""draft"" | ""submitted"") => { const rows = draftRowsPayload(); if (rows.length === 0) throw new Error(""Tick at least one material before saving a draft.""); const res = await apiRequest(""POST"", ""/api/plant-module/stock-reconciliation-drafts"", { id: draftId ?? undefined, countDate, status, rows, }); return res.json(); }, onSuccess: (data: any, status) => { setDraftId(data.id); queryClient.invalidateQueries({ queryKey: [""/api/plant-module/stock-reconciliations""] }); toast({ title: status === ""submitted"" ? `Submitted for approval — ${data.refNo}` : `Draft saved — ${data.refNo}`, description: status === ""submitted"" ? ""An Owner/Admin can now open, review and post this session from the Report tab."" : ""You can close this page and continue later — the draft is saved on the server."", }); }, onError: (err: any) => toast({ title: ""Could not save draft"", description: err?.message || ""Unknown error"", variant: ""destructive"" }), })"
"client/src/pages/PlantStockReconciliation.tsx","client/src/pages/PlantStockReconciliation.tsx:150","apiRequest","apiRequest(""POST"", ""/api/plant-module/stock-reconciliation-drafts"", { id: draftId ?? undefined, countDate, status, rows, })"
"client/src/pages/PlantStockReconciliation.tsx","client/src/pages/PlantStockReconciliation.tsx:168","useMutation","useMutation({ mutationFn: async (id: number) => { const res = await apiRequest(""POST"", `/api/plant-module/stock-reconciliation-drafts/${id}/reject`, {}); return res.json(); }, onSuccess: (data: any) => { queryClient.invalidateQueries({ queryKey: [""/api/plant-module/stock-reconciliations""] }); if (draftId === data.id) { setDraftId(null); setDrafts({}); } toast({ title: `Returned — ${data.refNo}`, description: ""The session was rejected/returned. Prepare a new one if needed."" }); }, onError: (err: any) => toast({ title: ""Could not reject"", description: err?.message || ""Unknown error"", variant: ""destructive"" }), })"
"client/src/pages/PlantStockReconciliation.tsx","client/src/pages/PlantStockReconciliation.tsx:170","apiRequest","apiRequest(""POST"", `/api/plant-module/stock-reconciliation-drafts/${id}/reject`, {})"
"client/src/pages/PlantStockReconciliation.tsx","client/src/pages/PlantStockReconciliation.tsx:196","useMutation","useMutation({ mutationFn: async () => { // Draft posts: the SAVED draft is what the server posts, so persist the // rows currently on screen first — any review edits become authoritative. // Only READY rows are persisted for posting: the server reconstructs the // whole saved draft, so a blocked row (invalid balance / missing // conversion or reason) left in it would fail the ENTIRE batch — the // preview's ""Blocked (not posting)"" promise must hold on this path too. if (draftId) { const readyKeys = new Set(readyRows.map(r => rowKey(r.balanceRow))); await apiRequest(""POST"", ""/api/plant-module/stock-reconciliation-drafts"", { id: draftId, countDate, status: ""submitted"", rows: draftRowsPayload().filter(r => readyKeys.has(r.key)), }); } const res = await apiRequest(""POST"", ""/api/plant-module/stock-reconciliation"", { countDate, clientRequestId: requestId, draftId: draftId ?? undefined, acknowledgeWarnings: varianceWarnings.length === 0 || warningsAcknowledged, items: readyRows.map(r => ({ materialId: r.balanceRow.materialId, partyId: r.balanceRow.partyId, sourceQty: r.qty, sourceUom: r.draft.physicalUom || r.stockUom, reason: r.draft.reason, note: r.draft.note || undefined, })), }); return res.json(); }, onSuccess: (data: any) => { setShowPreview(false); setDrafts({}); setRequestId(null); setDraftId(null); setWarningsAcknowledged(false); queryClient.invalidateQueries({ queryKey: [""/api/plant-module/stock-balances""] }); queryClient.invalidateQueries({ queryKey: [""/api/plant-module/stock-ledger""] }); queryClient.invalidateQueries({ queryKey: [""/api/plant-module/stock-ledger-all""] }); queryClient.invalidateQueries({ queryKey: [""/api/plant-module/stock-reconciliations""] }); toast({ title: data.alreadyPosted ? ""Already posted"" : `Reconciliation posted — ${data.session?.refNo}`, description: data.alreadyPosted ? ""This session was already posted; no duplicate adjustments were created."" : `${data.items?.length ?? 0} material(s) reconciled. Balances now match the physical count.`, }); }, onError: (err: any) => { toast({ title: ""Posting failed"", description: err?.message || ""Unknown error"", variant: ""destructive"" }); }, })"
"client/src/pages/PlantStockReconciliation.tsx","client/src/pages/PlantStockReconciliation.tsx:206","apiRequest","apiRequest(""POST"", ""/api/plant-module/stock-reconciliation-drafts"", { id: draftId, countDate, status: ""submitted"", rows: draftRowsPayload().filter(r => readyKeys.has(r.key)), })"
"client/src/pages/PlantStockReconciliation.tsx","client/src/pages/PlantStockReconciliation.tsx:210","apiRequest","apiRequest(""POST"", ""/api/plant-module/stock-reconciliation"", { countDate, clientRequestId: requestId, draftId: draftId ?? undefined, acknowledgeWarnings: varianceWarnings.length === 0 || warningsAcknowledged, items: readyRows.map(r => ({ materialId: r.balanceRow.materialId, partyId: r.balanceRow.partyId, sourceQty: r.qty, sourceUom: r.draft.physicalUom || r.stockUom, reason: r.draft.reason, note: r.draft.note || undefined, })), })"
"client/src/pages/PlantStockTransfer.tsx","client/src/pages/PlantStockTransfer.tsx:55","useQuery","useQuery<Party[]>({ queryKey: [""/api/plant-module/parties""], enabled: canTransfer })"
"client/src/pages/PlantStockTransfer.tsx","client/src/pages/PlantStockTransfer.tsx:56","useQuery","useQuery<Material[]>({ queryKey: [""/api/plant-module/materials""], enabled: canTransfer })"
"client/src/pages/PlantStockTransfer.tsx","client/src/pages/PlantStockTransfer.tsx:57","useQuery","useQuery<StockBalance[]>({ queryKey: [""/api/plant-module/stock-balances""], enabled: canTransfer })"
"client/src/pages/PlantStockTransfer.tsx","client/src/pages/PlantStockTransfer.tsx:110","apiRequest","apiRequest(""POST"", ""/api/plant-module/stock-transfer"", { materialId: parseInt(materialId), fromPartyId: parseInt(fromPartyId), toPartyId: parseInt(toPartyId), quantity: qtyNum, date, notes: notes.trim() || undefined, })"
"client/src/pages/PlantVarianceReport.tsx","client/src/pages/PlantVarianceReport.tsx:39","useQuery","useQuery<TruckDispatch[]>({ queryKey: [""/api/plant-module/dispatches/variance-report"", filterDateFrom, filterDateTo], queryFn: async () => { const params = new URLSearchParams(); if (filterDateFrom) params.append(""dateFrom"", filterDateFrom); if (filterDateTo) params.append(""dateTo"", filterDateTo); const res = await fetch(`/api/plant-module/dispatches/variance-report?${params}`); return res.json(); }, })"
"client/src/pages/PlantVarianceReport.tsx","client/src/pages/PlantVarianceReport.tsx:45","fetch","fetch(`/api/plant-module/dispatches/variance-report?${params}`)"
"client/src/pages/PlantVarianceReport.tsx","client/src/pages/PlantVarianceReport.tsx:50","useQuery","useQuery<Party[]>({ queryKey: [""/api/plant-module/parties""], })"
"client/src/pages/PlantVarianceReport.tsx","client/src/pages/PlantVarianceReport.tsx:54","useQuery","useQuery<MixTemplate[]>({ queryKey: [""/api/plant-module/mix-templates""], })"
"client/src/pages/ProgressReport.tsx","client/src/pages/ProgressReport.tsx:79","useQueryClient","useQueryClient()"
"client/src/pages/ProgressReport.tsx","client/src/pages/ProgressReport.tsx:90","useQuery","useQuery<Array<{ id: number; name: string }>>({ queryKey: [""/api/boq/projects""] })"
"client/src/pages/ProgressReport.tsx","client/src/pages/ProgressReport.tsx:106","useQuery","useQuery<Report>({ queryKey: [`/api/reports/progress?projectId=${effectiveProject}${state.site ? `&site=${encodeURIComponent(state.site)}` : """"}`], enabled: !!effectiveProject, })"
"client/src/pages/ProgressReport.tsx","client/src/pages/ProgressReport.tsx:127","fetch","fetch(`/api/reports/progress/export?${params}`, { credentials: ""include"" })"
"client/src/pages/ProgressReport.tsx","client/src/pages/ProgressReport.tsx:587","apiRequest","apiRequest(""PATCH"", `/api/progress-entries/${entryId}/overlap-resolution`, payload)"
"client/src/pages/ProgressReport.tsx","client/src/pages/ProgressReport.tsx:809","useQueryClient","useQueryClient()"
"client/src/pages/ProgressReport.tsx","client/src/pages/ProgressReport.tsx:815","useMutation","useMutation({ mutationFn: () => patchOverlapResolution(entry.entryId, { layerNo: parsed }), onSuccess: () => { invalidateProgressQueries(queryClient); toast({ title: ""Layer updated"", description: `Entry in DPR-${entry.dprId} set to layer ${parsed} — report will refresh.` }); }, onError: (error: unknown) => { const msg = error instanceof Error ? error.message : ""Unexpected error""; toast({ title: ""Could not update layer"", description: msg, variant: ""destructive"" }); }, })"
"client/src/pages/ProgressReport.tsx","client/src/pages/ProgressReport.tsx:871","useQueryClient","useQueryClient()"
"client/src/pages/ProgressReport.tsx","client/src/pages/ProgressReport.tsx:879","useMutation","useMutation({ mutationFn: () => { // Reuse existing description when non-blank; otherwise use a deterministic fallback. const desc = typeof (selectedEntry as any).incidentalDescription === ""string"" && (selectedEntry as any).incidentalDescription.trim() ? (selectedEntry as any).incidentalDescription.trim() : INCIDENTAL_FALLBACK_DESC; return patchOverlapResolution(selectedEntry.entryId, { isIncidental: true, incidentalDescription: desc, }); }, onSuccess: () => { invalidateProgressQueries(queryClient); toast({ title: ""Marked as incidental"", description: `Entry in DPR-${selectedEntry.dprId} updated — report will refresh.` }); onDone(); }, onError: (error: unknown) => { const msg = error instanceof Error ? error.message : ""Unexpected error""; toast({ title: ""Could not save"", description: msg, variant: ""destructive"" }); // dialog stays open }, })"
"client/src/pages/ProgressReport.tsx","client/src/pages/ProgressReport.tsx:975","useQueryClient","useQueryClient()"
"client/src/pages/ProgressReport.tsx","client/src/pages/ProgressReport.tsx:981","useMutation","useMutation({ mutationFn: () => { // PAYABLE_REASONS uses lowercase ""other""; buildReason uses OTHER_VALUE (""Other""). // Normalise so free-text elaboration is correctly selected. const normalisedPick = payableReason === ""other"" ? OTHER_VALUE : payableReason; const reason = buildReason(normalisedPick, payableOther); return patchOverlapResolution(selectedEntry.entryId, { chainageOverrideReason: reason, }); }, onSuccess: () => { invalidateProgressQueries(queryClient); toast({ title: ""Reason recorded"", description: `Entry in DPR-${selectedEntry.dprId} updated — report will refresh.` }); onDone(); }, onError: (error: unknown) => { const msg = error instanceof Error ? error.message : ""Unexpected error""; toast({ title: ""Could not save"", description: msg, variant: ""destructive"" }); // dialog stays open }, })"
"client/src/pages/PurchaseIndents.tsx","client/src/pages/PurchaseIndents.tsx:356","useQuery","useQuery<PurchaseIndentItemHistoryEntry[]>({ queryKey: [""/api/purchase-indent-items"", itemId, ""history""], queryFn: () => fetch(`/api/purchase-indent-items/${itemId}/history`).then(r => r.json()), })"
"client/src/pages/PurchaseIndents.tsx","client/src/pages/PurchaseIndents.tsx:358","fetch(`/api/purchase-indent-items/${itemId}/history`).then","fetch(`/api/purchase-indent-items/${itemId}/history`).then(r => r.json())"
"client/src/pages/PurchaseIndents.tsx","client/src/pages/PurchaseIndents.tsx:358","fetch","fetch(`/api/purchase-indent-items/${itemId}/history`)"
"client/src/pages/PurchaseIndents.tsx","client/src/pages/PurchaseIndents.tsx:789","useQuery","useQuery<{ id: number; name: string; siteId: number | null }>({ queryKey: [""/api/boq/projects"", prefillBoqProjectId], queryFn: async () => { const res = await fetch(`/api/boq/projects/${prefillBoqProjectId}`, { credentials: ""include"" }); if (!res.ok) throw new Error(""Project not found""); return res.json(); }, enabled: !!prefillBoqProjectId, })"
"client/src/pages/PurchaseIndents.tsx","client/src/pages/PurchaseIndents.tsx:792","fetch","fetch(`/api/boq/projects/${prefillBoqProjectId}`, { credentials: ""include"" })"
"client/src/pages/PurchaseIndents.tsx","client/src/pages/PurchaseIndents.tsx:891","fetch","fetch(`/api/purchase-indents/${indentId}/items/${itemId}/purchase-order.pdf?preview=1`, { credentials: ""include"" })"
"client/src/pages/PurchaseIndents.tsx","client/src/pages/PurchaseIndents.tsx:939","useMutation","useMutation({ mutationFn: async (data: any) => { const res = await apiRequest(""POST"", ""/api/plant-module/materials"", data); return res.json(); }, onSuccess: (newItem: any) => { queryClient.invalidateQueries({ queryKey: [""/api/plant-module/materials""] }); toast({ title: `""${newItem.name}"" added to materials catalogue` }); if (addStoreItemFromGrn && addStoreItemTargetIdx !== null) { // Link the new catalogue item directly into the GRN line setGrnLines(prev => prev.map((l, i) => i === addStoreItemTargetIdx ? { ...l, storeItemId: String(newItem.id), itemSearch: newItem.name, uom: (newItem.defaultUom || l.uom || ""NOS"").toUpperCase(), autoLinked: false, } : l)); } else if (addStoreItemTargetIdx !== null) { const updated = [...formItems]; updated[addStoreItemTargetIdx] = { ...updated[addStoreItemTargetIdx], description: newItem.name.toUpperCase(), uom: (newItem.defaultUom || ""NOS"").toUpperCase(), materialId: newItem.id, }; setFormItems(updated); } setAddStoreItemOpen(false); setAddStoreItemForm({ name: """", category: ""Aggregate"", uom: ""NOS"" }); setAddStoreItemTargetIdx(null); setAddStoreItemFromGrn(false); }, onError: () => toast({ title: ""Error adding material"", variant: ""destructive"" }), })"
"client/src/pages/PurchaseIndents.tsx","client/src/pages/PurchaseIndents.tsx:940","apiRequest","apiRequest(""POST"", ""/api/plant-module/materials"", data)"
"client/src/pages/PurchaseIndents.tsx","client/src/pages/PurchaseIndents.tsx:978","useQuery","useQuery<PurchaseIndentWithItems[]>({ queryKey: [""/api/purchase-indents""], })"
"client/src/pages/PurchaseIndents.tsx","client/src/pages/PurchaseIndents.tsx:981","useQuery","useQuery<{ id: number; itemId: number; indentId: number; indentNo: string; description: string }[]>({ queryKey: [""/api/purchase-orders/pending""], enabled: isApprover, queryFn: async () => { const response = await fetch(""/api/purchase-orders/pending"", { credentials: ""include"" }); if (!response.ok) throw new Error((await response.json()).message || ""Failed to load pending Purchase Orders""); return response.json(); }, })"
"client/src/pages/PurchaseIndents.tsx","client/src/pages/PurchaseIndents.tsx:985","fetch","fetch(""/api/purchase-orders/pending"", { credentials: ""include"" })"
"client/src/pages/PurchaseIndents.tsx","client/src/pages/PurchaseIndents.tsx:991","useQuery","useQuery<{ id: number; name: string }[]>({ queryKey: [""/api/sites""], })"
"client/src/pages/PurchaseIndents.tsx","client/src/pages/PurchaseIndents.tsx:995","useQuery","useQuery<any[]>({ queryKey: [""/api/pending-plant-receipts"", { indentId: selectedIndentId, status: ""pending"" }], queryFn: async () => { const res = await fetch(`/api/pending-plant-receipts?indentId=${selectedIndentId}&status=pending`, { credentials: ""include"" }); if (!res.ok) return []; return res.json(); }, enabled: !!selectedIndentId, })"
"client/src/pages/PurchaseIndents.tsx","client/src/pages/PurchaseIndents.tsx:998","fetch","fetch(`/api/pending-plant-receipts?indentId=${selectedIndentId}&status=pending`, { credentials: ""include"" })"
"client/src/pages/PurchaseIndents.tsx","client/src/pages/PurchaseIndents.tsx:1005","useQuery","useQuery<any[]>({ queryKey: [""/api/service-completions"", { indentId: selectedIndentId }], queryFn: async () => { const res = await fetch(`/api/service-completions?indentId=${selectedIndentId}`, { credentials: ""include"" }); if (!res.ok) return []; return res.json(); }, enabled: !!selectedIndentId, })"
"client/src/pages/PurchaseIndents.tsx","client/src/pages/PurchaseIndents.tsx:1008","fetch","fetch(`/api/service-completions?indentId=${selectedIndentId}`, { credentials: ""include"" })"
"client/src/pages/PurchaseIndents.tsx","client/src/pages/PurchaseIndents.tsx:1016","useQuery","useQuery<InternalRequisitionWithItems>({ queryKey: [""/api/irn"", fromIrnId], queryFn: async () => { const res = await fetch(`/api/irn/${fromIrnId}`, { credentials: ""include"" }); if (!res.ok) throw new Error(""IRN not found""); return res.json(); }, enabled: !!fromIrnId, })"
"client/src/pages/PurchaseIndents.tsx","client/src/pages/PurchaseIndents.tsx:1019","fetch","fetch(`/api/irn/${fromIrnId}`, { credentials: ""include"" })"
"client/src/pages/PurchaseIndents.tsx","client/src/pages/PurchaseIndents.tsx:1050","useQuery","useQuery<{ storesCheck?: number; total: number; pending: number; approved: number; rejected: number; completed: number; }>({ queryKey: [""/api/purchase-indents/summary""], })"
"client/src/pages/PurchaseIndents.tsx","client/src/pages/PurchaseIndents.tsx:1064","useQuery","useQuery<RouteCorrectionRow[]>({ queryKey: [""/api/purchase-indents/route-corrections""], enabled: showRouteCorrections, })"
"client/src/pages/PurchaseIndents.tsx","client/src/pages/PurchaseIndents.tsx:1069","useMutation","useMutation({ mutationFn: async () => { const items = routeCorrections .filter(row => row.canApply && selectedRouteCorrections.has(row.itemId)) .map(row => ({ itemId: row.itemId, expectedProcurementRoute: row.currentProcurementRoute, })); const response = await apiRequest(""POST"", ""/api/purchase-indents/route-corrections/apply"", { items }); return response.json() as Promise<{ corrected: RouteCorrectionRow[] }>; }, onSuccess: async (result) => { setSelectedRouteCorrections(new Set()); await Promise.all([ queryClient.invalidateQueries({ queryKey: [""/api/purchase-indents""] }), queryClient.invalidateQueries({ queryKey: [""/api/purchase-indents/route-corrections""] }), ]); toast({ title: ""ROUTES CORRECTED"", description: `${result.corrected.length} selected item${result.corrected.length === 1 ? """" : ""s""} updated to the material route.`, }); }, onError: async (error: Error) => { setSelectedRouteCorrections(new Set()); await refetchRouteCorrections(); toast({ title: ""CORRECTION NOT APPLIED"", description: error.message.includes(""409"") ? ""One or more items changed or now have Stores history. Review the refreshed list and try again."" : error.message, variant: ""destructive"", }); }, })"
"client/src/pages/PurchaseIndents.tsx","client/src/pages/PurchaseIndents.tsx:1077","apiRequest","apiRequest(""POST"", ""/api/purchase-indents/route-corrections/apply"", { items })"
"client/src/pages/PurchaseIndents.tsx","client/src/pages/PurchaseIndents.tsx:1093","refetchRouteCorrections","refetchRouteCorrections()"
"client/src/pages/PurchaseIndents.tsx","client/src/pages/PurchaseIndents.tsx:1104","useQuery","useQuery<PurchaseIndentWithItems>({ queryKey: [""/api/purchase-indents"", selectedIndentId], enabled: !!selectedIndentId, })"
"client/src/pages/PurchaseIndents.tsx","client/src/pages/PurchaseIndents.tsx:1109","useQuery","useQuery<any[]>({ queryKey: [""/api/purchase-indents"", selectedIndentId, ""transactions""], queryFn: () => fetch(`/api/purchase-indents/${selectedIndentId}/transactions`).then(r => r.json()), enabled: !!selectedIndentId && (view === ""purchase"" || view === ""procurement""), })"
"client/src/pages/PurchaseIndents.tsx","client/src/pages/PurchaseIndents.tsx:1111","fetch(`/api/purchase-indents/${selectedIndentId}/transactions`).then","fetch(`/api/purchase-indents/${selectedIndentId}/transactions`).then(r => r.json())"
"client/src/pages/PurchaseIndents.tsx","client/src/pages/PurchaseIndents.tsx:1111","fetch","fetch(`/api/purchase-indents/${selectedIndentId}/transactions`)"
"client/src/pages/PurchaseIndents.tsx","client/src/pages/PurchaseIndents.tsx:1115","useQuery","useQuery<any[]>({ queryKey: [""/api/plant-module/materials""], })"
"client/src/pages/PurchaseIndents.tsx","client/src/pages/PurchaseIndents.tsx:1119","useQuery","useQuery<number[]>({ queryKey: [""/api/purchase-indent-items/recent-items""], })"
"client/src/pages/PurchaseIndents.tsx","client/src/pages/PurchaseIndents.tsx:1123","useQuery","useQuery<{ id: number; name: string }[]>({ queryKey: [""/api/sites""], })"
"client/src/pages/PurchaseIndents.tsx","client/src/pages/PurchaseIndents.tsx:1127","useQuery","useQuery<Array<{ id: number; name: string; uom: string; category: string; balance: number }>>({ queryKey: [""/api/stores/stock-balance""], enabled: canCreateStores, })"
"client/src/pages/PurchaseIndents.tsx","client/src/pages/PurchaseIndents.tsx:1133","useQuery","useQuery<Array<{ id: number; name: string; uom: string; category: string }>>({ queryKey: [""/api/stores/items""], enabled: canCreateStores && showGrnDialog, })"
"client/src/pages/PurchaseIndents.tsx","client/src/pages/PurchaseIndents.tsx:1138","useQuery","useQuery<Array<{ id: number; name: string; defaultUom: string; category: string }>>({ queryKey: [""/api/plant-module/materials""], enabled: canCreateStores && showGrnDialog, })"
"client/src/pages/PurchaseIndents.tsx","client/src/pages/PurchaseIndents.tsx:1154","useQuery","useQuery<string[]>({ queryKey: [""/api/stores/grns/supplier-history"", linkedStoreItemIds.join("","")], queryFn: async () => { if (linkedStoreItemIds.length === 0) return []; const res = await fetch( `/api/stores/grns/supplier-history?itemIds=${linkedStoreItemIds.join("","")}`, { credentials: ""include"" } ); if (!res.ok) return []; return res.json() as Promise<string[]>; }, enabled: showGrnDialog && linkedStoreItemIds.length > 0, staleTime: 60_000, })"
"client/src/pages/PurchaseIndents.tsx","client/src/pages/PurchaseIndents.tsx:1158","fetch","fetch( `/api/stores/grns/supplier-history?itemIds=${linkedStoreItemIds.join("","")}`, { credentials: ""include"" } )"
"client/src/pages/PurchaseIndents.tsx","client/src/pages/PurchaseIndents.tsx:1215","useQuery","useQuery<Record<string, number>>({ queryKey: [""/api/stores/indent-grn-counts""], enabled: canViewStores, })"
"client/src/pages/PurchaseIndents.tsx","client/src/pages/PurchaseIndents.tsx:1220","useQuery","useQuery<Record<string, boolean>>({ queryKey: [""/api/stores/indent-fulfilment-status""], enabled: canViewStores, })"
"client/src/pages/PurchaseIndents.tsx","client/src/pages/PurchaseIndents.tsx:1225","useQuery","useQuery<Record<number, number>>({ queryKey: [""/api/stores/indent-received-per-item"", selectedIndent?.id], enabled: showGrnDialog && !!selectedIndent?.id, queryFn: async () => { if (!selectedIndent?.id) return {}; const res = await fetch(`/api/stores/indent-received-per-item?indentId=${selectedIndent.id}`, { credentials: ""include"" }); if (!res.ok) return {}; return res.json(); }, })"
"client/src/pages/PurchaseIndents.tsx","client/src/pages/PurchaseIndents.tsx:1230","fetch","fetch(`/api/stores/indent-received-per-item?indentId=${selectedIndent.id}`, { credentials: ""include"" })"
"client/src/pages/PurchaseIndents.tsx","client/src/pages/PurchaseIndents.tsx:1237","useQuery","useQuery<any[]>({ queryKey: [""/api/site-material-trips"", { indentId: selectedIndentId }], queryFn: () => fetch(`/api/site-material-trips?indentId=${selectedIndentId}`, { credentials: ""include"" }).then(r => r.json()), enabled: !!selectedIndentId && (view === ""purchase"" || view === ""procurement""), })"
"client/src/pages/PurchaseIndents.tsx","client/src/pages/PurchaseIndents.tsx:1239","fetch(`/api/site-material-trips?indentId=${selectedIndentId}`, { credentials: ""include"" }).then","fetch(`/api/site-material-trips?indentId=${selectedIndentId}`, { credentials: ""include"" }).then(r => r.json())"
"client/src/pages/PurchaseIndents.tsx","client/src/pages/PurchaseIndents.tsx:1239","fetch","fetch(`/api/site-material-trips?indentId=${selectedIndentId}`, { credentials: ""include"" })"
"client/src/pages/PurchaseIndents.tsx","client/src/pages/PurchaseIndents.tsx:1244","useQuery","useQuery<{ id: number; grnNumber: string; date: string; supplier: string; acceptanceStatus: string; itemCount: number }[]>({ queryKey: [""/api/stores/grns"", ""linked"", indentRefForGrns ?? """"], queryFn: () => fetch(`/api/stores/grns?indentRef=${encodeURIComponent(indentRefForGrns!)}`, { credentials: ""include"" }) .then(r => r.json()) .then((grns: any[]) => grns.map(g => ({ id: g.id, grnNumber: g.grnNumber, date: g.date, supplier: g.supplier, acceptanceStatus: g.acceptanceStatus, itemCount: (g.items ?? []).length }))), enabled: canViewStores && !!indentRefForGrns, })"
"client/src/pages/PurchaseIndents.tsx","client/src/pages/PurchaseIndents.tsx:1246","fetch(`/api/stores/grns?indentRef=${encodeURIComponent(indentRefForGrns!)}`, { credentials: ""include"" })
      .then(r => r.json())
      .then","fetch(`/api/stores/grns?indentRef=${encodeURIComponent(indentRefForGrns!)}`, { credentials: ""include"" }) .then(r => r.json()) .then((grns: any[]) => grns.map(g => ({ id: g.id, grnNumber: g.grnNumber, date: g.date, supplier: g.supplier, acceptanceStatus: g.acceptanceStatus, itemCount: (g.items ?? []).length })))"
"client/src/pages/PurchaseIndents.tsx","client/src/pages/PurchaseIndents.tsx:1246","fetch(`/api/stores/grns?indentRef=${encodeURIComponent(indentRefForGrns!)}`, { credentials: ""include"" })
      .then","fetch(`/api/stores/grns?indentRef=${encodeURIComponent(indentRefForGrns!)}`, { credentials: ""include"" }) .then(r => r.json())"
"client/src/pages/PurchaseIndents.tsx","client/src/pages/PurchaseIndents.tsx:1246","fetch","fetch(`/api/stores/grns?indentRef=${encodeURIComponent(indentRefForGrns!)}`, { credentials: ""include"" })"
"client/src/pages/PurchaseIndents.tsx","client/src/pages/PurchaseIndents.tsx:1252","useMutation","useMutation({ mutationFn: (data: any) => apiRequest(""POST"", ""/api/purchase-indents"", data), onSuccess: () => { queryClient.invalidateQueries({ queryKey: [""/api/purchase-indents""] }); toast({ title: ""Indent submitted for approval"" }); resetForm(); setView(""list""); }, onError: (err: Error) => { toast({ title: ""Failed to create indent"", description: err.message, variant: ""destructive"" }); }, })"
"client/src/pages/PurchaseIndents.tsx","client/src/pages/PurchaseIndents.tsx:1253","apiRequest","apiRequest(""POST"", ""/api/purchase-indents"", data)"
"client/src/pages/PurchaseIndents.tsx","client/src/pages/PurchaseIndents.tsx:1265","useMutation","useMutation({ mutationFn: (data: any) => apiRequest(""PATCH"", `/api/purchase-indents/${selectedIndentId}/approve`, data), onSuccess: () => { queryClient.invalidateQueries({ queryKey: [""/api/purchase-indents""] }); toast({ title: ""Indent approved successfully"" }); setView(""list""); setSelectedIndentId(null); }, onError: (err: Error) => { toast({ title: ""Failed to approve indent"", description: err.message, variant: ""destructive"" }); }, })"
"client/src/pages/PurchaseIndents.tsx","client/src/pages/PurchaseIndents.tsx:1266","apiRequest","apiRequest(""PATCH"", `/api/purchase-indents/${selectedIndentId}/approve`, data)"
"client/src/pages/PurchaseIndents.tsx","client/src/pages/PurchaseIndents.tsx:1278","useMutation","useMutation({ mutationFn: (data: any) => apiRequest(""PATCH"", `/api/purchase-indents/${selectedIndentId}/reject`, data), onSuccess: () => { queryClient.invalidateQueries({ queryKey: [""/api/purchase-indents""] }); toast({ title: ""Indent rejected"" }); setView(""list""); setSelectedIndentId(null); }, onError: (err: Error) => { toast({ title: ""Failed to reject indent"", description: err.message, variant: ""destructive"" }); }, })"
"client/src/pages/PurchaseIndents.tsx","client/src/pages/PurchaseIndents.tsx:1279","apiRequest","apiRequest(""PATCH"", `/api/purchase-indents/${selectedIndentId}/reject`, data)"
"client/src/pages/PurchaseIndents.tsx","client/src/pages/PurchaseIndents.tsx:1291","useMutation","useMutation({ mutationFn: ({ itemId, data }: { itemId: number; data: any }) => apiRequest(""PATCH"", `/api/purchase-indent-items/${itemId}/purchase-update`, data), onSuccess: () => { queryClient.invalidateQueries({ queryKey: [""/api/purchase-indents""] }); if (selectedIndentId) { queryClient.invalidateQueries({ queryKey: [""/api/purchase-indents"", selectedIndentId] }); } toast({ title: ""Purchase status updated"" }); }, onError: (err: Error) => { toast({ title: ""Failed to update purchase status"", description: err.message, variant: ""destructive"" }); }, })"
"client/src/pages/PurchaseIndents.tsx","client/src/pages/PurchaseIndents.tsx:1293","apiRequest","apiRequest(""PATCH"", `/api/purchase-indent-items/${itemId}/purchase-update`, data)"
"client/src/pages/PurchaseIndents.tsx","client/src/pages/PurchaseIndents.tsx:1306","useMutation","useMutation({ mutationFn: ({ itemId, data }: { itemId: number; data: any }) => apiRequest(""PATCH"", `/api/purchase-indent-items/${itemId}/cancel`, data), onSuccess: () => { queryClient.invalidateQueries({ queryKey: [""/api/purchase-indents""] }); if (selectedIndentId) { queryClient.invalidateQueries({ queryKey: [""/api/purchase-indents"", selectedIndentId] }); } setShowCancelConfirm(false); setCancelItemId(null); setCancelReason(""""); toast({ title: ""Item cancelled successfully"" }); }, onError: (err: Error) => { toast({ title: ""Failed to cancel item"", description: err.message, variant: ""destructive"" }); }, })"
"client/src/pages/PurchaseIndents.tsx","client/src/pages/PurchaseIndents.tsx:1308","apiRequest","apiRequest(""PATCH"", `/api/purchase-indent-items/${itemId}/cancel`, data)"
"client/src/pages/PurchaseIndents.tsx","client/src/pages/PurchaseIndents.tsx:1324","useMutation","useMutation({ mutationFn: (data: any) => apiRequest(""PATCH"", `/api/purchase-indents/${selectedIndentId}/force-close`, data), onSuccess: () => { queryClient.invalidateQueries({ queryKey: [""/api/purchase-indents""] }); if (selectedIndentId) { queryClient.invalidateQueries({ queryKey: [""/api/purchase-indents"", selectedIndentId] }); } setShowForceCloseConfirm(false); setForceCloseReason(""""); toast({ title: ""Indent force closed successfully"" }); }, onError: (err: Error) => { toast({ title: ""Failed to force close indent"", description: err.message, variant: ""destructive"" }); }, })"
"client/src/pages/PurchaseIndents.tsx","client/src/pages/PurchaseIndents.tsx:1326","apiRequest","apiRequest(""PATCH"", `/api/purchase-indents/${selectedIndentId}/force-close`, data)"
"client/src/pages/PurchaseIndents.tsx","client/src/pages/PurchaseIndents.tsx:1341","useMutation","useMutation({ mutationFn: ({ id, data }: { id: number; data: any }) => apiRequest(""PUT"", `/api/purchase-indents/${id}`, data), onSuccess: () => { queryClient.invalidateQueries({ queryKey: [""/api/purchase-indents""] }); toast({ title: ""Indent updated successfully"" }); resetForm(); setEditIndentId(null); setView(""list""); }, onError: (err: Error) => { toast({ title: ""Failed to update indent"", description: err.message, variant: ""destructive"" }); }, })"
"client/src/pages/PurchaseIndents.tsx","client/src/pages/PurchaseIndents.tsx:1343","apiRequest","apiRequest(""PUT"", `/api/purchase-indents/${id}`, data)"
"client/src/pages/PurchaseIndents.tsx","client/src/pages/PurchaseIndents.tsx:1356","useMutation","useMutation({ mutationFn: ({ id }: { id: number }) => apiRequest(""DELETE"", `/api/purchase-indents/${id}`), onSuccess: () => { queryClient.invalidateQueries({ queryKey: [""/api/purchase-indents""] }); toast({ title: ""Indent deleted successfully"" }); setShowDeleteConfirm(false); setSelectedIndentId(null); setView(""list""); }, onError: (err: Error) => { toast({ title: ""Failed to delete indent"", description: err.message, variant: ""destructive"" }); }, })"
"client/src/pages/PurchaseIndents.tsx","client/src/pages/PurchaseIndents.tsx:1358","apiRequest","apiRequest(""DELETE"", `/api/purchase-indents/${id}`)"
"client/src/pages/PurchaseIndents.tsx","client/src/pages/PurchaseIndents.tsx:1373","useMutation","useMutation({ mutationFn: (id: number) => apiRequest(""POST"", `/api/purchase-indents/${id}/notify`, {}), onSuccess: () => { queryClient.invalidateQueries({ queryKey: [""/api/purchase-indents""] }); toast({ title: ""Stakeholders notified"", description: ""Push notification sent to all subscribed devices."" }); }, onError: (err: Error) => { toast({ title: ""Failed to send notification"", description: err.message, variant: ""destructive"" }); }, })"
"client/src/pages/PurchaseIndents.tsx","client/src/pages/PurchaseIndents.tsx:1374","apiRequest","apiRequest(""POST"", `/api/purchase-indents/${id}/notify`, {})"
"client/src/pages/PurchaseIndents.tsx","client/src/pages/PurchaseIndents.tsx:1384","useMutation","useMutation({ mutationFn: ({ itemId, note }: { itemId: number; note: string }) => apiRequest(""PATCH"", `/api/purchase-indent-items/${itemId}/reviewer-note`, { note }), })"
"client/src/pages/PurchaseIndents.tsx","client/src/pages/PurchaseIndents.tsx:1386","apiRequest","apiRequest(""PATCH"", `/api/purchase-indent-items/${itemId}/reviewer-note`, { note })"
"client/src/pages/PurchaseIndents.tsx","client/src/pages/PurchaseIndents.tsx:1389","useMutation","useMutation({ mutationFn: (data: any) => apiRequest(""PATCH"", `/api/purchase-indents/${selectedIndentId}/stores-verify`, data), onSuccess: () => { queryClient.invalidateQueries({ queryKey: [""/api/purchase-indents""] }); if (selectedIndentId) queryClient.invalidateQueries({ queryKey: [""/api/purchase-indents"", selectedIndentId] }); toast({ title: ""Stores verification submitted"", description: ""Indent is now awaiting manager approval."" }); setView(""list""); setSelectedIndentId(null); }, onError: (err: Error) => { toast({ title: ""Failed to submit verification"", description: err.message, variant: ""destructive"" }); }, })"
"client/src/pages/PurchaseIndents.tsx","client/src/pages/PurchaseIndents.tsx:1390","apiRequest","apiRequest(""PATCH"", `/api/purchase-indents/${selectedIndentId}/stores-verify`, data)"
"client/src/pages/PurchaseIndents.tsx","client/src/pages/PurchaseIndents.tsx:1404","useMutation","useMutation({ mutationFn: ({ itemId, data }: { itemId: number; data: any }) => apiRequest(""PATCH"", `/api/purchase-indent-items/${itemId}/procure`, data), onSuccess: () => { queryClient.invalidateQueries({ queryKey: [""/api/purchase-indents""] }); if (selectedIndentId) queryClient.invalidateQueries({ queryKey: [""/api/purchase-indents"", selectedIndentId] }); toast({ title: ""Procurement status updated"" }); }, onError: (err: Error) => { toast({ title: ""Failed to update procurement status"", description: err.message, variant: ""destructive"" }); }, })"
"client/src/pages/PurchaseIndents.tsx","client/src/pages/PurchaseIndents.tsx:1406","apiRequest","apiRequest(""PATCH"", `/api/purchase-indent-items/${itemId}/procure`, data)"
"client/src/pages/PurchaseIndents.tsx","client/src/pages/PurchaseIndents.tsx:1417","useMutation","useMutation({ mutationFn: async (data: any) => { const res = await apiRequest(""POST"", `/api/purchase-indents/${selectedIndentId}/purchaser-action`, data); return res.json() as Promise<{ indent: any; txnIdsByItemId: Record<number, number>; grnIdsByItemId: Record<number, number>; routeWarnings?: { itemId: number; message: string }[] }>; }, onSuccess: async (result) => { // Upload per-item invoice photos — tag to PI transaction AND draft GRN (Batch 17) const { txnIdsByItemId = {}, grnIdsByItemId = {} } = result ?? {}; const allItemIds = new Set([ ...Object.keys(txnIdsByItemId).map(Number), ...Object.keys(paPhotos).map(Number), ]); for (const itemId of allItemIds) { const files = paPhotos[itemId] || []; if (files.length === 0) continue; const txnId = txnIdsByItemId[itemId]; const grnId = grnIdsByItemId[itemId]; for (const file of files) { const up = await uploadFile(file); if (!up) continue; const base = { fileName: file.name, objectPath: up.objectPath, mimeType: file.type || ""application/octet-stream"", fileSize: file.size }; // Tag to the PI purchaser-action transaction (for PI history) if (txnId) { apiRequest(""POST"", ""/api/attachments"", { ...base, moduleType: ""pi_purchaser_action"", linkedRecordId: txnId }).catch(() => {}); } // Also tag to the draft GRN so Stores sees it without re-uploading if (grnId) { apiRequest(""POST"", ""/api/attachments"", { ...base, moduleType: ""store_grn"", linkedRecordId: grnId }).catch(() => {}); } } } setPaPhotos({}); queryClient.invalidateQueries({ queryKey: [""/api/purchase-indents""] }); if (selectedIndentId) { queryClient.invalidateQueries({ queryKey: [""/api/purchase-indents"", selectedIndentId] }); queryClient.invalidateQueries({ queryKey: [""/api/purchase-indents"", selectedIndentId, ""transactions""] }); } queryClient.invalidateQueries({ predicate: q => String(q.queryKey[0]).startsWith(""/api/stores"") }); setPurchaserActionOpen(false); setPurchaserActionData({}); toast({ title: ""Purchaser action recorded"" }); // 06S §1: unconfigured-route items skipped auto-GRN — surface each warning. for (const w of result?.routeWarnings ?? []) { toast({ title: ""Procurement route not configured"", description: w.message, variant: ""destructive"" }); } }, onError: (err: Error) => { toast({ title: ""Failed to record purchaser action"", description: err.message, variant: ""destructive"" }); }, })"
"client/src/pages/PurchaseIndents.tsx","client/src/pages/PurchaseIndents.tsx:1419","apiRequest","apiRequest(""POST"", `/api/purchase-indents/${selectedIndentId}/purchaser-action`, data)"
"client/src/pages/PurchaseIndents.tsx","client/src/pages/PurchaseIndents.tsx:1440","apiRequest(""POST"", ""/api/attachments"", { ...base, moduleType: ""pi_purchaser_action"", linkedRecordId: txnId }).catch","apiRequest(""POST"", ""/api/attachments"", { ...base, moduleType: ""pi_purchaser_action"", linkedRecordId: txnId }).catch(() => {})"
"client/src/pages/PurchaseIndents.tsx","client/src/pages/PurchaseIndents.tsx:1440","apiRequest","apiRequest(""POST"", ""/api/attachments"", { ...base, moduleType: ""pi_purchaser_action"", linkedRecordId: txnId })"
"client/src/pages/PurchaseIndents.tsx","client/src/pages/PurchaseIndents.tsx:1444","apiRequest(""POST"", ""/api/attachments"", { ...base, moduleType: ""store_grn"", linkedRecordId: grnId }).catch","apiRequest(""POST"", ""/api/attachments"", { ...base, moduleType: ""store_grn"", linkedRecordId: grnId }).catch(() => {})"
"client/src/pages/PurchaseIndents.tsx","client/src/pages/PurchaseIndents.tsx:1444","apiRequest","apiRequest(""POST"", ""/api/attachments"", { ...base, moduleType: ""store_grn"", linkedRecordId: grnId })"
"client/src/pages/PurchaseIndents.tsx","client/src/pages/PurchaseIndents.tsx:1468","useMutation","useMutation({ mutationFn: (data: any) => apiRequest(""POST"", `/api/purchase-indents/${selectedIndentId}/service-completion`, data), onSuccess: () => { queryClient.invalidateQueries({ queryKey: [""/api/purchase-indents""] }); queryClient.invalidateQueries({ queryKey: [""/api/service-completions"", { indentId: selectedIndentId }] }); if (selectedIndentId) { queryClient.invalidateQueries({ queryKey: [""/api/purchase-indents"", selectedIndentId] }); } setServiceCompletionItemId(null); toast({ title: ""Service completion recorded"" }); }, onError: (err: Error) => { toast({ title: ""Verification failed"", description: err.message, variant: ""destructive"" }); }, })"
"client/src/pages/PurchaseIndents.tsx","client/src/pages/PurchaseIndents.tsx:1469","apiRequest","apiRequest(""POST"", `/api/purchase-indents/${selectedIndentId}/service-completion`, data)"
"client/src/pages/PurchaseIndents.tsx","client/src/pages/PurchaseIndents.tsx:1484","useMutation","useMutation({ mutationFn: (data: any) => apiRequest(""POST"", `/api/purchase-indents/${selectedIndentId}/bulk-receipt`, data), onSuccess: () => { queryClient.invalidateQueries({ queryKey: [""/api/purchase-indents""] }); queryClient.invalidateQueries({ queryKey: [""/api/pending-plant-receipts""] }); if (selectedIndentId) { queryClient.invalidateQueries({ queryKey: [""/api/purchase-indents"", selectedIndentId] }); queryClient.invalidateQueries({ queryKey: [""/api/purchase-indents"", selectedIndentId, ""transactions""] }); } setBulkReceiptOpen(false); setBulkReceiptData({}); toast({ title: ""Receipt submitted"", description: ""For plant destinations it will appear in the Pending Plant Receipts queue. For site destinations, use 'Log Site Delivery' to record each truckload."" }); }, onError: (err: Error) => { toast({ title: ""Failed to submit plant receipt"", description: err.message, variant: ""destructive"" }); }, })"
"client/src/pages/PurchaseIndents.tsx","client/src/pages/PurchaseIndents.tsx:1485","apiRequest","apiRequest(""POST"", `/api/purchase-indents/${selectedIndentId}/bulk-receipt`, data)"
"client/src/pages/PurchaseIndents.tsx","client/src/pages/PurchaseIndents.tsx:1502","useMutation","useMutation({ mutationFn: ({ itemId, data }: { itemId: number; data: any }) => apiRequest(""POST"", `/api/purchase-indent-items/${itemId}/record-delivery`, data), onSuccess: (_result, { itemId }) => { queryClient.invalidateQueries({ queryKey: [""/api/purchase-indents""] }); if (selectedIndentId) { queryClient.invalidateQueries({ queryKey: [""/api/purchase-indents"", selectedIndentId] }); queryClient.invalidateQueries({ queryKey: [""/api/purchase-indents"", selectedIndentId, ""transactions""] }); } queryClient.invalidateQueries({ predicate: q => String(q.queryKey[0]).startsWith(""/api/stores"") }); setDeliveryExpanded(prev => { const next = new Set(prev); next.delete(itemId); return next; }); setDeliveryForms(prev => { const next = { ...prev }; delete next[itemId]; return next; }); toast({ title: ""Delivery recorded"", description: ""Item status and GRN updated."" }); }, onError: (err: Error) => { toast({ title: ""Failed to record delivery"", description: err.message, variant: ""destructive"" }); }, })"
"client/src/pages/PurchaseIndents.tsx","client/src/pages/PurchaseIndents.tsx:1504","apiRequest","apiRequest(""POST"", `/api/purchase-indent-items/${itemId}/record-delivery`, data)"
"client/src/pages/PurchaseIndents.tsx","client/src/pages/PurchaseIndents.tsx:1521","useMutation","useMutation({ mutationFn: (data: any) => apiRequest(""POST"", `/api/purchase-indents/${selectedIndentId}/record-material-receipt`, data), onSuccess: () => { queryClient.invalidateQueries({ queryKey: [""/api/purchase-indents""] }); if (selectedIndentId) queryClient.invalidateQueries({ queryKey: [""/api/purchase-indents"", selectedIndentId] }); queryClient.invalidateQueries({ queryKey: [""/api/plant-module/material-receipts""] }); setMatReceiptForms({}); setMatReceiptExpanded(new Set()); toast({ title: ""Material receipt recorded — stock updated"" }); }, onError: (err: Error) => { toast({ title: ""Failed to record receipt"", description: err.message, variant: ""destructive"" }); }, })"
"client/src/pages/PurchaseIndents.tsx","client/src/pages/PurchaseIndents.tsx:1522","apiRequest","apiRequest(""POST"", `/api/purchase-indents/${selectedIndentId}/record-material-receipt`, data)"
"client/src/pages/PurchaseIndents.tsx","client/src/pages/PurchaseIndents.tsx:1560","useMutation","useMutation({ mutationFn: (data: any) => apiRequest(""POST"", ""/api/stores/grns"", data), onSuccess: () => { saveGrnMappings(grnLines); queryClient.invalidateQueries({ predicate: q => String(q.queryKey[0]).startsWith(""/api/stores"") }); queryClient.invalidateQueries({ queryKey: [""/api/purchase-indents""] }); toast({ title: ""GRN created — items added to stock"" }); setShowGrnDialog(false); }, onError: (err: any) => { try { const msg: string = err?.message ?? """"; if (msg.startsWith(""422:"")) { const jsonPart = msg.slice(msg.indexOf(""{"")); const body = JSON.parse(jsonPart); if (body?.details?.length) { toast({ title: ""Over-receipt blocked"", description: body.details.join(""; ""), variant: ""destructive"" }); return; } } } catch {} toast({ title: ""Error creating GRN"", variant: ""destructive"" }); }, })"
"client/src/pages/PurchaseIndents.tsx","client/src/pages/PurchaseIndents.tsx:1561","apiRequest","apiRequest(""POST"", ""/api/stores/grns"", data)"
"client/src/pages/PurchaseIndents.tsx","client/src/pages/PurchaseIndents.tsx:1682","apiRequest","apiRequest(""POST"", ""/api/stores/items"", { name: pm.name.toUpperCase(), category: pm.category || ""Aggregate"", defaultUom: pm.defaultUom || l.uom || ""CFT"", isActive: 1, })"
"client/src/pages/PurchaseIndents.tsx","client/src/pages/PurchaseIndents.tsx:1735","useQuery","useQuery<{ items: Array<{ itemId: number; indentId: number; indentNo: string; indentDate: string; description: string; purpose: string; priority: string; qty: number; approvedQty: number | null; qtyPurchased: number | null; purchaseStatus: string | null; vendor: string | null; amount: number | null; uom: string; cancelledBy: string | null; cancelledAt: string | null; expectedDelivery: string | null; paymentMode: string | null; }>; summary: { totalItems: number; fulfillmentRate: number; totalSpend: number; pending: number; purchased: number; partial: number; cancelled: number; notPurchased: number; }; }>({ queryKey: [""/api/purchase-indents/report"", reportQueryParams], queryFn: () => fetch(`/api/purchase-indents/report?${reportQueryParams}`).then(r => r.json()), enabled: view === ""report"", })"
"client/src/pages/PurchaseIndents.tsx","client/src/pages/PurchaseIndents.tsx:1768","fetch(`/api/purchase-indents/report?${reportQueryParams}`).then","fetch(`/api/purchase-indents/report?${reportQueryParams}`).then(r => r.json())"
"client/src/pages/PurchaseIndents.tsx","client/src/pages/PurchaseIndents.tsx:1768","fetch","fetch(`/api/purchase-indents/report?${reportQueryParams}`)"
"client/src/pages/PurchaseIndents.tsx","client/src/pages/PurchaseIndents.tsx:2309","win.print","win.print()"
"client/src/pages/PurchaseIndents.tsx","client/src/pages/PurchaseIndents.tsx:2651","apiRequest","apiRequest(""PATCH"", `/api/purchase-indents/${selectedIndent.id}/items/${itemId}/destination`, { receivingLocation, receivingSiteId })"
"client/src/pages/PurchaseIndents.tsx","client/src/pages/PurchaseIndents.tsx:3512","handlePrintIndent","handlePrintIndent(selectedIndent)"
"client/src/pages/PurchaseIndents.tsx","client/src/pages/PurchaseIndents.tsx:4010","handlePrintIndent","handlePrintIndent(selectedIndent)"
"client/src/pages/RateCards.tsx","client/src/pages/RateCards.tsx:103","useQuery","useQuery<string[]>({ queryKey: [""/api/vendor-bills/vendor-names""], })"
"client/src/pages/RateCards.tsx","client/src/pages/RateCards.tsx:107","useQuery","useQuery<DiscoveredItem[]>({ queryKey: [""/api/vendor-rate-cards/discover"", selectedVendor], enabled: !!selectedVendor, queryFn: async () => { const r = await fetch(`/api/vendor-rate-cards/discover?vendorName=${encodeURIComponent(selectedVendor)}`); if (!r.ok) { const err = await r.json().catch(() => ({ message: ""Failed to discover items"" })); throw new Error(err.message || ""Failed to discover items""); } return r.json(); }, })"
"client/src/pages/RateCards.tsx","client/src/pages/RateCards.tsx:111","fetch","fetch(`/api/vendor-rate-cards/discover?vendorName=${encodeURIComponent(selectedVendor)}`)"
"client/src/pages/RateCards.tsx","client/src/pages/RateCards.tsx:120","useQuery","useQuery<any[]>({ queryKey: [""/api/vendor-rate-cards"", selectedVendor], enabled: !!selectedVendor, queryFn: async () => { const r = await fetch(`/api/vendor-rate-cards?vendorName=${encodeURIComponent(selectedVendor)}`); return r.ok ? r.json() : []; }, })"
"client/src/pages/RateCards.tsx","client/src/pages/RateCards.tsx:124","fetch","fetch(`/api/vendor-rate-cards?vendorName=${encodeURIComponent(selectedVendor)}`)"
"client/src/pages/RateCards.tsx","client/src/pages/RateCards.tsx:193","useQuery","useQuery<string[]>({ queryKey: [""/api/equipment-master/canonical-types"", selectedVendor], enabled: !!selectedVendor, queryFn: async () => { const r = await fetch(`/api/equipment-master/canonical-types?vendorName=${encodeURIComponent(selectedVendor)}`); return r.ok ? r.json() : []; }, })"
"client/src/pages/RateCards.tsx","client/src/pages/RateCards.tsx:197","fetch","fetch(`/api/equipment-master/canonical-types?vendorName=${encodeURIComponent(selectedVendor)}`)"
"client/src/pages/RateCards.tsx","client/src/pages/RateCards.tsx:202","useQuery","useQuery<any[]>({ queryKey: [""/api/plant-materials""], enabled: !!selectedVendor, })"
"client/src/pages/RateCards.tsx","client/src/pages/RateCards.tsx:221","useMutation","useMutation({ mutationFn: (items: any[]) => apiRequest(""POST"", ""/api/vendor-rate-cards/bulk-upsert"", { items }), onSuccess: (_, variables) => { queryClient.invalidateQueries({ queryKey: [""/api/vendor-rate-cards""] }); queryClient.invalidateQueries({ queryKey: [""/api/vendor-rate-cards/discover"", selectedVendor] }); const savedCount = variables.filter((i: any) => i.rate && i.rate > 0).length; toast({ title: `${savedCount} rate(s) saved` }); onReturnToDraft?.(); }, onError: (err: any) => toast({ title: err.message || ""Failed to save rates"", variant: ""destructive"" }), })"
"client/src/pages/RateCards.tsx","client/src/pages/RateCards.tsx:222","apiRequest","apiRequest(""POST"", ""/api/vendor-rate-cards/bulk-upsert"", { items })"
"client/src/pages/RateCards.tsx","client/src/pages/RateCards.tsx:233","useMutation","useMutation({ mutationFn: ({ rateCardId }: { rateCardId: number; row: ManualRow }) => apiRequest(""DELETE"", `/api/vendor-rate-cards/${rateCardId}`), onSuccess: (_, variables) => { deletedManualRowsRef.current.delete(variables.rateCardId); queryClient.invalidateQueries({ queryKey: [""/api/vendor-rate-cards""] }); queryClient.invalidateQueries({ queryKey: [""/api/vendor-rate-cards/discover"", selectedVendor] }); toast({ title: ""Manual rate-card row removed"" }); }, onError: (err: any, variables) => { const removedRow = deletedManualRowsRef.current.get(variables.rateCardId); if (removedRow) { setManualRows(previous => previous.some(row => row.id === removedRow.id) ? previous : [...previous, removedRow]); deletedManualRowsRef.current.delete(variables.rateCardId); } queryClient.invalidateQueries({ queryKey: [""/api/vendor-rate-cards""] }); queryClient.invalidateQueries({ queryKey: [""/api/vendor-rate-cards/discover"", selectedVendor] }); toast({ title: err.message || ""Failed to remove rate-card row"", variant: ""destructive"" }); }, })"
"client/src/pages/RateCards.tsx","client/src/pages/RateCards.tsx:235","apiRequest","apiRequest(""DELETE"", `/api/vendor-rate-cards/${rateCardId}`)"
"client/src/pages/RateCards.tsx","client/src/pages/RateCards.tsx:254","useMutation","useMutation({ mutationFn: (item: DiscoveredItem) => apiRequest(""DELETE"", `/api/vendor-rate-cards/${item.rateCardId}`), onSuccess: (_, item) => { setRates(previous => ({ ...previous, [item.itemKey]: """" })); setUnitOverrides(previous => { const next = { ...previous }; delete next[item.itemKey]; return next; }); queryClient.invalidateQueries({ queryKey: [""/api/vendor-rate-cards""] }); queryClient.invalidateQueries({ queryKey: [""/api/vendor-rate-cards/discover"", selectedVendor] }); toast({ title: ""Saved rate removed. Historical item remains available."" }); }, onError: (err: Error) => toast({ title: err.message || ""Failed to remove saved rate"", variant: ""destructive"" }), })"
"client/src/pages/RateCards.tsx","client/src/pages/RateCards.tsx:255","apiRequest","apiRequest(""DELETE"", `/api/vendor-rate-cards/${item.rateCardId}`)"
"client/src/pages/RateCards.tsx","client/src/pages/RateCards.tsx:331","apiRequest","apiRequest(""PATCH"", `/api/vendor-rate-cards/${card.id}/transport-setup`, body)"
"client/src/pages/ResourceReview.tsx","client/src/pages/ResourceReview.tsx:28","useQuery","useQuery<RecipeItem[]>({ queryKey: [""/api/boq/projects"", projectId, ""resource-review""], queryFn: async () => { const res = await fetch(`/api/boq/projects/${projectId}/resource-review`, { credentials: ""include"" }); if (!res.ok) throw new Error(""Failed to load""); return res.json(); }, })"
"client/src/pages/ResourceReview.tsx","client/src/pages/ResourceReview.tsx:31","fetch","fetch(`/api/boq/projects/${projectId}/resource-review`, { credentials: ""include"" })"
"client/src/pages/ResourceReview.tsx","client/src/pages/ResourceReview.tsx:49","apiRequest","apiRequest(""PUT"", `/api/boq/items/${row.it.id}/equipment`, { rows: keep })"
"client/src/pages/ResourceReview.tsx","client/src/pages/ResourceReview.tsx:59","apiRequest","apiRequest(""PUT"", `/api/boq/items/${r.it.id}/equipment`, { rows: keep })"
"client/src/pages/RmcBatchRecords.tsx","client/src/pages/RmcBatchRecords.tsx:38","window.print","window.print()"
"client/src/pages/RmcBatchRecords.tsx","client/src/pages/RmcBatchRecords.tsx:136","useQuery","useQuery<string[]>({ queryKey: [""/api/rmc/plants""], queryFn: () => apiRequest(""GET"", ""/api/rmc/plants"").then(r => r.json()), })"
"client/src/pages/RmcBatchRecords.tsx","client/src/pages/RmcBatchRecords.tsx:138","apiRequest(""GET"", ""/api/rmc/plants"").then","apiRequest(""GET"", ""/api/rmc/plants"").then(r => r.json())"
"client/src/pages/RmcBatchRecords.tsx","client/src/pages/RmcBatchRecords.tsx:138","apiRequest","apiRequest(""GET"", ""/api/rmc/plants"")"
"client/src/pages/RmcBatchRecords.tsx","client/src/pages/RmcBatchRecords.tsx:143","useQuery","useQuery<RmcMixDesign[]>({ queryKey: [""/api/rmc/mix-designs""], })"
"client/src/pages/RmcBatchRecords.tsx","client/src/pages/RmcBatchRecords.tsx:147","useQuery","useQuery<RmcBatchRecordWithDesign[]>({ queryKey: [""/api/rmc/batch-records"", dateFrom, dateTo, plantName], queryFn: () => apiRequest(""GET"", `/api/rmc/batch-records?dateFrom=${dateFrom}&dateTo=${dateTo}${plantParam}`) .then(r => r.json()), })"
"client/src/pages/RmcBatchRecords.tsx","client/src/pages/RmcBatchRecords.tsx:150","apiRequest(""GET"", `/api/rmc/batch-records?dateFrom=${dateFrom}&dateTo=${dateTo}${plantParam}`)
        .then","apiRequest(""GET"", `/api/rmc/batch-records?dateFrom=${dateFrom}&dateTo=${dateTo}${plantParam}`) .then(r => r.json())"
"client/src/pages/RmcBatchRecords.tsx","client/src/pages/RmcBatchRecords.tsx:150","apiRequest","apiRequest(""GET"", `/api/rmc/batch-records?dateFrom=${dateFrom}&dateTo=${dateTo}${plantParam}`)"
"client/src/pages/RmcBatchRecords.tsx","client/src/pages/RmcBatchRecords.tsx:154","useMutation","useMutation({ mutationFn: async (payload: any) => { const res = editingId ? await apiRequest(""PATCH"", `/api/rmc/batch-records/${editingId}`, payload) : await apiRequest(""POST"", ""/api/rmc/batch-records"", payload); if (!res.ok) { const e = await res.json(); throw new Error(e.message || ""Failed""); } return res.json(); }, onSuccess: (result: any) => { queryClient.invalidateQueries({ queryKey: [""/api/rmc/batch-records""] }); setOpen(false); const warnings: string[] = result?.warnings ?? []; if (warnings.length > 0) { toast({ title: editingId ? ""Batch record updated — stock gap detected"" : ""Batch record saved — stock gap detected"", description: `Stock was NOT deducted for: ${warnings.join("", "")}. No matching plant material found. Use the Reprocess tool once the material name is corrected.`, variant: ""destructive"", duration: 12000, }); } else { toast({ title: editingId ? ""Batch record updated"" : ""Batch record saved"" }); } }, onError: (e: any) => toast({ title: ""Error"", description: e.message, variant: ""destructive"" }), })"
"client/src/pages/RmcBatchRecords.tsx","client/src/pages/RmcBatchRecords.tsx:157","apiRequest","apiRequest(""PATCH"", `/api/rmc/batch-records/${editingId}`, payload)"
"client/src/pages/RmcBatchRecords.tsx","client/src/pages/RmcBatchRecords.tsx:158","apiRequest","apiRequest(""POST"", ""/api/rmc/batch-records"", payload)"
"client/src/pages/RmcBatchRecords.tsx","client/src/pages/RmcBatchRecords.tsx:180","useMutation","useMutation({ mutationFn: async () => { const res = await apiRequest(""POST"", ""/api/rmc/batch-records/reprocess-missed-deductions""); if (!res.ok) { const e = await res.json(); throw new Error(e.message || ""Failed""); } return res.json() as Promise<{ batchesScanned: number; deductionsApplied: Array<{ batchId: number; grade: string; component: string; materialName: string; qtyTon: number }>; warnings: string[] }>; }, onSuccess: (result) => { queryClient.invalidateQueries({ queryKey: [""/api/rmc/batch-records""] }); const n = result.deductionsApplied.length; if (n === 0) { toast({ title: ""Reprocess complete"", description: `${result.batchesScanned} batches scanned — no missed deductions found.` }); } else { const lines = result.deductionsApplied.map(d => `Batch #${d.batchId} (${d.grade}): ${d.component} → ${d.materialName} — ${d.qtyTon.toFixed(3)} Ton`); toast({ title: `Reprocess complete — ${n} deduction${n !== 1 ? ""s"" : """"} applied`, description: lines.slice(0, 6).join(""\n"") + (lines.length > 6 ? `\n…and ${lines.length - 6} more` : """"), duration: 10000, }); } }, onError: (e: any) => toast({ title: ""Reprocess failed"", description: e.message, variant: ""destructive"" }), })"
"client/src/pages/RmcBatchRecords.tsx","client/src/pages/RmcBatchRecords.tsx:182","apiRequest","apiRequest(""POST"", ""/api/rmc/batch-records/reprocess-missed-deductions"")"
"client/src/pages/RmcBatchRecords.tsx","client/src/pages/RmcBatchRecords.tsx:203","useMutation","useMutation({ mutationFn: async (id: number) => { const res = await apiRequest(""DELETE"", `/api/rmc/batch-records/${id}`); if (!res.ok) { const e = await res.json(); throw new Error(e.message || ""Failed""); } }, onSuccess: () => { queryClient.invalidateQueries({ queryKey: [""/api/rmc/batch-records""] }); toast({ title: ""Record deleted"" }); }, onError: (e: any) => toast({ title: ""Error"", description: e.message, variant: ""destructive"" }), })"
"client/src/pages/RmcBatchRecords.tsx","client/src/pages/RmcBatchRecords.tsx:205","apiRequest","apiRequest(""DELETE"", `/api/rmc/batch-records/${id}`)"
"client/src/pages/RmcBatchRecords.tsx","client/src/pages/RmcBatchRecords.tsx:260","setPrintRecord","setPrintRecord(null)"
"client/src/pages/RmcBatchRecords.tsx","client/src/pages/RmcBatchRecords.tsx:378","setPrintRecord","setPrintRecord(r)"
"client/src/pages/RmcCubeTests.tsx","client/src/pages/RmcCubeTests.tsx:64","useQuery","useQuery<RmcCubeTest[]>({ queryKey: [""/api/rmc/cube-tests"", dateFrom, dateTo, filterAge], queryFn: () => { const p = new URLSearchParams({ dateFrom, dateTo }); if (filterAge && filterAge !== ""all"") p.set(""ageDays"", filterAge); return apiRequest(""GET"", `/api/rmc/cube-tests?${p}`).then(r => r.json()); }, })"
"client/src/pages/RmcCubeTests.tsx","client/src/pages/RmcCubeTests.tsx:69","apiRequest(""GET"", `/api/rmc/cube-tests?${p}`).then","apiRequest(""GET"", `/api/rmc/cube-tests?${p}`).then(r => r.json())"
"client/src/pages/RmcCubeTests.tsx","client/src/pages/RmcCubeTests.tsx:69","apiRequest","apiRequest(""GET"", `/api/rmc/cube-tests?${p}`)"
"client/src/pages/RmcCubeTests.tsx","client/src/pages/RmcCubeTests.tsx:73","useQuery","useQuery<RmcBatchRecordWithDesign[]>({ queryKey: [""/api/rmc/batch-records""], queryFn: () => apiRequest(""GET"", ""/api/rmc/batch-records"").then(r => r.json()), })"
"client/src/pages/RmcCubeTests.tsx","client/src/pages/RmcCubeTests.tsx:75","apiRequest(""GET"", ""/api/rmc/batch-records"").then","apiRequest(""GET"", ""/api/rmc/batch-records"").then(r => r.json())"
"client/src/pages/RmcCubeTests.tsx","client/src/pages/RmcCubeTests.tsx:75","apiRequest","apiRequest(""GET"", ""/api/rmc/batch-records"")"
"client/src/pages/RmcCubeTests.tsx","client/src/pages/RmcCubeTests.tsx:78","useMutation","useMutation({ mutationFn: async (payload: any) => { const res = editingId ? await apiRequest(""PATCH"", `/api/rmc/cube-tests/${editingId}`, payload) : await apiRequest(""POST"", ""/api/rmc/cube-tests"", payload); if (!res.ok) { const e = await res.json(); throw new Error(e.message || ""Failed""); } return res.json(); }, onSuccess: () => { queryClient.invalidateQueries({ queryKey: [""/api/rmc/cube-tests""] }); toast({ title: editingId ? ""Test result updated"" : ""Test result recorded"" }); setOpen(false); }, onError: (e: any) => toast({ title: ""Error"", description: e.message, variant: ""destructive"" }), })"
"client/src/pages/RmcCubeTests.tsx","client/src/pages/RmcCubeTests.tsx:81","apiRequest","apiRequest(""PATCH"", `/api/rmc/cube-tests/${editingId}`, payload)"
"client/src/pages/RmcCubeTests.tsx","client/src/pages/RmcCubeTests.tsx:82","apiRequest","apiRequest(""POST"", ""/api/rmc/cube-tests"", payload)"
"client/src/pages/RmcCubeTests.tsx","client/src/pages/RmcCubeTests.tsx:94","useMutation","useMutation({ mutationFn: async (id: number) => { const res = await apiRequest(""DELETE"", `/api/rmc/cube-tests/${id}`); if (!res.ok) { const e = await res.json(); throw new Error(e.message || ""Failed""); } }, onSuccess: () => { queryClient.invalidateQueries({ queryKey: [""/api/rmc/cube-tests""] }); toast({ title: ""Test deleted"" }); }, onError: (e: any) => toast({ title: ""Error"", description: e.message, variant: ""destructive"" }), })"
"client/src/pages/RmcCubeTests.tsx","client/src/pages/RmcCubeTests.tsx:96","apiRequest","apiRequest(""DELETE"", `/api/rmc/cube-tests/${id}`)"
"client/src/pages/RmcDailyReport.tsx","client/src/pages/RmcDailyReport.tsx:39","useQuery","useQuery<string[]>({ queryKey: [""/api/rmc/plants""], queryFn: () => apiRequest(""GET"", ""/api/rmc/plants"").then(r => r.json()), })"
"client/src/pages/RmcDailyReport.tsx","client/src/pages/RmcDailyReport.tsx:41","apiRequest(""GET"", ""/api/rmc/plants"").then","apiRequest(""GET"", ""/api/rmc/plants"").then(r => r.json())"
"client/src/pages/RmcDailyReport.tsx","client/src/pages/RmcDailyReport.tsx:41","apiRequest","apiRequest(""GET"", ""/api/rmc/plants"")"
"client/src/pages/RmcDailyReport.tsx","client/src/pages/RmcDailyReport.tsx:46","useQuery","useQuery<DailyReport>({ queryKey: [""/api/rmc/daily-report"", date, plantName], queryFn: () => apiRequest(""GET"", `/api/rmc/daily-report?date=${date}${plantParam}`).then(r => r.json()), enabled: !!date, })"
"client/src/pages/RmcDailyReport.tsx","client/src/pages/RmcDailyReport.tsx:48","apiRequest(""GET"", `/api/rmc/daily-report?date=${date}${plantParam}`).then","apiRequest(""GET"", `/api/rmc/daily-report?date=${date}${plantParam}`).then(r => r.json())"
"client/src/pages/RmcDailyReport.tsx","client/src/pages/RmcDailyReport.tsx:48","apiRequest","apiRequest(""GET"", `/api/rmc/daily-report?date=${date}${plantParam}`)"
"client/src/pages/RmcDailyReport.tsx","client/src/pages/RmcDailyReport.tsx:52","window.print","window.print()"
"client/src/pages/RmcDeliveryChallans.tsx","client/src/pages/RmcDeliveryChallans.tsx:18","window.print","window.print()"
"client/src/pages/RmcDeliveryChallans.tsx","client/src/pages/RmcDeliveryChallans.tsx:106","useQuery","useQuery<RmcBatchRecordWithDesign[]>({ queryKey: [""/api/rmc/batch-records"", dateFrom, dateTo], queryFn: () => apiRequest(""GET"", `/api/rmc/batch-records?dateFrom=${dateFrom}&dateTo=${dateTo}`) .then(r => r.json()), })"
"client/src/pages/RmcDeliveryChallans.tsx","client/src/pages/RmcDeliveryChallans.tsx:109","apiRequest(""GET"", `/api/rmc/batch-records?dateFrom=${dateFrom}&dateTo=${dateTo}`)
        .then","apiRequest(""GET"", `/api/rmc/batch-records?dateFrom=${dateFrom}&dateTo=${dateTo}`) .then(r => r.json())"
"client/src/pages/RmcDeliveryChallans.tsx","client/src/pages/RmcDeliveryChallans.tsx:109","apiRequest","apiRequest(""GET"", `/api/rmc/batch-records?dateFrom=${dateFrom}&dateTo=${dateTo}`)"
"client/src/pages/RmcDeliveryChallans.tsx","client/src/pages/RmcDeliveryChallans.tsx:117","setPrintRecord","setPrintRecord(null)"
"client/src/pages/RmcDeliveryChallans.tsx","client/src/pages/RmcDeliveryChallans.tsx:192","setPrintRecord","setPrintRecord(r)"
"client/src/pages/RmcHub.tsx","client/src/pages/RmcHub.tsx:85","useQuery","useQuery<RmcSummary>({ queryKey: [""/api/rmc/today-summary"", todayStr], queryFn: async () => { const params = new URLSearchParams({ date: todayStr }); const r = await fetch(`/api/rmc/today-summary?${params}`); if (!r.ok) throw new Error(""Failed""); return r.json(); }, enabled: canProduction, staleTime: 2 * 60 * 1000, refetchInterval: 5 * 60 * 1000, })"
"client/src/pages/RmcHub.tsx","client/src/pages/RmcHub.tsx:89","fetch","fetch(`/api/rmc/today-summary?${params}`)"
"client/src/pages/RmcHub.tsx","client/src/pages/RmcHub.tsx:98","useQuery","useQuery<{ testDate: string }[]>({ queryKey: [""/api/rmc/cube-tests"", todayStr], queryFn: () => apiRequest(""GET"", `/api/rmc/cube-tests?dateFrom=${todayStr}&dateTo=${todayStr}`).then(r => r.json()), enabled: canProduction, staleTime: 2 * 60 * 1000, refetchInterval: 5 * 60 * 1000, })"
"client/src/pages/RmcHub.tsx","client/src/pages/RmcHub.tsx:101","apiRequest(""GET"", `/api/rmc/cube-tests?dateFrom=${todayStr}&dateTo=${todayStr}`).then","apiRequest(""GET"", `/api/rmc/cube-tests?dateFrom=${todayStr}&dateTo=${todayStr}`).then(r => r.json())"
"client/src/pages/RmcHub.tsx","client/src/pages/RmcHub.tsx:101","apiRequest","apiRequest(""GET"", `/api/rmc/cube-tests?dateFrom=${todayStr}&dateTo=${todayStr}`)"
"client/src/pages/RmcHub.tsx","client/src/pages/RmcHub.tsx:107","useQuery","useQuery<DaySummary[]>({ queryKey: [""/api/rmc/summary-range"", sevenDaysAgo, todayStr], queryFn: async () => { const params = new URLSearchParams({ dateFrom: sevenDaysAgo, dateTo: todayStr }); const r = await fetch(`/api/rmc/summary-range?${params}`); if (!r.ok) throw new Error(""Failed""); return r.json(); }, enabled: canProduction, staleTime: 5 * 60 * 1000, })"
"client/src/pages/RmcHub.tsx","client/src/pages/RmcHub.tsx:111","fetch","fetch(`/api/rmc/summary-range?${params}`)"
"client/src/pages/RmcMixDesigns.tsx","client/src/pages/RmcMixDesigns.tsx:47","useQuery","useQuery<RmcMixDesign[]>({ queryKey: [""/api/rmc/mix-designs""], })"
"client/src/pages/RmcMixDesigns.tsx","client/src/pages/RmcMixDesigns.tsx:51","useMutation","useMutation({ mutationFn: async (payload: any) => { const res = editingId ? await apiRequest(""PATCH"", `/api/rmc/mix-designs/${editingId}`, payload) : await apiRequest(""POST"", ""/api/rmc/mix-designs"", payload); if (!res.ok) { const e = await res.json(); throw new Error(e.message || ""Failed""); } return res.json(); }, onSuccess: () => { queryClient.invalidateQueries({ queryKey: [""/api/rmc/mix-designs""] }); toast({ title: editingId ? ""Mix design updated"" : ""Mix design created"" }); setOpen(false); }, onError: (e: any) => toast({ title: ""Error"", description: e.message, variant: ""destructive"" }), })"
"client/src/pages/RmcMixDesigns.tsx","client/src/pages/RmcMixDesigns.tsx:54","apiRequest","apiRequest(""PATCH"", `/api/rmc/mix-designs/${editingId}`, payload)"
"client/src/pages/RmcMixDesigns.tsx","client/src/pages/RmcMixDesigns.tsx:55","apiRequest","apiRequest(""POST"", ""/api/rmc/mix-designs"", payload)"
"client/src/pages/RmcMixDesigns.tsx","client/src/pages/RmcMixDesigns.tsx:67","useMutation","useMutation({ mutationFn: async (id: number) => { const res = await apiRequest(""DELETE"", `/api/rmc/mix-designs/${id}`); if (!res.ok) { const e = await res.json(); throw new Error(e.message || ""Failed""); } }, onSuccess: () => { queryClient.invalidateQueries({ queryKey: [""/api/rmc/mix-designs""] }); toast({ title: ""Mix design deleted"" }); }, onError: (e: any) => toast({ title: ""Error"", description: e.message, variant: ""destructive"" }), })"
"client/src/pages/RmcMixDesigns.tsx","client/src/pages/RmcMixDesigns.tsx:69","apiRequest","apiRequest(""DELETE"", `/api/rmc/mix-designs/${id}`)"
"client/src/pages/RmcRawMaterials.tsx","client/src/pages/RmcRawMaterials.tsx:68","useQuery","useQuery<string[]>({ queryKey: [""/api/rmc/plants""], queryFn: () => apiRequest(""GET"", ""/api/rmc/plants"").then(r => r.json()), })"
"client/src/pages/RmcRawMaterials.tsx","client/src/pages/RmcRawMaterials.tsx:70","apiRequest(""GET"", ""/api/rmc/plants"").then","apiRequest(""GET"", ""/api/rmc/plants"").then(r => r.json())"
"client/src/pages/RmcRawMaterials.tsx","client/src/pages/RmcRawMaterials.tsx:70","apiRequest","apiRequest(""GET"", ""/api/rmc/plants"")"
"client/src/pages/RmcRawMaterials.tsx","client/src/pages/RmcRawMaterials.tsx:75","useQuery","useQuery<RmcRawMaterialReceipt[]>({ queryKey: [""/api/rmc/raw-materials"", dateFrom, dateTo, plantName], queryFn: () => apiRequest(""GET"", `/api/rmc/raw-materials?dateFrom=${dateFrom}&dateTo=${dateTo}${plantParam}`) .then(r => r.json()), })"
"client/src/pages/RmcRawMaterials.tsx","client/src/pages/RmcRawMaterials.tsx:78","apiRequest(""GET"", `/api/rmc/raw-materials?dateFrom=${dateFrom}&dateTo=${dateTo}${plantParam}`)
        .then","apiRequest(""GET"", `/api/rmc/raw-materials?dateFrom=${dateFrom}&dateTo=${dateTo}${plantParam}`) .then(r => r.json())"
"client/src/pages/RmcRawMaterials.tsx","client/src/pages/RmcRawMaterials.tsx:78","apiRequest","apiRequest(""GET"", `/api/rmc/raw-materials?dateFrom=${dateFrom}&dateTo=${dateTo}${plantParam}`)"
"client/src/pages/RmcRawMaterials.tsx","client/src/pages/RmcRawMaterials.tsx:82","useQuery","useQuery<{ materialName: string; category: string; totalReceived: number; totalConsumed: number; balance: number; uom: string; balanceKg: number | null }[]>({ queryKey: [""/api/rmc/stock-summary"", plantName], queryFn: () => apiRequest(""GET"", `/api/rmc/stock-summary${plantName ? `?plantName=${encodeURIComponent(plantName)}` : """"}`) .then(r => r.json()), })"
"client/src/pages/RmcRawMaterials.tsx","client/src/pages/RmcRawMaterials.tsx:85","apiRequest(""GET"", `/api/rmc/stock-summary${plantName ? `?plantName=${encodeURIComponent(plantName)}` : """"}`)
        .then","apiRequest(""GET"", `/api/rmc/stock-summary${plantName ? `?plantName=${encodeURIComponent(plantName)}` : """"}`) .then(r => r.json())"
"client/src/pages/RmcRawMaterials.tsx","client/src/pages/RmcRawMaterials.tsx:85","apiRequest","apiRequest(""GET"", `/api/rmc/stock-summary${plantName ? `?plantName=${encodeURIComponent(plantName)}` : """"}`)"
"client/src/pages/RmcRawMaterials.tsx","client/src/pages/RmcRawMaterials.tsx:89","useMutation","useMutation({ mutationFn: async (payload: any) => { const res = editingId ? await apiRequest(""PATCH"", `/api/rmc/raw-materials/${editingId}`, payload) : await apiRequest(""POST"", ""/api/rmc/raw-materials"", payload); if (!res.ok) { const e = await res.json(); throw new Error(e.message || ""Failed""); } return res.json(); }, onSuccess: () => { queryClient.invalidateQueries({ queryKey: [""/api/rmc/raw-materials""] }); queryClient.invalidateQueries({ queryKey: [""/api/rmc/stock-summary""] }); queryClient.invalidateQueries({ queryKey: [""/api/rmc/plants""] }); toast({ title: editingId ? ""Receipt updated"" : ""Receipt recorded"" }); setOpen(false); }, onError: (e: any) => toast({ title: ""Error"", description: e.message, variant: ""destructive"" }), })"
"client/src/pages/RmcRawMaterials.tsx","client/src/pages/RmcRawMaterials.tsx:92","apiRequest","apiRequest(""PATCH"", `/api/rmc/raw-materials/${editingId}`, payload)"
"client/src/pages/RmcRawMaterials.tsx","client/src/pages/RmcRawMaterials.tsx:93","apiRequest","apiRequest(""POST"", ""/api/rmc/raw-materials"", payload)"
"client/src/pages/RmcRawMaterials.tsx","client/src/pages/RmcRawMaterials.tsx:107","useMutation","useMutation({ mutationFn: async (id: number) => { const res = await apiRequest(""DELETE"", `/api/rmc/raw-materials/${id}`); if (!res.ok) { const e = await res.json(); throw new Error(e.message || ""Failed""); } }, onSuccess: () => { queryClient.invalidateQueries({ queryKey: [""/api/rmc/raw-materials""] }); queryClient.invalidateQueries({ queryKey: [""/api/rmc/stock-summary""] }); toast({ title: ""Receipt deleted"" }); }, onError: (e: any) => toast({ title: ""Error"", description: e.message, variant: ""destructive"" }), })"
"client/src/pages/RmcRawMaterials.tsx","client/src/pages/RmcRawMaterials.tsx:109","apiRequest","apiRequest(""DELETE"", `/api/rmc/raw-materials/${id}`)"
"client/src/pages/RoadGeometry.tsx","client/src/pages/RoadGeometry.tsx:34","useQueryClient","useQueryClient()"
"client/src/pages/RoadGeometry.tsx","client/src/pages/RoadGeometry.tsx:36","useQuery","useQuery<BoqProject>({ queryKey: [`/api/boq/projects/${projectId}`] })"
"client/src/pages/RoadGeometry.tsx","client/src/pages/RoadGeometry.tsx:37","useQuery","useQuery<any[]>({ queryKey: [`/api/boq/projects/${projectId}/items`] })"
"client/src/pages/RoadGeometry.tsx","client/src/pages/RoadGeometry.tsx:38","useQuery","useQuery<any>({ queryKey: [`/api/boq/projects/${projectId}/road-geometry`], queryFn: () => fetch(`/api/boq/projects/${projectId}/road-geometry`, { credentials: ""include"" }).then(r => r.ok ? r.json() : null), })"
"client/src/pages/RoadGeometry.tsx","client/src/pages/RoadGeometry.tsx:40","fetch(`/api/boq/projects/${projectId}/road-geometry`, { credentials: ""include"" }).then","fetch(`/api/boq/projects/${projectId}/road-geometry`, { credentials: ""include"" }).then(r => r.ok ? r.json() : null)"
"client/src/pages/RoadGeometry.tsx","client/src/pages/RoadGeometry.tsx:40","fetch","fetch(`/api/boq/projects/${projectId}/road-geometry`, { credentials: ""include"" })"
"client/src/pages/RoadGeometry.tsx","client/src/pages/RoadGeometry.tsx:123","useMutation","useMutation({ mutationFn: async () => (await apiRequest(""PUT"", `/api/boq/projects/${projectId}/road-geometry`, { enabled, formationWidthM: num(widths.formation), carriagewayWidthM: num(widths.cw), pavedShoulderLhsM: num(widths.pavedL), pavedShoulderRhsM: num(widths.pavedR), softShoulderLhsM: num(widths.softL), softShoulderRhsM: num(widths.softR), layers, })).json(), onSuccess: () => { qc.invalidateQueries({ queryKey: [`/api/boq/projects/${projectId}/road-geometry`] }); toast({ title: ""Road geometry saved"" }); }, onError: (e: any) => toast({ title: ""Could not save"", description: String(e?.message ?? e), variant: ""destructive"" }), })"
"client/src/pages/RoadGeometry.tsx","client/src/pages/RoadGeometry.tsx:124","(await apiRequest(""PUT"", `/api/boq/projects/${projectId}/road-geometry`, {
      enabled,
      formationWidthM: num(widths.formation),
      carriagewayWidthM: num(widths.cw),
      pavedShoulderLhsM: num(widths.pavedL),
      pavedShoulderRhsM: num(widths.pavedR),
      softShoulderLhsM: num(widths.softL),
      softShoulderRhsM: num(widths.softR),
      layers,
    })).json","(await apiRequest(""PUT"", `/api/boq/projects/${projectId}/road-geometry`, { enabled, formationWidthM: num(widths.formation), carriagewayWidthM: num(widths.cw), pavedShoulderLhsM: num(widths.pavedL), pavedShoulderRhsM: num(widths.pavedR), softShoulderLhsM: num(widths.softL), softShoulderRhsM: num(widths.softR), layers, })).json()"
"client/src/pages/RoadGeometry.tsx","client/src/pages/RoadGeometry.tsx:124","apiRequest","apiRequest(""PUT"", `/api/boq/projects/${projectId}/road-geometry`, { enabled, formationWidthM: num(widths.formation), carriagewayWidthM: num(widths.cw), pavedShoulderLhsM: num(widths.pavedL), pavedShoulderRhsM: num(widths.pavedR), softShoulderLhsM: num(widths.softL), softShoulderRhsM: num(widths.softR), layers, })"
"client/src/pages/ScenarioComparison.tsx","client/src/pages/ScenarioComparison.tsx:58","useQuery","useQuery<MixEstimate>({ queryKey: [""/api/mix-estimates"", estimateId], enabled: estimateId > 0, })"
"client/src/pages/ScenarioComparison.tsx","client/src/pages/ScenarioComparison.tsx:63","useQuery","useQuery<PriceScenario[]>({ queryKey: [""/api/price-scenarios"", estimateId], queryFn: () => fetch(`/api/price-scenarios?estimateId=${estimateId}`).then(r => r.json()), enabled: estimateId > 0, })"
"client/src/pages/ScenarioComparison.tsx","client/src/pages/ScenarioComparison.tsx:65","fetch(`/api/price-scenarios?estimateId=${estimateId}`).then","fetch(`/api/price-scenarios?estimateId=${estimateId}`).then(r => r.json())"
"client/src/pages/ScenarioComparison.tsx","client/src/pages/ScenarioComparison.tsx:65","fetch","fetch(`/api/price-scenarios?estimateId=${estimateId}`)"
"client/src/pages/ScenarioComparison.tsx","client/src/pages/ScenarioComparison.tsx:176","window.print","window.print()"
"client/src/pages/ScopeSetup.tsx","client/src/pages/ScopeSetup.tsx:58","useQueryClient","useQueryClient()"
"client/src/pages/ScopeSetup.tsx","client/src/pages/ScopeSetup.tsx:64","useQuery","useQuery<BoqProject>({ queryKey: projectKey })"
"client/src/pages/ScopeSetup.tsx","client/src/pages/ScopeSetup.tsx:65","useQuery","useQuery<ProjectScopeSegment[]>({ queryKey: segKey })"
"client/src/pages/ScopeSetup.tsx","client/src/pages/ScopeSetup.tsx:66","useQuery","useQuery<any>({ queryKey: recKey })"
"client/src/pages/ScopeSetup.tsx","client/src/pages/ScopeSetup.tsx:67","useQuery","useQuery<any[]>({ queryKey: [`/api/boq/projects/${projectId}/categories`] })"
"client/src/pages/ScopeSetup.tsx","client/src/pages/ScopeSetup.tsx:68","useQuery","useQuery<any[]>({ queryKey: [`/api/boq/projects/${projectId}/items`] })"
"client/src/pages/ScopeSetup.tsx","client/src/pages/ScopeSetup.tsx:69","useQuery","useQuery<{ user?: { isAdmin?: boolean; isOwner?: boolean } } | null>({ queryKey: [""/api/auth/me""] })"
"client/src/pages/ScopeSetup.tsx","client/src/pages/ScopeSetup.tsx:78","useMutation","useMutation({ mutationFn: async (body: any) => (await apiRequest(""PATCH"", `/api/boq/projects/${projectId}/corridor`, body)).json(), onSuccess: () => { qc.invalidateQueries({ queryKey: projectKey }); qc.invalidateQueries({ queryKey: recKey }); setCorridorEdit(false); toast({ title: ""Corridor updated"" }); }, onError: (e: any) => toast({ title: ""Could not update corridor"", description: String(e?.message ?? e), variant: ""destructive"" }), })"
"client/src/pages/ScopeSetup.tsx","client/src/pages/ScopeSetup.tsx:79","(await apiRequest(""PATCH"", `/api/boq/projects/${projectId}/corridor`, body)).json","(await apiRequest(""PATCH"", `/api/boq/projects/${projectId}/corridor`, body)).json()"
"client/src/pages/ScopeSetup.tsx","client/src/pages/ScopeSetup.tsx:79","apiRequest","apiRequest(""PATCH"", `/api/boq/projects/${projectId}/corridor`, body)"
"client/src/pages/ScopeSetup.tsx","client/src/pages/ScopeSetup.tsx:145","useQuery","useQuery<any>({ queryKey: [`/api/boq/projects/${projectId}/scope-segments/${correctionId}/initial-correction-eligibility`], enabled: canCorrectInitialScope && correctionId != null, })"
"client/src/pages/ScopeSetup.tsx","client/src/pages/ScopeSetup.tsx:171","useMutation","useMutation({ mutationFn: async () => { const body = { ...buildBody(), ...(correctionId != null ? { correctionReason } : {}), }; const res = correctionId != null ? await apiRequest(""POST"", `/api/boq/scope-segments/${correctionId}/correct-initial`, body) : editingId ? await apiRequest(""PATCH"", `/api/boq/scope-segments/${editingId}`, body) : await apiRequest(""POST"", `/api/boq/projects/${projectId}/scope-segments`, body); return res.json(); }, onSuccess: (row: any) => { if (row?.correctedInPlace) setCorrectionResultDrafts(row.affectedDrafts ?? []); invalidateAll(); closeForm(); toast({ title: row?.correctedInPlace ? ""Initial confirmed scope corrected in place"" : row?.revised ? ""Revision created (previous record kept as superseded)"" : ""Scope record saved as draft"", description: row?.affectedDrafts?.length ? `${row.affectedDrafts.length} draft DPR(s) may need review before submission.` : undefined, }); }, onError: (e: any) => toast({ title: ""Could not save"", description: String(e?.message ?? e), variant: ""destructive"" }), })"
"client/src/pages/ScopeSetup.tsx","client/src/pages/ScopeSetup.tsx:178","apiRequest","apiRequest(""POST"", `/api/boq/scope-segments/${correctionId}/correct-initial`, body)"
"client/src/pages/ScopeSetup.tsx","client/src/pages/ScopeSetup.tsx:180","apiRequest","apiRequest(""PATCH"", `/api/boq/scope-segments/${editingId}`, body)"
"client/src/pages/ScopeSetup.tsx","client/src/pages/ScopeSetup.tsx:181","apiRequest","apiRequest(""POST"", `/api/boq/projects/${projectId}/scope-segments`, body)"
"client/src/pages/ScopeSetup.tsx","client/src/pages/ScopeSetup.tsx:200","useMutation","useMutation({ mutationFn: async (segId: number) => (await apiRequest(""POST"", `/api/boq/scope-segments/${segId}/confirm`)).json(), onSuccess: () => { invalidateAll(); toast({ title: ""Scope record confirmed"" }); }, onError: (e: any) => toast({ title: ""Could not confirm"", description: String(e?.message ?? e), variant: ""destructive"" }), })"
"client/src/pages/ScopeSetup.tsx","client/src/pages/ScopeSetup.tsx:201","(await apiRequest(""POST"", `/api/boq/scope-segments/${segId}/confirm`)).json","(await apiRequest(""POST"", `/api/boq/scope-segments/${segId}/confirm`)).json()"
"client/src/pages/ScopeSetup.tsx","client/src/pages/ScopeSetup.tsx:201","apiRequest","apiRequest(""POST"", `/api/boq/scope-segments/${segId}/confirm`)"
"client/src/pages/ScopeSetup.tsx","client/src/pages/ScopeSetup.tsx:206","useMutation","useMutation({ mutationFn: async (segId: number) => (await apiRequest(""DELETE"", `/api/boq/scope-segments/${segId}`)).json(), onSuccess: () => { invalidateAll(); toast({ title: ""Draft deleted"" }); }, onError: (e: any) => toast({ title: ""Could not delete"", description: String(e?.message ?? e), variant: ""destructive"" }), })"
"client/src/pages/ScopeSetup.tsx","client/src/pages/ScopeSetup.tsx:207","(await apiRequest(""DELETE"", `/api/boq/scope-segments/${segId}`)).json","(await apiRequest(""DELETE"", `/api/boq/scope-segments/${segId}`)).json()"
"client/src/pages/ScopeSetup.tsx","client/src/pages/ScopeSetup.tsx:207","apiRequest","apiRequest(""DELETE"", `/api/boq/scope-segments/${segId}`)"
"client/src/pages/SiteBackfill.tsx","client/src/pages/SiteBackfill.tsx:70","useQuery","useQuery<UnassignedData>({ queryKey: [""/api/admin/site-backfill/unassigned""], enabled: isAdmin, })"
"client/src/pages/SiteBackfill.tsx","client/src/pages/SiteBackfill.tsx:75","useMutation","useMutation<{ updated: number }, Error, { table: string; ids: number[]; siteId: number }>({ mutationFn: async (payload) => { const res = await apiRequest(""POST"", ""/api/admin/site-backfill/assign"", payload); return res.json(); }, onSuccess: (result, vars) => { queryClient.invalidateQueries({ queryKey: [""/api/admin/site-backfill/unassigned""] }); if (vars.table === ""diesel_requirements"") setSelectedDiesel(new Set()); else setSelectedIndents(new Set()); toast({ title: ""Site assigned"", description: `${result.updated} record(s) updated.` }); }, onError: (err) => { toast({ title: ""Assignment failed"", description: err.message, variant: ""destructive"" }); }, })"
"client/src/pages/SiteBackfill.tsx","client/src/pages/SiteBackfill.tsx:77","apiRequest","apiRequest(""POST"", ""/api/admin/site-backfill/assign"", payload)"
"client/src/pages/SiteDashboard.tsx","client/src/pages/SiteDashboard.tsx:181","useQuery","useQuery<any[]>({ queryKey: [""/api/dprs/with-details"", dateFilters], queryFn: async () => { const params = new URLSearchParams(); if (dateFilters.dateFrom) params.set(""dateFrom"", dateFilters.dateFrom); if (dateFilters.dateTo) params.set(""dateTo"", dateFilters.dateTo); const queryString = params.toString(); const url = queryString ? `/api/dprs/with-details?${queryString}` : ""/api/dprs/with-details""; const res = await fetch(url); if (!res.ok) throw new Error(""Failed to fetch DPRs""); return res.json(); }, })"
"client/src/pages/SiteDashboard.tsx","client/src/pages/SiteDashboard.tsx:189","fetch","fetch(url)"
"client/src/pages/SiteDashboard.tsx","client/src/pages/SiteDashboard.tsx:263","useQuery","useQuery<Record<string, number>>({ queryKey: [""/api/attachments/counts"", ""dpr_progress"", dprIdsForPhotoCounts], queryFn: async () => { const res = await fetch(`/api/attachments/counts?moduleType=dpr_progress&ids=${dprIdsForPhotoCounts.join("","")}`, { credentials: ""include"" }); if (!res.ok) return {}; return res.json(); }, enabled: dprIdsForPhotoCounts.length > 0, })"
"client/src/pages/SiteDashboard.tsx","client/src/pages/SiteDashboard.tsx:266","fetch","fetch(`/api/attachments/counts?moduleType=dpr_progress&ids=${dprIdsForPhotoCounts.join("","")}`, { credentials: ""include"" })"
"client/src/pages/SiteDashboard.tsx","client/src/pages/SiteDashboard.tsx:319","useQuery","useQuery<string[]>({ queryKey: [""/api/materials/suppliers""], })"
"client/src/pages/SiteDashboard.tsx","client/src/pages/SiteDashboard.tsx:323","useQuery","useQuery<EquipmentMasterType[]>({ queryKey: [""/api/plant-module/equipment"", ""all""], queryFn: async () => { const res = await fetch(""/api/plant-module/equipment?includeInactive=true""); if (!res.ok) throw new Error(""Failed to fetch""); return res.json(); }, })"
"client/src/pages/SiteDashboard.tsx","client/src/pages/SiteDashboard.tsx:326","fetch","fetch(""/api/plant-module/equipment?includeInactive=true"")"
"client/src/pages/SiteDashboard.tsx","client/src/pages/SiteDashboard.tsx:359","exportReportsToExcel","exportReportsToExcel()"
"client/src/pages/SiteDashboard.tsx","client/src/pages/SiteDashboard.tsx:362","exportReportsToPDF","exportReportsToPDF()"
"client/src/pages/SiteDashboard.tsx","client/src/pages/SiteDashboard.tsx:365","handlePrint","handlePrint()"
"client/src/pages/SiteEdit.tsx","client/src/pages/SiteEdit.tsx:496","useQuery","useQuery<EquipmentMasterType[]>({ queryKey: [""/api/plant-module/equipment"", ""all""], queryFn: async () => { const res = await fetch(""/api/plant-module/equipment?includeInactive=true""); if (!res.ok) throw new Error(""Failed to fetch""); return res.json(); }, })"
"client/src/pages/SiteEdit.tsx","client/src/pages/SiteEdit.tsx:499","fetch","fetch(""/api/plant-module/equipment?includeInactive=true"")"
"client/src/pages/SiteEdit.tsx","client/src/pages/SiteEdit.tsx:506","useQuery","useQuery<Site[]>({ queryKey: [""/api/sites""], })"
"client/src/pages/SiteEdit.tsx","client/src/pages/SiteEdit.tsx:586","useQuery","useQuery<any[]>({ queryKey: [""/api/boq/projects"", siteBoqProjectId, ""earthwork-arrangements""], queryFn: async () => { const res = await fetch(`/api/boq/projects/${siteBoqProjectId}/earthwork-arrangements`, { credentials: ""include"" }); if (!res.ok) return []; const data = await res.json(); return Array.isArray(data) ? data : (data.arrangements ?? []); }, enabled: !!siteBoqProjectId, })"
"client/src/pages/SiteEdit.tsx","client/src/pages/SiteEdit.tsx:589","fetch","fetch(`/api/boq/projects/${siteBoqProjectId}/earthwork-arrangements`, { credentials: ""include"" })"
"client/src/pages/SiteEdit.tsx","client/src/pages/SiteEdit.tsx:609","useQuery","useQuery<Personnel[]>({ queryKey: [""/api/personnel""], })"
"client/src/pages/SiteEdit.tsx","client/src/pages/SiteEdit.tsx:618","useMutation","useMutation({ mutationFn: (data: { name: string; role: string; phone?: string }) => apiRequest(""POST"", ""/api/personnel"", data), onSuccess: () => { queryClient.invalidateQueries({ queryKey: [""/api/personnel""] }); setAddPersonnelOpen(false); setNewPersonnelName(""""); setNewPersonnelRole(""Engineer""); setNewPersonnelPhone(""""); toast({ title: ""Personnel added"" }); }, })"
"client/src/pages/SiteEdit.tsx","client/src/pages/SiteEdit.tsx:620","apiRequest","apiRequest(""POST"", ""/api/personnel"", data)"
"client/src/pages/SiteEdit.tsx","client/src/pages/SiteEdit.tsx:688","useQuery","useQuery<OpenUsageLike[]>({ queryKey: [""/api/plant-module/equipment-usage/open-today"", header.date, header.site], queryFn: async () => { if (!header.site) return []; let res: Response; try { res = await fetch( `/api/plant-module/equipment-usage/open-today?date=${encodeURIComponent(header.date)}&site=${encodeURIComponent(header.site)}`, { credentials: ""include"" }, ); } catch (error) { console.warn(""SiteEdit: open-usage discovery network error:"", error); toast({ title: ""Equipment linkage unavailable"", description: ""Could not check dispatched equipment. You can continue with manual equipment entry."", variant: ""destructive"", }); return []; } if (!res.ok) { let serverMsg = """"; try { serverMsg = (await res.json()).message ?? """"; } catch { /* ignore */ } console.warn(`SiteEdit: open-usage discovery failed (${res.status}): ${serverMsg}`); toast({ title: ""Equipment linkage unavailable"", description: serverMsg || ""Could not check dispatched equipment. You can continue with manual equipment entry."", variant: ""destructive"", }); return []; } return res.json(); }, enabled: !!header.date && !!header.site, })"
"client/src/pages/SiteEdit.tsx","client/src/pages/SiteEdit.tsx:694","fetch","fetch( `/api/plant-module/equipment-usage/open-today?date=${encodeURIComponent(header.date)}&site=${encodeURIComponent(header.site)}`, { credentials: ""include"" }, )"
"client/src/pages/SiteEdit.tsx","client/src/pages/SiteEdit.tsx:1084","useQuery","useQuery<Array<{ id: number; fileName: string; objectPath: string; progressEntryKey?: string | null }>>({ queryKey: [""/api/attachments"", ""dpr_progress"", id], queryFn: async () => { const res = await fetch(`/api/attachments?moduleType=dpr_progress&linkedRecordId=${id}`, { credentials: ""include"" }); return res.ok ? res.json() : []; }, enabled: id != null, })"
"client/src/pages/SiteEdit.tsx","client/src/pages/SiteEdit.tsx:1087","fetch","fetch(`/api/attachments?moduleType=dpr_progress&linkedRecordId=${id}`, { credentials: ""include"" })"
"client/src/pages/SiteEdit.tsx","client/src/pages/SiteEdit.tsx:1133","apiRequest","apiRequest(""POST"", ""/api/attachments"", { moduleType: ""dpr_progress"", linkedRecordId: targetDprId, siteId: null, boqProjectId: null, fileName: file.name, objectPath: uploadResponse.objectPath, mimeType: file.type || ""application/octet-stream"", fileSize: file.size, progressEntryKey: key, })"
"client/src/pages/SiteEdit.tsx","client/src/pages/SiteEdit.tsx:1154","useMutation","useMutation({ mutationFn: async (data: any) => { // Create a new version instead of overwriting original // Send client's local timestamp for accurate time display const clientTimestamp = format(new Date(), ""yyyy-MM-dd HH:mm:ss""); const response = await apiRequest(""POST"", `/api/dprs/${id}/version`, { pin: effectivePin, editedBy: effectiveRole, data: { ...data, equipment: await prepareBreakdownAttachments(data.equipment ?? []) }, clientTimestamp, }); return response.json(); }, onSuccess: async (newVersion) => { // Clear credentials after successful save clearCredentials(); // Batch 06C §22: attachments were carried to the new version server-side; // newly staged per-activity photos upload against the new version's id. if (Object.values(entryPhotos).some((f) => f.length > 0)) { await uploadEntryPhotos(newVersion.id); } queryClient.invalidateQueries({ queryKey: [""/api/dprs""] }); queryClient.invalidateQueries({ queryKey: [""/api/dprs/:id"", id] }); queryClient.invalidateQueries({ predicate: (q) => q.queryKey[0]?.toString().startsWith(""/api/site-purchases"") || false }); queryClient.invalidateQueries({ predicate: (q) => q.queryKey[0]?.toString().startsWith(""/api/plant-module/stock-ledger"") || false }); queryClient.invalidateQueries({ queryKey: [""/api/plant-module/stock-balances""] }); queryClient.invalidateQueries({ predicate: (q) => { const key = q.queryKey; return Array.isArray(key) && key[0] === ""/api/boq/projects"" && key[2] === ""plan-vs-actual""; } }); toast({ title: ""New Version Created"", description: ""Your edited version has been saved successfully."", }); // Redirect to the new version's report setLocation(withReturnTo(`/site/report/${newVersion.id}`, _validatedReturnTo)); }, onError: (error: any) => { const shortage = parseInsufficientPlantStock(error); if (shortage) { setDieselShortage(shortage); return; } // Batch 06V: normalised DPR error const dprErr = parseDprError(error); toast({ title: dprErr.title, description: dprErr.lines.join(""\n"") || undefined, variant: ""destructive"" }); // Instruction 06X: scroll+highlight the exact row from DPR_NOT_READY. const target = extractNotReadyRowTarget(error); scrollAndHighlightRow(target); }, })"
"client/src/pages/SiteEdit.tsx","client/src/pages/SiteEdit.tsx:1160","apiRequest","apiRequest(""POST"", `/api/dprs/${id}/version`, { pin: effectivePin, editedBy: effectiveRole, data: { ...data, equipment: await prepareBreakdownAttachments(data.equipment ?? []) }, clientTimestamp, })"
"client/src/pages/SiteEdit.tsx","client/src/pages/SiteEdit.tsx:1503","useMutation","useMutation({ mutationFn: async (payload: any) => { const response = await apiRequest(""PATCH"", `/api/dprs/${id}/draft`, { ...payload, ...requireDprWriteTokens(draftWriteTokensRef.current), equipment: await prepareBreakdownAttachments(payload.equipment), }); return response.json(); }, onSuccess: async (data, payload) => { adoptPersistedDraft(data, labourSubmissionRef.current.get(payload)); sessionStorage.removeItem(DRAFT_KEY); // Batch 06C §22: draft saves keep the same DPR id — upload staged // per-activity photos now so they survive close/reopen. let failedPhotoCount = 0; if (Object.values(entryPhotos).some((f) => f.length > 0)) { const { failedByEntry, failedCount } = await uploadEntryPhotos(id as number); // Keep only failed files staged so a retry never double-uploads. setEntryPhotos(failedByEntry); failedPhotoCount = failedCount; } queryClient.invalidateQueries({ queryKey: [""/api/dprs""] }); queryClient.invalidateQueries({ queryKey: [""/api/dprs/:id"", id] }); // Batch 06D: never exit while failed photos remain staged — leaving // would unmount and silently lose them. Retrying Save Progress here is // safe (PATCHes the same draft id). if (failedPhotoCount > 0) { toast({ title: ""Draft saved — photos need retry"", description: `${failedPhotoCount} photo${failedPhotoCount !== 1 ? ""s"" : """"} failed to upload and ${failedPhotoCount !== 1 ? ""are"" : ""is""} still attached here. Save again to retry.`, variant: ""destructive"", }); return; } toast({ title: ""Draft Saved"", description: ""You can complete today's DPR later from Field Home."" }); // Batch 06D §5: explicit Save Draft exits to the originating context // (returnTo when provided, otherwise Field Home), same expectation as // the Guided wizard. Navigation happens only after the server save. { setLocation(resolveReturnTo( typeof window !== ""undefined"" ? window.location.search : """", DPR_REGISTER_PATH, )); } }, onError: (error: any) => { const shortage = parseInsufficientPlantStock(error); if (shortage) { setDieselShortage(shortage); return; } const dprErr = parseDprError(error); toast({ title: dprErr.title, description: dprErr.lines.join(""\n"") || undefined, variant: ""destructive"" }); // Instruction 06X: scroll+highlight the exact row from DPR_NOT_READY. const target = extractNotReadyRowTarget(error); scrollAndHighlightRow(target); }, })"
"client/src/pages/SiteEdit.tsx","client/src/pages/SiteEdit.tsx:1505","apiRequest","apiRequest(""PATCH"", `/api/dprs/${id}/draft`, { ...payload, ...requireDprWriteTokens(draftWriteTokensRef.current), equipment: await prepareBreakdownAttachments(payload.equipment), })"
"client/src/pages/SiteEdit.tsx","client/src/pages/SiteEdit.tsx:1557","useMutation","useMutation({ mutationFn: async (payload: any) => { const clientTimestamp = format(new Date(), ""yyyy-MM-dd HH:mm:ss""); const saved = await apiRequest(""PATCH"", `/api/dprs/${id}/draft`, { ...payload, ...requireDprWriteTokens(draftWriteTokensRef.current), equipment: await prepareBreakdownAttachments(payload.equipment), }); adoptPersistedDraft(await saved.json(), labourSubmissionRef.current.get(payload)); const response = await apiRequest(""POST"", `/api/dprs/${id}/submit`, { ...requireDprWriteTokens(draftWriteTokensRef.current), clientTimestamp, }); return response.json(); }, onSuccess: async (data) => { sessionStorage.removeItem(DRAFT_KEY); // Batch 06C §22: upload any still-staged per-activity photos against // the submitted DPR's id before navigating away. if (Object.values(entryPhotos).some((f) => f.length > 0)) { await uploadEntryPhotos(data.id); } queryClient.invalidateQueries({ queryKey: [""/api/dprs""] }); queryClient.invalidateQueries({ queryKey: [""/api/dprs/:id"", id] }); queryClient.invalidateQueries({ predicate: (q) => q.queryKey[0]?.toString().startsWith(""/api/site-purchases"") || false }); queryClient.invalidateQueries({ predicate: (q) => q.queryKey[0]?.toString().startsWith(""/api/plant-module/stock-ledger"") || false }); queryClient.invalidateQueries({ queryKey: [""/api/plant-module/stock-balances""] }); queryClient.invalidateQueries({ predicate: (q) => { const key = q.queryKey; return Array.isArray(key) && key[0] === ""/api/boq/projects"" && key[2] === ""plan-vs-actual""; } }); toast({ title: ""DPR Submitted"", description: ""Your daily progress report has been submitted successfully."" }); setLocation(resolveReturnTo( typeof window !== ""undefined"" ? window.location.search : """", DPR_REGISTER_PATH, )); }, onError: (error: any) => { const shortage = parseInsufficientPlantStock(error); if (shortage) { setDieselShortage(shortage); return; } const dprErr = parseDprError(error); toast({ title: dprErr.title, description: dprErr.lines.join(""\n"") || undefined, variant: ""destructive"" }); // Instruction 06X: scroll+highlight the exact row from DPR_NOT_READY. const target = extractNotReadyRowTarget(error); scrollAndHighlightRow(target); }, })"
"client/src/pages/SiteEdit.tsx","client/src/pages/SiteEdit.tsx:1560","apiRequest","apiRequest(""PATCH"", `/api/dprs/${id}/draft`, { ...payload, ...requireDprWriteTokens(draftWriteTokensRef.current), equipment: await prepareBreakdownAttachments(payload.equipment), })"
"client/src/pages/SiteEdit.tsx","client/src/pages/SiteEdit.tsx:1565","apiRequest","apiRequest(""POST"", `/api/dprs/${id}/submit`, { ...requireDprWriteTokens(draftWriteTokensRef.current), clientTimestamp, })"
"client/src/pages/SiteEdit.tsx","client/src/pages/SiteEdit.tsx:2967","fetchLatestPriorClosing(selectedEquip.id, header.date, header.site, { inclusive: true }).then","fetchLatestPriorClosing(selectedEquip.id, header.date, header.site, { inclusive: true }).then((latest) => { if (latest.closingReading == null) return; setEquipment(prev => { const next = [...prev]; const row = next[idx]; // Stale guard: only apply if this row still shows // this equipment. New rows only fill a blank // opening (manual entry is never overwritten); // confirmed existing-row changes replace it. if (!row || row.equipmentId !== selectedEquip.id || row.plantUsageId != null || row.editCreationKey !== creationKey || row.persistedId !== entry.persistedId) return prev; if (row.isNew && row.openingReading != null) return prev; next[idx] = { ...row, openingReading: latest.closingReading }; return next; }); })"
"client/src/pages/SiteEdit.tsx","client/src/pages/SiteEdit.tsx:2967","fetchLatestPriorClosing","fetchLatestPriorClosing(selectedEquip.id, header.date, header.site, { inclusive: true })"
"client/src/pages/SiteEntry.tsx","client/src/pages/SiteEntry.tsx:412","apiRequest","apiRequest(""POST"", ""/api/attachments"", { moduleType: ""dpr_progress"", linkedRecordId: dprId, siteId: selectedSiteId ?? null, boqProjectId: header.boqProjectId ?? null, fileName: file.name, objectPath: uploadResponse.objectPath, mimeType: file.type || ""application/octet-stream"", fileSize: file.size, ...(progressEntryKey ? { progressEntryKey } : {}), })"
"client/src/pages/SiteEntry.tsx","client/src/pages/SiteEntry.tsx:469","useQuery","useQuery<EquipmentMasterType[]>({ queryKey: [""/api/plant-module/equipment"", ""all""], queryFn: async () => { const res = await fetch(""/api/plant-module/equipment?includeInactive=true""); if (!res.ok) throw new Error(""Failed to fetch""); return res.json(); }, })"
"client/src/pages/SiteEntry.tsx","client/src/pages/SiteEntry.tsx:472","fetch","fetch(""/api/plant-module/equipment?includeInactive=true"")"
"client/src/pages/SiteEntry.tsx","client/src/pages/SiteEntry.tsx:479","useQuery","useQuery<Site[]>({ queryKey: [""/api/sites""], })"
"client/src/pages/SiteEntry.tsx","client/src/pages/SiteEntry.tsx:567","useQuery","useQuery<any[]>({ queryKey: [""/api/boq/projects"", siteBoqProjectId, ""earthwork-arrangements""], queryFn: async () => { const res = await fetch(`/api/boq/projects/${siteBoqProjectId}/earthwork-arrangements`, { credentials: ""include"" }); if (!res.ok) return []; const data = await res.json(); return Array.isArray(data) ? data : (data.arrangements ?? []); }, enabled: !!siteBoqProjectId, })"
"client/src/pages/SiteEntry.tsx","client/src/pages/SiteEntry.tsx:570","fetch","fetch(`/api/boq/projects/${siteBoqProjectId}/earthwork-arrangements`, { credentials: ""include"" })"
"client/src/pages/SiteEntry.tsx","client/src/pages/SiteEntry.tsx:594","useQuery","useQuery<ProgrammeBar[]>({ queryKey: [""/api/boq/projects"", siteBoqProjectId, ""programme""], queryFn: async () => { const res = await fetch(`/api/boq/projects/${siteBoqProjectId}/programme`, { credentials: ""include"" }); return res.ok ? res.json() : []; }, enabled: !!siteBoqProjectId, })"
"client/src/pages/SiteEntry.tsx","client/src/pages/SiteEntry.tsx:597","fetch","fetch(`/api/boq/projects/${siteBoqProjectId}/programme`, { credentials: ""include"" })"
"client/src/pages/SiteEntry.tsx","client/src/pages/SiteEntry.tsx:606","useQuery","useQuery<{ items: BomInputItem[]; bars: BomInputBar[] }>({ queryKey: [""/api/boq/projects"", siteBoqProjectId, ""bom""], queryFn: async () => { const res = await fetch(`/api/boq/projects/${siteBoqProjectId}/bom`, { credentials: ""include"" }); return res.ok ? res.json() : { items: [], bars: [] }; }, enabled: !!siteBoqProjectId, })"
"client/src/pages/SiteEntry.tsx","client/src/pages/SiteEntry.tsx:609","fetch","fetch(`/api/boq/projects/${siteBoqProjectId}/bom`, { credentials: ""include"" })"
"client/src/pages/SiteEntry.tsx","client/src/pages/SiteEntry.tsx:640","useQuery","useQuery<PlanVsActualRow[]>({ queryKey: [""/api/boq/projects"", siteBoqProjectId, ""plan-vs-actual"", header.date], queryFn: async () => { const res = await fetch(`/api/boq/projects/${siteBoqProjectId}/plan-vs-actual?asOf=${header.date}`, { credentials: ""include"" }); return res.ok ? res.json() : []; }, enabled: !!siteBoqProjectId && !!header.date, })"
"client/src/pages/SiteEntry.tsx","client/src/pages/SiteEntry.tsx:643","fetch","fetch(`/api/boq/projects/${siteBoqProjectId}/plan-vs-actual?asOf=${header.date}`, { credentials: ""include"" })"
"client/src/pages/SiteEntry.tsx","client/src/pages/SiteEntry.tsx:670","useQuery","useQuery<Array<{ boqProjectId: number | null; date: string; structureItems: Array<{ boqItemId: number | null; structureId: string | null; quantity: number | null; uom?: string | null; dprConversionFactor: number | null }> }>>({ queryKey: [""/api/dprs/with-details""], queryFn: async () => { const res = await fetch(`/api/dprs/with-details`, { credentials: ""include"" }); return res.ok ? res.json() : []; }, enabled: !!siteBoqProjectId, })"
"client/src/pages/SiteEntry.tsx","client/src/pages/SiteEntry.tsx:673","fetch","fetch(`/api/dprs/with-details`, { credentials: ""include"" })"
"client/src/pages/SiteEntry.tsx","client/src/pages/SiteEntry.tsx:817","useQuery","useQuery<Personnel[]>({ queryKey: [""/api/personnel""], })"
"client/src/pages/SiteEntry.tsx","client/src/pages/SiteEntry.tsx:853","useMutation","useMutation({ mutationFn: async (data: { name: string; role: string; phone?: string }) => { const res = await fetch(""/api/personnel"", { method: ""POST"", headers: { ""Content-Type"": ""application/json"" }, credentials: ""include"", body: JSON.stringify(data), }); const body = await res.json().catch(() => ({})); if (!res.ok) { const err: any = new Error(body?.message || `Failed to add personnel (${res.status})`); err.status = res.status; err.existingPersonnel = body?.existingPersonnel; throw err; } return body as Personnel; }, onSuccess: (created: Personnel) => { queryClient.invalidateQueries({ queryKey: [""/api/personnel""] }); setAddPersonnelOpen(false); setNewPersonnelName(""""); setNewPersonnelRole(""Engineer""); setNewPersonnelPhone(""""); attachPersonnelToTarget(created); toast({ title: ""Personnel added"" }); }, onError: (err: any) => { if (err?.status === 409 && err?.existingPersonnel) { setDuplicatePersonnel(err.existingPersonnel); toast({ title: ""Personnel already exists"", description: err.message, variant: ""destructive"", }); return; } toast({ title: ""Couldn't add personnel"", description: err?.message || ""Something went wrong. Please try again."", variant: ""destructive"", }); }, })"
"client/src/pages/SiteEntry.tsx","client/src/pages/SiteEntry.tsx:855","fetch","fetch(""/api/personnel"", { method: ""POST"", headers: { ""Content-Type"": ""application/json"" }, credentials: ""include"", body: JSON.stringify(data), })"
"client/src/pages/SiteEntry.tsx","client/src/pages/SiteEntry.tsx:1478","useQuery","useQuery<any[]>({ queryKey: [""/api/dprs/with-details"", siteEntryYesterday, ""same-as-yesterday""], queryFn: async () => { const res = await fetch(`/api/dprs/with-details?dateFrom=${siteEntryYesterday}&dateTo=${siteEntryYesterday}`, { credentials: ""include"" }); return res.ok ? res.json() : []; }, enabled: !!siteEntryYesterday && !!header.site && workType === ""road"", })"
"client/src/pages/SiteEntry.tsx","client/src/pages/SiteEntry.tsx:1481","fetch","fetch(`/api/dprs/with-details?dateFrom=${siteEntryYesterday}&dateTo=${siteEntryYesterday}`, { credentials: ""include"" })"
"client/src/pages/SiteEntry.tsx","client/src/pages/SiteEntry.tsx:1516","useMutation","useMutation({ mutationFn: async () => { const progressWithCalc = progress.map(p => { const effectiveLength = getEffectiveLength(p); if (p.noSiteWork) { return { ...p, side: """", chainageFrom: """", chainageTo: """", length: null, width: null, thickness: null, quantity: null, chainageFromKm: null, chainageToKm: null, quantitySource: null, quantitySourceNote: null, chainageOverrideReason: null, executedBy: null, isIncidental: false, incidentalDescription: null, }; } const effectiveQuantity = p.quantity ?? calculateQuantity(p); return { ...p, length: effectiveLength, quantity: effectiveQuantity, uom: progressUom(p) ?? p.uom, // 030A: numeric chainage (Km) alongside the display text chainageFromKm: parseChainageKm(p.chainageFrom), chainageToKm: parseChainageKm(p.chainageTo), // 031 Part E: an untouched quantity that came from geometry is // recorded as ""Calculated from geometry"" automatically. quantitySource: p.quantitySource || (p.quantity == null && calculateQuantity(p) != null ? ""calculated"" : null), quantitySourceNote: p.quantitySourceNote?.trim() || null, chainageOverrideReason: p.chainageOverrideReason || null, executedBy: p.executedBy || null, ...normalizeExcavationMaterialOutcome(effectiveQuantity, p.materialOutcome, p.reusableQty), // 031 Part G handled server-side via chainageReviewStatus stamping. }; }); // Send client's local timestamp for accurate time display const clientTimestamp = format(new Date(), ""yyyy-MM-dd HH:mm:ss""); const normalizedEquipment = meaningfulEquipmentRows( (await prepareBreakdownAttachments(equipment)).map(contractorDieselTankFieldsCleared), ).map(eq => { const preview = computeEquipmentUsage( activeEquipment.find((item) => item.id === eq.equipmentId) ?? (eq.dieselNorm != null ? { consumptionNorm: eq.dieselNorm } : null), eq, ); return { ...eq, totalKm: preview.totalKm ?? (eq.entryType === ""trip_based"" && eq.numberOfTrips && eq.tripDistance ? computeTripTotalKm(eq.numberOfTrips, eq.tripDistance) : eq.totalKm || null), hoursWorked: preview.hoursWorked, expectedDiesel: preview.expectedDiesel, dieselNorm: preview.efficiencyValue ?? eq.dieselNorm ?? null, }; }); const response = await apiRequest(""POST"", ""/api/dprs"", { date: header.date, site: header.site, engineer: header.engineer, role: ""engineer"", workType, boqProjectId: siteEntryPayloadBoqProjectId, progress: workType === ""structure"" ? [] : progressWithCalc, cutFillConsumptions: flattenCutFillConsumptions(progress), structureItems: workType === ""structure"" ? structureItems.filter(s => s.structureType && s.itemOfWork).map(s => ({ ...s, structureId: s.programmeStructureId ?? null, })) : [], equipment: normalizedEquipment, labour: labour.filter(row => row.persistedId != null || isFilledLabourRow(row)).map(prepareLabourWorkerRow), materials: materials.filter(m => m.material), sitePurchases: sitePurchases.filter(sp => sp.itemDescription), remarks: remarksNote.trim() || undefined, clientTimestamp, }); return response.json(); }, onSuccess: async (data) => { await clearDraft(); if (stagedPhotos.length > 0 || Object.values(entryPhotos).some((f) => f.length > 0)) { await uploadStagedPhotos(data.id); queryClient.invalidateQueries({ queryKey: [""/api/attachments"", ""dpr_progress"", data.id] }); } queryClient.invalidateQueries({ queryKey: [""/api/dprs""] }); queryClient.invalidateQueries({ predicate: (q) => q.queryKey[0]?.toString().startsWith(""/api/site-purchases"") || false }); queryClient.invalidateQueries({ predicate: (q) => q.queryKey[0]?.toString().startsWith(""/api/plant-module/stock-ledger"") || false }); queryClient.invalidateQueries({ queryKey: [""/api/plant-module/stock-balances""] }); toast({ title: ""Report Saved Successfully"", description: ""Your site report has been submitted."", }); // Forward returnTo into SiteSuccess so its ""Back to Home"" button also // goes to the right landing page. const successBase = `/site/success/${data.id}?type=${workType}`; const successUrl = returnTo ? `${successBase}&returnTo=${encodeURIComponent(returnTo)}` : appendOrigin(successBase); setLocation(successUrl); }, onError: (err: any) => { const shortage = parseInsufficientPlantStock(err); if (shortage) { setDieselShortage(shortage); return; } // Batch 06V: normalised DPR error — plain message, never raw JSON/code. const dprErr = parseDprError(err); toast({ title: dprErr.title, description: dprErr.lines.join(""\n"") || undefined, variant: ""destructive"" }); // Instruction 06X: scroll+highlight the exact row from DPR_NOT_READY. const target = extractNotReadyRowTarget(err); scrollAndHighlightRow(target); }, })"
"client/src/pages/SiteEntry.tsx","client/src/pages/SiteEntry.tsx:1572","apiRequest","apiRequest(""POST"", ""/api/dprs"", { date: header.date, site: header.site, engineer: header.engineer, role: ""engineer"", workType, boqProjectId: siteEntryPayloadBoqProjectId, progress: workType === ""structure"" ? [] : progressWithCalc, cutFillConsumptions: flattenCutFillConsumptions(progress), structureItems: workType === ""structure"" ? structureItems.filter(s => s.structureType && s.itemOfWork).map(s => ({ ...s, structureId: s.programmeStructureId ?? null, })) : [], equipment: normalizedEquipment, labour: labour.filter(row => row.persistedId != null || isFilledLabourRow(row)).map(prepareLabourWorkerRow), materials: materials.filter(m => m.material), sitePurchases: sitePurchases.filter(sp => sp.itemDescription), remarks: remarksNote.trim() || undefined, clientTimestamp, })"
"client/src/pages/SiteEntry.tsx","client/src/pages/SiteEntry.tsx:1664","fetch","fetch( `/api/plant-module/equipment-usage/open-today?date=${encodeURIComponent(header.date)}&equipmentIds=${equipmentId}${siteParam}`, { credentials: ""include"" }, )"
"client/src/pages/SiteEntry.tsx","client/src/pages/SiteEntry.tsx:1716","fetchLatestPriorClosing","fetchLatestPriorClosing(equipmentId, header.date, header.site, { inclusive: true })"
"client/src/pages/SiteEntry.tsx","client/src/pages/SiteEntry.tsx:1758","useMutation","useMutation({ mutationFn: async () => { const progressWithCalc = progress.map(p => { const effectiveLength = getEffectiveLength(p); const effectiveQuantity = p.quantity ?? calculateQuantity(p); return { ...p, length: effectiveLength, quantity: effectiveQuantity, uom: progressUom(p) ?? p.uom, chainageFromKm: parseChainageKm(p.chainageFrom), chainageToKm: parseChainageKm(p.chainageTo), // 031 Part E: an untouched quantity that came from geometry is // recorded as ""Calculated from geometry"" automatically. quantitySource: p.quantitySource || (p.quantity == null && calculateQuantity(p) != null ? ""calculated"" : null), quantitySourceNote: p.quantitySourceNote?.trim() || null, chainageOverrideReason: p.chainageOverrideReason || null, executedBy: p.executedBy || null, ...normalizeExcavationMaterialOutcome(effectiveQuantity, p.materialOutcome, p.reusableQty), // 031 Part G handled server-side via chainageReviewStatus stamping. }; }); const clientTimestamp = format(new Date(), ""yyyy-MM-dd HH:mm:ss""); const normalizedEquipment = meaningfulEquipmentRows( (!sectionEditor || sectionEditor.section === ""equipment"" ? await prepareBreakdownAttachments(equipment) : equipment).map(contractorDieselTankFieldsCleared), ).map(eq => { const preview = computeEquipmentUsage( activeEquipment.find((item) => item.id === eq.equipmentId) ?? (eq.dieselNorm != null ? { consumptionNorm: eq.dieselNorm } : null), eq); return { ...eq, totalKm: preview.totalKm ?? (eq.entryType === ""trip_based"" && eq.numberOfTrips && eq.tripDistance ? computeTripTotalKm(eq.numberOfTrips, eq.tripDistance) : eq.totalKm || null), hoursWorked: preview.hoursWorked, expectedDiesel: preview.expectedDiesel, dieselNorm: preview.efficiencyValue ?? eq.dieselNorm ?? null, }; }); const draftPayload = { date: header.date, site: header.site, engineer: header.engineer, role: ""engineer"", workType, boqProjectId: siteEntryPayloadBoqProjectId, dprStatus: ""draft"", progress: workType === ""structure"" ? [] : progressWithCalc, cutFillConsumptions: flattenCutFillConsumptions(progress), structureItems: workType === ""structure"" ? structureItems.filter(s => s.structureType && s.itemOfWork).map(s => ({ ...s, structureId: s.programmeStructureId ?? null, })) : [], equipment: normalizedEquipment, labour: labour.filter(row => row.persistedId != null || isFilledLabourRow(row)).map(prepareLabourWorkerRow), materials: materials.filter(m => m.material), sitePurchases: sitePurchases.filter(sp => sp.itemDescription), remarks: sectionEditor ? remarksNote.trim() : remarksNote.trim() || undefined, clientTimestamp, }; if (sectionEditor) { if (siteEntryHasBoqReferences && siteEntryPayloadBoqProjectId == null) { throw new Error(""BOQ ownership is still resolving or is ambiguous. Wait for the linked item's project to resolve before saving.""); } const snapshot = await sectionEditor.onSave(pickDprSectionPayload(sectionEditor.section, draftPayload), header.engineer, siteEntryPayloadBoqProjectId); // The section is already durable even if a subsequent photo upload // fails. Rebase row IDs now so retry never recreates those child rows. const mapped = mapDprToFormState(snapshot.dpr); const restored = { ...mapped, header: { ...mapped.header, ...snapshot.context }, labour: snapshot.dpr.labour?.length ? mapped.labour : [], sitePurchases: mapped.sitePurchases.map((row: any, index: number) => ({ ...row, persistedId: snapshot.dpr.sitePurchases?.[index]?.id })), structureItems: mapped.structureItems.map((row: any) => ({ ...row, programmeStructureId: row.structureId })), } as SiteEntryFormData; sectionBaseline.current = JSON.stringify({ ...pickDprSectionPayload(sectionEditor.section, { ...restored, remarks: snapshot.dpr.remarks ?? """" }), photos: [], entryPhotos: {}, }); if (sectionEditor.section === ""labour"") { setLabour(current => adoptLabourRowIds(current, labour.filter(row => row.persistedId != null || isFilledLabourRow(row)), restored.labour.map(row => ({ id: row.persistedId ?? 0 })))); } handleRestoreDraft(restored, sectionEditor.section === ""labour""); setRemarksNote(snapshot.dpr.remarks ?? """"); if (sectionEditor.section === ""activity"" && (stagedPhotos.length || Object.values(entryPhotos).some(files => files.length))) { const { failed, failedByEntry } = await uploadStagedPhotos(snapshot.dpr.id); setStagedPhotos(failed); setEntryPhotos(failedByEntry); if (failed.length || Object.values(failedByEntry).some(files => files.length)) { throw new Error(""Section saved, but photos failed. Keep this screen open and retry Save & return.""); } } setSectionDirty(false); return snapshot; } const response = await apiRequest(""POST"", ""/api/dprs"", draftPayload); return response.json(); }, onSuccess: async (data) => { if (sectionEditor) { toast({ title: ""Section saved"", description: ""Other DPR sections were not changed."" }); return; } await clearDraft(); // Batch 05 (spec §10): the server draft is now authoritative — clear a // stale Guided ""new DPR"" blob for the same draft/site/date context. await reconcileNewDprAutosaves({ draftId: data.id, site: header.site, date: header.date }); let failedPhotoCount = 0; if (stagedPhotos.length > 0 || Object.values(entryPhotos).some((f) => f.length > 0)) { const { failed, failedByEntry } = await uploadStagedPhotos(data.id); setStagedPhotos(failed); setEntryPhotos(failedByEntry); failedPhotoCount = failed.length + Object.values(failedByEntry).reduce((n, f) => n + f.length, 0); queryClient.invalidateQueries({ queryKey: [""/api/attachments"", ""dpr_progress"", data.id] }); } queryClient.invalidateQueries({ queryKey: [""/api/dprs""] }); // Batch 06D: never exit while failed photos are still staged — leaving // unmounts them and silently loses the files. This screen has no PATCH // path for a fresh DPR, so the safe retry destination is the draft // editor for the JUST-SAVED draft id (same record, no duplicate DPR). if (failedPhotoCount > 0) { toast({ title: ""Draft saved — photos need retry"", description: `${failedPhotoCount} photo${failedPhotoCount !== 1 ? ""s"" : """"} failed to upload. Opening the saved draft — please re-attach ${failedPhotoCount !== 1 ? ""them"" : ""it""} there.`, variant: ""destructive"", }); const draftUrl = returnTo ? `/site/edit/${data.id}?draft&combined=1&returnTo=${encodeURIComponent(returnTo)}` : `/site/edit/${data.id}?draft&combined=1`; setLocation(draftUrl); return; } toast({ title: ""Draft Saved"", description: ""You can complete today's DPR later from Field Home."", }); // Batch 06D §5: an explicit Save Draft parks the work and EXITS to the // originating context (returnTo when the caller provided one — e.g. // Field Home — otherwise the screen's normal back destination). The // draft reopens later via /site/edit/:id?draft from Field Home. setLocation(returnTo ?? DPR_REGISTER_PATH); }, onError: (err: any) => { const shortage = parseInsufficientPlantStock(err); if (shortage) { setDieselShortage(shortage); return; } const dprErr = parseDprError(err); toast({ title: dprErr.title, description: dprErr.lines.join(""\n"") || undefined, variant: ""destructive"" }); // Instruction 06X: scroll+highlight the exact row from DPR_NOT_READY. const target = extractNotReadyRowTarget(err); scrollAndHighlightRow(target); }, })"
"client/src/pages/SiteEntry.tsx","client/src/pages/SiteEntry.tsx:1855","apiRequest","apiRequest(""POST"", ""/api/dprs"", draftPayload)"
"client/src/pages/SiteEntry.tsx","client/src/pages/SiteEntry.tsx:3347","fetchOpenPlantRecord","fetchOpenPlantRecord(selected.id, idx, rowToken)"
"client/src/pages/SiteHome.tsx","client/src/pages/SiteHome.tsx:48","useQuery","useQuery<any[]>({ queryKey: [""/api/dprs/with-details"", DATE_FROM], queryFn: async () => { const res = await fetch(`/api/dprs/with-details?dateFrom=${DATE_FROM}&dateTo=${TODAY}`); if (!res.ok) throw new Error(""Failed""); return res.json(); }, enabled: canDprs, })"
"client/src/pages/SiteHome.tsx","client/src/pages/SiteHome.tsx:51","fetch","fetch(`/api/dprs/with-details?dateFrom=${DATE_FROM}&dateTo=${TODAY}`)"
"client/src/pages/SiteHome.tsx","client/src/pages/SiteHome.tsx:59","useQuery","useQuery<any[]>({ queryKey: [""/api/purchase-indents"", DATE_FROM], queryFn: async () => { const res = await fetch(`/api/purchase-indents?dateFrom=${DATE_FROM}&dateTo=${TODAY}`); if (!res.ok) throw new Error(""Failed""); return res.json(); }, enabled: canProcure, })"
"client/src/pages/SiteHome.tsx","client/src/pages/SiteHome.tsx:62","fetch","fetch(`/api/purchase-indents?dateFrom=${DATE_FROM}&dateTo=${TODAY}`)"
"client/src/pages/SiteHome.tsx","client/src/pages/SiteHome.tsx:70","useQuery","useQuery<any[]>({ queryKey: [""/api/diesel-requirements"", DATE_FROM], queryFn: async () => { const res = await fetch(`/api/diesel-requirements?dateFrom=${DATE_FROM}&dateTo=${TODAY}`); if (!res.ok) throw new Error(""Failed""); return res.json(); }, enabled: canDiesel, })"
"client/src/pages/SiteHome.tsx","client/src/pages/SiteHome.tsx:73","fetch","fetch(`/api/diesel-requirements?dateFrom=${DATE_FROM}&dateTo=${TODAY}`)"
"client/src/pages/SiteHub.tsx","client/src/pages/SiteHub.tsx:47","useQuery","useQuery<any[]>({ queryKey: [""/api/dprs/with-details"", today], queryFn: async () => { const res = await fetch(`/api/dprs/with-details?dateFrom=${today}&dateTo=${today}`); if (!res.ok) return []; return res.json(); }, enabled: sectionVisible(""site_dprs""), })"
"client/src/pages/SiteHub.tsx","client/src/pages/SiteHub.tsx:50","fetch","fetch(`/api/dprs/with-details?dateFrom=${today}&dateTo=${today}`)"
"client/src/pages/SiteMaterialStock.tsx","client/src/pages/SiteMaterialStock.tsx:37","useQuery","useQuery<Row[]>({ queryKey: [""/api/site-material-stock"", dateFrom, dateTo], queryFn: () => fetch(`/api/site-material-stock${qp ? `?${qp}` : """"}`).then(r => r.json()), })"
"client/src/pages/SiteMaterialStock.tsx","client/src/pages/SiteMaterialStock.tsx:39","fetch(`/api/site-material-stock${qp ? `?${qp}` : """"}`).then","fetch(`/api/site-material-stock${qp ? `?${qp}` : """"}`).then(r => r.json())"
"client/src/pages/SiteMaterialStock.tsx","client/src/pages/SiteMaterialStock.tsx:39","fetch","fetch(`/api/site-material-stock${qp ? `?${qp}` : """"}`)"
"client/src/pages/SiteMaterialTrips.tsx","client/src/pages/SiteMaterialTrips.tsx:75","useQuery","useQuery<Site[]>({ queryKey: [""/api/sites""], })"
"client/src/pages/SiteMaterialTrips.tsx","client/src/pages/SiteMaterialTrips.tsx:123","useQuery","useQuery<ExistingTripVendor[]>({ queryKey: [canEdit ? `/api/site-material-trips/vendor-options?site=${encodeURIComponent(vendorSite)}` : ""/api/vendor-master""], enabled: !canEdit || !!vendorSite, })"
"client/src/pages/SiteMaterialTrips.tsx","client/src/pages/SiteMaterialTrips.tsx:185","useQuery","useQuery<any[]>({ queryKey: [""/api/site-requirements"", ""receipt-suggest"", tripSiteId, newTrip.date], queryFn: async () => { const res = await fetch(`/api/site-requirements?siteId=${tripSiteId}&dateFrom=${newTrip.date}&dateTo=${newTrip.date}`, { credentials: ""include"" }); return res.ok ? res.json() : []; }, enabled: !isPILinked && tripSiteId != null && !!newTrip.date, staleTime: 30_000, })"
"client/src/pages/SiteMaterialTrips.tsx","client/src/pages/SiteMaterialTrips.tsx:188","fetch","fetch(`/api/site-requirements?siteId=${tripSiteId}&dateFrom=${newTrip.date}&dateTo=${newTrip.date}`, { credentials: ""include"" })"
"client/src/pages/SiteMaterialTrips.tsx","client/src/pages/SiteMaterialTrips.tsx:236","apiRequest","apiRequest(""POST"", ""/api/attachments"", { moduleType: ""site_material_trip"", linkedRecordId: tripId, fileName: file.name, objectPath: uploadResponse.objectPath, mimeType: file.type || ""application/octet-stream"", fileSize: file.size, })"
"client/src/pages/SiteMaterialTrips.tsx","client/src/pages/SiteMaterialTrips.tsx:264","useQuery","useQuery<SiteMaterialTrip[]>({ queryKey: [buildTripsUrl()], })"
"client/src/pages/SiteMaterialTrips.tsx","client/src/pages/SiteMaterialTrips.tsx:269","useQuery","useQuery<EquipmentMasterType[]>({ queryKey: [""/api/plant-module/equipment""], })"
"client/src/pages/SiteMaterialTrips.tsx","client/src/pages/SiteMaterialTrips.tsx:292","useMutation","useMutation({ mutationFn: async (data: typeof newTrip) => { const payload: Record<string, any> = { ...data, ...buildRolePayload(data), quantity: parseFloat(data.quantity) || 0, // 06S: yard label only meaningful for yard receipts. yardLabel: data.unloadedAt === ""yard"" ? data.yardLabel : undefined, }; if (isPILinked) { payload.indentId = piParams.piIndentId; payload.indentItemId = piParams.piItemId; payload.pendingReceiptId = piParams.pendingReceiptId || undefined; } // 06E-F: optional work-context linkage (additive; server validates). if (workCtx.boqProjectId != null) payload.boqProjectId = workCtx.boqProjectId; if (workCtx.boqItemId != null) payload.boqItemId = workCtx.boqItemId; if (workCtx.programmeBarId != null) payload.programmeBarId = workCtx.programmeBarId; if (workCtx.earthworkArrangementId != null) payload.earthworkArrangementId = workCtx.earthworkArrangementId; const res = await apiRequest(""POST"", ""/api/site-material-trips"", payload); return res.json(); }, onSuccess: async (trip: any) => { if (stagedPhotos.length > 0 && trip?.id) { await uploadStagedPhotos(trip.id); queryClient.invalidateQueries({ queryKey: [""/api/attachments"", ""site_material_trip"", trip.id] }); } setStagedPhotos([]); queryClient.invalidateQueries({ predicate: (q) => typeof q.queryKey[0] === ""string"" && q.queryKey[0].startsWith(""/api/site-material-trips"") }); // The submitted site is captured in the mutation payload; invalidate // all scoped entries so a quick site switch while saving cannot leave // either the old or new site's list stale. invalidateSiteMaterialSuggestions(); queryClient.invalidateQueries({ predicate: (q) => typeof q.queryKey[0] === ""string"" && q.queryKey[0].startsWith(""/api/materials-received"") }); if (isPILinked) { queryClient.invalidateQueries({ queryKey: [""/api/purchase-indents""] }); queryClient.invalidateQueries({ predicate: (q) => typeof q.queryKey[0] === ""string"" && q.queryKey[0].startsWith(""/api/purchase-indents"") }); } toast({ title: ""Trip Logged"", description: ""Material trip has been recorded successfully."" }); if (isPILinked) { // In PI-linked mode reset material/qty but keep site + PI context for next truckload setNewTrip(prev => ({ ...prev, vehicleNumber: """", internalEquipmentId: null, quantity: """", receiptNumber: """", notes: """", workType: """", })); } else if (keepContext) { // 06G rapid repeat-trip: keep site/material/supplier/location/UoM + // work context between trucks; clear only truck-specific fields. setNewTrip(prev => ({ ...prev, time: format(new Date(), ""HH:mm""), vehicleNumber: """", quantity: """", receiptNumber: """", notes: """", })); } else { setNewTrip({ date: today, time: format(new Date(), ""HH:mm""), site: newTrip.site, material: """", supplier: """", materialSourceSupplier: """", materialSourceType: ""vendor"", materialSourceLabel: """", vehicleNumber: """", transportType: ""agency_vendor"", internalEquipmentId: null, quantity: """", uom: ""CFT"", location: """", receiptNumber: """", enteredBy: newTrip.enteredBy, notes: """", workType: """", unloadedAt: ""stretch"", yardLabel: """", }); setWorkCtx(EMPTY_WORK_CONTEXT); setRoleChoice(""same_party""); setLastPrefill({ material: """", supplier: """" }); } }, onError: (error) => { toast({ title: ""Failed to log material trip"", description: error instanceof Error ? error.message : ""The trip could not be saved."", variant: ""destructive"" }); console.error(""Error creating trip:"", error); }, })"
"client/src/pages/SiteMaterialTrips.tsx","client/src/pages/SiteMaterialTrips.tsx:311","apiRequest","apiRequest(""POST"", ""/api/site-material-trips"", payload)"
"client/src/pages/SiteMaterialTrips.tsx","client/src/pages/SiteMaterialTrips.tsx:393","useMutation","useMutation({ mutationFn: async (id: number) => { return apiRequest(""DELETE"", `/api/site-material-trips/${id}`); }, onSuccess: () => { queryClient.invalidateQueries({ queryKey: [""/api/site-material-trips""] }); invalidateSiteMaterialSuggestions(); toast({ title: ""Deleted"", description: ""Trip entry has been removed."" }); }, onError: () => { toast({ title: ""Error"", description: ""Failed to delete trip."", variant: ""destructive"" }); }, })"
"client/src/pages/SiteMaterialTrips.tsx","client/src/pages/SiteMaterialTrips.tsx:395","apiRequest","apiRequest(""DELETE"", `/api/site-material-trips/${id}`)"
"client/src/pages/SiteMaterialTrips.tsx","client/src/pages/SiteMaterialTrips.tsx:407","useMutation","useMutation({ mutationFn: async () => { if (onlyWithoutArrangement) throw new Error(""Clear the no-arrangement filter before using the material-source tool.""); if (roleFilter !== ""all"") { throw new Error(""Select All in the transport/source role filter before using the bulk material-source tool.""); } const payload = { dateFrom: dateFromFilter || undefined, dateTo: dateToFilter || undefined, site: siteFilter && siteFilter !== ""all"" ? siteFilter : undefined, material: materialFilter && materialFilter !== ""all"" ? materialFilter : undefined, vehicleNumber: vehicleFilter.trim() || undefined, supplier: supplierFilter.trim() || undefined, onlyUnassigned, materialSourceSupplier: bulkMaterialSourceSupplier.trim(), }; const response = await apiRequest(""POST"", ""/api/site-material-trips/material-source/bulk"", payload); const result: unknown = await response.json(); const updatedCount = (result as { updatedCount?: unknown } | null)?.updatedCount; if (!Number.isSafeInteger(updatedCount) || (updatedCount as number) < 0 || (updatedCount as number) > bulkEligibleCount) { throw new Error(""The server returned an invalid updated-trip count. Reload the trips before trying again.""); } return { updatedCount: updatedCount as number }; }, onSuccess: ({ updatedCount }) => { setBulkConfirmOpen(false); queryClient.invalidateQueries({ predicate: (query) => typeof query.queryKey[0] === ""string"" && query.queryKey[0].startsWith(""/api/site-material-trips"") }); invalidateSiteMaterialSuggestions(siteFilter); if (updatedCount === 0) { toast({ title: ""No trips updated"", description: ""Nothing was changed. Check the filters and edit permission, then reload the trips before trying again."", variant: ""destructive"", }); return; } toast({ title: ""Material source assigned"", description: `${updatedCount} trip${updatedCount === 1 ? """" : ""s""} updated.`, }); }, onError: (error) => { setBulkConfirmOpen(false); toast({ title: ""Bulk assignment failed"", description: error instanceof Error ? error.message : ""The material source could not be assigned."", variant: ""destructive"", }); }, })"
"client/src/pages/SiteMaterialTrips.tsx","client/src/pages/SiteMaterialTrips.tsx:423","apiRequest","apiRequest(""POST"", ""/api/site-material-trips/material-source/bulk"", payload)"
"client/src/pages/SiteMaterialTrips.tsx","client/src/pages/SiteMaterialTrips.tsx:612","vendorQuery.refetch","vendorQuery.refetch()"
"client/src/pages/SiteMaterialTrips.tsx","client/src/pages/SiteMaterialTrips.tsx:1089","vendorQuery.refetch","vendorQuery.refetch()"
"client/src/pages/SiteMaterialsReceived.tsx","client/src/pages/SiteMaterialsReceived.tsx:150","useQuery","useQuery<any[]>({ queryKey: [buildUrl()], })"
"client/src/pages/SiteMaterialsReceived.tsx","client/src/pages/SiteMaterialsReceived.tsx:154","useQuery","useQuery<string[]>({ queryKey: [""/api/materials/suppliers?includeMaterialSources=true""], })"
"client/src/pages/SiteMaterialsReceived.tsx","client/src/pages/SiteMaterialsReceived.tsx:157","useQuery","useQuery<Site[]>({ queryKey: [""/api/sites""], })"
"client/src/pages/SiteMaterialsReceived.tsx","client/src/pages/SiteMaterialsReceived.tsx:169","useMutation","useMutation({ mutationFn: (id: number) => apiRequest(""DELETE"", `/api/site-material-trips/${id}`), onSuccess: () => { queryClient.invalidateQueries({ predicate: (q) => typeof q.queryKey[0] === ""string"" && (q.queryKey[0].startsWith(""/api/site-material-trips"") || q.queryKey[0].startsWith(""/api/materials-received"")) }); invalidateSiteMaterialSuggestions(); toast({ title: ""Deleted"", description: ""Material entry removed."" }); setSelectedTrip(null); }, onError: () => toast({ title: ""Error"", description: ""Failed to delete."", variant: ""destructive"" }), })"
"client/src/pages/SiteMaterialsReceived.tsx","client/src/pages/SiteMaterialsReceived.tsx:170","apiRequest","apiRequest(""DELETE"", `/api/site-material-trips/${id}`)"
"client/src/pages/SiteMaterialsReceived.tsx","client/src/pages/SiteMaterialsReceived.tsx:183","useMutation","useMutation({ mutationFn: async ({ id, payload }: { id: number; payload: Record<string, any> }) => { const res = await apiRequest(""PATCH"", `/api/site-material-trips/${id}`, payload); return res.json(); }, onSuccess: (updated: any, variables) => { queryClient.invalidateQueries({ predicate: (q) => typeof q.queryKey[0] === ""string"" && (q.queryKey[0].startsWith(""/api/site-material-trips"") || q.queryKey[0].startsWith(""/api/materials-received"")) }); // An edit may move a receipt to another site. Refresh both cache // entries (all is also safe when a legacy row omits its old site). invalidateSiteMaterialSuggestions([ selectedTrip?.site, variables.payload?.site, ]); setSelectedTrip((prev: any) => prev ? { ...prev, ...updated } : prev); setEditForm(null); toast({ title: ""Saved"", description: ""Material entry updated."" }); }, onError: (err: any) => { toast({ title: ""Error"", description: err?.message || ""Failed to update entry."", variant: ""destructive"" }); }, })"
"client/src/pages/SiteMaterialsReceived.tsx","client/src/pages/SiteMaterialsReceived.tsx:185","apiRequest","apiRequest(""PATCH"", `/api/site-material-trips/${id}`, payload)"
"client/src/pages/SitePreview.tsx","client/src/pages/SitePreview.tsx:33","useQuery","useQuery<Personnel[]>({ queryKey: [""/api/personnel""], })"
"client/src/pages/SitePreview.tsx","client/src/pages/SitePreview.tsx:37","useQuery","useQuery<EquipmentMasterType[]>({ queryKey: [""/api/plant-module/equipment"", { includeInactive: true }], queryFn: () => fetch(""/api/plant-module/equipment?includeInactive=true"").then(r => r.json()), })"
"client/src/pages/SitePreview.tsx","client/src/pages/SitePreview.tsx:39","fetch(""/api/plant-module/equipment?includeInactive=true"").then","fetch(""/api/plant-module/equipment?includeInactive=true"").then(r => r.json())"
"client/src/pages/SitePreview.tsx","client/src/pages/SitePreview.tsx:39","fetch","fetch(""/api/plant-module/equipment?includeInactive=true"")"
"client/src/pages/SitePurchasesReport.tsx","client/src/pages/SitePurchasesReport.tsx:92","useQuery","useQuery<SitePurchaseItem[]>({ queryKey: [""/api/site-purchases"", queryString], queryFn: async () => { const res = await fetch(`/api/site-purchases?${queryString}`, { credentials: ""include"" }); if (!res.ok) throw new Error(""Failed to fetch site purchases""); return res.json(); }, })"
"client/src/pages/SitePurchasesReport.tsx","client/src/pages/SitePurchasesReport.tsx:95","fetch","fetch(`/api/site-purchases?${queryString}`, { credentials: ""include"" })"
"client/src/pages/SitePurchasesReport.tsx","client/src/pages/SitePurchasesReport.tsx:101","useQuery","useQuery<any[]>({ queryKey: [""/api/dprs""], })"
"client/src/pages/SitePurchasesReport.tsx","client/src/pages/SitePurchasesReport.tsx:110","useMutation","useMutation({ mutationFn: async ({ id, data }: { id: number; data: any }) => { const res = await apiRequest(""PUT"", `/api/site-purchases/${id}`, { data }); return res.json(); }, onSuccess: () => { queryClient.invalidateQueries({ predicate: (q) => q.queryKey[0]?.toString().startsWith(""/api/site-purchases"") || false }); setEditingItem(null); toast({ title: ""Purchase Updated"", description: ""The site purchase entry has been updated successfully."", }); }, onError: (error: any) => { let msg = ""Failed to update purchase""; try { const parsed = JSON.parse(error.message.replace(/^\d+:\s*/, """")); msg = parsed.message || msg; } catch { msg = error.message || msg; } toast({ title: ""Error"", description: msg, variant: ""destructive"", }); }, })"
"client/src/pages/SitePurchasesReport.tsx","client/src/pages/SitePurchasesReport.tsx:112","apiRequest","apiRequest(""PUT"", `/api/site-purchases/${id}`, { data })"
"client/src/pages/SitePurchasesReport.tsx","client/src/pages/SitePurchasesReport.tsx:137","useMutation","useMutation({ mutationFn: async (id: number) => { const res = await apiRequest(""POST"", `/api/site-purchases/${id}/final-submit`, {}); return res.json(); }, onSuccess: () => { queryClient.invalidateQueries({ predicate: (q) => q.queryKey[0]?.toString().startsWith(""/api/site-purchases"") || false }); toast({ title: ""Purchase Final Submitted"", description: ""This purchase is now locked from further edits."" }); }, onError: (error: any) => { let msg = ""Failed to final-submit purchase""; try { const parsed = JSON.parse(error.message.replace(/^\d+:\s*/, """")); msg = parsed.message || msg; } catch { msg = error.message || msg; } toast({ title: ""Error"", description: msg, variant: ""destructive"" }); }, })"
"client/src/pages/SitePurchasesReport.tsx","client/src/pages/SitePurchasesReport.tsx:139","apiRequest","apiRequest(""POST"", `/api/site-purchases/${id}/final-submit`, {})"
"client/src/pages/SiteReport.tsx","client/src/pages/SiteReport.tsx:46","useQuery","useQuery<Personnel[]>({ queryKey: [""/api/personnel""] })"
"client/src/pages/SiteReport.tsx","client/src/pages/SiteReport.tsx:47","useQuery","useQuery<Site[]>({ queryKey: [""/api/sites""] })"
"client/src/pages/SiteReport.tsx","client/src/pages/SiteReport.tsx:65","useQuery","useQuery<unknown>({ queryKey: [""/api/equipment-usage/lifecycle"", linkedUsageIds.join("","")], queryFn: async () => { const res = await fetch(`/api/equipment-usage/lifecycle?ids=${encodeURIComponent(linkedUsageIds.join("",""))}`, { credentials: ""include"" }); if (!res.ok) throw new Error(""Lifecycle is unavailable""); return res.json(); }, enabled: linkedUsageIds.length > 0, })"
"client/src/pages/SiteReport.tsx","client/src/pages/SiteReport.tsx:68","fetch","fetch(`/api/equipment-usage/lifecycle?ids=${encodeURIComponent(linkedUsageIds.join("",""))}`, { credentials: ""include"" })"
"client/src/pages/SiteReport.tsx","client/src/pages/SiteReport.tsx:75","useQuery","useQuery<any[]>({ queryKey: [""/api/plant-module/equipment"", ""report""], queryFn: async () => { const res = await fetch(""/api/plant-module/equipment?includeInactive=true"", { credentials: ""include"" }); return res.ok ? res.json() : []; }, })"
"client/src/pages/SiteReport.tsx","client/src/pages/SiteReport.tsx:78","fetch","fetch(""/api/plant-module/equipment?includeInactive=true"", { credentials: ""include"" })"
"client/src/pages/SiteReport.tsx","client/src/pages/SiteReport.tsx:82","useQuery","useQuery<any[]>({ queryKey: [""/api/maintenance/logs"", ""dpr_log"", dprEquipmentLogIds.join("","")], queryFn: async () => { const res = await fetch(`/api/maintenance/logs?sourceType=dpr_log&sourceRecordIds=${encodeURIComponent(dprEquipmentLogIds.join("",""))}`, { credentials: ""include"" }); return res.ok ? res.json() : []; }, enabled: dprEquipmentLogIds.length > 0, })"
"client/src/pages/SiteReport.tsx","client/src/pages/SiteReport.tsx:85","fetch","fetch(`/api/maintenance/logs?sourceType=dpr_log&sourceRecordIds=${encodeURIComponent(dprEquipmentLogIds.join("",""))}`, { credentials: ""include"" })"
"client/src/pages/SiteReport.tsx","client/src/pages/SiteReport.tsx:99","useMutation","useMutation({ mutationFn: async ({ usageId, destinationType, destinationSite }: { usageId: number; destinationType: EquipmentDestinationType; destinationSite?: string }) => { const response = await apiRequest(""POST"", `/api/equipment-usage/${usageId}/move`, { destinationType, ...(destinationSite ? { destinationSite } : {}), successorDate, }); return response.json(); }, onSuccess: () => { queryClient.invalidateQueries({ queryKey: [""/api/equipment-usage/lifecycle""] }); setMovingUsageId(null); setMoveDestination(""""); toast({ title: ""Equipment sent onward"", description: ""The completed source segment remains unchanged."" }); }, onError: (error: Error) => toast({ title: ""Could not move equipment"", description: error.message, variant: ""destructive"" }), })"
"client/src/pages/SiteReport.tsx","client/src/pages/SiteReport.tsx:101","apiRequest","apiRequest(""POST"", `/api/equipment-usage/${usageId}/move`, { destinationType, ...(destinationSite ? { destinationSite } : {}), successorDate, })"
"client/src/pages/SiteReport.tsx","client/src/pages/SiteReport.tsx:118","useMutation","useMutation({ mutationFn: async () => { await apiRequest(""DELETE"", `/api/dprs/${id}`); }, onSuccess: () => { queryClient.invalidateQueries({ queryKey: [""/api/dprs""] }); queryClient.invalidateQueries({ predicate: q => q.queryKey[0]?.toString().startsWith(""/api/site-purchases"") || false }); queryClient.invalidateQueries({ predicate: q => q.queryKey[0]?.toString().startsWith(""/api/plant-module/stock-ledger"") || false }); queryClient.invalidateQueries({ queryKey: [""/api/plant-module/stock-balances""] }); toast({ title: ""Report Deleted"", description: ""The report has been deleted."" }); setLocation(backLink); }, onError: () => toast({ title: ""Error"", description: ""Failed to delete report"", variant: ""destructive"" }), })"
"client/src/pages/SiteReport.tsx","client/src/pages/SiteReport.tsx:119","apiRequest","apiRequest(""DELETE"", `/api/dprs/${id}`)"
"client/src/pages/SiteReport.tsx","client/src/pages/SiteReport.tsx:136","refetch","refetch()"
"client/src/pages/SiteReport.tsx","client/src/pages/SiteReport.tsx:172","window.print","window.print()"
"client/src/pages/SiteRequirementNew.tsx","client/src/pages/SiteRequirementNew.tsx:318","useQueryClient","useQueryClient()"
"client/src/pages/SiteRequirementNew.tsx","client/src/pages/SiteRequirementNew.tsx:330","useQuery","useQuery<any[]>({ queryKey: [""/api/sites""] })"
"client/src/pages/SiteRequirementNew.tsx","client/src/pages/SiteRequirementNew.tsx:331","useQuery","useQuery<any>({ queryKey: [`/api/site-requirements/${editId}`], enabled: isEditMode, })"
"client/src/pages/SiteRequirementNew.tsx","client/src/pages/SiteRequirementNew.tsx:340","useQuery","useQuery<Array<{ id: number; name: string; status?: string; barCount?: number }>>({ queryKey: [""/api/boq/projects"", siteId], queryFn: async () => { const res = await fetch(`/api/boq/projects?siteId=${siteId}`, { credentials: ""include"" }); return res.ok ? res.json() : []; }, enabled: !!siteId, })"
"client/src/pages/SiteRequirementNew.tsx","client/src/pages/SiteRequirementNew.tsx:343","fetch","fetch(`/api/boq/projects?siteId=${siteId}`, { credentials: ""include"" })"
"client/src/pages/SiteRequirementNew.tsx","client/src/pages/SiteRequirementNew.tsx:355","useQuery","useQuery<SiteBoqItem[]>({ queryKey: [""/api/boq/projects"", siteBoqProjectId, ""items""], queryFn: async () => { const res = await fetch(`/api/boq/projects/${siteBoqProjectId}/items`, { credentials: ""include"" }); return res.ok ? res.json() : []; }, enabled: !!siteBoqProjectId, })"
"client/src/pages/SiteRequirementNew.tsx","client/src/pages/SiteRequirementNew.tsx:358","fetch","fetch(`/api/boq/projects/${siteBoqProjectId}/items`, { credentials: ""include"" })"
"client/src/pages/SiteRequirementNew.tsx","client/src/pages/SiteRequirementNew.tsx:409","useQuery","useQuery<PlannedWorkBar[]>({ queryKey: [""/api/boq/projects"", siteBoqProjectId, ""programme""], queryFn: async () => { const res = await fetch(`/api/boq/projects/${siteBoqProjectId}/programme`, { credentials: ""include"" }); return res.ok ? res.json() : []; }, enabled: selectedArrangementEligible && siteBoqProjectId != null, staleTime: 30_000, })"
"client/src/pages/SiteRequirementNew.tsx","client/src/pages/SiteRequirementNew.tsx:412","fetch","fetch(`/api/boq/projects/${siteBoqProjectId}/programme`, { credentials: ""include"" })"
"client/src/pages/SiteRequirementNew.tsx","client/src/pages/SiteRequirementNew.tsx:488","useMutation","useMutation({ mutationFn: () => { const body: any = {}; // 06N: build one persisted object per meaningful activity row. Activity // #1 keeps the 06F programmeBarId rule (?barId= or pre-existing value); // additional rows keep only a bar id they were loaded with. const activityObjects = pwActivities.filter(pwActivityHasContent).map((a, i) => ({ activity: a.activity, boqItemId: a.boqItemId, chainageFrom: a.chainageFrom !== """" ? parseFloat(a.chainageFrom) : null, chainageTo: a.chainageTo !== """" ? parseFloat(a.chainageTo) : null, // Legacy free-text chainage survives an edit round-trip verbatim // unless the user filled the numeric From/To fields. ...(a.legacyChainage && a.chainageFrom === """" && a.chainageTo === """" ? { chainage: a.legacyChainage } : {}), programmeBarId: i === 0 ? knownBarIdRef.current : (a.programmeBarId ?? null), side: a.side || undefined, pwLength: a.pwLength ? parseFloat(a.pwLength) : null, pwWidth: a.pwWidth !== """" ? parseFloat(a.pwWidth) : null, pwThickness: a.pwThickness !== """" ? parseFloat(a.pwThickness) : null, plannedQty: a.plannedQty, plannedUom: a.plannedUom, remarks: a.pwRemarks, })); const builtPlannedWork = buildPlannedWork(activityObjects as any); if (builtPlannedWork) body.plannedWork = builtPlannedWork; const filteredMaterials = materials.filter(m => m.materialName); const filteredEquipment = equipment.filter(e => e.equipmentType); const filteredLabour = labour.filter(l => l.labourType); const filteredImmediate = immediate.filter(i => i.description); if (filteredMaterials.length > 0) body.materials = filteredMaterials; if (filteredEquipment.length > 0) body.equipment = filteredEquipment; if (filteredLabour.length > 0) body.labour = filteredLabour; if (filteredImmediate.length > 0) body.immediateRequirements = filteredImmediate; if (isEditMode) { return apiRequest(""PUT"", `/api/site-requirements/${editId}`, body); } // New submission — include identity and date/site body.date = date; body.siteId = siteId ? parseInt(siteId) : null; return apiRequest(""POST"", ""/api/site-requirements"", body); }, onSuccess: () => { queryClient.invalidateQueries({ queryKey: [""/api/site-requirements""] }); if (editId) { queryClient.invalidateQueries({ queryKey: [`/api/site-requirements/${editId}`] }); } toast({ title: isEditMode ? ""Requirement revised"" : ""Requirement submitted"", description: isEditMode ? ""Your revision has been saved. PM/Admin has been notified."" : isImmediateMode ? ""Your immediate requirement has been raised."" : ""Your tomorrow's plan has been sent to the PM."", }); setLocation(returnTo); }, onError: (err: any) => { toast({ title: isEditMode ? ""Failed to save revision"" : ""Failed to submit"", description: err.message, variant: ""destructive"" }); }, })"
"client/src/pages/SiteRequirementNew.tsx","client/src/pages/SiteRequirementNew.tsx:522","apiRequest","apiRequest(""PUT"", `/api/site-requirements/${editId}`, body)"
"client/src/pages/SiteRequirementNew.tsx","client/src/pages/SiteRequirementNew.tsx:527","apiRequest","apiRequest(""POST"", ""/api/site-requirements"", body)"
"client/src/pages/SiteRequirementsList.tsx","client/src/pages/SiteRequirementsList.tsx:288","useQueryClient","useQueryClient()"
"client/src/pages/SiteRequirementsList.tsx","client/src/pages/SiteRequirementsList.tsx:293","useMutation","useMutation({ mutationFn: () => apiRequest(""PATCH"", `/api/site-requirements/${req.id}/status`, { status: newStatus, pmRemarks, reviewedBy: (user as any)?.id, }), onSuccess: () => { invalidate(); toast({ title: ""Status updated"" }); setEditing(false); }, onError: () => toast({ title: ""Failed to update"", variant: ""destructive"" }), })"
"client/src/pages/SiteRequirementsList.tsx","client/src/pages/SiteRequirementsList.tsx:295","apiRequest","apiRequest(""PATCH"", `/api/site-requirements/${req.id}/status`, { status: newStatus, pmRemarks, reviewedBy: (user as any)?.id, })"
"client/src/pages/SiteRequirementsList.tsx","client/src/pages/SiteRequirementsList.tsx:312","useMutation","useMutation({ mutationFn: () => apiRequest(""POST"", `/api/site-requirements/${req.id}/revision-request`, { reason: revReason }), onSuccess: () => { invalidate(); toast({ title: ""Revision request sent"" }); setRevRequestOpen(false); setRevReason(""""); }, onError: (err: any) => toast({ title: ""Failed"", description: err.message, variant: ""destructive"" }), })"
"client/src/pages/SiteRequirementsList.tsx","client/src/pages/SiteRequirementsList.tsx:313","apiRequest","apiRequest(""POST"", `/api/site-requirements/${req.id}/revision-request`, { reason: revReason })"
"client/src/pages/SiteRequirementsList.tsx","client/src/pages/SiteRequirementsList.tsx:318","useMutation","useMutation({ mutationFn: () => apiRequest(""PATCH"", `/api/site-requirements/${req.id}/revision-approve`, { remarks: revActionRemarks }), onSuccess: () => { invalidate(); toast({ title: ""Revision approved"" }); setRevActionOpen(null); setRevActionRemarks(""""); }, onError: (err: any) => toast({ title: ""Failed"", description: err.message, variant: ""destructive"" }), })"
"client/src/pages/SiteRequirementsList.tsx","client/src/pages/SiteRequirementsList.tsx:319","apiRequest","apiRequest(""PATCH"", `/api/site-requirements/${req.id}/revision-approve`, { remarks: revActionRemarks })"
"client/src/pages/SiteRequirementsList.tsx","client/src/pages/SiteRequirementsList.tsx:324","useMutation","useMutation({ mutationFn: () => apiRequest(""PATCH"", `/api/site-requirements/${req.id}/revision-reject`, { remarks: revActionRemarks }), onSuccess: () => { invalidate(); toast({ title: ""Revision rejected"" }); setRevActionOpen(null); setRevActionRemarks(""""); }, onError: (err: any) => toast({ title: ""Failed"", description: err.message, variant: ""destructive"" }), })"
"client/src/pages/SiteRequirementsList.tsx","client/src/pages/SiteRequirementsList.tsx:325","apiRequest","apiRequest(""PATCH"", `/api/site-requirements/${req.id}/revision-reject`, { remarks: revActionRemarks })"
"client/src/pages/SiteRequirementsList.tsx","client/src/pages/SiteRequirementsList.tsx:330","useMutation","useMutation({ mutationFn: () => apiRequest(""PATCH"", `/api/site-requirements/${req.id}/allocation`, { materials: allocMat || null, materialsRemark: allocMatR || null, equipment: allocEq || null, equipmentRemark: allocEqR || null, labour: allocLab || null, labourRemark: allocLabR || null, immediate: allocImm || null, immediateRemark: allocImmR || null, }), onSuccess: () => { invalidate(); toast({ title: ""Allocation updated"" }); setAllocEditing(false); }, onError: () => toast({ title: ""Failed to save allocation"", variant: ""destructive"" }), })"
"client/src/pages/SiteRequirementsList.tsx","client/src/pages/SiteRequirementsList.tsx:332","apiRequest","apiRequest(""PATCH"", `/api/site-requirements/${req.id}/allocation`, { materials: allocMat || null, materialsRemark: allocMatR || null, equipment: allocEq || null, equipmentRemark: allocEqR || null, labour: allocLab || null, labourRemark: allocLabR || null, immediate: allocImm || null, immediateRemark: allocImmR || null, })"
"client/src/pages/SiteRequirementsList.tsx","client/src/pages/SiteRequirementsList.tsx:342","useMutation","useMutation({ mutationFn: (payload: { category: string; index: number; lineKey?: string | null; status: string; expectedBy: string; remarks: string; fulfilment?: FulfilmentValue }) => apiRequest(""PATCH"", `/api/site-requirements/${req.id}/item-status`, { category: payload.category, itemIndex: payload.index, lineKey: payload.lineKey || null, status: payload.status || null, expectedBy: payload.expectedBy || null, remarks: payload.remarks || null, fulfilmentType: payload.fulfilment?.fulfilmentType ?? null, arrangementId: payload.fulfilment?.arrangementId ?? null, agencyNameSnapshot: payload.fulfilment?.agencyNameSnapshot ?? null, exceptionReason: payload.fulfilment?.exceptionReason ?? null, }), onSuccess: () => { invalidate(); toast({ title: ""Item status updated"" }); setEditingItem(null); }, onError: (err: any) => { const msg = err?.message ?? err?.error ?? ""Server error""; console.error(""[item-status] update failed:"", err); toast({ title: ""Failed to update item status"", description: msg, variant: ""destructive"" }); }, })"
"client/src/pages/SiteRequirementsList.tsx","client/src/pages/SiteRequirementsList.tsx:344","apiRequest","apiRequest(""PATCH"", `/api/site-requirements/${req.id}/item-status`, { category: payload.category, itemIndex: payload.index, lineKey: payload.lineKey || null, status: payload.status || null, expectedBy: payload.expectedBy || null, remarks: payload.remarks || null, fulfilmentType: payload.fulfilment?.fulfilmentType ?? null, arrangementId: payload.fulfilment?.arrangementId ?? null, agencyNameSnapshot: payload.fulfilment?.agencyNameSnapshot ?? null, exceptionReason: payload.fulfilment?.exceptionReason ?? null, })"
"client/src/pages/SiteRequirementsList.tsx","client/src/pages/SiteRequirementsList.tsx:1136","useQuery","useQuery<any>({ queryKey: [`/api/site-requirements/${req.id}/execution-summary`], enabled: outcome === ""partly_executed"" || outcome === ""executed"", })"
"client/src/pages/SiteRequirementsList.tsx","client/src/pages/SiteRequirementsList.tsx:1150","useMutation","useMutation({ mutationFn: async () => { const res = await apiRequest(""POST"", `/api/site-requirements/${req.id}/outcome`, { outcome, reason: reason || null, remarks: remarks || null, carryForward: canCarry && carryMode !== ""none"" ? { mode: carryMode, targetDate: carryMode === ""date"" ? targetDate : null, carryQty: carryQty !== """" ? parseFloat(carryQty) : null } : { mode: ""none"" }, }); return res.json(); }, onSuccess: (r: any) => { onSaved(); toast({ title: ""Work outcome recorded"", description: r.newPlan ? `New plan created for ${format(new Date(r.newPlan.date + ""T00:00:00""), ""d MMM yyyy"")}.` : undefined, }); onClose(); }, onError: async (e: any) => { toast({ title: ""Could not save outcome"", description: e?.message ?? ""Please check the details."", variant: ""destructive"" }); }, })"
"client/src/pages/SiteRequirementsList.tsx","client/src/pages/SiteRequirementsList.tsx:1152","apiRequest","apiRequest(""POST"", `/api/site-requirements/${req.id}/outcome`, { outcome, reason: reason || null, remarks: remarks || null, carryForward: canCarry && carryMode !== ""none"" ? { mode: carryMode, targetDate: carryMode === ""date"" ? targetDate : null, carryQty: carryQty !== """" ? parseFloat(carryQty) : null } : { mode: ""none"" }, })"
"client/src/pages/SiteRequirementsList.tsx","client/src/pages/SiteRequirementsList.tsx:1327","useQueryClient","useQueryClient()"
"client/src/pages/SiteRequirementsList.tsx","client/src/pages/SiteRequirementsList.tsx:1344","useQuery","useQuery<any[]>({ queryKey: [""/api/site-requirements""], staleTime: 30_000, refetchInterval: 30_000, })"
"client/src/pages/StoresDieselRegister.tsx","client/src/pages/StoresDieselRegister.tsx:45","useQuery","useQuery<Attachment[]>({ queryKey: [""/api/attachments"", ""diesel_purchase"", requirement.id], queryFn: async () => { const response = await fetch(`/api/attachments?moduleType=diesel_purchase&linkedRecordId=${requirement.id}`); if (!response.ok) throw new Error(""Unable to load purchase documents""); return response.json(); }, enabled: open && (attachmentCount || 0) > 0, })"
"client/src/pages/StoresDieselRegister.tsx","client/src/pages/StoresDieselRegister.tsx:48","fetch","fetch(`/api/attachments?moduleType=diesel_purchase&linkedRecordId=${requirement.id}`)"
"client/src/pages/StoresDieselRegister.tsx","client/src/pages/StoresDieselRegister.tsx:131","useQuery","useQuery<DieselRequirementWithItems[]>({ queryKey: [""/api/diesel-requirements""] })"
"client/src/pages/StoresDieselRegister.tsx","client/src/pages/StoresDieselRegister.tsx:132","useQuery","useQuery<{ id: number; name: string }[]>({ queryKey: [""/api/sites""] })"
"client/src/pages/StoresDieselRegister.tsx","client/src/pages/StoresDieselRegister.tsx:133","useQuery","useQuery<PlantMaterial[]>({ queryKey: [""/api/plant-module/materials""], enabled: canRecordReceipt, })"
"client/src/pages/StoresDieselRegister.tsx","client/src/pages/StoresDieselRegister.tsx:140","useQuery","useQuery<Record<number, ReceiptEntry>>({ queryKey: [""/api/diesel-requirements/receipt-status"", ids], queryFn: async () => { const response = await fetch(`/api/diesel-requirements/receipt-status?ids=${ids}`); if (!response.ok) throw new Error(""Unable to load receipt status""); return response.json(); }, enabled: canViewRegister && purchasedIds.length > 0, })"
"client/src/pages/StoresDieselRegister.tsx","client/src/pages/StoresDieselRegister.tsx:143","fetch","fetch(`/api/diesel-requirements/receipt-status?ids=${ids}`)"
"client/src/pages/StoresDieselRegister.tsx","client/src/pages/StoresDieselRegister.tsx:149","useQuery","useQuery<Record<number, number>>({ queryKey: [""/api/attachments/counts"", ""diesel_purchase"", ids], queryFn: async () => { const response = await fetch(`/api/attachments/counts?moduleType=diesel_purchase&ids=${ids}&docTypes=bill,invoice,challan,receipt,dc`); if (!response.ok) throw new Error(""Unable to load document counts""); return response.json(); }, enabled: purchasedIds.length > 0, })"
"client/src/pages/StoresDieselRegister.tsx","client/src/pages/StoresDieselRegister.tsx:152","fetch","fetch(`/api/attachments/counts?moduleType=diesel_purchase&ids=${ids}&docTypes=bill,invoice,challan,receipt,dc`)"
"client/src/pages/StoresGrn.tsx","client/src/pages/StoresGrn.tsx:110","apiRequest","apiRequest(""POST"", ""/api/attachments"", { moduleType: ""store_grn"", linkedRecordId: grnId, fileName: file.name, objectPath: up.objectPath, mimeType: file.type || ""application/octet-stream"", fileSize: file.size, })"
"client/src/pages/StoresGrn.tsx","client/src/pages/StoresGrn.tsx:275","useQuery","useQuery<StoreItem[]>({ queryKey: [""/api/stores/items""] })"
"client/src/pages/StoresGrn.tsx","client/src/pages/StoresGrn.tsx:276","useQuery","useQuery<Site[]>({ queryKey: [""/api/sites""] })"
"client/src/pages/StoresGrn.tsx","client/src/pages/StoresGrn.tsx:277","useQuery","useQuery<number[]>({ queryKey: [""/api/stores/grns/recent-items""] })"
"client/src/pages/StoresGrn.tsx","client/src/pages/StoresGrn.tsx:278","useQuery","useQuery<string[]>({ queryKey: [""/api/stores/grns/recent-suppliers""] })"
"client/src/pages/StoresGrn.tsx","client/src/pages/StoresGrn.tsx:279","useQuery","useQuery<{ id: number; fullName: string }[]>({ queryKey: [""/api/users/directory""] })"
"client/src/pages/StoresGrn.tsx","client/src/pages/StoresGrn.tsx:291","useQuery","useQuery<string[]>({ queryKey: [""/api/stores/grns/supplier-history"", formItemIds.join("","")], queryFn: async () => { if (formItemIds.length === 0) return []; const res = await fetch( `/api/stores/grns/supplier-history?itemIds=${formItemIds.join("","")}`, { credentials: ""include"" } ); if (!res.ok) return []; return res.json() as Promise<string[]>; }, enabled: (showForm || !!editingDraftId) && formItemIds.length > 0, staleTime: 60_000, })"
"client/src/pages/StoresGrn.tsx","client/src/pages/StoresGrn.tsx:295","fetch","fetch( `/api/stores/grns/supplier-history?itemIds=${formItemIds.join("","")}`, { credentials: ""include"" } )"
"client/src/pages/StoresGrn.tsx","client/src/pages/StoresGrn.tsx:306","useQuery","useQuery<Array<StoreItem & { balance: number }>>({ queryKey: [""/api/stores/stock-balance""], enabled: showForm || !!editingDraftId, staleTime: 30_000, })"
"client/src/pages/StoresGrn.tsx","client/src/pages/StoresGrn.tsx:331","useQuery","useQuery<PurchaseIndentFull[]>({ queryKey: [""/api/purchase-indents""], select: (data: any[]) => data.map(d => ({ id: d.id, indentNo: d.indentNo, status: d.status, date: d.date, raisedBy: d.raisedBy, items: (d.items || []).map((it: any) => ({ id: it.id, description: it.description || """", qty: it.qty, uom: it.uom, approvedQty: it.approvedQty, })), })), })"
"client/src/pages/StoresGrn.tsx","client/src/pages/StoresGrn.tsx:356","useQuery","useQuery<PurchaseIndentFull[]>({ queryKey: [""/api/purchase-indents/for-material"", firstItemName], queryFn: () => { const url = firstItemName ? `/api/purchase-indents/for-material?name=${encodeURIComponent(firstItemName)}` : ""/api/purchase-indents/for-material""; return fetch(url).then(r => r.json()); }, select: (data: any[]) => data.map(d => ({ id: d.id, indentNo: d.indentNo, status: d.status, date: d.date, raisedBy: d.raisedBy, items: (d.items || []).map((it: any) => ({ description: it.description || """", qty: it.qty, uom: it.uom, approvedQty: it.approvedQty ?? null, })), })), })"
"client/src/pages/StoresGrn.tsx","client/src/pages/StoresGrn.tsx:362","fetch(url).then","fetch(url).then(r => r.json())"
"client/src/pages/StoresGrn.tsx","client/src/pages/StoresGrn.tsx:362","fetch","fetch(url)"
"client/src/pages/StoresGrn.tsx","client/src/pages/StoresGrn.tsx:382","useQuery","useQuery<GrnWithItems[]>({ queryKey: [""/api/stores/grns"", dateFrom, dateTo, indentFilter, supplierFilter, siteFilter, statusMode, categoryFilter, itemFilter], queryFn: async () => { const p = new URLSearchParams(); if (dateFrom) p.set(""dateFrom"", dateFrom); if (dateTo) p.set(""dateTo"", dateTo); if (indentFilter) p.set(""indentRef"", indentFilter); if (supplierFilter) p.set(""supplier"", supplierFilter); if (siteFilter) p.set(""siteId"", siteFilter); if (categoryFilter) p.set(""category"", categoryFilter); if (itemFilter) p.set(""item"", itemFilter); if (statusMode === ""cancelled"") { p.set(""showCancelled"", ""true""); } else if (statusMode === ""awaiting_pi"") { p.set(""awaitingPi"", ""true""); } else if (statusMode === ""pending_receipt"") { p.set(""piSourced"", ""true""); p.set(""status"", ""draft""); } else if (statusMode === ""draft_manual"") { p.set(""status"", ""draft""); } else if (statusMode === ""finalized"") { p.set(""status"", ""finalized""); } const res = await fetch(`/api/stores/grns${p.toString() ? ""?"" + p : """"}`); if (!res.ok) throw new Error(""Failed""); return res.json(); }, })"
"client/src/pages/StoresGrn.tsx","client/src/pages/StoresGrn.tsx:405","fetch","fetch(`/api/stores/grns${p.toString() ? ""?"" + p : """"}`)"
"client/src/pages/StoresGrn.tsx","client/src/pages/StoresGrn.tsx:411","useQuery","useQuery<GrnWithItems[]>({ queryKey: [""/api/stores/grns/awaiting-pi-count""], queryFn: async () => { const res = await fetch(""/api/stores/grns?awaitingPi=true""); if (!res.ok) throw new Error(""Failed""); return res.json(); }, staleTime: 60_000, })"
"client/src/pages/StoresGrn.tsx","client/src/pages/StoresGrn.tsx:414","fetch","fetch(""/api/stores/grns?awaitingPi=true"")"
"client/src/pages/StoresGrn.tsx","client/src/pages/StoresGrn.tsx:423","useQuery","useQuery<GrnWithItems[]>({ queryKey: [""/api/stores/grns/stale""], queryFn: async () => { const res = await fetch(`/api/stores/grns/stale?thresholdHours=${STALE_GRN_THRESHOLD_HOURS}`); if (!res.ok) throw new Error(""Failed""); return res.json(); }, enabled: isAdmin || isManager, staleTime: 5 * 60_000, refetchInterval: 30 * 60_000, })"
"client/src/pages/StoresGrn.tsx","client/src/pages/StoresGrn.tsx:426","fetch","fetch(`/api/stores/grns/stale?thresholdHours=${STALE_GRN_THRESHOLD_HOURS}`)"
"client/src/pages/StoresGrn.tsx","client/src/pages/StoresGrn.tsx:436","useQuery","useQuery<{ number: string }>({ queryKey: [""/api/stores/next-doc-number"", ""GRN"", grnCategory], queryFn: () => { const catCode = STORE_CATEGORY_CODES[grnCategory] || ""OTH""; return fetch(`/api/stores/next-doc-number?type=GRN&category=${catCode}`).then(r => r.json()); }, enabled: showForm, staleTime: 0, })"
"client/src/pages/StoresGrn.tsx","client/src/pages/StoresGrn.tsx:440","fetch(`/api/stores/next-doc-number?type=GRN&category=${catCode}`).then","fetch(`/api/stores/next-doc-number?type=GRN&category=${catCode}`).then(r => r.json())"
"client/src/pages/StoresGrn.tsx","client/src/pages/StoresGrn.tsx:440","fetch","fetch(`/api/stores/next-doc-number?type=GRN&category=${catCode}`)"
"client/src/pages/StoresGrn.tsx","client/src/pages/StoresGrn.tsx:449","useQuery","useQuery<PurchaseIndentFull[]>({ queryKey: [""/api/purchase-indents/for-material"", draftFirstItemName], queryFn: () => { const url = draftFirstItemName ? `/api/purchase-indents/for-material?name=${encodeURIComponent(draftFirstItemName)}` : ""/api/purchase-indents/for-material""; return fetch(url).then(r => r.json()); }, select: (data: any[]) => data.map(d => ({ id: d.id, indentNo: d.indentNo, status: d.status, date: d.date, raisedBy: d.raisedBy, items: (d.items || []).map((it: any) => ({ id: it.id, description: it.description || """", qty: it.qty, uom: it.uom, approvedQty: it.approvedQty ?? null, })), })), enabled: finalisingDraft && !!draftFirstItemName, })"
"client/src/pages/StoresGrn.tsx","client/src/pages/StoresGrn.tsx:455","fetch(url).then","fetch(url).then(r => r.json())"
"client/src/pages/StoresGrn.tsx","client/src/pages/StoresGrn.tsx:455","fetch","fetch(url)"
"client/src/pages/StoresGrn.tsx","client/src/pages/StoresGrn.tsx:514","useMutation","useMutation({ mutationFn: (data: any) => apiRequest(""POST"", ""/api/stores/grns"", data), onSuccess: async (res: Response) => { const created = await res.json().catch(() => null); if (!isSavingDraft && created?.id && stagedGrnPhotos.length > 0) { await uploadGrnPhotos(created.id); setStagedGrnPhotos([]); } queryClient.invalidateQueries({ predicate: q => String(q.queryKey[0]).startsWith(""/api/stores"") }); if (isSavingDraft) { toast({ title: ""Draft saved"", description: ""Find it in the GRN list to finalise later."" }); } else { toast({ title: ""GRN created — items added to stock"" }); } setIsSavingDraft(false); setShowForm(false); setForm({ date: TODAY, supplier: """", invoiceNo: """", invoiceDate: """", siteId: """", indentRef: """", remarks: """", acceptanceStatus: ""accepted"", acceptanceRemarks: """" }); setLines([emptyLine()]); setStagedGrnPhotos([]); setGrnCategory(""Spares""); setIndentOverride(false); setIndentComboSearch(""""); if (isNew) navigate(searchParams.get(""returnTo"") || ""/stores/grns""); }, onError: (err: any) => { setIsSavingDraft(false); toast({ title: ""Error creating GRN"", description: err?.message ?? ""Unknown error"", variant: ""destructive"" }); }, })"
"client/src/pages/StoresGrn.tsx","client/src/pages/StoresGrn.tsx:515","apiRequest","apiRequest(""POST"", ""/api/stores/grns"", data)"
"client/src/pages/StoresGrn.tsx","client/src/pages/StoresGrn.tsx:544","useMutation","useMutation({ mutationFn: ({ id, indentRef, overrideReason }: { id: number; indentRef: string | null; overrideReason?: string }) => apiRequest(""PATCH"", `/api/stores/grns/${id}`, { status: ""finalized"", indentRef, ...(overrideReason ? { overrideReason } : {}) }), onSuccess: () => { queryClient.invalidateQueries({ predicate: q => String(q.queryKey[0]).startsWith(""/api/stores"") }); toast({ title: ""GRN finalised — items added to stock"" }); setFinalisingDraft(false); setDraftFinaliseIndentRef(""""); setDraftFinaliseOverride(false); setOverrideDialogOpen(false); setOverrideReasonText(""""); setOverridePendingId(null); setOverridePendingIndentRef(null); }, onError: (err: any) => { const parsed = parseApiError(err); if (parsed.code === ""OVERRIDE_REASON_REQUIRED"" && selectedGrn) { // Admin is the purchaser — open override reason dialog rather than toasting setOverridePendingId(selectedGrn.id); setOverridePendingIndentRef(draftFinaliseIndentRef || draftFinaliseComboSearch.trim() || null); setOverrideDialogOpen(true); return; } toast({ title: ""Failed to finalise GRN"", description: parsed.message, variant: ""destructive"" }); }, })"
"client/src/pages/StoresGrn.tsx","client/src/pages/StoresGrn.tsx:546","apiRequest","apiRequest(""PATCH"", `/api/stores/grns/${id}`, { status: ""finalized"", indentRef, ...(overrideReason ? { overrideReason } : {}) })"
"client/src/pages/StoresGrn.tsx","client/src/pages/StoresGrn.tsx:571","useMutation","useMutation({ mutationFn: (data: any) => apiRequest(""PUT"", `/api/stores/grns/${editingDraftId}`, data), onSuccess: (_res, variables) => { queryClient.invalidateQueries({ predicate: q => String(q.queryKey[0]).startsWith(""/api/stores"") }); const isDraft = variables?.grn?.status === ""draft""; toast({ title: isDraft ? ""Draft updated"" : ""GRN finalised — items added to stock"" }); setIsSavingDraft(false); setShowForm(false); setEditingDraftId(null); setEditingDraftNumber(""""); setForm({ date: TODAY, supplier: """", invoiceNo: """", invoiceDate: """", siteId: """", indentRef: """", remarks: """", acceptanceStatus: ""accepted"", acceptanceRemarks: """" }); setLines([emptyLine()]); setGrnCategory(""Spares""); setIndentOverride(false); setIndentComboSearch(""""); }, onError: (err: any) => { setIsSavingDraft(false); const p = parseApiError(err); toast({ title: ""Failed to update draft"", description: p.message, variant: ""destructive"" }); }, })"
"client/src/pages/StoresGrn.tsx","client/src/pages/StoresGrn.tsx:572","apiRequest","apiRequest(""PUT"", `/api/stores/grns/${editingDraftId}`, data)"
"client/src/pages/StoresGrn.tsx","client/src/pages/StoresGrn.tsx:594","useMutation","useMutation({ mutationFn: async (data: any) => { const res = await apiRequest(""POST"", ""/api/stores/items"", data); return res.json(); }, onSuccess: (newItem: any) => { queryClient.invalidateQueries({ predicate: q => String(q.queryKey[0]).startsWith(""/api/stores"") }); toast({ title: `""${newItem.name}"" added to catalogue` }); if (addItemTargetIdx !== null) { updateLine(addItemTargetIdx, ""itemId"", String(newItem.id)); } setAddItemOpen(false); setAddItemForm({ name: """", category: ""Spares"", uom: ""Nos"" }); setAddItemTargetIdx(null); }, onError: (err: any) => { const p = parseApiError(err); toast({ title: ""Error adding item"", description: p.message, variant: ""destructive"" }); }, })"
"client/src/pages/StoresGrn.tsx","client/src/pages/StoresGrn.tsx:595","apiRequest","apiRequest(""POST"", ""/api/stores/items"", data)"
"client/src/pages/StoresGrn.tsx","client/src/pages/StoresGrn.tsx:610","useMutation","useMutation({ mutationFn: ({ id, reason }: { id: number; reason: string }) => apiRequest(""POST"", `/api/stores/grns/${id}/cancel`, { reason }), onSuccess: () => { queryClient.invalidateQueries({ predicate: q => String(q.queryKey[0]).startsWith(""/api/stores"") }); toast({ title: ""GRN cancelled"" }); setCancelDialogId(null); setCancelReason(""""); if (selectedId && selectedId === cancelMutation.variables?.id) setSelectedId(null); }, onError: (err: any) => { const p = parseApiError(err); toast({ title: ""Failed to cancel GRN"", description: p.message, variant: ""destructive"" }); }, })"
"client/src/pages/StoresGrn.tsx","client/src/pages/StoresGrn.tsx:612","apiRequest","apiRequest(""POST"", `/api/stores/grns/${id}/cancel`, { reason })"
"client/src/pages/StoresGrn.tsx","client/src/pages/StoresGrn.tsx:623","useMutation","useMutation({ mutationFn: ({ id, data }: { id: number; data: { acceptanceStatus: string; acceptanceRemarks: string | null } }) => apiRequest(""PATCH"", `/api/stores/grns/${id}`, data), onSuccess: () => { queryClient.invalidateQueries({ predicate: q => String(q.queryKey[0]).startsWith(""/api/stores"") }); toast({ title: ""Acceptance status updated"" }); setEditingAcceptance(false); }, onError: (err: any) => toast({ title: ""Failed to update acceptance status"", description: err?.message ?? ""Unknown error"", variant: ""destructive"" }), })"
"client/src/pages/StoresGrn.tsx","client/src/pages/StoresGrn.tsx:625","apiRequest","apiRequest(""PATCH"", `/api/stores/grns/${id}`, data)"
"client/src/pages/StoresHome.tsx","client/src/pages/StoresHome.tsx:25","useQuery","useQuery<any[]>({ queryKey: [""/api/stores/stock-summary""], enabled: sectionVisible(""stores_inventory""), })"
"client/src/pages/StoresHub.tsx","client/src/pages/StoresHub.tsx:39","useQuery","useQuery<any[]>({ queryKey: [""/api/stores/stock-summary""], enabled: canStores, })"
"client/src/pages/StoresHub.tsx","client/src/pages/StoresHub.tsx:44","useQuery","useQuery<{ count: number }>({ queryKey: [""/api/stores/grns/pending-receipt-count""], enabled: canStores, })"
"client/src/pages/StoresHub.tsx","client/src/pages/StoresHub.tsx:50","useQuery","useQuery<{ count: number }>({ queryKey: [""/api/pending-plant-receipts/count""], enabled: canBulk, })"
"client/src/pages/StoresHub.tsx","client/src/pages/StoresHub.tsx:56","useQuery","useQuery<any[]>({ queryKey: [""/api/irn""], queryFn: async () => { const res = await fetch(""/api/irn""); if (!res.ok) return []; return res.json(); }, enabled: canIrn, })"
"client/src/pages/StoresHub.tsx","client/src/pages/StoresHub.tsx:59","fetch","fetch(""/api/irn"")"
"client/src/pages/StoresHub.tsx","client/src/pages/StoresHub.tsx:66","useQuery","useQuery<any[]>({ queryKey: [""/api/purchase-indents""], enabled: canPi, })"
"client/src/pages/StoresIssue.tsx","client/src/pages/StoresIssue.tsx:83","useQuery","useQuery<StoreItem[]>({ queryKey: [""/api/stores/items""] })"
"client/src/pages/StoresIssue.tsx","client/src/pages/StoresIssue.tsx:84","useQuery","useQuery<Site[]>({ queryKey: [""/api/sites""] })"
"client/src/pages/StoresIssue.tsx","client/src/pages/StoresIssue.tsx:85","useQuery","useQuery<number[]>({ queryKey: [""/api/stores/issues/recent-items""] })"
"client/src/pages/StoresIssue.tsx","client/src/pages/StoresIssue.tsx:86","useQuery","useQuery<{ id: number; fullName: string }[]>({ queryKey: [""/api/users/directory""] })"
"client/src/pages/StoresIssue.tsx","client/src/pages/StoresIssue.tsx:89","useQuery","useQuery<any[]>({ queryKey: [""/api/stores/stock-summary""] })"
"client/src/pages/StoresIssue.tsx","client/src/pages/StoresIssue.tsx:92","useQuery","useQuery<IssueWithItems[]>({ queryKey: [""/api/stores/issues"", dateFrom, dateTo, sectionFilter, siteFilter, categoryFilter, itemFilter, showCancelled], queryFn: async () => { const p = new URLSearchParams(); if (dateFrom) p.set(""dateFrom"", dateFrom); if (dateTo) p.set(""dateTo"", dateTo); if (sectionFilter !== ""__all__"") p.set(""section"", sectionFilter); if (siteFilter !== ""__all__"") p.set(""siteId"", siteFilter); if (categoryFilter) p.set(""category"", categoryFilter); if (itemFilter) p.set(""item"", itemFilter); if (showCancelled) p.set(""showCancelled"", ""true""); const res = await fetch(`/api/stores/issues${p.toString() ? ""?"" + p : """"}`); if (!res.ok) throw new Error(""Failed""); return res.json(); }, })"
"client/src/pages/StoresIssue.tsx","client/src/pages/StoresIssue.tsx:103","fetch","fetch(`/api/stores/issues${p.toString() ? ""?"" + p : """"}`)"
"client/src/pages/StoresIssue.tsx","client/src/pages/StoresIssue.tsx:109","useQuery","useQuery<{ number: string }>({ queryKey: [""/api/stores/next-doc-number"", ""ISS""], queryFn: () => fetch(""/api/stores/next-doc-number?type=ISS"").then(r => r.json()), enabled: showForm, staleTime: 0, })"
"client/src/pages/StoresIssue.tsx","client/src/pages/StoresIssue.tsx:111","fetch(""/api/stores/next-doc-number?type=ISS"").then","fetch(""/api/stores/next-doc-number?type=ISS"").then(r => r.json())"
"client/src/pages/StoresIssue.tsx","client/src/pages/StoresIssue.tsx:111","fetch","fetch(""/api/stores/next-doc-number?type=ISS"")"
"client/src/pages/StoresIssue.tsx","client/src/pages/StoresIssue.tsx:118","useMutation","useMutation({ mutationFn: (data: any) => apiRequest(""POST"", ""/api/stores/issues"", data), onSuccess: () => { queryClient.invalidateQueries({ predicate: q => String(q.queryKey[0]).startsWith(""/api/stores"") }); toast({ title: ""Issue Voucher created"" }); setShowForm(false); setForm({ date: TODAY, issuedToSection: ""plant"", issuedToDetail: """", siteId: """", purpose: """", remarks: """" }); setLines([emptyLine()]); if (isNew) navigate(new URLSearchParams(search).get(""returnTo"") || ""/stores/issues""); }, onError: () => toast({ title: ""Error creating Issue Voucher"", variant: ""destructive"" }), })"
"client/src/pages/StoresIssue.tsx","client/src/pages/StoresIssue.tsx:119","apiRequest","apiRequest(""POST"", ""/api/stores/issues"", data)"
"client/src/pages/StoresIssue.tsx","client/src/pages/StoresIssue.tsx:132","useMutation","useMutation({ mutationFn: ({ id, reason }: { id: number; reason: string }) => apiRequest(""POST"", `/api/stores/issues/${id}/cancel`, { reason }), onSuccess: () => { queryClient.invalidateQueries({ predicate: q => String(q.queryKey[0]).startsWith(""/api/stores"") }); toast({ title: ""Issue Voucher cancelled"" }); setCancelDialogId(null); setCancelReason(""""); if (selectedId && selectedId === cancelMutation.variables?.id) setSelectedId(null); }, onError: () => toast({ title: ""Failed to cancel Issue Voucher"", variant: ""destructive"" }), })"
"client/src/pages/StoresIssue.tsx","client/src/pages/StoresIssue.tsx:134","apiRequest","apiRequest(""POST"", `/api/stores/issues/${id}/cancel`, { reason })"
"client/src/pages/StoresItems.tsx","client/src/pages/StoresItems.tsx:34","useQuery","useQuery<StoreItem[]>({ queryKey: [""/api/stores/items"", showInactive], queryFn: async () => { const res = await fetch(`/api/stores/items?includeInactive=${showInactive}`); if (!res.ok) throw new Error(""Failed""); return res.json(); }, })"
"client/src/pages/StoresItems.tsx","client/src/pages/StoresItems.tsx:37","fetch","fetch(`/api/stores/items?includeInactive=${showInactive}`)"
"client/src/pages/StoresItems.tsx","client/src/pages/StoresItems.tsx:43","useQuery","useQuery<StockBalance[]>({ queryKey: [""/api/stores/stock-summary""], })"
"client/src/pages/StoresItems.tsx","client/src/pages/StoresItems.tsx:49","useMutation","useMutation({ mutationFn: (data: any) => apiRequest(""POST"", ""/api/stores/items"", data), onSuccess: () => { queryClient.invalidateQueries({ predicate: q => String(q.queryKey[0]).startsWith(""/api/stores"") }); toast({ title: ""Item added"" }); setDialogOpen(false); }, onError: () => toast({ title: ""Error"", variant: ""destructive"" }), })"
"client/src/pages/StoresItems.tsx","client/src/pages/StoresItems.tsx:50","apiRequest","apiRequest(""POST"", ""/api/stores/items"", data)"
"client/src/pages/StoresItems.tsx","client/src/pages/StoresItems.tsx:59","useMutation","useMutation({ mutationFn: ({ id, data }: { id: number; data: any }) => apiRequest(""PATCH"", `/api/stores/items/${id}`, data), onSuccess: () => { queryClient.invalidateQueries({ predicate: q => String(q.queryKey[0]).startsWith(""/api/stores"") }); toast({ title: ""Item updated"" }); setDialogOpen(false); }, onError: () => toast({ title: ""Error"", variant: ""destructive"" }), })"
"client/src/pages/StoresItems.tsx","client/src/pages/StoresItems.tsx:60","apiRequest","apiRequest(""PATCH"", `/api/stores/items/${id}`, data)"
"client/src/pages/StoresItems.tsx","client/src/pages/StoresItems.tsx:69","useMutation","useMutation({ mutationFn: (id: number) => apiRequest(""POST"", `/api/stores/items/${id}/toggle`), onSuccess: () => queryClient.invalidateQueries({ predicate: q => String(q.queryKey[0]).startsWith(""/api/stores"") }), onError: () => toast({ title: ""Error"", variant: ""destructive"" }), })"
"client/src/pages/StoresItems.tsx","client/src/pages/StoresItems.tsx:70","apiRequest","apiRequest(""POST"", `/api/stores/items/${id}/toggle`)"
"client/src/pages/StoresLedger.tsx","client/src/pages/StoresLedger.tsx:27","useQuery","useQuery<StockItem[]>({ queryKey: [""/api/stores/stock-summary""] })"
"client/src/pages/StoresLedger.tsx","client/src/pages/StoresLedger.tsx:30","useQuery","useQuery<LedgerEntry[]>({ queryKey: [""/api/stores/ledger"", itemId, dateFrom, dateTo], queryFn: async () => { const p = new URLSearchParams(); if (dateFrom) p.set(""dateFrom"", dateFrom); if (dateTo) p.set(""dateTo"", dateTo); const res = await fetch(`/api/stores/ledger/${itemId}${p.toString() ? ""?"" + p : """"}`); if (!res.ok) throw new Error(""Failed""); return res.json(); }, enabled: !!itemId, })"
"client/src/pages/StoresLedger.tsx","client/src/pages/StoresLedger.tsx:36","fetch","fetch(`/api/stores/ledger/${itemId}${p.toString() ? ""?"" + p : """"}`)"
"client/src/pages/UserManagement.tsx","client/src/pages/UserManagement.tsx:126","useQueryClient","useQueryClient()"
"client/src/pages/UserManagement.tsx","client/src/pages/UserManagement.tsx:133","useQuery","useQuery<SafeUser[]>({ queryKey: [""/api/auth/users""] })"
"client/src/pages/UserManagement.tsx","client/src/pages/UserManagement.tsx:135","useQuery","useQuery<{ userId: number; count: number }[]>({ queryKey: [""/api/push/subscriptions""], enabled: canView, })"
"client/src/pages/UserManagement.tsx","client/src/pages/UserManagement.tsx:145","useQuery","useQuery<{ ambiguousUsers: { id: number; fullName: string; isActive: boolean }[]; count: number; activeCount: number }>({ queryKey: [""/api/auth/users/site-access-audit""], enabled: canView, })"
"client/src/pages/UserManagement.tsx","client/src/pages/UserManagement.tsx:286","useQueryClient","useQueryClient()"
"client/src/pages/UserManagement.tsx","client/src/pages/UserManagement.tsx:289","useMutation","useMutation({ mutationFn: async (body: Partial<SafeUser>) => { const r = await apiRequest(""PATCH"", `/api/auth/users/${user.id}`, body); return r.json(); }, onSuccess: () => { qc.invalidateQueries({ queryKey: [""/api/auth/users""] }); }, onError: (e: Error | { message?: string }) => { toast({ title: ""Couldn't update user"", description: friendlyUserError(e?.message || """"), variant: ""destructive"" }); }, })"
"client/src/pages/UserManagement.tsx","client/src/pages/UserManagement.tsx:291","apiRequest","apiRequest(""PATCH"", `/api/auth/users/${user.id}`, body)"
"client/src/pages/UserManagement.tsx","client/src/pages/UserManagement.tsx:394","useQueryClient","useQueryClient()"
"client/src/pages/UserManagement.tsx","client/src/pages/UserManagement.tsx:434","useQuery","useQuery<{ id: number; name: string; isActive: number }[]>({ queryKey: [""/api/sites""], enabled: open })"
"client/src/pages/UserManagement.tsx","client/src/pages/UserManagement.tsx:462","useMutation","useMutation({ mutationFn: async () => { const r = await apiRequest(""POST"", ""/api/auth/users"", { email: email.trim() || undefined, phone: phone.trim() || undefined, fullName: fullName.trim(), password, isAdmin, isFieldEngineer, notificationsEnabled, sessionPolicy: policy, ...setupPayload(), }); return r.json(); }, onSuccess: finish, onError: (e: Error | { message?: string }) => { toast({ title: ""Couldn't create user"", description: friendlyUserError(e?.message || """"), variant: ""destructive"" }); }, })"
"client/src/pages/UserManagement.tsx","client/src/pages/UserManagement.tsx:464","apiRequest","apiRequest(""POST"", ""/api/auth/users"", { email: email.trim() || undefined, phone: phone.trim() || undefined, fullName: fullName.trim(), password, isAdmin, isFieldEngineer, notificationsEnabled, sessionPolicy: policy, ...setupPayload(), })"
"client/src/pages/UserManagement.tsx","client/src/pages/UserManagement.tsx:483","useMutation","useMutation({ mutationFn: async () => { const r = await apiRequest(""POST"", `/api/auth/users/${failedUserId}/complete-setup`, setupPayload()); return r.json(); }, onSuccess: finish, onError: (e: Error | { message?: string }) => { toast({ title: ""Retry failed"", description: friendlyUserError(e?.message || """"), variant: ""destructive"" }); }, })"
"client/src/pages/UserManagement.tsx","client/src/pages/UserManagement.tsx:485","apiRequest","apiRequest(""POST"", `/api/auth/users/${failedUserId}/complete-setup`, setupPayload())"
"client/src/pages/UserManagement.tsx","client/src/pages/UserManagement.tsx:612","sitesQ.refetch","sitesQ.refetch()"
"client/src/pages/UserManagement.tsx","client/src/pages/UserManagement.tsx:698","useQueryClient","useQueryClient()"
"client/src/pages/UserManagement.tsx","client/src/pages/UserManagement.tsx:733","useMutation","useMutation({ mutationFn: async () => { const r = await apiRequest(""PATCH"", `/api/auth/users/${userId}`, buildPatch()); return r.json(); }, onSuccess: async () => { toast({ title: ""User updated"" }); qc.invalidateQueries({ queryKey: [""/api/auth/users""] }); if (currentUser?.id === userId) await refresh(); onClose(); }, onError: (e: Error | { message?: string }) => { toast({ title: ""Save failed"", description: friendlyUserError(e?.message || """"), variant: ""destructive"" }); }, })"
"client/src/pages/UserManagement.tsx","client/src/pages/UserManagement.tsx:735","apiRequest","apiRequest(""PATCH"", `/api/auth/users/${userId}`, buildPatch())"
"client/src/pages/UserManagement.tsx","client/src/pages/UserManagement.tsx:858","useQueryClient","useQueryClient()"
"client/src/pages/UserManagement.tsx","client/src/pages/UserManagement.tsx:863","useQuery","useQuery<{ matrix: PermissionMatrix; isAdmin: boolean; businessRole: string | null }>({ queryKey: [""/api/auth/users"", userId, ""permissions""], })"
"client/src/pages/UserManagement.tsx","client/src/pages/UserManagement.tsx:912","useMutation","useMutation({ mutationFn: async () => { if (hasUnmanagedGrants || pendingRole !== null) throw new Error(""Review role changes and resolve out-of-scope grants before saving.""); const r = await apiRequest(""PUT"", `/api/auth/users/${userId}/permissions`, stagedRole === undefined ? matrix : { matrix, businessRole: stagedRole }); return r.json(); }, onSuccess: () => { toast({ title: ""Permissions saved"" }); qc.invalidateQueries({ queryKey: [""/api/auth/users"", userId, ""permissions""] }); qc.invalidateQueries({ queryKey: [""/api/auth/users""] }); onClose(); }, onError: (e: Error | { message?: string }) => { toast({ title: ""Save failed"", description: e?.message || """", variant: ""destructive"" }); }, })"
"client/src/pages/UserManagement.tsx","client/src/pages/UserManagement.tsx:915","apiRequest","apiRequest(""PUT"", `/api/auth/users/${userId}/permissions`, stagedRole === undefined ? matrix : { matrix, businessRole: stagedRole })"
"client/src/pages/UserManagement.tsx","client/src/pages/UserManagement.tsx:930","useMutation","useMutation({ mutationFn: async (fromUserId: number) => { if (hasUnmanagedGrants || unsaved) throw new Error(""Save or discard unsaved changes before copying permissions.""); const r = await apiRequest(""POST"", `/api/auth/users/${userId}/copy-permissions`, { fromUserId }); return r.json(); }, onSuccess: (j: { matrix: PermissionMatrix }) => { if (j?.matrix) { setMatrix(j.matrix); initialMatrix.current = j.matrix; } toast({ title: ""Copied permissions"" }); qc.invalidateQueries({ queryKey: [""/api/auth/users"", userId, ""permissions""] }); }, onError: (e: Error | { message?: string }) => { toast({ title: ""Copy failed"", description: e?.message || """", variant: ""destructive"" }); }, })"
"client/src/pages/UserManagement.tsx","client/src/pages/UserManagement.tsx:933","apiRequest","apiRequest(""POST"", `/api/auth/users/${userId}/copy-permissions`, { fromUserId })"
"client/src/pages/UserManagement.tsx","client/src/pages/UserManagement.tsx:989","[""delete"", ""export"", ""notify""].includes","[""delete"", ""export"", ""notify""].includes(action)"
"client/src/pages/UserManagement.tsx","client/src/pages/UserManagement.tsx:1008","[""delete"", ""export"", ""notify""].includes","[""delete"", ""export"", ""notify""].includes(a)"
"client/src/pages/UserManagement.tsx","client/src/pages/UserManagement.tsx:1024","[""delete"", ""export"", ""notify""].includes","[""delete"", ""export"", ""notify""].includes(a)"
"client/src/pages/UserManagement.tsx","client/src/pages/UserManagement.tsx:1120","permsQ.refetch","permsQ.refetch()"
"client/src/pages/UserManagement.tsx","client/src/pages/UserManagement.tsx:1311","useQueryClient","useQueryClient()"
"client/src/pages/UserManagement.tsx","client/src/pages/UserManagement.tsx:1314","useQuery","useQuery<{ id: number; name: string; isActive: number }[]>({ queryKey: [""/api/sites""] })"
"client/src/pages/UserManagement.tsx","client/src/pages/UserManagement.tsx:1315","useQuery","useQuery<{ siteIds: number[]; allSites: boolean; setupComplete?: boolean }>({ queryKey: [""/api/auth/users"", userId, ""site-access""] })"
"client/src/pages/UserManagement.tsx","client/src/pages/UserManagement.tsx:1327","useMutation","useMutation({ mutationFn: async () => { // Explicit semantics: allSites is a recorded grant; an empty selection // with allSites off means NO site access (never ""all sites""). const siteIds = allSites ? [] : Array.from(selectedIds); const r = await apiRequest(""PUT"", `/api/auth/users/${userId}/site-access`, { siteIds, allSites }); return r.json(); }, onSuccess: () => { toast({ title: ""Site access saved"" }); qc.invalidateQueries({ queryKey: [""/api/auth/users"", userId, ""site-access""] }); }, onError: (e: Error | { message?: string }) => { toast({ title: ""Save failed"", description: (e as Error)?.message ?? """", variant: ""destructive"" }); }, })"
"client/src/pages/UserManagement.tsx","client/src/pages/UserManagement.tsx:1332","apiRequest","apiRequest(""PUT"", `/api/auth/users/${userId}/site-access`, { siteIds, allSites })"
"client/src/pages/UserManagement.tsx","client/src/pages/UserManagement.tsx:1416","useMutation","useMutation({ mutationFn: async () => { const r = await apiRequest(""POST"", `/api/auth/users/${userId}/password`, { newPassword: pw }); return r.json(); }, onSuccess: () => { toast({ title: ""Password reset"" }); onClose(); }, onError: (e: Error | { message?: string }) => { toast({ title: ""Reset failed"", description: e?.message || """", variant: ""destructive"" }); }, })"
"client/src/pages/UserManagement.tsx","client/src/pages/UserManagement.tsx:1418","apiRequest","apiRequest(""POST"", `/api/auth/users/${userId}/password`, { newPassword: pw })"
"client/src/pages/VendorBills.tsx","client/src/pages/VendorBills.tsx:395","useQuery","useQuery<{ id: string; name: string; type: string }[]>({ queryKey: [""/api/vendor-bills/company-accounts""], queryFn: () => fetch(""/api/vendor-bills/company-accounts"", { credentials: ""include"" }).then(async response => { if (!response.ok) throw new Error((await response.text()) || ""Could not load company accounts""); return response.json(); }), enabled, })"
"client/src/pages/VendorBills.tsx","client/src/pages/VendorBills.tsx:397","fetch(""/api/vendor-bills/company-accounts"", { credentials: ""include"" }).then","fetch(""/api/vendor-bills/company-accounts"", { credentials: ""include"" }).then(async response => { if (!response.ok) throw new Error((await response.text()) || ""Could not load company accounts""); return response.json(); })"
"client/src/pages/VendorBills.tsx","client/src/pages/VendorBills.tsx:397","fetch","fetch(""/api/vendor-bills/company-accounts"", { credentials: ""include"" })"
"client/src/pages/VendorBills.tsx","client/src/pages/VendorBills.tsx:434","useMutation","useMutation({ mutationFn: () => apiRequest(""PATCH"", `/api/vendor-bills/${bill.id}/payment-details`, { paymentMode: mode || null, paidBy: paidByKind === """" ? null : paidByKind === ""company"" ? ""company"" : (payerName.trim() ? payerName.trim().toUpperCase() : ""PERSONAL""), ...(isEquipmentHire ? { amountPaid: amountPaid === """" ? 0 : Number(amountPaid) } : {}), ...(isEquipmentHire ? { paymentAccountKey: paidByKind === ""company"" ? paymentAccountKey || null : null } : {}), }), onSuccess: () => { queryClient.invalidateQueries({ queryKey: [""/api/vendor-bills""] }); queryClient.invalidateQueries({ queryKey: [`/api/vendor-bills/${bill.id}`] }); toast({ title: ""Payment details saved"" }); setEditing(false); }, onError: (err: any) => { toast({ title: ""Failed to save payment details"", description: isForbiddenError(err) ? NO_PERMISSION_DESCRIPTION : err.message, variant: ""destructive"", }); }, })"
"client/src/pages/VendorBills.tsx","client/src/pages/VendorBills.tsx:435","apiRequest","apiRequest(""PATCH"", `/api/vendor-bills/${bill.id}/payment-details`, { paymentMode: mode || null, paidBy: paidByKind === """" ? null : paidByKind === ""company"" ? ""company"" : (payerName.trim() ? payerName.trim().toUpperCase() : ""PERSONAL""), ...(isEquipmentHire ? { amountPaid: amountPaid === """" ? 0 : Number(amountPaid) } : {}), ...(isEquipmentHire ? { paymentAccountKey: paidByKind === ""company"" ? paymentAccountKey || null : null } : {}), })"
"client/src/pages/VendorBills.tsx","client/src/pages/VendorBills.tsx:727","useQuery","useQuery<VendorBillWithItems[]>({ queryKey: [""/api/vendor-bills""], })"
"client/src/pages/VendorBills.tsx","client/src/pages/VendorBills.tsx:731","useQuery","useQuery<{ total: number; totalAmount: number; draft: number; draftAmount: number; verified: number; verifiedAmount: number; approved: number; approvedAmount: number; paid: number; paidAmount: number; gstByCategory: { equipment: number; material: number; transport: number; labour: number; other: number }; totalGst: number; }>({ queryKey: [""/api/vendor-bills/summary""], })"
"client/src/pages/VendorBills.tsx","client/src/pages/VendorBills.tsx:748","useQuery","useQuery<VendorBillWithItems>({ queryKey: [""/api/vendor-bills"", selectedBillId], enabled: !!selectedBillId, })"
"client/src/pages/VendorBills.tsx","client/src/pages/VendorBills.tsx:753","useQuery","useQuery<string[]>({ queryKey: [""/api/vendor-bills/vendor-names""], })"
"client/src/pages/VendorBills.tsx","client/src/pages/VendorBills.tsx:758","useQuery","useQuery<Site[]>({ queryKey: [""/api/sites""] })"
"client/src/pages/VendorBills.tsx","client/src/pages/VendorBills.tsx:760","useQuery","useQuery<VendorAlias[]>({ queryKey: [""/api/vendor-aliases""], })"
"client/src/pages/VendorBills.tsx","client/src/pages/VendorBills.tsx:764","useMutation","useMutation({ mutationFn: (data: { canonicalName: string; alias: string }) => apiRequest(""POST"", ""/api/vendor-aliases"", data), onSuccess: () => { queryClient.invalidateQueries({ queryKey: [""/api/vendor-aliases""] }); queryClient.invalidateQueries({ queryKey: [""/api/vendor-bills/vendor-names""] }); toast({ title: ""Vendor alias added"" }); setAliasCanonical(""""); setAliasValue(""""); }, onError: (err: Error) => { toast({ title: ""Failed to add alias"", description: err.message, variant: ""destructive"" }); }, })"
"client/src/pages/VendorBills.tsx","client/src/pages/VendorBills.tsx:766","apiRequest","apiRequest(""POST"", ""/api/vendor-aliases"", data)"
"client/src/pages/VendorBills.tsx","client/src/pages/VendorBills.tsx:779","useMutation","useMutation({ mutationFn: (id: number) => apiRequest(""DELETE"", `/api/vendor-aliases/${id}`), onSuccess: () => { queryClient.invalidateQueries({ queryKey: [""/api/vendor-aliases""] }); queryClient.invalidateQueries({ queryKey: [""/api/vendor-bills/vendor-names""] }); toast({ title: ""Alias removed"" }); }, onError: (error: any) => { if (isForbiddenError(error)) { toast({ title: ""Permission denied"", description: NO_PERMISSION_DESCRIPTION, variant: ""destructive"" }); } else { toast({ title: ""Error"", description: error.message, variant: ""destructive"" }); } }, })"
"client/src/pages/VendorBills.tsx","client/src/pages/VendorBills.tsx:780","apiRequest","apiRequest(""DELETE"", `/api/vendor-aliases/${id}`)"
"client/src/pages/VendorBills.tsx","client/src/pages/VendorBills.tsx:826","useQuery","useQuery<DiscoveredVendor[]>({ queryKey: [isHistoricalHireEdit ? ""/api/vendor-bills/equipment-hire-discovery"" : ""/api/vendor-bills/discover-vendors"", billType, periodFrom, periodTo], queryFn: () => discoverUrl ? fetch(discoverUrl).then(r => r.json()) : Promise.resolve([]), enabled: !!discoverUrl && (showVendorDiscovery || isHistoricalHireEdit), })"
"client/src/pages/VendorBills.tsx","client/src/pages/VendorBills.tsx:828","fetch(discoverUrl).then","fetch(discoverUrl).then(r => r.json())"
"client/src/pages/VendorBills.tsx","client/src/pages/VendorBills.tsx:828","fetch","fetch(discoverUrl)"
"client/src/pages/VendorBills.tsx","client/src/pages/VendorBills.tsx:836","useQuery","useQuery<any[]>({ queryKey: [""/api/vendor-bills/auto-items"", vendorName, billType, periodFrom, periodTo, selectedSiteId], queryFn: () => autoItemsUrl ? fetch(autoItemsUrl).then(r => r.json()) : Promise.resolve([]), enabled: !!autoItemsUrl, })"
"client/src/pages/VendorBills.tsx","client/src/pages/VendorBills.tsx:838","fetch(autoItemsUrl).then","fetch(autoItemsUrl).then(r => r.json())"
"client/src/pages/VendorBills.tsx","client/src/pages/VendorBills.tsx:838","fetch","fetch(autoItemsUrl)"
"client/src/pages/VendorBills.tsx","client/src/pages/VendorBills.tsx:848","useQuery","useQuery<any[]>({ queryKey: [""/api/vendor-bills/hire-activities"", vendorName, periodFrom, periodTo], queryFn: () => fetch(hireActivitiesUrl).then(r => r.ok ? r.json() : []), // Monthly lines are generated in the shared itemized bill flow too. This // feed is evidence only; the server re-reads it before saving. enabled: !!hireActivitiesUrl && (isHistoricalHireEdit || billType === ""equipment"" || billType === ""all""), })"
"client/src/pages/VendorBills.tsx","client/src/pages/VendorBills.tsx:850","fetch(hireActivitiesUrl).then","fetch(hireActivitiesUrl).then(r => r.ok ? r.json() : [])"
"client/src/pages/VendorBills.tsx","client/src/pages/VendorBills.tsx:850","fetch","fetch(hireActivitiesUrl)"
"client/src/pages/VendorBills.tsx","client/src/pages/VendorBills.tsx:872","fetch","fetch(url, { credentials: ""include"" })"
"client/src/pages/VendorBills.tsx","client/src/pages/VendorBills.tsx:997","useMutation","useMutation({ mutationFn: (data: any) => apiRequest(""POST"", ""/api/vendor-bills"", data), onSuccess: () => { queryClient.invalidateQueries({ queryKey: [""/api/vendor-bills""] }); toast({ title: ""Vendor bill created successfully"" }); resetForm(); setView(""list""); }, onError: (err: Error) => { toast({ title: ""Failed to create bill"", description: err.message, variant: ""destructive"" }); }, })"
"client/src/pages/VendorBills.tsx","client/src/pages/VendorBills.tsx:998","apiRequest","apiRequest(""POST"", ""/api/vendor-bills"", data)"
"client/src/pages/VendorBills.tsx","client/src/pages/VendorBills.tsx:1010","useMutation","useMutation({ mutationFn: ({ id, data }: { id: number; data: any }) => apiRequest(""PUT"", `/api/vendor-bills/${id}`, data), onSuccess: () => { queryClient.invalidateQueries({ queryKey: [""/api/vendor-bills""] }); toast({ title: ""Vendor bill updated successfully"" }); resetForm(); setEditingBillId(null); setView(""list""); }, onError: (err: Error) => { toast({ title: ""Failed to update bill"", description: err.message, variant: ""destructive"" }); }, })"
"client/src/pages/VendorBills.tsx","client/src/pages/VendorBills.tsx:1011","apiRequest","apiRequest(""PUT"", `/api/vendor-bills/${id}`, data)"
"client/src/pages/VendorBills.tsx","client/src/pages/VendorBills.tsx:1024","useMutation","useMutation({ mutationFn: ({ id, status }: { id: number; status: string }) => apiRequest(""PATCH"", `/api/vendor-bills/${id}/status`, { status }), onSuccess: () => { queryClient.invalidateQueries({ queryKey: [""/api/vendor-bills""] }); if (selectedBillId) { queryClient.invalidateQueries({ queryKey: [""/api/vendor-bills"", selectedBillId] }); } toast({ title: ""Bill status updated"" }); }, onError: (err: Error) => { toast({ ...vendorBillStatusError(err), variant: ""destructive"" }); }, })"
"client/src/pages/VendorBills.tsx","client/src/pages/VendorBills.tsx:1026","apiRequest","apiRequest(""PATCH"", `/api/vendor-bills/${id}/status`, { status })"
"client/src/pages/VendorBills.tsx","client/src/pages/VendorBills.tsx:1039","useMutation","useMutation({ mutationFn: ({ id }: { id: number }) => apiRequest(""DELETE"", `/api/vendor-bills/${id}`), onSuccess: () => { queryClient.invalidateQueries({ queryKey: [""/api/vendor-bills""] }); toast({ title: ""Bill deleted"" }); setSelectedBillId(null); setShowDeleteConfirm(false); setPendingDeleteAction(null); setView(""list""); }, onError: (err: Error) => { toast({ title: ""Failed to delete bill"", description: err.message, variant: ""destructive"" }); }, })"
"client/src/pages/VendorBills.tsx","client/src/pages/VendorBills.tsx:1040","apiRequest","apiRequest(""DELETE"", `/api/vendor-bills/${id}`)"
"client/src/pages/VendorBills.tsx","client/src/pages/VendorBills.tsx:1229","fetch","fetch(`/api/vendor-rate-cards?vendorName=${encodeURIComponent(vendorName)}`, { signal: pullToken.controller.signal, })"
"client/src/pages/VendorBills.tsx","client/src/pages/VendorBills.tsx:1313","fetch","fetch(""/api/vendor-bills/check-duplicates"", { method: ""POST"", headers: { ""Content-Type"": ""application/json"" }, signal: pullToken.controller.signal, body: JSON.stringify({ vendorName, excludeBillId: editingBillId || undefined, items: duplicatePayload, }), })"
"client/src/pages/VendorBills.tsx","client/src/pages/VendorBills.tsx:1521","useQuery","useQuery<DuplicateBillItemMatch[]>({ // Include the exact candidate payload and bill identity in the key. A // changed vendor/period/edit target must never reuse an old preflight. queryKey: [ ""/api/vendor-bills/check-duplicates"", ""preflight"", view, billType, selectedSiteId, vendorName, periodFrom, periodTo, editingBillId ?? null, duplicatePreflightItems, ], queryFn: async () => { const response = await fetch(""/api/vendor-bills/check-duplicates"", { method: ""POST"", headers: { ""Content-Type"": ""application/json"" }, body: JSON.stringify({ vendorName, excludeBillId: editingBillId || undefined, items: duplicatePreflightItems, }), }); if (!response.ok) { throw new Error((await response.text()) || ""Could not check duplicate billed items""); } const body: unknown = await response.json(); if (!Array.isArray(body) || body.some((match: any) => !match || !Number.isInteger(match.index) || match.index < 0 || match.index >= duplicatePreflightItems.length || typeof match.billNo !== ""string"" || typeof match.billStatus !== ""string"" )) { throw new Error(""Duplicate check returned an invalid response""); } return uniqueDuplicateBillMatches(body as DuplicateBillItemMatch[]); }, enabled: view === ""form"" && billType !== ""other"" && !!vendorName && !!periodFrom && !!periodTo && availableOtherItems.length > 0, retry: false, refetchOnWindowFocus: false, })"
"client/src/pages/VendorBills.tsx","client/src/pages/VendorBills.tsx:1537","fetch","fetch(""/api/vendor-bills/check-duplicates"", { method: ""POST"", headers: { ""Content-Type"": ""application/json"" }, body: JSON.stringify({ vendorName, excludeBillId: editingBillId || undefined, items: duplicatePreflightItems, }), })"
"client/src/pages/VendorBills.tsx","client/src/pages/VendorBills.tsx:1674","(async () => {
        try {
          const response = await fetch(`/api/vendor-rate-cards?vendorName=${encodeURIComponent(selectedVendor)}`);
          if (!response.ok) throw new Error(`Rate-card lookup failed (${response.status})`);
          const cards: VendorRateCardRecord[] = await response.json();
          const matches = matchingRateCardsForGroup(group, value, cards, selectedVendor, { allowVendorAliases: true })
            .filter(card => Number(card.rate) > 0);
          if (matches.length !== 1) return;
          // Use VB-22/VB-25's conversion gate: one source trip can be
          // billed as one commercial trip; hours→days and CFT→MT cannot
          // be inferred. Returning to the physical unit restores its qty.
          const conversion = selectAutoMaterialRateConversion(
            { category: before.category, unit: physicalUnit, sourceType: before.sourceType },
            group, [matches[0]], selectedVendor,
          );
          const restoringPhysical = !isDifferentBillingUnit(physicalUnit, value);
          if (!restoringPhysical && (conversion.status !== ""converted"" || conversion.targetUnit !== normalizeRateCardPart(value))) return;
          if (generation !== unitEditGeneration.current || contextAtEdit !== unitEditContextRef.current) return;
          setLineItems(prev => prev.map((item, i) => {
            if (i !== index || item.unit !== value || item.source !== before.source ||
                item.sourceId !== before.sourceId || item.description !== before.description) return item;
            const next = {
              ...item,
              qty: restoringPhysical ? (item.physicalQuantity ?? before.qty) : defaultConvertedQuantity(value),
              rate: Number(matches[0].rate),
              unitRateWarning: undefined,
            };
            return { ...next, amount: calcAmount(next) };
          }));
        } catch {
          // Keep the explicit row warning when the advisory lookup fails.
        }
      })","(async () => { try { const response = await fetch(`/api/vendor-rate-cards?vendorName=${encodeURIComponent(selectedVendor)}`); if (!response.ok) throw new Error(`Rate-card lookup failed (${response.status})`); const cards: VendorRateCardRecord[] = await response.json(); const matches = matchingRateCardsForGroup(group, value, cards, selectedVendor, { allowVendorAliases: true }) .filter(card => Number(card.rate) > 0); if (matches.length !== 1) return; // Use VB-22/VB-25's conversion gate: one source trip can be // billed as one commercial trip; hours→days and CFT→MT cannot // be inferred. Returning to the physical unit restores its qty. const conversion = selectAutoMaterialRateConversion( { category: before.category, unit: physicalUnit, sourceType: before.sourceType }, group, [matches[0]], selectedVendor, ); const restoringPhysical = !isDifferentBillingUnit(physicalUnit, value); if (!restoringPhysical && (conversion.status !== ""converted"" || conversion.targetUnit !== normalizeRateCardPart(value))) return; if (generation !== unitEditGeneration.current || contextAtEdit !== unitEditContextRef.current) return; setLineItems(prev => prev.map((item, i) => { if (i !== index || item.unit !== value || item.source !== before.source || item.sourceId !== before.sourceId || item.description !== before.description) return item; const next = { ...item, qty: restoringPhysical ? (item.physicalQuantity ?? before.qty) : defaultConvertedQuantity(value), rate: Number(matches[0].rate), unitRateWarning: undefined, }; return { ...next, amount: calcAmount(next) }; })); } catch { // Keep the explicit row warning when the advisory lookup fails. } })()"
"client/src/pages/VendorBills.tsx","client/src/pages/VendorBills.tsx:1676","fetch","fetch(`/api/vendor-rate-cards?vendorName=${encodeURIComponent(selectedVendor)}`)"
"client/src/pages/VendorBills.tsx","client/src/pages/VendorBills.tsx:1918","fetch","fetch(`/api/vendor-rate-cards?vendorName=${encodeURIComponent(vendorName)}`)"
"client/src/pages/VendorBills.tsx","client/src/pages/VendorBills.tsx:2232","fetch(""/api/vendor-rate-cards/bulk-upsert"", {
        method: ""POST"",
        headers: { ""Content-Type"": ""application/json"" },
        body: JSON.stringify({ items: rateCardItems }),
      }).then(() => {
        queryClient.invalidateQueries({ queryKey: [""/api/vendor-rate-cards""] });
      }).catch","fetch(""/api/vendor-rate-cards/bulk-upsert"", { method: ""POST"", headers: { ""Content-Type"": ""application/json"" }, body: JSON.stringify({ items: rateCardItems }), }).then(() => { queryClient.invalidateQueries({ queryKey: [""/api/vendor-rate-cards""] }); }).catch(() => {})"
"client/src/pages/VendorBills.tsx","client/src/pages/VendorBills.tsx:2232","fetch(""/api/vendor-rate-cards/bulk-upsert"", {
        method: ""POST"",
        headers: { ""Content-Type"": ""application/json"" },
        body: JSON.stringify({ items: rateCardItems }),
      }).then","fetch(""/api/vendor-rate-cards/bulk-upsert"", { method: ""POST"", headers: { ""Content-Type"": ""application/json"" }, body: JSON.stringify({ items: rateCardItems }), }).then(() => { queryClient.invalidateQueries({ queryKey: [""/api/vendor-rate-cards""] }); })"
"client/src/pages/VendorBills.tsx","client/src/pages/VendorBills.tsx:2232","fetch","fetch(""/api/vendor-rate-cards/bulk-upsert"", { method: ""POST"", headers: { ""Content-Type"": ""application/json"" }, body: JSON.stringify({ items: rateCardItems }), })"
"client/src/pages/VendorBills.tsx","client/src/pages/VendorBills.tsx:2331","fetch","fetch(`/api/vendor-bills/export?${params.toString()}`, { credentials: ""include"" })"
"client/src/pages/VendorBills.tsx","client/src/pages/VendorBills.tsx:2407","catItems.map(({ item, origIdx }: any) => renderPrintRow(item, origIdx)).join","catItems.map(({ item, origIdx }: any) => renderPrintRow(item, origIdx)).join("""")"
"client/src/pages/VendorBills.tsx","client/src/pages/VendorBills.tsx:2407","renderPrintRow","renderPrintRow(item, origIdx)"
"client/src/pages/VendorBills.tsx","client/src/pages/VendorBills.tsx:2425","bill.items.map((item: any, i: number) => renderPrintRow(item, i)).join","bill.items.map((item: any, i: number) => renderPrintRow(item, i)).join("""")"
"client/src/pages/VendorBills.tsx","client/src/pages/VendorBills.tsx:2425","renderPrintRow","renderPrintRow(item, i)"
"client/src/pages/VendorBills.tsx","client/src/pages/VendorBills.tsx:3009","exportEquipmentHireBill","exportEquipmentHireBill(exportData, dailyRows, ""pdf"")"
"client/src/pages/VendorBills.tsx","client/src/pages/VendorBills.tsx:3010","exportEquipmentHireBill","exportEquipmentHireBill(exportData, dailyRows, ""xlsx"")"
"client/src/pages/VendorBills.tsx","client/src/pages/VendorBills.tsx:3419","duplicatePreflight.refetch","duplicatePreflight.refetch()"
"client/src/pages/VendorBills.tsx","client/src/pages/VendorBills.tsx:4481","handlePrint","handlePrint(bill)"
"client/src/pages/VendorBills.tsx","client/src/pages/VendorBills.tsx:5044","handleGstRegisterExport","handleGstRegisterExport(""pdf"")"
"client/src/pages/VendorBills.tsx","client/src/pages/VendorBills.tsx:5055","handleGstRegisterExport","handleGstRegisterExport(""xlsx"")"
"client/src/pages/VendorMaster.tsx","client/src/pages/VendorMaster.tsx:47","useQueryClient","useQueryClient()"
"client/src/pages/VendorMaster.tsx","client/src/pages/VendorMaster.tsx:55","useQuery","useQuery<Vendor[]>({ queryKey: [""/api/vendor-master""] })"
"client/src/pages/VendorMaster.tsx","client/src/pages/VendorMaster.tsx:56","useQuery","useQuery<Proposal[]>({ queryKey: [""/api/vendor-master/review""], enabled: tab === ""review"" && isAdmin })"
"client/src/pages/VendorMaster.tsx","client/src/pages/VendorMaster.tsx:57","useQuery","useQuery<Activity>({ queryKey: [`/api/vendor-master/${detailId}/activity`], enabled: !!detailId })"
"client/src/pages/VendorMaster.tsx","client/src/pages/VendorMaster.tsx:61","apiRequest","apiRequest(""POST"", ""/api/vendor-master/review/confirm"", { role: p.role, name: p.name, ids: p.ids, ...(vendorId ? { vendorId } : { newVendor }) })"
"client/src/pages/VendorMaster.tsx","client/src/pages/VendorMaster.tsx:74","apiRequest","apiRequest(editing.id ? ""PATCH"" : ""POST"", editing.id ? `/api/vendor-master/${editing.id}` : ""/api/vendor-master"", form)"
"client/src/pages/WorkDemand.tsx","client/src/pages/WorkDemand.tsx:1467","useQuery","useQuery<PlantMaterialResult[]>({ queryKey: [""/api/plant-materials/search"", searchQ], queryFn: async () => { if (searchQ.trim().length < 2) return []; const r = await fetch(`/api/plant-materials/search?q=${encodeURIComponent(searchQ)}`, { credentials: ""include"" }); return r.ok ? r.json() : []; }, enabled: searchQ.trim().length >= 2, staleTime: 30_000, })"
"client/src/pages/WorkDemand.tsx","client/src/pages/WorkDemand.tsx:1471","fetch","fetch(`/api/plant-materials/search?q=${encodeURIComponent(searchQ)}`, { credentials: ""include"" })"
"client/src/pages/WorkDemand.tsx","client/src/pages/WorkDemand.tsx:1479","useQuery","useQuery<Array<{ id: number; name: string; defaultUom: string | null; category: string | null }>>({ queryKey: [""/api/plant-materials/search/inactive"", searchQ], queryFn: async () => { if (searchQ.trim().length < 2) return []; const r = await fetch(`/api/plant-materials/search?q=${encodeURIComponent(searchQ)}&inactive=true`, { credentials: ""include"" }); return r.ok ? r.json() : []; }, enabled: searchQ.trim().length >= 2, staleTime: 30_000, })"
"client/src/pages/WorkDemand.tsx","client/src/pages/WorkDemand.tsx:1483","fetch","fetch(`/api/plant-materials/search?q=${encodeURIComponent(searchQ)}&inactive=true`, { credentials: ""include"" })"
"client/src/pages/WorkDemand.tsx","client/src/pages/WorkDemand.tsx:1491","useQuery","useQuery<Array<{ id: number; fromUom: string; toUom: string; conversionFactor: number; conversionBasis: string | null; conversionType: string; isActive: number }>>({ queryKey: [`/api/plant-materials/${selected?.id}/uom-conversions`], queryFn: async () => { if (!selected) return []; const r = await fetch(`/api/plant-materials/${selected.id}/uom-conversions`, { credentials: ""include"" }); return r.ok ? r.json() : []; }, enabled: selected != null, staleTime: 30_000, })"
"client/src/pages/WorkDemand.tsx","client/src/pages/WorkDemand.tsx:1495","fetch","fetch(`/api/plant-materials/${selected.id}/uom-conversions`, { credentials: ""include"" })"
"client/src/pages/WorkDemand.tsx","client/src/pages/WorkDemand.tsx:1525","fetch","fetch(`/api/boq/projects/${projectId}/material-mappings`, { method: ""POST"", headers: { ""Content-Type"": ""application/json"" }, credentials: ""include"", body: JSON.stringify({ materialLabel: row.materialName, materialId: selected.id, sourceUom: row.uom, // passed for server-side UOM validation + audit }), })"
"client/src/pages/WorkDemand.tsx","client/src/pages/WorkDemand.tsx:1811","useQuery","useQuery<PlantSetting[]>({ queryKey: [""/api/plant-module/plant-settings""], queryFn: async () => { const r = await fetch(""/api/plant-module/plant-settings"", { credentials: ""include"" }); return r.ok ? r.json() : []; }, enabled: step !== ""closed"", staleTime: 5 * 60 * 1000, })"
"client/src/pages/WorkDemand.tsx","client/src/pages/WorkDemand.tsx:1814","fetch","fetch(""/api/plant-module/plant-settings"", { credentials: ""include"" })"
"client/src/pages/WorkDemand.tsx","client/src/pages/WorkDemand.tsx:1820","useQuery","useQuery<{ id: number; name: string }[]>({ queryKey: [""/api/sites""], queryFn: async () => { const r = await fetch(""/api/sites"", { credentials: ""include"" }); return r.ok ? r.json() : []; }, enabled: step !== ""closed"", staleTime: 5 * 60 * 1000, })"
"client/src/pages/WorkDemand.tsx","client/src/pages/WorkDemand.tsx:1823","fetch","fetch(""/api/sites"", { credentials: ""include"" })"
"client/src/pages/WorkDemand.tsx","client/src/pages/WorkDemand.tsx:1868","useMutation","useMutation({ mutationFn: async () => { if (!destType) throw new Error(""Select a destination type first""); if (!destValid) throw new Error(""Complete the destination selection""); if (row.materialId == null) throw new Error(`""${row.materialName}"" is not in the Plant Material Master — add it before raising a requirement`); const body: Record<string, any> = { materialType: ""plant_material"", materialId: row.materialId, // v2: use actionableShortfall (horizon-bounded demand minus usable coverage) requiredQty: Math.round(totalQty * 1000) / 1000, uom: row.uom ?? """", boqProjectId: projectId, sourceType: ""bom"", sourceBoqItemId: row.sourceBoqItemId ?? undefined, destinationType: destType, clientRequestId: clientRequestId!, }; // Use Work Programme required-by date — never substitute today's date if (row.requiredByDate) body.requiredByDate = row.requiredByDate; if (destType === ""site"") body.destinationSiteId = Number(destSiteId); else if (destType === ""hmp"" || destType === ""rmc"") body.destinationPlantId = Number(destPlantId); const res = await fetch(""/api/material-requirements"", { method: ""POST"", headers: { ""Content-Type"": ""application/json"" }, credentials: ""include"", body: JSON.stringify(body), }); const data = await res.json(); if (!res.ok) throw new Error(data.message ?? `Server error ${res.status}`); return data.id as number; }, onSuccess: (reqId) => { setCreatedReqId(reqId); const hasAnyApprove = pendingAction === ""irn"" ? canApproveIrn : pendingAction === ""pi"" ? canApprovePi : (canApproveIrn || canApprovePi); setStep(hasAnyApprove ? ""authorize_alloc"" : ""awaiting_review""); }, onError: (err: any) => { // FAIL FAST — no fallback navigation, stay on Work Demand toast({ title: ""Could not create requirement"", description: err.message ?? ""Unknown error"", variant: ""destructive"" }); }, })"
"client/src/pages/WorkDemand.tsx","client/src/pages/WorkDemand.tsx:1890","fetch","fetch(""/api/material-requirements"", { method: ""POST"", headers: { ""Content-Type"": ""application/json"" }, credentials: ""include"", body: JSON.stringify(body), })"
"client/src/pages/WorkDemand.tsx","client/src/pages/WorkDemand.tsx:1915","useMutation","useMutation({ mutationFn: async ({ allocType, qty, reason }: { allocType: ""internal"" | ""procurement""; qty: number; reason?: string }) => { const res = await fetch(`/api/material-requirements/${createdReqId}/allocations`, { method: ""POST"", headers: { ""Content-Type"": ""application/json"" }, credentials: ""include"", body: JSON.stringify({ allocationType: allocType, authorizedQty: qty, reason: reason ?? undefined }), }); const data = await res.json(); if (!res.ok) throw new Error(data.message ?? `Allocation failed: ${res.status}`); return { allocId: data.id as number, allocType }; }, onSuccess: ({ allocId, allocType }) => { if (pendingAction === ""both"") { if (allocType === ""internal"") setSplitAllocInternal(allocId); else setSplitAllocProc(allocId); // Navigation links shown inside dialog — user clicks when ready } else { const qs = buildProcureLink(row, projectId, createdReqId, allocId); if (allocType === ""internal"") navigate(`/irn/new?${qs}`); else navigate(`/plant/purchase-indents?${qs}`); } }, onError: (err: any) => { toast({ title: ""Could not authorise allocation"", description: err.message ?? ""Unknown error"", variant: ""destructive"" }); }, })"
"client/src/pages/WorkDemand.tsx","client/src/pages/WorkDemand.tsx:1917","fetch","fetch(`/api/material-requirements/${createdReqId}/allocations`, { method: ""POST"", headers: { ""Content-Type"": ""application/json"" }, credentials: ""include"", body: JSON.stringify({ allocationType: allocType, authorizedQty: qty, reason: reason ?? undefined }), })"
"client/src/pages/WorkDemand.tsx","client/src/pages/WorkDemand.tsx:2628","useQueryClient","useQueryClient()"
"client/src/pages/WorkDemand.tsx","client/src/pages/WorkDemand.tsx:2638","useQuery","useQuery<BoqProject>({ queryKey: [""/api/boq/projects"", projectId], queryFn: async () => { const res = await fetch(`/api/boq/projects/${projectId}`, { credentials: ""include"" }); if (!res.ok) throw new Error(""Not found""); return res.json(); }, enabled: !isNaN(projectId), })"
"client/src/pages/WorkDemand.tsx","client/src/pages/WorkDemand.tsx:2641","fetch","fetch(`/api/boq/projects/${projectId}`, { credentials: ""include"" })"
"client/src/pages/WorkDemand.tsx","client/src/pages/WorkDemand.tsx:2648","useQuery","useQuery<{ items: (BomInputItem & { materialSetupWarning?: string | null })[]; bars: BomInputBar[]; roadLengthKm: number; unprogrammedItemIds?: number[]; hasBars: boolean; hasItems: boolean; hasRecipes: boolean; }>({ queryKey: [""/api/boq/projects"", projectId, ""bom""], queryFn: async () => { const res = await fetch(`/api/boq/projects/${projectId}/bom`, { credentials: ""include"" }); if (!res.ok) throw new Error(""Failed to fetch BOM data""); return res.json(); }, enabled: !isNaN(projectId), })"
"client/src/pages/WorkDemand.tsx","client/src/pages/WorkDemand.tsx:2659","fetch","fetch(`/api/boq/projects/${projectId}/bom`, { credentials: ""include"" })"
"client/src/pages/WorkDemand.tsx","client/src/pages/WorkDemand.tsx:2677","useQuery","useQuery<ShortageData>({ queryKey: [""/api/boq/projects"", projectId, ""shortage-check"", horizonMode, horizonCustomDate], queryFn: async () => { // The server is authoritative for horizon resolution — send mode + optional customDate. const params = new URLSearchParams({ horizonMode }); if (horizonMode === ""custom"" && horizonCustomDate) params.set(""customDate"", horizonCustomDate); const res = await fetch(`/api/boq/projects/${projectId}/shortage-check?${params}`, { credentials: ""include"" }); if (!res.ok) { // Surface the server's structured error detail when available let detail = `Server error ${res.status}`; try { const body = await res.json(); detail = body.detail ?? body.message ?? body.error ?? detail; } catch { /* ignore parse errors */ } throw new Error(detail); } return res.json(); }, enabled: !isNaN(projectId) && activeTab === ""procurement"", retry: 1, })"
"client/src/pages/WorkDemand.tsx","client/src/pages/WorkDemand.tsx:2683","fetch","fetch(`/api/boq/projects/${projectId}/shortage-check?${params}`, { credentials: ""include"" })"
"client/src/pages/WorkDemand.tsx","client/src/pages/WorkDemand.tsx:2702","useQuery","useQuery<DprLogsLite[]>({ queryKey: [""/api/dprs/with-details""], queryFn: async () => { const res = await fetch(`/api/dprs/with-details`, { credentials: ""include"" }); if (!res.ok) throw new Error(""Failed to fetch DPRs""); return res.json(); }, enabled: !isNaN(projectId) && activeTab === ""plan-vs-actual"", })"
"client/src/pages/WorkDemand.tsx","client/src/pages/WorkDemand.tsx:2705","fetch","fetch(`/api/dprs/with-details`, { credentials: ""include"" })"
"client/src/pages/WorkDemand.tsx","client/src/pages/WorkDemand.tsx:2714","useQuery","useQuery<ProgrammeBarLite[]>({ queryKey: [""/api/boq/projects"", projectId, ""programme""], queryFn: async () => { const res = await fetch(`/api/boq/projects/${projectId}/programme`, { credentials: ""include"" }); return res.ok ? res.json() : []; }, // Also needed on ""by-item"" to derive the per-item planning-mode badge (Task #1240). enabled: !isNaN(projectId) && (activeTab === ""plan-vs-actual"" || activeTab === ""by-item""), })"
"client/src/pages/WorkDemand.tsx","client/src/pages/WorkDemand.tsx:2717","fetch","fetch(`/api/boq/projects/${projectId}/programme`, { credentials: ""include"" })"
"client/src/pages/WorkDemand.tsx","client/src/pages/WorkDemand.tsx:2726","useQuery","useQuery<PlanVsActualRow[]>({ queryKey: [""/api/boq/projects"", projectId, ""plan-vs-actual""], queryFn: async () => { const res = await fetch(`/api/boq/projects/${projectId}/plan-vs-actual`, { credentials: ""include"" }); return res.ok ? res.json() : []; }, enabled: !isNaN(projectId) && activeTab === ""plan-vs-actual"", })"
"client/src/pages/WorkDemand.tsx","client/src/pages/WorkDemand.tsx:2729","fetch","fetch(`/api/boq/projects/${projectId}/plan-vs-actual`, { credentials: ""include"" })"
"client/src/pages/WorkDemand.tsx","client/src/pages/WorkDemand.tsx:3098","refetchShortage","refetchShortage()"
"client/src/pages/WorkDemand.tsx","client/src/pages/WorkDemand.tsx:3117","refetchShortage","refetchShortage()"
"client/src/pages/WorkProgramme.tsx","client/src/pages/WorkProgramme.tsx:201","apiRequest","apiRequest(""POST"", `/api/boq/programme/bars/${bar.id}/revision-preview`, { ...(state === ""not_started"" && startDate ? { startDate } : {}), endDate, reason: reason.trim(), cascade, })"
"client/src/pages/WorkProgramme.tsx","client/src/pages/WorkProgramme.tsx:214","apiRequest","apiRequest(""POST"", `/api/boq/programme/bars/${bar.id}/revise-schedule`, { ...(state === ""not_started"" && startDate ? { startDate } : {}), endDate, reason: reason.trim(), cascade, previewToken: preview.previewToken, })"
"client/src/pages/WorkProgramme.tsx","client/src/pages/WorkProgramme.tsx:803","useMutation","useMutation({ mutationFn: (data: Record<string, unknown>) => apiRequest(""PATCH"", `/api/boq/programme/bars/${bar.id}`, data), onSuccess: async () => { dirty.current = false; await queryClient.invalidateQueries({ queryKey: [""/api/boq/projects"", projectId, ""programme""] }); }, onError: () => toast({ title: ""Save failed"", variant: ""destructive"" }), })"
"client/src/pages/WorkProgramme.tsx","client/src/pages/WorkProgramme.tsx:805","apiRequest","apiRequest(""PATCH"", `/api/boq/programme/bars/${bar.id}`, data)"
"client/src/pages/WorkProgramme.tsx","client/src/pages/WorkProgramme.tsx:1514","apiRequest","apiRequest(""POST"", `/api/boq/programme/bars/${bar.id}/split-by-side`, { preview: true, parts })"
"client/src/pages/WorkProgramme.tsx","client/src/pages/WorkProgramme.tsx:1522","apiRequest","apiRequest(""POST"", `/api/boq/programme/bars/${bar.id}/split-by-side`, { parts })"
"client/src/pages/WorkProgramme.tsx","client/src/pages/WorkProgramme.tsx:1689","useMutation","useMutation({ mutationFn: (data: Record<string, unknown>) => apiRequest(""PATCH"", `/api/boq/programme/bars/${bar.id}`, data), onSuccess: async () => { setEditingSchedule(false); await queryClient.invalidateQueries({ queryKey: [""/api/boq/projects"", projectId, ""programme""] }); }, })"
"client/src/pages/WorkProgramme.tsx","client/src/pages/WorkProgramme.tsx:1691","apiRequest","apiRequest(""PATCH"", `/api/boq/programme/bars/${bar.id}`, data)"
"client/src/pages/WorkProgramme.tsx","client/src/pages/WorkProgramme.tsx:1959","fetch","fetch(`/api/boq/projects/${projectId}/parse-structure-schedule`, { method: ""POST"", body: formData, credentials: ""include"", })"
"client/src/pages/WorkProgramme.tsx","client/src/pages/WorkProgramme.tsx:1987","useMutation","useMutation({ mutationFn: async (onMissingDates?: ""unscheduled"" | ""auto_sequence"" | ""cancel"") => { const res = await fetch(`/api/boq/projects/${projectId}/import-structure`, { method: ""POST"", headers: { ""Content-Type"": ""application/json"" }, credentials: ""include"", body: JSON.stringify({ rows: rows.map(r => ({ structureId: r.structureId, structureType: r.structureType, chainageKm: r.chainageKm, chainageFromKm: r.chainageFromKm, chainageToKm: r.chainageToKm, chainageMissing: r.chainageMissing, boqItemCode: r.boqItemCode, boqSubItem: r.boqSubItem, boqExcelRow: r.boqExcelRow || undefined, boqDescription: r.boqDescription, plannedQty: r.plannedQty, uom: r.uom, startDate: r.startDate || undefined, durationDays: r.durationDays || undefined, remarks: r.remarks || undefined, boqItemId: r.boqItemId, })), mode, onMissingDates, }), }); const data = await res.json().catch(() => ({})); if (res.status === 409 && data?.requiresDecision) { return { requiresDecision: true, missingDateRows: data.missingDateRows, totalRows: data.totalRows }; } if (!res.ok) throw new Error(data?.error ?? `Server error ${res.status}`); return data; }, onSuccess: (data: { requiresDecision?: boolean; missingDateRows?: number; totalRows?: number; cancelled?: boolean; created?: number; skipped?: number; total?: number; warnings?: string[]; unmatchedBoqRows?: number; uomMismatchRows?: number; overPlannedItems?: unknown[]; autoSequenceSummary?: { updated: number; structures: number; fronts: number; needsReviewCount: number } | null; }) => { if (data.requiresDecision) { setMissingDatesInfo({ missingDateRows: data.missingDateRows ?? 0, totalRows: data.totalRows ?? 0 }); return; } if (data.cancelled) return; onImported(); onOpenChange(false); reset(); const parts: string[] = [`${data.created ?? 0} bars created`]; if (data.skipped) parts.push(`${data.skipped} skipped`); if (data.uomMismatchRows) parts.push(`${data.uomMismatchRows} UOM mismatch(es)`); if (data.overPlannedItems?.length) parts.push(`${data.overPlannedItems.length} over-planned BOQ item(s)`); if (data.autoSequenceSummary) { parts.push(`${data.autoSequenceSummary.updated} auto-sequenced across ${data.autoSequenceSummary.structures} structure(s)`); } toast({ title: ""Structure schedule imported"", description: parts.join("", "") + (data.warnings?.length ? ` — ${data.warnings.length} warning(s)` : """"), }); }, onError: (err: any) => toast({ title: ""Import failed"", description: String(err?.message ?? err), variant: ""destructive"" }), })"
"client/src/pages/WorkProgramme.tsx","client/src/pages/WorkProgramme.tsx:1989","fetch","fetch(`/api/boq/projects/${projectId}/import-structure`, { method: ""POST"", headers: { ""Content-Type"": ""application/json"" }, credentials: ""include"", body: JSON.stringify({ rows: rows.map(r => ({ structureId: r.structureId, structureType: r.structureType, chainageKm: r.chainageKm, chainageFromKm: r.chainageFromKm, chainageToKm: r.chainageToKm, chainageMissing: r.chainageMissing, boqItemCode: r.boqItemCode, boqSubItem: r.boqSubItem, boqExcelRow: r.boqExcelRow || undefined, boqDescription: r.boqDescription, plannedQty: r.plannedQty, uom: r.uom, startDate: r.startDate || undefined, durationDays: r.durationDays || undefined, remarks: r.remarks || undefined, boqItemId: r.boqItemId, })), mode, onMissingDates, }), })"
"client/src/pages/WorkProgramme.tsx","client/src/pages/WorkProgramme.tsx:2464","useMutation","useMutation({ mutationFn: (data: Record<string, unknown>) => apiRequest(""POST"", `/api/boq/projects/${projectId}/programme`, data), onMutate: onBeforeMutate, onSuccess: async () => { await queryClient.invalidateQueries({ queryKey: [""/api/boq/projects"", projectId, ""programme""] }); }, onError: () => toast({ title: ""Failed to add stretch"", variant: ""destructive"" }), })"
"client/src/pages/WorkProgramme.tsx","client/src/pages/WorkProgramme.tsx:2466","apiRequest","apiRequest(""POST"", `/api/boq/projects/${projectId}/programme`, data)"
"client/src/pages/WorkProgramme.tsx","client/src/pages/WorkProgramme.tsx:2474","useMutation","useMutation({ mutationFn: (id: number) => apiRequest(""DELETE"", `/api/boq/programme/bars/${id}`), onMutate: onBeforeMutate, onSuccess: async () => { await queryClient.invalidateQueries({ queryKey: [""/api/boq/projects"", projectId, ""programme""] }); toast({ title: ""Stretch deleted"" }); setDeleteBarId(null); }, onError: () => toast({ title: ""Failed to delete"", variant: ""destructive"" }), })"
"client/src/pages/WorkProgramme.tsx","client/src/pages/WorkProgramme.tsx:2475","apiRequest","apiRequest(""DELETE"", `/api/boq/programme/bars/${id}`)"
"client/src/pages/WorkProgramme.tsx","client/src/pages/WorkProgramme.tsx:2485","useMutation","useMutation({ mutationFn: async (bar: WorkProgramBarWithItem) => { const cf = bar.chainageFrom ?? 0; const ct = bar.chainageTo ?? roadLen; const mid = (cf + ct) / 2; const totalLen = ct - cf; const leftFraction = totalLen > 0 ? (mid - cf) / totalLen : 0.5; const boqQty = items.find(it => it.id === bar.boqItemId)?.currentQty ?? bar.plannedQty * 2; const leftQty = +(bar.plannedQty * leftFraction).toFixed(4); const rightQty = +(bar.plannedQty * (1 - leftFraction)).toFixed(4); await apiRequest(""PATCH"", `/api/boq/programme/bars/${bar.id}`, { chainageFrom: cf, chainageTo: mid, plannedQty: leftQty, reachLabel: bar.reachLabel ? `${bar.reachLabel}A` : ""A"", isQtyOverride: false, }); await apiRequest(""POST"", `/api/boq/projects/${projectId}/programme`, { boqItemId: bar.boqItemId, chainageFrom: mid, chainageTo: ct, // Chainage splitting preserves the current calendar window on both // children; it is not an unaudited schedule revision. startMonth: bar.startMonth, endMonth: bar.endMonth, plannedQty: rightQty, reachLabel: bar.reachLabel ? `${bar.reachLabel}B` : ""B"", isQtyOverride: false, }); }, onMutate: onBeforeMutate, onSuccess: async () => { await queryClient.invalidateQueries({ queryKey: [""/api/boq/projects"", projectId, ""programme""] }); toast({ title: ""Stretch split"" }); }, onError: () => toast({ title: ""Failed to split"", variant: ""destructive"" }), })"
"client/src/pages/WorkProgramme.tsx","client/src/pages/WorkProgramme.tsx:2496","apiRequest","apiRequest(""PATCH"", `/api/boq/programme/bars/${bar.id}`, { chainageFrom: cf, chainageTo: mid, plannedQty: leftQty, reachLabel: bar.reachLabel ? `${bar.reachLabel}A` : ""A"", isQtyOverride: false, })"
"client/src/pages/WorkProgramme.tsx","client/src/pages/WorkProgramme.tsx:2502","apiRequest","apiRequest(""POST"", `/api/boq/projects/${projectId}/programme`, { boqItemId: bar.boqItemId, chainageFrom: mid, chainageTo: ct, // Chainage splitting preserves the current calendar window on both // children; it is not an unaudited schedule revision. startMonth: bar.startMonth, endMonth: bar.endMonth, plannedQty: rightQty, reachLabel: bar.reachLabel ? `${bar.reachLabel}B` : ""B"", isQtyOverride: false, })"
"client/src/pages/WorkProgramme.tsx","client/src/pages/WorkProgramme.tsx:3156","useQuery","useQuery<{ rows: { nearTermShortfall?: number; shortfall: number }[] }>({ queryKey: [""/api/boq/projects"", projectId, ""shortage-check""], queryFn: async () => { const res = await fetch(`/api/boq/projects/${projectId}/shortage-check`, { credentials: ""include"" }); if (!res.ok) throw new Error(""Failed""); return res.json(); }, staleTime: 5 * 60 * 1000, })"
"client/src/pages/WorkProgramme.tsx","client/src/pages/WorkProgramme.tsx:3159","fetch","fetch(`/api/boq/projects/${projectId}/shortage-check`, { credentials: ""include"" })"
"client/src/pages/WorkProgramme.tsx","client/src/pages/WorkProgramme.tsx:3195","apiRequest","apiRequest(""PUT"", `/api/boq/projects/${projectId}/program-settings`, { projectStartDate: dateVal })"
"client/src/pages/WorkProgramme.tsx","client/src/pages/WorkProgramme.tsx:3347","useMutation","useMutation({ mutationFn: (snapBars: WorkProgramBarWithItem[]) => apiRequest(""POST"", `/api/boq/projects/${projectId}/programme/restore`, { bars: snapBars.map(b => ({ boqItemId: b.boqItemId, reachLabel: b.reachLabel, chainageFrom: b.chainageFrom, chainageTo: b.chainageTo, startMonth: b.startMonth, endMonth: b.endMonth, durationMode: b.durationMode, plannedQty: b.plannedQty, isQtyOverride: b.isQtyOverride, isDurationOverride: b.isDurationOverride, notes: b.notes, source: b.source, })), }), onSuccess: async () => { await queryClient.invalidateQueries({ queryKey: [""/api/boq/projects"", projectId, ""programme""] }); }, onError: () => { /* toast handled by parent */ }, })"
"client/src/pages/WorkProgramme.tsx","client/src/pages/WorkProgramme.tsx:3349","apiRequest","apiRequest(""POST"", `/api/boq/projects/${projectId}/programme/restore`, { bars: snapBars.map(b => ({ boqItemId: b.boqItemId, reachLabel: b.reachLabel, chainageFrom: b.chainageFrom, chainageTo: b.chainageTo, startMonth: b.startMonth, endMonth: b.endMonth, durationMode: b.durationMode, plannedQty: b.plannedQty, isQtyOverride: b.isQtyOverride, isDurationOverride: b.isDurationOverride, notes: b.notes, source: b.source, })), })"
"client/src/pages/WorkProgramme.tsx","client/src/pages/WorkProgramme.tsx:3395","useQuery","useQuery<BoqProject>({ queryKey: [""/api/boq/projects"", projectId], queryFn: async () => { const res = await fetch(`/api/boq/projects/${projectId}`, { credentials: ""include"" }); if (!res.ok) throw new Error(""Not found""); return res.json(); }, enabled: !isNaN(projectId), })"
"client/src/pages/WorkProgramme.tsx","client/src/pages/WorkProgramme.tsx:3398","fetch","fetch(`/api/boq/projects/${projectId}`, { credentials: ""include"" })"
"client/src/pages/WorkProgramme.tsx","client/src/pages/WorkProgramme.tsx:3405","useQuery","useQuery<{ workingDaysPerMonth: number; shiftHours: number; doubleShift: boolean; tipperCapacityT: number; avgTipperSpeedKmHr: number; loadTimeMin: number; unloadTimeMin: number; hmpChainageKm: number | null; wmmPlantChainageKm: number | null; quarryChainageKm: number | null; borrowChainageKm: number | null; disposalChainageKm: number | null; rmcChainageKm: number | null; hmpToSiteKm: number | null; wmmPlantToSiteKm: number | null; quarryToSiteKm: number | null; quarryToHmpKm: number | null; quarryToRmcKm: number | null; rmcToSiteKm: number | null; borrowToSiteKm: number | null; disposalDistanceKm: number | null; productivityMode: string; productivityOverrides: unknown | null; sequenceOptions: { fronts?: number | null; staggerMonths?: number; lagMonths?: number; structureGroups?: number | null; bridgeGroups?: number | null } | null; }>({ queryKey: [""/api/boq/projects"", projectId, ""program-settings""], queryFn: async () => { const res = await fetch(`/api/boq/projects/${projectId}/program-settings`, { credentials: ""include"" }); if (!res.ok) throw new Error(""Failed""); return res.json(); }, enabled: !isNaN(projectId), staleTime: 60_000, })"
"client/src/pages/WorkProgramme.tsx","client/src/pages/WorkProgramme.tsx:3418","fetch","fetch(`/api/boq/projects/${projectId}/program-settings`, { credentials: ""include"" })"
"client/src/pages/WorkProgramme.tsx","client/src/pages/WorkProgramme.tsx:3450","useMutation","useMutation({ mutationFn: () => apiRequest(""POST"", `/api/boq/projects/${projectId}/programme/publish-baseline`, {}), onSuccess: async () => { await queryClient.invalidateQueries({ queryKey: [""/api/boq/projects"", projectId] }); toast({ title: ""Programme baseline published"", description: ""Further schedule changes must use Schedule Revision."", }); }, onError: (error: any) => toast({ title: ""Baseline publish failed"", description: error instanceof Error ? error.message : ""Try again"", variant: ""destructive"", }), })"
"client/src/pages/WorkProgramme.tsx","client/src/pages/WorkProgramme.tsx:3452","apiRequest","apiRequest(""POST"", `/api/boq/projects/${projectId}/programme/publish-baseline`, {})"
"client/src/pages/WorkProgramme.tsx","client/src/pages/WorkProgramme.tsx:3467","useQuery","useQuery<BoqItemWithCategory[]>({ queryKey: [""/api/boq/projects"", projectId, ""items""], queryFn: async () => { const res = await fetch(`/api/boq/projects/${projectId}/items`, { credentials: ""include"" }); if (!res.ok) throw new Error(""Failed""); return res.json(); }, enabled: !isNaN(projectId), })"
"client/src/pages/WorkProgramme.tsx","client/src/pages/WorkProgramme.tsx:3470","fetch","fetch(`/api/boq/projects/${projectId}/items`, { credentials: ""include"" })"
"client/src/pages/WorkProgramme.tsx","client/src/pages/WorkProgramme.tsx:3477","useQuery","useQuery<WorkProgramBarWithItem[]>({ queryKey: [""/api/boq/projects"", projectId, ""programme""], queryFn: async () => { const res = await fetch(`/api/boq/projects/${projectId}/programme`, { credentials: ""include"" }); if (!res.ok) throw new Error(""Failed""); return res.json(); }, enabled: !isNaN(projectId), })"
"client/src/pages/WorkProgramme.tsx","client/src/pages/WorkProgramme.tsx:3480","fetch","fetch(`/api/boq/projects/${projectId}/programme`, { credentials: ""include"" })"
"client/src/pages/WorkProgramme.tsx","client/src/pages/WorkProgramme.tsx:3488","useQuery","useQuery<Array<BoqItemEquipmentWithMaster & { boqItemId: number }>>({ queryKey: [""/api/boq/projects"", projectId, ""item-equipment""], queryFn: async () => { if (!itemIds.length) return []; const results = await Promise.all( itemIds.map(id => fetch(`/api/boq/items/${id}/equipment`, { credentials: ""include"" }) .then(r => r.ok ? r.json() : []) .then((rows: BoqItemEquipmentWithMaster[]) => rows.map(r => ({ ...r, boqItemId: id }))), ), ); return results.flat(); }, enabled: itemIds.length > 0, })"
"client/src/pages/WorkProgramme.tsx","client/src/pages/WorkProgramme.tsx:3494","fetch(`/api/boq/items/${id}/equipment`, { credentials: ""include"" })
            .then(r => r.ok ? r.json() : [])
            .then","fetch(`/api/boq/items/${id}/equipment`, { credentials: ""include"" }) .then(r => r.ok ? r.json() : []) .then((rows: BoqItemEquipmentWithMaster[]) => rows.map(r => ({ ...r, boqItemId: id })))"
"client/src/pages/WorkProgramme.tsx","client/src/pages/WorkProgramme.tsx:3494","fetch(`/api/boq/items/${id}/equipment`, { credentials: ""include"" })
            .then","fetch(`/api/boq/items/${id}/equipment`, { credentials: ""include"" }) .then(r => r.ok ? r.json() : [])"
"client/src/pages/WorkProgramme.tsx","client/src/pages/WorkProgramme.tsx:3494","fetch","fetch(`/api/boq/items/${id}/equipment`, { credentials: ""include"" })"
"client/src/pages/WorkProgramme.tsx","client/src/pages/WorkProgramme.tsx:3526","useMutation","useMutation({ mutationFn: (barsPayload: Record<string, unknown>[]) => apiRequest(""POST"", `/api/boq/projects/${projectId}/programme/bulk`, { bars: barsPayload }), onMutate: pushSnapshot, onSuccess: async (_data, variables) => { await queryClient.invalidateQueries({ queryKey: [""/api/boq/projects"", projectId, ""programme""] }); toast({ title: ""Programme generated"", description: `Created ${(variables as unknown[]).length} bars at Month 1 — drag or set each item's start month to sequence the work.`, }); }, onError: () => toast({ title: ""Auto-generate failed"", variant: ""destructive"" }), })"
"client/src/pages/WorkProgramme.tsx","client/src/pages/WorkProgramme.tsx:3528","apiRequest","apiRequest(""POST"", `/api/boq/projects/${projectId}/programme/bulk`, { bars: barsPayload })"
"client/src/pages/WorkProgramme.tsx","client/src/pages/WorkProgramme.tsx:3540","useMutation","useMutation({ mutationFn: async () => { const res = await apiRequest(""POST"", `/api/boq/projects/${projectId}/auto-build-recipes`, {}); return res.json(); }, onSuccess: async (data: { recipied?: number; snlRecipied?: number; totalItems?: number; unrecipiedCount?: number; unrecipied?: Array<{ id: number; description: string; workCategory: string | null; reason: string; suggestion: string }> }) => { await queryClient.invalidateQueries({ queryKey: [""/api/boq/projects"", projectId, ""item-equipment""] }); await queryClient.invalidateQueries({ queryKey: [""/api/boq/projects"", projectId, ""programme""] }); const snlNote = data?.snlRecipied ? ` (${data.snlRecipied} from SDB norms)` : """"; let skipNote = """"; if (data?.unrecipiedCount && data.unrecipiedCount > 0) { const items = data.unrecipied ?? []; if (items.length === 1) { skipNote = ` · 1 item needs attention: ""${(items[0].description ?? """").slice(0, 60)}"" — ${items[0].reason}`; } else { skipNote = ` · ${data.unrecipiedCount} items need attention — open BOQ Item Review to assign Work Categories or run SNL Auto-Map.`; } } toast({ title: ""Recipes built"", description: `${data?.recipied ?? 0} of ${data?.totalItems ?? 0} items got equipment & labour${snlNote}.${skipNote}`, }); }, onError: (err: any) => toast({ title: ""Auto-build recipes failed"", description: String(err?.message ?? err ?? ""Unknown error""), variant: ""destructive"", }), })"
"client/src/pages/WorkProgramme.tsx","client/src/pages/WorkProgramme.tsx:3542","apiRequest","apiRequest(""POST"", `/api/boq/projects/${projectId}/auto-build-recipes`, {})"
"client/src/pages/WorkProgramme.tsx","client/src/pages/WorkProgramme.tsx:3571","useMutation","useMutation({ mutationFn: async (opts: { fronts?: number; staggerMonths: number; lagMonths: number; structureGroups?: number; bridgeGroups?: number; disableStructureFronts?: boolean; stretches?: RoadStretchInput[] }) => { const body: Record<string, unknown> = { staggerMonths: opts.staggerMonths, lagMonths: opts.lagMonths }; if (opts.fronts && opts.fronts > 0) body.fronts = opts.fronts; if (opts.structureGroups && opts.structureGroups > 0) body.structureGroups = opts.structureGroups; if (opts.bridgeGroups && opts.bridgeGroups > 0) body.bridgeGroups = opts.bridgeGroups; // Always send disableStructureFronts as an explicit boolean so the server can rely on it body.disableStructureFronts = opts.disableStructureFronts !== false; if (opts.stretches && opts.stretches.length > 0) body.stretches = opts.stretches; // Instruction 029 // 029C Part D — explicit overallocation override reason (audited server-side) if ((opts as any).overallocationOverrideReason) body.overallocationOverrideReason = (opts as any).overallocationOverrideReason; const res = await apiRequest(""POST"", `/api/boq/projects/${projectId}/auto-sequence`, body); return res.json(); }, onMutate: pushSnapshot, onSuccess: async (data: { bars?: number; fronts?: number; regenSummary?: { blocked?: Array<{ reachLabel: string | null; arrangementIds: number[] }>; preservedUpdated?: number; stretchGaps?: Array<{ from: number; to: number }> }; unclassifiedCount?: number; unclassifiedItems?: { id: number; description: string; workCategory: string | null; unit: string; resolvedWorkType: string | null; skipReason: string; }[]; }) => { setSeqDialogOpen(false); setSeqRegenSummary(null); await queryClient.invalidateQueries({ queryKey: [""/api/boq/projects"", projectId, ""programme""] }); await queryClient.invalidateQueries({ queryKey: [""/api/boq/projects"", projectId, ""program-settings""] }); // Instruction 029 Part D — surface blocked (arrangement-linked) bars loudly if (data?.regenSummary?.blocked?.length) { const labels = data.regenSummary.blocked.map(b => b.reachLabel ?? `bar ${ (b as any).barId }`).join("", ""); toast({ title: `${data.regenSummary.blocked.length} bar(s) kept unchanged`, description: `Linked to earthwork arrangements and no new stretch overlaps them: ${labels}. Adjust stretch chainages or unlink the arrangement first.`, variant: ""destructive"", }); } let skipNote = """"; if (data?.unclassifiedCount) { const count = data.unclassifiedCount; if (count === 1 && data.unclassifiedItems?.[0]) { const u = data.unclassifiedItems[0]; const cat = u.workCategory ? ` (${u.workCategory})` : """"; skipNote = ` · 1 item skipped${cat}: ${u.skipReason}`; } else { skipNote = ` · ${count} item(s) skipped — no recognised work type or stage. Open BOQ Item Review to assign Work Categories.`; } } toast({ title: ""Programme sequenced"", description: `${data?.bars ?? 0} bars across ${data?.fronts ?? 0} reach-wise fronts, dependency-ordered.${skipNote}`, }); }, onError: (err: any) => toast({ title: ""Auto-sequence failed"", description: String(err?.message ?? err ?? ""Unknown error""), variant: ""destructive"", }), })"
"client/src/pages/WorkProgramme.tsx","client/src/pages/WorkProgramme.tsx:3582","apiRequest","apiRequest(""POST"", `/api/boq/projects/${projectId}/auto-sequence`, body)"
"client/src/pages/WorkProgramme.tsx","client/src/pages/WorkProgramme.tsx:3650","useMutation","useMutation({ mutationFn: () => apiRequest(""POST"", `/api/boq/projects/${projectId}/programme/bulk-side`, { barIds: Array.from(bulkSideSelected), side: bulkSideChoice, }), onSuccess: async (res: any) => { await queryClient.invalidateQueries({ queryKey: [""/api/boq/projects"", projectId, ""programme""] }); setBulkSideOpen(false); setBulkSideSelected(new Set()); toast({ title: ""Sides confirmed"", description: `${res?.updated ?? ""Selected""} bar(s) updated.` }); }, onError: (err: any) => toast({ title: ""Bulk side confirmation failed"", description: String(err?.message ?? err), variant: ""destructive"" }), })"
"client/src/pages/WorkProgramme.tsx","client/src/pages/WorkProgramme.tsx:3651","apiRequest","apiRequest(""POST"", `/api/boq/projects/${projectId}/programme/bulk-side`, { barIds: Array.from(bulkSideSelected), side: bulkSideChoice, })"
"client/src/pages/WorkProgramme.tsx","client/src/pages/WorkProgramme.tsx:3697","setSeqScopeFingerprint","setSeqScopeFingerprint((stored as any)?.scopeFingerprint ?? null)"
"client/src/pages/WorkProgramme.tsx","client/src/pages/WorkProgramme.tsx:3705","useQuery","useQuery<any[]>({ queryKey: [`/api/boq/projects/${projectId}/scope-segments`], enabled: !isNaN(projectId) && seqDialogOpen, })"
"client/src/pages/WorkProgramme.tsx","client/src/pages/WorkProgramme.tsx:3711","scopeFingerprint","scopeFingerprint(scopeSegments as any[])"
"client/src/pages/WorkProgramme.tsx","client/src/pages/WorkProgramme.tsx:3733","setSeqScopeFingerprint","setSeqScopeFingerprint(null)"
"client/src/pages/WorkProgramme.tsx","client/src/pages/WorkProgramme.tsx:3751","setSeqScopeFingerprint","setSeqScopeFingerprint(currentScopeFingerprint)"
"client/src/pages/WorkProgramme.tsx","client/src/pages/WorkProgramme.tsx:3915","apiRequest","apiRequest(""POST"", `/api/boq/projects/${projectId}/auto-sequence`, body)"
"client/src/pages/WorkProgramme.tsx","client/src/pages/WorkProgramme.tsx:4007","useMutation","useMutation({ mutationFn: () => apiRequest(""POST"", `/api/boq/projects/${projectId}/programme/clean-structure-bars`, {}), onSuccess: async (data: any) => { await queryClient.invalidateQueries({ queryKey: [""/api/boq/projects"", projectId, ""programme""] }); toast({ title: data?.deleted > 0 ? `Cleaned ${data.deleted} stray bar(s)` : ""Already clean"", description: data?.message ?? ""Structure items now show only imported or manual bars."", }); }, onError: () => toast({ title: ""Cleanup failed"", description: ""Could not remove stray bars."", variant: ""destructive"" }), })"
"client/src/pages/WorkProgramme.tsx","client/src/pages/WorkProgramme.tsx:4009","apiRequest","apiRequest(""POST"", `/api/boq/projects/${projectId}/programme/clean-structure-bars`, {})"
"client/src/pages/WorkProgramme.tsx","client/src/pages/WorkProgramme.tsx:4064","useMutation","useMutation({ mutationFn: async () => { const res = await apiRequest(""POST"", `/api/boq/projects/${projectId}/auto-sequence-structures`, { scope: ""unscheduled"" }); return res.json(); }, onSuccess: async (data: { updated: number; structures: number; fronts: number; needsReviewCount: number }) => { await queryClient.invalidateQueries({ queryKey: [""/api/boq/projects"", projectId, ""programme""] }); toast({ title: ""Structure bars sequenced"", description: `${data.updated} bar(s) placed across ${data.structures} structure(s) / ${data.fronts} front(s)` + (data.needsReviewCount ? ` — ${data.needsReviewCount} used default durations (needs review)` : """"), }); }, onError: (err: any) => toast({ title: ""Auto-sequence failed"", description: String(err?.message ?? err), variant: ""destructive"" }), })"
"client/src/pages/WorkProgramme.tsx","client/src/pages/WorkProgramme.tsx:4066","apiRequest","apiRequest(""POST"", `/api/boq/projects/${projectId}/auto-sequence-structures`, { scope: ""unscheduled"" })"
"client/src/pages/irn/IrnDetailPage.tsx","client/src/pages/irn/IrnDetailPage.tsx:84","useQuery","useQuery<InternalRequisitionWithItems>({ queryKey: [""/api/irn"", id], queryFn: async () => { const res = await fetch(`/api/irn/${id}`, { credentials: ""include"" }); if (!res.ok) throw new Error(""IRN not found""); return res.json(); }, })"
"client/src/pages/irn/IrnDetailPage.tsx","client/src/pages/irn/IrnDetailPage.tsx:87","fetch","fetch(`/api/irn/${id}`, { credentials: ""include"" })"
"client/src/pages/irn/IrnDetailPage.tsx","client/src/pages/irn/IrnDetailPage.tsx:94","useQuery","useQuery<{ materialName: string; balance: number; uom: string | null; partyId: number | null; conversionFactor?: number | null; conversionFromUom?: string | null; conversionToUom?: string | null; }[]>({ queryKey: [""/api/irn/stock-lookup""], enabled: (canVerify && irn?.status === ""pending_stores"") || (canApprove && irn?.status === ""stores_verified"") || isAdmin, })"
"client/src/pages/irn/IrnDetailPage.tsx","client/src/pages/irn/IrnDetailPage.tsx:103","useQuery","useQuery<{ id: number; name: string; category: string; uom: string }[]>({ queryKey: [""/api/stores/items""], enabled: !!irn && (irn.status === ""approved"" || irn.status === ""partially_issued""), })"
"client/src/pages/irn/IrnDetailPage.tsx","client/src/pages/irn/IrnDetailPage.tsx:109","useQuery","useQuery<{ id: number; name: string }[]>({ queryKey: [""/api/sites""], queryFn: async () => { const res = await fetch(""/api/sites"", { credentials: ""include"" }); if (!res.ok) return []; return res.json(); }, })"
"client/src/pages/irn/IrnDetailPage.tsx","client/src/pages/irn/IrnDetailPage.tsx:112","fetch","fetch(""/api/sites"", { credentials: ""include"" })"
"client/src/pages/irn/IrnDetailPage.tsx","client/src/pages/irn/IrnDetailPage.tsx:120","useQuery","useQuery<{ id: number; name: string }[]>({ queryKey: [""/api/plant-module/parties""], queryFn: async () => { const res = await fetch(""/api/plant-module/parties"", { credentials: ""include"" }); if (!res.ok) return []; return res.json(); }, enabled: !!irn && (irn.status === ""approved"" || irn.status === ""partially_issued""), })"
"client/src/pages/irn/IrnDetailPage.tsx","client/src/pages/irn/IrnDetailPage.tsx:123","fetch","fetch(""/api/plant-module/parties"", { credentials: ""include"" })"
"client/src/pages/irn/IrnDetailPage.tsx","client/src/pages/irn/IrnDetailPage.tsx:131","useQuery","useQuery<StoreIssueWithItems[]>({ queryKey: [`/api/irn/${id}/issue-vouchers`], enabled: !!irn && [""approved"", ""issued"", ""partially_issued""].includes(irn.status ?? """"), })"
"client/src/pages/irn/IrnDetailPage.tsx","client/src/pages/irn/IrnDetailPage.tsx:137","useQuery","useQuery<IrnAuditLog[]>({ queryKey: [""/api/irn"", id, ""audit-logs""], queryFn: async () => { const res = await fetch(`/api/irn/${id}/audit-logs`, { credentials: ""include"" }); if (!res.ok) return []; return res.json(); }, enabled: !!irn && [""approved"", ""issued"", ""partially_issued"", ""closed"", ""rejected"", ""stores_verified""].includes(irn.status ?? """"), })"
"client/src/pages/irn/IrnDetailPage.tsx","client/src/pages/irn/IrnDetailPage.tsx:140","fetch","fetch(`/api/irn/${id}/audit-logs`, { credentials: ""include"" })"
"client/src/pages/irn/IrnDetailPage.tsx","client/src/pages/irn/IrnDetailPage.tsx:385","useMutation","useMutation({ mutationFn: async () => { const issueItems = irn!.items.filter((i) => (i.issueQty ?? 0) > 0); const payload = { date: ivDate, issuedBy: ivIssuedBy, receivedBy: ivReceivedBy, receiverDesignation: ivReceiverDesig || undefined, deliveryMode: ivDeliveryMode, vehicleType: ivDeliveryMode === ""vehicle"" ? ivVehicleType : undefined, vehicleNo: ivDeliveryMode === ""vehicle"" ? ivVehicleNo : undefined, driverName: ivDeliveryMode === ""vehicle"" ? ivDriverName : undefined, movementRemarks: ivRemarks || undefined, items: issueItems .map((item) => ({ irnItemId: item.id, storeItemId: item.materialId ? null : (ivItemStoreIds[item.id] ?? null), materialId: item.materialId ?? null, partyId: item.materialId ? (ivItemPartyIds[item.id] ?? null) : null, actualIssuedQty: parseFloat(ivItemQtys[item.id] ?? String(item.issueQty ?? 0)) || 0, uom: item.uom, materialText: item.material, })) .filter(it => it.actualIssuedQty > 0), }; const res = await apiRequest(""POST"", `/api/irn/${id}/record-issue`, payload); if (!res.ok) { const body = await res.json().catch(() => ({})); throw new Error(body.message ?? ""Failed to record issue""); } return res.json(); }, onSuccess: (data: any) => { queryClient.invalidateQueries({ queryKey: [""/api/irn""] }); queryClient.invalidateQueries({ queryKey: [""/api/irn"", id] }); queryClient.invalidateQueries({ queryKey: [`/api/irn/${id}/issue-vouchers`] }); queryClient.invalidateQueries({ queryKey: [""/api/stores/issues""] }); queryClient.invalidateQueries({ queryKey: [""/api/stores/stock-summary""] }); setShowIssueForm(false); setShowIssueHistory(true); toast({ title: `Issue Voucher ${data.issueNumber} recorded`, description: ""Stock has been updated."" }); }, onError: (err: any) => { toast({ title: ""Failed to record issue"", description: err.message, variant: ""destructive"" }); }, })"
"client/src/pages/irn/IrnDetailPage.tsx","client/src/pages/irn/IrnDetailPage.tsx:410","apiRequest","apiRequest(""POST"", `/api/irn/${id}/record-issue`, payload)"
"client/src/pages/irn/IrnDetailPage.tsx","client/src/pages/irn/IrnDetailPage.tsx:432","useMutation","useMutation({ mutationFn: async () => { const res = await apiRequest(""PATCH"", `/api/irn/${id}/stores-verify`, { storesRemarks, items: verifications, }); return res.json() as Promise<InternalRequisitionWithItems>; }, onSuccess: () => { queryClient.invalidateQueries({ queryKey: [""/api/irn""] }); queryClient.invalidateQueries({ queryKey: [""/api/irn"", id] }); setVerified(true); toast({ title: ""Stores verification saved"", description: ""IRN has been verified by stores"" }); }, onError: (err: any) => { toast({ title: ""Verification failed"", description: err.message, variant: ""destructive"" }); }, })"
"client/src/pages/irn/IrnDetailPage.tsx","client/src/pages/irn/IrnDetailPage.tsx:434","apiRequest","apiRequest(""PATCH"", `/api/irn/${id}/stores-verify`, { storesRemarks, items: verifications, })"
"client/src/pages/irn/IrnDetailPage.tsx","client/src/pages/irn/IrnDetailPage.tsx:451","useMutation","useMutation({ mutationFn: async (action: ""approve"" | ""reject"") => { const res = await apiRequest(""PATCH"", `/api/irn/${id}/approve`, { action, remarks: approvalRemarks || undefined, }); if (!res.ok) { const body = await res.json().catch(() => ({})); throw new Error(body.message ?? ""Request failed""); } return res.json() as Promise<InternalRequisitionWithItems>; }, onSuccess: (data) => { queryClient.invalidateQueries({ queryKey: [""/api/irn""] }); queryClient.invalidateQueries({ queryKey: [""/api/irn"", id] }); toast({ title: data.status === ""approved"" ? ""IRN Approved"" : ""IRN Rejected"", description: data.status === ""approved"" ? ""The requisition has been approved."" : ""The requisition has been rejected."", }); }, onError: (err: any) => { toast({ title: ""Action failed"", description: err.message, variant: ""destructive"" }); }, })"
"client/src/pages/irn/IrnDetailPage.tsx","client/src/pages/irn/IrnDetailPage.tsx:453","apiRequest","apiRequest(""PATCH"", `/api/irn/${id}/approve`, { action, remarks: approvalRemarks || undefined, })"
"client/src/pages/irn/IrnDetailPage.tsx","client/src/pages/irn/IrnDetailPage.tsx:478","useMutation","useMutation({ mutationFn: async () => { const res = await apiRequest(""PATCH"", `/api/irn/${id}/close`, {}); if (!res.ok) { const body = await res.json().catch(() => ({})); throw new Error(body.message ?? ""Request failed""); } return res.json() as Promise<InternalRequisitionWithItems>; }, onSuccess: () => { queryClient.invalidateQueries({ queryKey: [""/api/irn""] }); queryClient.invalidateQueries({ queryKey: [""/api/irn"", id] }); queryClient.invalidateQueries({ queryKey: [""/api/irn"", id, ""audit-logs""] }); toast({ title: ""IRN Closed"", description: ""Requisition marked as fulfilled and closed."" }); }, onError: (err: any) => { toast({ title: ""Close failed"", description: err.message, variant: ""destructive"" }); }, })"
"client/src/pages/irn/IrnDetailPage.tsx","client/src/pages/irn/IrnDetailPage.tsx:480","apiRequest","apiRequest(""PATCH"", `/api/irn/${id}/close`, {})"
"client/src/pages/irn/IrnDetailPage.tsx","client/src/pages/irn/IrnDetailPage.tsx:498","useMutation","useMutation({ mutationFn: async () => { const res = await apiRequest(""PATCH"", `/api/irn/${id}/reopen`, {}); if (!res.ok) { const body = await res.json().catch(() => ({})); throw new Error(body.message ?? ""Request failed""); } return res.json() as Promise<InternalRequisitionWithItems>; }, onSuccess: () => { queryClient.invalidateQueries({ queryKey: [""/api/irn""] }); queryClient.invalidateQueries({ queryKey: [""/api/irn"", id] }); queryClient.invalidateQueries({ queryKey: [""/api/irn"", id, ""audit-logs""] }); toast({ title: ""IRN Reopened"", description: ""Requisition has been returned to Approved status."" }); }, onError: (err: any) => { toast({ title: ""Reopen failed"", description: err.message, variant: ""destructive"" }); }, })"
"client/src/pages/irn/IrnDetailPage.tsx","client/src/pages/irn/IrnDetailPage.tsx:500","apiRequest","apiRequest(""PATCH"", `/api/irn/${id}/reopen`, {})"
"client/src/pages/irn/IrnDetailPage.tsx","client/src/pages/irn/IrnDetailPage.tsx:518","useMutation","useMutation({ mutationFn: async () => { const res = await apiRequest(""DELETE"", `/api/irn/${id}`); if (!res.ok) { const body = await res.json().catch(() => ({})); throw new Error(body.message ?? ""Failed to delete""); } return res.json(); }, onSuccess: () => { queryClient.invalidateQueries({ queryKey: [""/api/irn""] }); toast({ title: ""IRN deleted"", description: ""The requisition has been permanently deleted."" }); navigate(""/irn""); }, onError: (err: any) => { toast({ title: ""Delete failed"", description: err.message, variant: ""destructive"" }); setDeleteConfirm(false); }, })"
"client/src/pages/irn/IrnDetailPage.tsx","client/src/pages/irn/IrnDetailPage.tsx:520","apiRequest","apiRequest(""DELETE"", `/api/irn/${id}`)"
"client/src/pages/irn/IrnDetailPage.tsx","client/src/pages/irn/IrnDetailPage.tsx:1042","(() => {
            // Compute per-item totals from all recorded vouchers
            const itemSummary = issueItems.map(item => {
              const totalIssued = irnVouchers.reduce((sum, v) => {
                const match = v.items.find(vi => vi.materialText === item.material);
                return sum + (match?.qty ?? 0);
              }, 0);
              const approvedQty = item.issueQty ?? 0;
              const balance = Math.max(0, approvedQty - totalIssued);
              return { item, totalIssued, approvedQty, balance };
            });
            const hasBalance = itemSummary.some(s => s.balance > 0.001);
            const voucherCount = irnVouchers.length;
            // Items with balance that have no stock link (store item OR plant party)
            const unlinkedActiveCount = itemSummary.filter(s => {
              if (s.balance < 0.001) return false;
              if (s.item.materialId) return ivItemPartyIds[s.item.id] == null;
              return ivItemStoreIds[s.item.id] == null;
            }).length;

            return (
              <div className=""space-y-3"">
                {/* ── Summary card ── */}
                <div className=""bg-white border rounded-lg p-4"">
                  <div className=""flex items-center gap-2 mb-3"">
                    <PackageCheck className=""h-4 w-4 text-green-600"" />
                    <span className=""text-sm font-semibold text-gray-800"">Issue Voucher Status</span>
                    {voucherCount > 0 && (
                      <span className=""ml-auto text-sm bg-blue-50 text-blue-700 border border-blue-200 px-2 py-0.5 rounded font-medium"">
                        {voucherCount} voucher{voucherCount > 1 ? ""s"" : """"} raised
                      </span>
                    )}
                  </div>
                  <div className=""space-y-1.5"">
                    {itemSummary.map(({ item, totalIssued, approvedQty, balance }) => (
                      <div key={item.id} className=""flex justify-between items-center text-sm border-t pt-1.5 text-gray-700"">
                        <span className=""font-medium text-gray-800"">{item.material}</span>
                        <span className=""flex gap-4"">
                          <span className=""text-gray-500"">Approved: <strong className=""text-gray-700"">{approvedQty} {item.uom}</strong></span>
                          <span className=""text-gray-500"">Issued: <strong className=""text-gray-700"">{totalIssued.toFixed(2)} {item.uom}</strong></span>
                          <span className={`font-semibold ${balance > 0.001 ? ""text-amber-700"" : ""text-emerald-700""}`}>
                            Bal: {balance.toFixed(2)} {item.uom}
                          </span>
                        </span>
                      </div>
                    ))}
                  </div>
                </div>

                {/* ── Issue History ── */}
                {voucherCount > 0 && (
                  <div className=""bg-white border rounded-lg overflow-hidden"">
                    <button
                      className=""w-full p-4 flex items-center justify-between text-sm hover:bg-gray-50 transition-colors""
                      onClick={() => setShowIssueHistory(h => !h)}
                      data-testid=""button-toggle-issue-history""
                    >
                      <span className=""flex items-center gap-2 font-medium text-gray-800"">
                        <FileText className=""h-4 w-4 text-blue-600"" />
                        Issue History ({voucherCount} voucher{voucherCount > 1 ? ""s"" : """"})
                      </span>
                      <ChevronDown className={`h-4 w-4 text-gray-500 transition-transform ${showIssueHistory ? ""rotate-180"" : """"}`} />
                    </button>
                    {showIssueHistory && (
                      <div className=""border-t divide-y"">
                        {irnVouchers.map(v => (
                          <div key={v.id} className=""p-4 space-y-2"" data-testid={`card-voucher-${v.id}`}>
                            <div className=""flex items-center justify-between flex-wrap gap-2"">
                              <div className=""flex items-center gap-2"">
                                <span className=""font-mono text-sm font-semibold text-blue-700 bg-blue-50 px-2 py-0.5 rounded border border-blue-200"" data-testid={`text-voucher-no-${v.id}`}>
                                  {v.issueNumber}
                                </span>
                                <span className=""text-sm text-gray-500"">{v.date}</span>
                              </div>
                              <Button
                                variant=""outline"" size=""sm""
                                onClick={() => window.open(`/api/irn/${irn.id}/issue-voucher?voucherId=${v.id}`, ""_blank"")}
                                className=""gap-1.5 text-sm h-7 border-gray-300""
                                data-testid={`button-print-voucher-${v.id}`}
                              >
                                <Printer className=""h-3 w-3"" /> Print
                              </Button>
                            </div>
                            <div className=""text-sm text-gray-600 flex flex-wrap gap-3"">
                              {v.issuedBy && <span>Issued by: <strong className=""text-gray-800"">{v.issuedBy}</strong></span>}
                              {v.receivedBy && <span>Received by: <strong className=""text-gray-800"">{v.receivedBy}</strong></span>}
                              {v.receiverDesignation && <span>Desig: <strong className=""text-gray-800"">{v.receiverDesignation}</strong></span>}
                              {v.vehicleNo && <span>Vehicle: <strong className=""text-gray-800"">{v.vehicleNo}</strong></span>}
                              {v.driverName && <span>Driver: <strong className=""text-gray-800"">{v.driverName}</strong></span>}
                            </div>
                            <div className=""space-y-0.5"">
                              {v.items.map(vi => (
                                <div key={vi.id} className=""flex justify-between text-sm text-gray-700"">
                                  <span>{vi.materialText ?? vi.itemName ?? ""—""}</span>
                                  <span className=""font-semibold"">{vi.qty} {vi.uom}</span>
                                </div>
                              ))}
                            </div>
                          </div>
                        ))}
                      </div>
                    )}
                  </div>
                )}

                {/* ── Record next Issue Voucher — only when balance remains ── */}
                {hasBalance && (
                  <div className=""bg-white border rounded-lg overflow-hidden"">
                    <div className=""p-4 flex items-center justify-between"">
                      <div className=""flex items-center gap-2"">
                        <PackageCheck className=""h-4 w-4 text-green-600 shrink-0"" />
                        <span className=""text-sm text-gray-700 font-medium"">
                          {voucherCount === 0
                            ? `${issueItems.length} item(s) — Issue Voucher authorised`
                            : ""Balance remaining — record next Issue Voucher""}
                        </span>
                      </div>
                      {!showIssueForm ? (
                        <Button
                          size=""sm""
                          onClick={() => {
                            const qtys: Record<number, string> = {};
                            for (const { item, balance } of itemSummary) qtys[item.id] = balance > 0.001 ? String(Math.round(balance * 1000) / 1000) : ""0"";
                            setIvItemQtys(qtys);
                            const storeMap: Record<number, number | null> = {};
                            for (const item of issueItems) {
                              const n = item.material.toLowerCase().trim();
                              const found =
                                storeItems.find(s => s.name.toLowerCase().trim() === n) ??
                                storeItems.find(s => s.name.toLowerCase().trim().startsWith(n) || n.startsWith(s.name.toLowerCase().trim())) ??
                                storeItems.find(s => s.name.toLowerCase().includes(n) || n.includes(s.name.toLowerCase().trim())) ??
                                null;
                              storeMap[item.id] = found ? found.id : null;
                            }
                            setIvItemStoreIds(storeMap);
                            setShowIssueForm(true);
                          }}
                          className=""bg-green-700 hover:bg-green-800 text-white gap-2 text-sm h-8""
                          data-testid=""button-record-issue-voucher""
                        >
                          <PackageCheck className=""h-4 w-4"" /> {voucherCount === 0 ? ""Record Issue"" : ""Record Next Issue""}
                        </Button>
                      ) : (
                        <Button variant=""ghost"" size=""sm"" onClick={() => setShowIssueForm(false)} className=""text-sm text-gray-500"">
                          Cancel
                        </Button>
                      )}
                    </div>

                    {showIssueForm && (
                      <div className=""border-t bg-gray-50 p-4 space-y-4"">
                        {/* Header fields */}
                        <div className=""grid grid-cols-2 gap-3"">
                          <div>
                            <Label className=""text-sm text-gray-600"">Issue Date *</Label>
                            <Input type=""date"" value={ivDate} onChange={e => setIvDate(e.target.value)}
                              className=""h-8 text-sm mt-1"" data-testid=""input-iv-date"" />
                          </div>
                          <div>
                            <Label className=""text-sm text-gray-600"">Issued By *</Label>
                            <Input value={ivIssuedBy} onChange={e => setIvIssuedBy(e.target.value)}
                              placeholder=""Name of person issuing"" className=""h-8 text-sm mt-1"" data-testid=""input-iv-issued-by"" />
                          </div>
                          <div>
                            <Label className=""text-sm text-gray-600"">Received By *</Label>
                            <Input value={ivReceivedBy} onChange={e => setIvReceivedBy(e.target.value)}
                              placeholder=""Name of recipient"" className=""h-8 text-sm mt-1"" data-testid=""input-iv-received-by"" />
                          </div>
                          <div>
                            <Label className=""text-sm text-gray-600"">Receiver Designation</Label>
                            <Input value={ivReceiverDesig} onChange={e => setIvReceiverDesig(e.target.value)}
                              placeholder=""e.g. Site Engineer"" className=""h-8 text-sm mt-1"" data-testid=""input-iv-receiver-desig"" />
                          </div>
                        </div>

                        {/* Delivery mode */}
                        <div>
                          <Label className=""text-sm text-gray-600 mb-1 block"">Delivery Mode *</Label>
                          <div className=""flex gap-2"">
                            <Button
                              variant={ivDeliveryMode === ""vehicle"" ? ""default"" : ""outline""}
                              size=""sm""
                              onClick={() => setIvDeliveryMode(""vehicle"")}
                              className={`gap-1.5 text-sm h-8 ${ivDeliveryMode === ""vehicle"" ? ""bg-amber-700 hover:bg-amber-800"" : """"}`}
                              data-testid=""button-iv-mode-vehicle""
                            >
                              <Truck className=""h-3.5 w-3.5"" /> Vehicle
                            </Button>
                            <Button
                              variant={ivDeliveryMode === ""hand_carried"" ? ""default"" : ""outline""}
                              size=""sm""
                              onClick={() => setIvDeliveryMode(""hand_carried"")}
                              className={`gap-1.5 text-sm h-8 ${ivDeliveryMode === ""hand_carried"" ? ""bg-blue-700 hover:bg-blue-800"" : """"}`}
                              data-testid=""button-iv-mode-hand""
                            >
                              Hand-carried
                            </Button>
                          </div>
                        </div>

                        {ivDeliveryMode === ""vehicle"" && (
                          <div className=""grid grid-cols-3 gap-3 bg-amber-50 border border-amber-200 rounded p-3"">
                            <div>
                              <Label className=""text-sm text-gray-600"">Vehicle Type *</Label>
                              <Select value={ivVehicleType} onValueChange={setIvVehicleType}>
                                <SelectTrigger className=""h-8 text-sm mt-1"" data-testid=""select-iv-vehicle-type"">
                                  <SelectValue placeholder=""Select type"" />
                                </SelectTrigger>
                                <SelectContent>
                                  {[""Two Wheeler"", ""Three Wheeler"", ""Light Vehicle"", ""Medium Vehicle"", ""Heavy Vehicle"", ""Tractor"", ""Other""].map(v => (
                                    <SelectItem key={v} value={v}>{v}</SelectItem>
                                  ))}
                                </SelectContent>
                              </Select>
                            </div>
                            <div>
                              <Label className=""text-sm text-gray-600"">Vehicle No. *</Label>
                              <Input value={ivVehicleNo} onChange={e => setIvVehicleNo(e.target.value)}
                                placeholder=""e.g. TN 01 AA 1234"" className=""h-8 text-sm mt-1"" data-testid=""input-iv-vehicle-no"" />
                            </div>
                            <div>
                              <Label className=""text-sm text-gray-600"">Driver Name *</Label>
                              <Input value={ivDriverName} onChange={e => setIvDriverName(e.target.value)}
                                placeholder=""Driver name"" className=""h-8 text-sm mt-1"" data-testid=""input-iv-driver-name"" />
                            </div>
                          </div>
                        )}

                        <div>
                          <Label className=""text-sm text-gray-600"">Movement Remarks</Label>
                          <Textarea value={ivRemarks} onChange={e => setIvRemarks(e.target.value)}
                            placeholder=""Any remarks about the movement"" rows={2}
                            className=""text-sm mt-1 resize-none"" data-testid=""textarea-iv-remarks"" />
                        </div>

                        {/* Items table — shows remaining qty as the cap */}
                        <div>
                          <Label className=""text-sm text-gray-700 font-semibold mb-2 block"">Items to Issue (this voucher)</Label>
                          <div className=""border rounded overflow-hidden bg-white"">
                            <table className=""w-full text-sm"">
                              <thead className=""bg-gray-100 border-b"">
                                <tr>
                                  <th className=""text-left p-2 font-semibold text-gray-600"">Material</th>
                                  <th className=""text-center p-2 font-semibold text-gray-600"">Remaining Qty</th>
                                  <th className=""text-center p-2 font-semibold text-gray-600"">Issue Qty (this voucher)</th>
                                  <th className=""text-left p-2 font-semibold text-gray-600"">Stock Deduction</th>
                                </tr>
                              </thead>
                              <tbody>
                                {issueItems.map((item) => {
                                  const summary = itemSummary.find(s => s.item.id === item.id)!;
                                  const maxQty = summary.balance;
                                  const currentQty = parseFloat(ivItemQtys[item.id] ?? String(maxQty)) || 0;
                                  const isBulk = !!item.materialId;
                                  const storeMatch = ivItemStoreIds[item.id];
                                  const partyMatch = ivItemPartyIds[item.id];
                                  return (
                                    <tr key={item.id} className={`border-t ${maxQty < 0.001 ? ""opacity-50"" : """"}`}>
                                      <td className=""p-2 font-medium text-gray-800"">
                                        {item.material}
                                        {isBulk && (
                                          <span className=""ml-1 text-xs bg-green-100 text-green-700 border border-green-200 px-1 py-0.5 rounded font-semibold"">PLANT</span>
                                        )}
                                      </td>
                                      <td className=""p-2 text-center text-gray-600"">{maxQty.toFixed(2)} {item.uom}</td>
                                      <td className=""p-2"">
                                        <div className=""flex items-center gap-1 justify-center"">
                                          <Input
                                            type=""number""
                                            min={0}
                                            max={maxQty}
                                            step={0.01}
                                            value={ivItemQtys[item.id] ?? String(maxQty)}
                                            disabled={maxQty < 0.001}
                                            onChange={e => {
                                              const v = e.target.value;
                                              setIvItemQtys(prev => ({ ...prev, [item.id]: v }));
                                            }}
                                            className={`h-7 w-24 text-center text-sm ${currentQty > maxQty + 0.001 ? ""border-red-400 bg-red-50"" : """"}`}
                                            data-testid={`input-iv-qty-${item.id}`}
                                          />
                                          <span className=""text-gray-500"">{item.uom}</span>
                                        </div>
                                        {currentQty > maxQty + 0.001 && (
                                          <p className=""text-red-600 text-[12px] text-center"">Exceeds balance {maxQty.toFixed(2)}</p>
                                        )}
                                      </td>
                                      <td className=""p-2"">
                                        {isBulk ? (
                                          <>
                                            <Select
                                              value={partyMatch != null ? String(partyMatch) : ""__none__""}
                                              onValueChange={v => setIvItemPartyIds(prev => ({ ...prev, [item.id]: v === ""__none__"" ? null : parseInt(v) }))}
                                              disabled={maxQty < 0.001}
                                            >
                                              <SelectTrigger className=""h-7 text-sm"" data-testid={`select-iv-party-${item.id}`}>
                                                <SelectValue placeholder=""Select party"" />
                                              </SelectTrigger>
                                              <SelectContent>
                                                <SelectItem value=""__none__"">— No party —</SelectItem>
                                                {parties.map(p => (
                                                  <SelectItem key={p.id} value={String(p.id)}>{p.name}</SelectItem>
                                                ))}
                                              </SelectContent>
                                            </Select>
                                            {partyMatch == null && maxQty > 0.001 && (
                                              <p className=""text-amber-600 font-semibold text-[12px] mt-0.5"">⚠ Select party for plant stock</p>
                                            )}
                                          </>
                                        ) : (
                                          <>
                                            <Select
                                              value={storeMatch != null ? String(storeMatch) : ""__none__""}
                                              onValueChange={v => setIvItemStoreIds(prev => ({ ...prev, [item.id]: v === ""__none__"" ? null : parseInt(v) }))}
                                              disabled={maxQty < 0.001}
                                            >
                                              <SelectTrigger className=""h-7 text-sm"" data-testid={`select-iv-store-item-${item.id}`}>
                                                <SelectValue placeholder=""None (text only)"" />
                                              </SelectTrigger>
                                              <SelectContent>
                                                <SelectItem value=""__none__"">— None (text only) —</SelectItem>
                                                {storeItems.map(si => (
                                                  <SelectItem key={si.id} value={String(si.id)}>{si.name} ({si.category})</SelectItem>
                                                ))}
                                              </SelectContent>
                                            </Select>
                                            {storeMatch == null && maxQty > 0.001 && (
                                              <p className=""text-red-600 font-semibold text-[12px] mt-0.5"">⚠ No stock deduction</p>
                                            )}
                                          </>
                                        )}
                                      </td>
                                    </tr>
                                  );
                                })}
                              </tbody>
                            </table>
                          </div>
                        </div>

                        {/* Submit */}
                        {unlinkedActiveCount > 0 && (
                          <div className=""bg-amber-50 border border-amber-300 rounded p-3 text-sm text-amber-800 flex items-start gap-2"">
                            <span className=""text-amber-600 mt-0.5 shrink-0"">⚠</span>
                            <span>
                              <strong>{unlinkedActiveCount} item{unlinkedActiveCount > 1 ? ""s"" : """"}</strong> {unlinkedActiveCount > 1 ? ""have"" : ""has""} no stock link — select the party (PLANT items) or store item (spare/consumable items) above to enable stock deduction.
                            </span>
                          </div>
                        )}
                        <div className=""flex justify-end gap-2 pt-1"">
                          <Button variant=""outline"" size=""sm"" onClick={() => setShowIssueForm(false)} className=""text-sm"">
                            Cancel
                          </Button>
                          <Button
                            size=""sm""
                            disabled={recordIssueMutation.isPending || !ivIssuedBy.trim() || !ivReceivedBy.trim() || !ivDate}
                            onClick={() => recordIssueMutation.mutate()}
                            className=""bg-green-700 hover:bg-green-800 text-white gap-2 text-sm""
                            data-testid=""button-submit-record-issue""
                          >
                            {recordIssueMutation.isPending ? ""Recording…"" : <><FileCheck className=""h-4 w-4"" /> Record Issue Voucher</>}
                          </Button>
                        </div>
                      </div>
                    )}
                  </div>
                )}
              </div>
            );
          })","(() => { // Compute per-item totals from all recorded vouchers const itemSummary = issueItems.map(item => { const totalIssued = irnVouchers.reduce((sum, v) => { const match = v.items.find(vi => vi.materialText === item.material); return sum + (match?.qty ?? 0); }, 0); const approvedQty = item.issueQty ?? 0; const balance = Math.max(0, approvedQty - totalIssued); return { item, totalIssued, approvedQty, balance }; }); const hasBalance = itemSummary.some(s => s.balance > 0.001); const voucherCount = irnVouchers.length; // Items with balance that have no stock link (store item OR plant party) const unlinkedActiveCount = itemSummary.filter(s => { if (s.balance < 0.001) return false; if (s.item.materialId) return ivItemPartyIds[s.item.id] == null; return ivItemStoreIds[s.item.id] == null; }).length; return ( <div className=""space-y-3""> {/* ── Summary card ── */} <div className=""bg-white border rounded-lg p-4""> <div className=""flex items-center gap-2 mb-3""> <PackageCheck className=""h-4 w-4 text-green-600"" /> <span className=""text-sm font-semibold text-gray-800"">Issue Voucher Status</span> {voucherCount > 0 && ( <span className=""ml-auto text-sm bg-blue-50 text-blue-700 border border-blue-200 px-2 py-0.5 rounded font-medium""> {voucherCount} voucher{voucherCount > 1 ? ""s"" : """"} raised </span> )} </div> <div className=""space-y-1.5""> {itemSummary.map(({ item, totalIssued, approvedQty, balance }) => ( <div key={item.id} className=""flex justify-between items-center text-sm border-t pt-1.5 text-gray-700""> <span className=""font-medium text-gray-800"">{item.material}</span> <span className=""flex gap-4""> <span className=""text-gray-500"">Approved: <strong className=""text-gray-700"">{approvedQty} {item.uom}</strong></span> <span className=""text-gray-500"">Issued: <strong className=""text-gray-700"">{totalIssued.toFixed(2)} {item.uom}</strong></span> <span className={`font-semibold ${balance > 0.001 ? ""text-amber-700"" : ""text-emerald-700""}`}> Bal: {balance.toFixed(2)} {item.uom} </span> </span> </div> ))} </div> </div> {/* ── Issue History ── */} {voucherCount > 0 && ( <div className=""bg-white border rounded-lg overflow-hidden""> <button className=""w-full p-4 flex items-center justify-between text-sm hover:bg-gray-50 transition-colors"" onClick={() => setShowIssueHistory(h => !h)} data-testid=""button-toggle-issue-history"" > <span className=""flex items-center gap-2 font-medium text-gray-800""> <FileText className=""h-4 w-4 text-blue-600"" /> Issue History ({voucherCount} voucher{voucherCount > 1 ? ""s"" : """"}) </span> <ChevronDown className={`h-4 w-4 text-gray-500 transition-transform ${showIssueHistory ? ""rotate-180"" : """"}`} /> </button> {showIssueHistory && ( <div className=""border-t divide-y""> {irnVouchers.map(v => ( <div key={v.id} className=""p-4 space-y-2"" data-testid={`card-voucher-${v.id}`}> <div className=""flex items-center justify-between flex-wrap gap-2""> <div className=""flex items-center gap-2""> <span className=""font-mono text-sm font-semibold text-blue-700 bg-blue-50 px-2 py-0.5 rounded border border-blue-200"" data-testid={`text-voucher-no-${v.id}`}> {v.issueNumber} </span> <span className=""text-sm text-gray-500"">{v.date}</span> </div> <Button variant=""outline"" size=""sm"" onClick={() => window.open(`/api/irn/${irn.id}/issue-voucher?voucherId=${v.id}`, ""_blank"")} className=""gap-1.5 text-sm h-7 border-gray-300"" data-testid={`button-print-voucher-${v.id}`} > <Printer className=""h-3 w-3"" /> Print </Button> </div> <div className=""text-sm text-gray-600 flex flex-wrap gap-3""> {v.issuedBy && <span>Issued by: <strong className=""text-gray-800"">{v.issuedBy}</strong></span>} {v.receivedBy && <span>Received by: <strong className=""text-gray-800"">{v.receivedBy}</strong></span>} {v.receiverDesignation && <span>Desig: <strong className=""text-gray-800"">{v.receiverDesignation}</strong></span>} {v.vehicleNo && <span>Vehicle: <strong className=""text-gray-800"">{v.vehicleNo}</strong></span>} {v.driverName && <span>Driver: <strong className=""text-gray-800"">{v.driverName}</strong></span>} </div> <div className=""space-y-0.5""> {v.items.map(vi => ( <div key={vi.id} className=""flex justify-between text-sm text-gray-700""> <span>{vi.materialText ?? vi.itemName ?? ""—""}</span> <span className=""font-semibold"">{vi.qty} {vi.uom}</span> </div> ))} </div> </div> ))} </div> )} </div> )} {/* ── Record next Issue Voucher — only when balance remains ── */} {hasBalance && ( <div className=""bg-white border rounded-lg overflow-hidden""> <div className=""p-4 flex items-center justify-between""> <div className=""flex items-center gap-2""> <PackageCheck className=""h-4 w-4 text-green-600 shrink-0"" /> <span className=""text-sm text-gray-700 font-medium""> {voucherCount === 0 ? `${issueItems.length} item(s) — Issue Voucher authorised` : ""Balance remaining — record next Issue Voucher""} </span> </div> {!showIssueForm ? ( <Button size=""sm"" onClick={() => { const qtys: Record<number, string> = {}; for (const { item, balance } of itemSummary) qtys[item.id] = balance > 0.001 ? String(Math.round(balance * 1000) / 1000) : ""0""; setIvItemQtys(qtys); const storeMap: Record<number, number | null> = {}; for (const item of issueItems) { const n = item.material.toLowerCase().trim(); const found = storeItems.find(s => s.name.toLowerCase().trim() === n) ?? storeItems.find(s => s.name.toLowerCase().trim().startsWith(n) || n.startsWith(s.name.toLowerCase().trim())) ?? storeItems.find(s => s.name.toLowerCase().includes(n) || n.includes(s.name.toLowerCase().trim())) ?? null; storeMap[item.id] = found ? found.id : null; } setIvItemStoreIds(storeMap); setShowIssueForm(true); }} className=""bg-green-700 hover:bg-green-800 text-white gap-2 text-sm h-8"" data-testid=""button-record-issue-voucher"" > <PackageCheck className=""h-4 w-4"" /> {voucherCount === 0 ? ""Record Issue"" : ""Record Next Issue""} </Button> ) : ( <Button variant=""ghost"" size=""sm"" onClick={() => setShowIssueForm(false)} className=""text-sm text-gray-500""> Cancel </Button> )} </div> {showIssueForm && ( <div className=""border-t bg-gray-50 p-4 space-y-4""> {/* Header fields */} <div className=""grid grid-cols-2 gap-3""> <div> <Label className=""text-sm text-gray-600"">Issue Date *</Label> <Input type=""date"" value={ivDate} onChange={e => setIvDate(e.target.value)} className=""h-8 text-sm mt-1"" data-testid=""input-iv-date"" /> </div> <div> <Label className=""text-sm text-gray-600"">Issued By *</Label> <Input value={ivIssuedBy} onChange={e => setIvIssuedBy(e.target.value)} placeholder=""Name of person issuing"" className=""h-8 text-sm mt-1"" data-testid=""input-iv-issued-by"" /> </div> <div> <Label className=""text-sm text-gray-600"">Received By *</Label> <Input value={ivReceivedBy} onChange={e => setIvReceivedBy(e.target.value)} placeholder=""Name of recipient"" className=""h-8 text-sm mt-1"" data-testid=""input-iv-received-by"" /> </div> <div> <Label className=""text-sm text-gray-600"">Receiver Designation</Label> <Input value={ivReceiverDesig} onChange={e => setIvReceiverDesig(e.target.value)} placeholder=""e.g. Site Engineer"" className=""h-8 text-sm mt-1"" data-testid=""input-iv-receiver-desig"" /> </div> </div> {/* Delivery mode */} <div> <Label className=""text-sm text-gray-600 mb-1 block"">Delivery Mode *</Label> <div className=""flex gap-2""> <Button variant={ivDeliveryMode === ""vehicle"" ? ""default"" : ""outline""} size=""sm"" onClick={() => setIvDeliveryMode(""vehicle"")} className={`gap-1.5 text-sm h-8 ${ivDeliveryMode === ""vehicle"" ? ""bg-amber-700 hover:bg-amber-800"" : """"}`} data-testid=""button-iv-mode-vehicle"" > <Truck className=""h-3.5 w-3.5"" /> Vehicle </Button> <Button variant={ivDeliveryMode === ""hand_carried"" ? ""default"" : ""outline""} size=""sm"" onClick={() => setIvDeliveryMode(""hand_carried"")} className={`gap-1.5 text-sm h-8 ${ivDeliveryMode === ""hand_carried"" ? ""bg-blue-700 hover:bg-blue-800"" : """"}`} data-testid=""button-iv-mode-hand"" > Hand-carried </Button> </div> </div> {ivDeliveryMode === ""vehicle"" && ( <div className=""grid grid-cols-3 gap-3 bg-amber-50 border border-amber-200 rounded p-3""> <div> <Label className=""text-sm text-gray-600"">Vehicle Type *</Label> <Select value={ivVehicleType} onValueChange={setIvVehicleType}> <SelectTrigger className=""h-8 text-sm mt-1"" data-testid=""select-iv-vehicle-type""> <SelectValue placeholder=""Select type"" /> </SelectTrigger> <SelectContent> {[""Two Wheeler"", ""Three Wheeler"", ""Light Vehicle"", ""Medium Vehicle"", ""Heavy Vehicle"", ""Tractor"", ""Other""].map(v => ( <SelectItem key={v} value={v}>{v}</SelectItem> ))} </SelectContent> </Select> </div> <div> <Label className=""text-sm text-gray-600"">Vehicle No. *</Label> <Input value={ivVehicleNo} onChange={e => setIvVehicleNo(e.target.value)} placeholder=""e.g. TN 01 AA 1234"" className=""h-8 text-sm mt-1"" data-testid=""input-iv-vehicle-no"" /> </div> <div> <Label className=""text-sm text-gray-600"">Driver Name *</Label> <Input value={ivDriverName} onChange={e => setIvDriverName(e.target.value)} placeholder=""Driver name"" className=""h-8 text-sm mt-1"" data-testid=""input-iv-driver-name"" /> </div> </div> )} <div> <Label className=""text-sm text-gray-600"">Movement Remarks</Label> <Textarea value={ivRemarks} onChange={e => setIvRemarks(e.target.value)} placeholder=""Any remarks about the movement"" rows={2} className=""text-sm mt-1 resize-none"" data-testid=""textarea-iv-remarks"" /> </div> {/* Items table — shows remaining qty as the cap */} <div> <Label className=""text-sm text-gray-700 font-semibold mb-2 block"">Items to Issue (this voucher)</Label> <div className=""border rounded overflow-hidden bg-white""> <table className=""w-full text-sm""> <thead className=""bg-gray-100 border-b""> <tr> <th className=""text-left p-2 font-semibold text-gray-600"">Material</th> <th className=""text-center p-2 font-semibold text-gray-600"">Remaining Qty</th> <th className=""text-center p-2 font-semibold text-gray-600"">Issue Qty (this voucher)</th> <th className=""text-left p-2 font-semibold text-gray-600"">Stock Deduction</th> </tr> </thead> <tbody> {issueItems.map((item) => { const summary = itemSummary.find(s => s.item.id === item.id)!; const maxQty = summary.balance; const currentQty = parseFloat(ivItemQtys[item.id] ?? String(maxQty)) || 0; const isBulk = !!item.materialId; const storeMatch = ivItemStoreIds[item.id]; const partyMatch = ivItemPartyIds[item.id]; return ( <tr key={item.id} className={`border-t ${maxQty < 0.001 ? ""opacity-50"" : """"}`}> <td className=""p-2 font-medium text-gray-800""> {item.material} {isBulk && ( <span className=""ml-1 text-xs bg-green-100 text-green-700 border border-green-200 px-1 py-0.5 rounded font-semibold"">PLANT</span> )} </td> <td className=""p-2 text-center text-gray-600"">{maxQty.toFixed(2)} {item.uom}</td> <td className=""p-2""> <div className=""flex items-center gap-1 justify-center""> <Input type=""number"" min={0} max={maxQty} step={0.01} value={ivItemQtys[item.id] ?? String(maxQty)} disabled={maxQty < 0.001} onChange={e => { const v = e.target.value; setIvItemQtys(prev => ({ ...prev, [item.id]: v })); }} className={`h-7 w-24 text-center text-sm ${currentQty > maxQty + 0.001 ? ""border-red-400 bg-red-50"" : """"}`} data-testid={`input-iv-qty-${item.id}`} /> <span className=""text-gray-500"">{item.uom}</span> </div> {currentQty > maxQty + 0.001 && ( <p className=""text-red-600 text-[12px] text-center"">Exceeds balance {maxQty.toFixed(2)}</p> )} </td> <td className=""p-2""> {isBulk ? ( <> <Select value={partyMatch != null ? String(partyMatch) : ""__none__""} onValueChange={v => setIvItemPartyIds(prev => ({ ...prev, [item.id]: v === ""__none__"" ? null : parseInt(v) }))} disabled={maxQty < 0.001} > <SelectTrigger className=""h-7 text-sm"" data-testid={`select-iv-party-${item.id}`}> <SelectValue placeholder=""Select party"" /> </SelectTrigger> <SelectContent> <SelectItem value=""__none__"">— No party —</SelectItem> {parties.map(p => ( <SelectItem key={p.id} value={String(p.id)}>{p.name}</SelectItem> ))} </SelectContent> </Select> {partyMatch == null && maxQty > 0.001 && ( <p className=""text-amber-600 font-semibold text-[12px] mt-0.5"">⚠ Select party for plant stock</p> )} </> ) : ( <> <Select value={storeMatch != null ? String(storeMatch) : ""__none__""} onValueChange={v => setIvItemStoreIds(prev => ({ ...prev, [item.id]: v === ""__none__"" ? null : parseInt(v) }))} disabled={maxQty < 0.001} > <SelectTrigger className=""h-7 text-sm"" data-testid={`select-iv-store-item-${item.id}`}> <SelectValue placeholder=""None (text only)"" /> </SelectTrigger> <SelectContent> <SelectItem value=""__none__"">— None (text only) —</SelectItem> {storeItems.map(si => ( <SelectItem key={si.id} value={String(si.id)}>{si.name} ({si.category})</SelectItem> ))} </SelectContent> </Select> {storeMatch == null && maxQty > 0.001 && ( <p className=""text-red-600 font-semibold text-[12px] mt-0.5"">⚠ No stock deduction</p> )} </> )} </td> </tr> ); })} </tbody> </table> </div> </div> {/* Submit */} {unlinkedActiveCount > 0 && ( <div className=""bg-amber-50 border border-amber-300 rounded p-3 text-sm text-amber-800 flex items-start gap-2""> <span className=""text-amber-600 mt-0.5 shrink-0"">⚠</span> <span> <strong>{unlinkedActiveCount} item{unlinkedActiveCount > 1 ? ""s"" : """"}</strong> {unlinkedActiveCount > 1 ? ""have"" : ""has""} no stock link — select the party (PLANT items) or store item (spare/consumable items) above to enable stock deduction. </span> </div> )} <div className=""flex justify-end gap-2 pt-1""> <Button variant=""outline"" size=""sm"" onClick={() => setShowIssueForm(false)} className=""text-sm""> Cancel </Button> <Button size=""sm"" disabled={recordIssueMutation.isPending || !ivIssuedBy.trim() || !ivReceivedBy.trim() || !ivDate} onClick={() => recordIssueMutation.mutate()} className=""bg-green-700 hover:bg-green-800 text-white gap-2 text-sm"" data-testid=""button-submit-record-issue"" > {recordIssueMutation.isPending ? ""Recording…"" : <><FileCheck className=""h-4 w-4"" /> Record Issue Voucher</>} </Button> </div> </div> )} </div> )} </div> ); })()"
"client/src/pages/irn/IrnListPage.tsx","client/src/pages/irn/IrnListPage.tsx:88","useQuery","useQuery<ProcurementQueueItem[]>({ queryKey: [""/api/irn/procurement-queue""], })"
"client/src/pages/irn/IrnListPage.tsx","client/src/pages/irn/IrnListPage.tsx:92","useMutation","useMutation({ mutationFn: (irnId: number) => apiRequest(""POST"", `/api/irn/${irnId}/raise-pi`).then(r => r.json()), onSuccess: (pi) => { queryClient.invalidateQueries({ queryKey: [""/api/irn/procurement-queue""] }); queryClient.invalidateQueries({ queryKey: [""/api/irn""] }); toast({ title: ""PI Raised"", description: `${pi.indentNo} created from IRN queue` }); navigate(`/plant/purchase-indents`); }, onError: (err: any) => { toast({ title: ""Failed to raise PI"", description: err.message, variant: ""destructive"" }); }, })"
"client/src/pages/irn/IrnListPage.tsx","client/src/pages/irn/IrnListPage.tsx:94","apiRequest(""POST"", `/api/irn/${irnId}/raise-pi`).then","apiRequest(""POST"", `/api/irn/${irnId}/raise-pi`).then(r => r.json())"
"client/src/pages/irn/IrnListPage.tsx","client/src/pages/irn/IrnListPage.tsx:94","apiRequest","apiRequest(""POST"", `/api/irn/${irnId}/raise-pi`)"
"client/src/pages/irn/IrnListPage.tsx","client/src/pages/irn/IrnListPage.tsx:257","useQuery","useQuery<InternalRequisitionWithItems[]>({ queryKey: [""/api/irn"", statusFilter, dateFrom, dateTo], queryFn: async () => { const qs = apiParams ? `?${apiParams}` : """"; const res = await fetch(`/api/irn${qs}`, { credentials: ""include"" }); if (!res.ok) throw new Error(""Failed to fetch IRNs""); return res.json(); }, enabled: statusFilter !== ""procurement_queue"", })"
"client/src/pages/irn/IrnListPage.tsx","client/src/pages/irn/IrnListPage.tsx:261","fetch","fetch(`/api/irn${qs}`, { credentials: ""include"" })"
"client/src/pages/irn/IrnRaisePage.tsx","client/src/pages/irn/IrnRaisePage.tsx:198","useQuery","useQuery<InternalRequisitionWithItems>({ queryKey: [""/api/irn"", editId], queryFn: async () => { const res = await fetch(`/api/irn/${editId}`, { credentials: ""include"" }); if (!res.ok) throw new Error(""IRN not found""); return res.json(); }, enabled: !!editId, })"
"client/src/pages/irn/IrnRaisePage.tsx","client/src/pages/irn/IrnRaisePage.tsx:201","fetch","fetch(`/api/irn/${editId}`, { credentials: ""include"" })"
"client/src/pages/irn/IrnRaisePage.tsx","client/src/pages/irn/IrnRaisePage.tsx:248","useQuery","useQuery<{ id: number; name: string; isActive?: boolean }[]>({ queryKey: [""/api/sites""], queryFn: async () => { const res = await fetch(""/api/sites""); if (!res.ok) return []; return res.json(); }, })"
"client/src/pages/irn/IrnRaisePage.tsx","client/src/pages/irn/IrnRaisePage.tsx:251","fetch","fetch(""/api/sites"")"
"client/src/pages/irn/IrnRaisePage.tsx","client/src/pages/irn/IrnRaisePage.tsx:262","useQuery","useQuery<{ id: number; name: string; siteId: number | null }>({ queryKey: [""/api/boq/projects"", prefillBoqProjectId], queryFn: async () => { const res = await fetch(`/api/boq/projects/${prefillBoqProjectId}`, { credentials: ""include"" }); if (!res.ok) throw new Error(""Project not found""); return res.json(); }, enabled: !!prefillBoqProjectId, })"
"client/src/pages/irn/IrnRaisePage.tsx","client/src/pages/irn/IrnRaisePage.tsx:265","fetch","fetch(`/api/boq/projects/${prefillBoqProjectId}`, { credentials: ""include"" })"
"client/src/pages/irn/IrnRaisePage.tsx","client/src/pages/irn/IrnRaisePage.tsx:281","useQuery","useQuery<PlantMat[]>({ queryKey: [""/api/plant-module/materials""], queryFn: async () => { const res = await fetch(""/api/plant-module/materials"", { credentials: ""include"" }); if (!res.ok) return []; return res.json(); }, })"
"client/src/pages/irn/IrnRaisePage.tsx","client/src/pages/irn/IrnRaisePage.tsx:284","fetch","fetch(""/api/plant-module/materials"", { credentials: ""include"" })"
"client/src/pages/irn/IrnRaisePage.tsx","client/src/pages/irn/IrnRaisePage.tsx:295","useMutation","useMutation({ mutationFn: async (data: FormValues) => { const body = { date: editIrn?.date ?? today, raisedFrom: data.raisedFrom, siteId: data.siteId ?? null, raisedBy: data.raisedBy || user?.fullName || user?.email || ""Unknown"", raisedByUserId: editIrn?.raisedByUserId ?? user?.id, ...(prefillRequirementId ? { requirementId: prefillRequirementId } : {}), ...(prefillAllocationId ? { allocationId: prefillAllocationId } : {}), remarks: data.remarks, items: data.items.map((item) => ({ ...item, qty: Number(item.qty), })), }; if (editId) { const res = await apiRequest(""PATCH"", `/api/irn/${editId}`, body); return res.json() as Promise<InternalRequisitionWithItems>; } const res = await apiRequest(""POST"", ""/api/irn"", body); return res.json() as Promise<InternalRequisitionWithItems>; }, onSuccess: (irn) => { queryClient.invalidateQueries({ queryKey: [""/api/irn""] }); queryClient.invalidateQueries({ queryKey: [""/api/irn"", editId ?? irn.id] }); if (editId) { toast({ title: ""IRN updated"", description: `${irn.irnNo} has been updated` }); navigate(returnTo || `/irn/${editId}`); } else { toast({ title: ""IRN raised"", description: `${irn.irnNo} submitted to stores` }); navigate(returnTo || `/irn/${irn.id}`); } }, onError: (err: any) => { toast({ title: editId ? ""Failed to update IRN"" : ""Failed to raise IRN"", description: err.message, variant: ""destructive"" }); }, })"
"client/src/pages/irn/IrnRaisePage.tsx","client/src/pages/irn/IrnRaisePage.tsx:312","apiRequest","apiRequest(""PATCH"", `/api/irn/${editId}`, body)"
"client/src/pages/irn/IrnRaisePage.tsx","client/src/pages/irn/IrnRaisePage.tsx:315","apiRequest","apiRequest(""POST"", ""/api/irn"", body)"