operation,source,permissionKeys,permissionEvidence,frontendCallers,backendChecks,middleware,registrationContext,scopeNotes
"POST /api/auth/login","server/auth-routes.ts:156","","","client/src/pages/Login.tsx:117","isBootstrapUser && user.isAdmin","","Own auth-route middleware; registered before global /api guard","Account/self-service/system constraints remain separate"
"GET /api/auth/me","server/auth-routes.ts:291","","","client/src/lib/auth-context.tsx:96 | client/src/pages/Account.tsx:193 | client/src/pages/Account.tsx:195 | client/src/pages/NotificationPreferences.tsx:34 | client/src/pages/ScopeSetup.tsx:69","See handler and middleware; no recognized local assert/can guard","","Own auth-route middleware; registered before global /api guard","Account/self-service/system constraints remain separate"
"GET /api/auth/session","server/auth-routes.ts:292","","","No direct literal caller identified; inspect dynamic/shared/service caller","See handler and middleware; no recognized local assert/can guard","","Own auth-route middleware; registered before global /api guard","Account/self-service/system constraints remain separate"
"PATCH /api/auth/me","server/auth-routes.ts:295","","","client/src/lib/auth-context.tsx:96 | client/src/pages/Account.tsx:193 | client/src/pages/Account.tsx:195 | client/src/pages/NotificationPreferences.tsx:34 | client/src/pages/ScopeSetup.tsx:69","See handler and middleware; no recognized local assert/can guard","requireAuth","Own auth-route middleware; registered before global /api guard","Account/self-service/system constraints remain separate"
"PUT /api/auth/me/notify-preferences","server/auth-routes.ts:312","","","client/src/pages/NotificationPreferences.tsx:34 | client/src/pages/NotificationPreferences.tsx:36","See handler and middleware; no recognized local assert/can guard","requireAuth","Own auth-route middleware; registered before global /api guard","Account/self-service/system constraints remain separate"
"POST /api/auth/logout","server/auth-routes.ts:334","","","client/src/lib/auth-context.tsx:195","See handler and middleware; no recognized local assert/can guard","","Own auth-route middleware; registered before global /api guard","Account/self-service/system constraints remain separate"
"GET /api/auth/device-status","server/auth-routes.ts:351","","","No direct literal caller identified; inspect dynamic/shared/service caller","See handler and middleware; no recognized local assert/can guard","","Own auth-route middleware; registered before global /api guard","Account/self-service/system constraints remain separate"
"POST /api/auth/claim-device","server/auth-routes.ts:374","","","client/src/pages/Login.tsx:82","See handler and middleware; no recognized local assert/can guard","","Own auth-route middleware; registered before global /api guard","Account/self-service/system constraints remain separate"
"GET /api/auth/users","server/auth-routes.ts:438","","user_management.view via requireUserMgmt @ server/auth-routes.ts:438","client/src/pages/UserManagement.tsx:133 | client/src/pages/UserManagement.tsx:289 | client/src/pages/UserManagement.tsx:462 | client/src/pages/UserManagement.tsx:464 | client/src/pages/UserManagement.tsx:733 | client/src/pages/UserManagement.tsx:863 | client/src/pages/UserManagement.tsx:912 | client/src/pages/UserManagement.tsx:930 | client/src/pages/UserManagement.tsx:1315 | client/src/pages/UserManagement.tsx:1327","requireUserMgmt(""view"")","requireAuth / requireUserMgmt(""view"")","Own auth-route middleware; registered before global /api guard","Account/self-service/system constraints remain separate"
"GET /api/auth/users/basic","server/auth-routes.ts:446","","","No direct literal caller identified; inspect dynamic/shared/service caller","See handler and middleware; no recognized local assert/can guard","requireAuth","Own auth-route middleware; registered before global /api guard","Account/self-service/system constraints remain separate"
"POST /api/auth/users","server/auth-routes.ts:568","","user_management.create via requireUserMgmt @ server/auth-routes.ts:568","client/src/pages/UserManagement.tsx:133 | client/src/pages/UserManagement.tsx:289 | client/src/pages/UserManagement.tsx:462 | client/src/pages/UserManagement.tsx:464 | client/src/pages/UserManagement.tsx:733 | client/src/pages/UserManagement.tsx:863 | client/src/pages/UserManagement.tsx:912 | client/src/pages/UserManagement.tsx:930 | client/src/pages/UserManagement.tsx:1315 | client/src/pages/UserManagement.tsx:1327","requireUserMgmt(""create"") / input.isAdmin && !req.authUser!.isAdmin / !u.isAdmin","requireAuth / requireUserMgmt(""create"")","Own auth-route middleware; registered before global /api guard","Account/self-service/system constraints remain separate"
"POST /api/auth/users/:id/complete-setup","server/auth-routes.ts:613","","user_management.create via requireUserMgmt @ server/auth-routes.ts:613","client/src/pages/UserManagement.tsx:483 | client/src/pages/UserManagement.tsx:485","requireUserMgmt(""create"") / !req.authUser!.isAdmin && (u.isAdmin || u.isOwner)","requireAuth / requireUserMgmt(""create"")","Own auth-route middleware; registered before global /api guard","Account/self-service/system constraints remain separate"
"PATCH /api/auth/users/:id","server/auth-routes.ts:637","","user_management.edit via requireUserMgmt @ server/auth-routes.ts:637","client/src/pages/UserManagement.tsx:145 | client/src/pages/UserManagement.tsx:289 | client/src/pages/UserManagement.tsx:291 | client/src/pages/UserManagement.tsx:733 | client/src/pages/UserManagement.tsx:735","requireUserMgmt(""edit"") / !actor.isAdmin / current.isAdmin || current.isOwner / input.isAdmin !== undefined || input.canManagePermissions !== undefined || input.permissionManagerScope !== undefined / input.isAdmin === false || input.isActive === false / current.isAdmin","requireAuth / requireUserMgmt(""edit"")","Own auth-route middleware; registered before global /api guard","Account/self-service/system constraints remain separate"
"POST /api/auth/users/:id/password","server/auth-routes.ts:709","","user_management.edit via requireUserMgmt @ server/auth-routes.ts:709","client/src/pages/UserManagement.tsx:1416 | client/src/pages/UserManagement.tsx:1418","requireUserMgmt(""edit"")","requireAuth / requireUserMgmt(""edit"")","Own auth-route middleware; registered before global /api guard","Account/self-service/system constraints remain separate"
"GET /api/auth/users/:id/permissions","server/auth-routes.ts:724","","user_management.view via requireUserMgmt @ server/auth-routes.ts:724","client/src/pages/UserManagement.tsx:912 | client/src/pages/UserManagement.tsx:915","requireUserMgmt(""view"")","requireAuth / requireUserMgmt(""view"")","Own auth-route middleware; registered before global /api guard","Account/self-service/system constraints remain separate"
"PUT /api/auth/users/:id/permissions","server/auth-routes.ts:732","","user_management.edit via requireUserMgmt @ server/auth-routes.ts:732","client/src/pages/UserManagement.tsx:912 | client/src/pages/UserManagement.tsx:915","requireUserMgmt(""edit"") / !actor.isAdmin && u.isAdmin","requireAuth / requireUserMgmt(""edit"")","Own auth-route middleware; registered before global /api guard","Account/self-service/system constraints remain separate"
"GET /api/auth/users/:id/site-access","server/auth-routes.ts:778","","user_management.view via requireUserMgmt @ server/auth-routes.ts:778","client/src/pages/UserManagement.tsx:1327 | client/src/pages/UserManagement.tsx:1332","requireUserMgmt(""view"")","requireAuth / requireUserMgmt(""view"")","Own auth-route middleware; registered before global /api guard","Keep route-specific site/project/record scope and business checks; section grant alone is not enough"
"PUT /api/auth/users/:id/site-access","server/auth-routes.ts:795","","user_management.edit via requireUserMgmt @ server/auth-routes.ts:795","client/src/pages/UserManagement.tsx:1327 | client/src/pages/UserManagement.tsx:1332","requireUserMgmt(""edit"") / !req.authUser!.isAdmin && (u.isAdmin || u.isOwner)","requireAuth / requireUserMgmt(""edit"")","Own auth-route middleware; registered before global /api guard","Keep route-specific site/project/record scope and business checks; section grant alone is not enough"
"GET /api/auth/users/site-access-audit","server/auth-routes.ts:835","","user_management.view via requireUserMgmt @ server/auth-routes.ts:835","client/src/pages/UserManagement.tsx:145","requireUserMgmt(""view"") / u.isAdmin || u.isOwner","requireAuth / requireUserMgmt(""view"")","Own auth-route middleware; registered before global /api guard","Keep route-specific site/project/record scope and business checks; section grant alone is not enough"
"POST /api/auth/users/:id/copy-permissions","server/auth-routes.ts:862","","user_management.edit via requireUserMgmt @ server/auth-routes.ts:862","client/src/pages/UserManagement.tsx:930 | client/src/pages/UserManagement.tsx:933","requireUserMgmt(""edit"")","requireAuth / requireUserMgmt(""edit"")","Own auth-route middleware; registered before global /api guard","Account/self-service/system constraints remain separate"
"GET /api/auth/devices","server/auth-routes.ts:880","","device_approval.view via requireDeviceMgmt @ server/auth-routes.ts:880","client/src/pages/DeviceApproval.tsx:39 | client/src/pages/DeviceApproval.tsx:42 | client/src/pages/DeviceApproval.tsx:49 | client/src/pages/DeviceApproval.tsx:62","requireDeviceMgmt(""view"")","requireAuth / requireDeviceMgmt(""view"")","Own auth-route middleware; registered before global /api guard","Account/self-service/system constraints remain separate"
"POST /api/auth/devices/:id/approve","server/auth-routes.ts:903","","device_approval.edit via requireDeviceMgmt @ server/auth-routes.ts:903","client/src/pages/DeviceApproval.tsx:49 | client/src/pages/DeviceApproval.tsx:51","requireDeviceMgmt(""edit"")","requireAuth / requireDeviceMgmt(""edit"")","Own auth-route middleware; registered before global /api guard","Account/self-service/system constraints remain separate"
"POST /api/auth/devices/:id/revoke","server/auth-routes.ts:916","","device_approval.edit via requireDeviceMgmt @ server/auth-routes.ts:916","client/src/pages/DeviceApproval.tsx:62 | client/src/pages/DeviceApproval.tsx:64","requireDeviceMgmt(""edit"")","requireAuth / requireDeviceMgmt(""edit"")","Own auth-route middleware; registered before global /api guard","Account/self-service/system constraints remain separate"
"GET /api/admin/management-report/accessible-sites","server/management-report.ts:101","reports; report_management; admin_settings","admin_settings.view via direct matrix read @ server/management-report.ts:108 | report_management.view via direct matrix read @ server/management-report.ts:108 | reports.view via direct matrix read @ server/management-report.ts:108","client/src/pages/ManagementReport.tsx:151","!req.authUser / !isAdmin","...mgmtAuth","Own authentication and report guard; registered before global /api guard","Keep route-specific site/project/record scope and business checks; section grant alone is not enough"
"GET /api/admin/management-report/materials","server/management-report.ts:136","","admin_settings.view via assertViewReportOrAdmin -> server/management-report.ts:35 @ server/management-report.ts:138 | report_management.view via assertViewReportOrAdmin -> server/management-report.ts:35 @ server/management-report.ts:138 | reports.view via assertViewReportOrAdmin -> server/management-report.ts:35 @ server/management-report.ts:138","client/src/pages/ManagementReport.tsx:163","assertViewReportOrAdmin(req, res)","...mgmtAuth","Own authentication and report guard; registered before global /api guard","Keep route-specific site/project/record scope and business checks; section grant alone is not enough"
"GET /api/admin/management-report/production","server/management-report.ts:269","","admin_settings.view via assertViewReportOrAdmin -> server/management-report.ts:35 @ server/management-report.ts:271 | report_management.view via assertViewReportOrAdmin -> server/management-report.ts:35 @ server/management-report.ts:271 | reports.view via assertViewReportOrAdmin -> server/management-report.ts:35 @ server/management-report.ts:271","client/src/pages/ManagementReport.tsx:167","assertViewReportOrAdmin(req, res)","...mgmtAuth","Own authentication and report guard; registered before global /api guard","Account/self-service/system constraints remain separate"
"GET /api/admin/management-report/fuel","server/management-report.ts:341","","admin_settings.view via assertViewReportOrAdmin -> server/management-report.ts:35 @ server/management-report.ts:343 | report_management.view via assertViewReportOrAdmin -> server/management-report.ts:35 @ server/management-report.ts:343 | reports.view via assertViewReportOrAdmin -> server/management-report.ts:35 @ server/management-report.ts:343","client/src/pages/ManagementReport.tsx:171","assertViewReportOrAdmin(req, res)","...mgmtAuth","Own authentication and report guard; registered before global /api guard","Account/self-service/system constraints remain separate"
"GET /api/admin/management-report/labour","server/management-report.ts:451","","admin_settings.view via assertViewReportOrAdmin -> server/management-report.ts:35 @ server/management-report.ts:453 | report_management.view via assertViewReportOrAdmin -> server/management-report.ts:35 @ server/management-report.ts:453 | reports.view via assertViewReportOrAdmin -> server/management-report.ts:35 @ server/management-report.ts:453","client/src/pages/ManagementReport.tsx:175","assertViewReportOrAdmin(req, res)","...mgmtAuth","Own authentication and report guard; registered before global /api guard","Account/self-service/system constraints remain separate"
"GET /api/admin/management-report/financials","server/management-report.ts:496","","admin_settings.view via assertViewReportOrAdmin -> server/management-report.ts:35 @ server/management-report.ts:498 | report_management.view via assertViewReportOrAdmin -> server/management-report.ts:35 @ server/management-report.ts:498 | reports.view via assertViewReportOrAdmin -> server/management-report.ts:35 @ server/management-report.ts:498","client/src/pages/ManagementReport.tsx:179","assertViewReportOrAdmin(req, res)","...mgmtAuth","Own authentication and report guard; registered before global /api guard","Account/self-service/system constraints remain separate"
"POST /api/uploads/request-url","server/replit_integrations/object_storage/routes.ts:38","","","client/src/hooks/use-upload.ts:65 | client/src/hooks/use-upload.ts:165","See handler and middleware; no recognized local assert/can guard","","Mounted requireAuth before object router; parent-record check separate","Account/self-service/system constraints remain separate"
"GET /objects/:objectPath(*)","server/replit_integrations/object_storage/routes.ts:73","","","No direct literal caller identified; inspect dynamic/shared/service caller","See handler and middleware; no recognized local assert/can guard","","Mounted requireAuth before object router; parent-record check separate","Account/self-service/system constraints remain separate"
"GET /api/config","server/routes.ts:286","","","client/src/lib/featureFlags.ts:17 | client/src/pages/AdminSettings.tsx:54 | client/src/pages/AdminSettings.tsx:131","See handler and middleware; no recognized local assert/can guard","","See /api requireAuth, public/optional estimator exceptions, and local guards","Account/self-service/system constraints remain separate"
"GET /api/admin/branding","server/routes.ts:295","","","client/src/pages/AdminSettings.tsx:39 | client/src/pages/AdminSettings.tsx:131 | client/src/pages/AdminSettings.tsx:133","See handler and middleware; no recognized local assert/can guard","requireAuth","See /api requireAuth, public/optional estimator exceptions, and local guards","Account/self-service/system constraints remain separate"
"GET /api/admin/licensed-modules","server/routes.ts:305","","","client/src/pages/AdminSettings.tsx:45 | client/src/pages/AdminSettings.tsx:54 | client/src/pages/AdminSettings.tsx:56","See handler and middleware; no recognized local assert/can guard","requireAuth","See /api requireAuth, public/optional estimator exceptions, and local guards","Account/self-service/system constraints remain separate"
"POST /api/admin/licensed-modules","server/routes.ts:315","","","client/src/pages/AdminSettings.tsx:45 | client/src/pages/AdminSettings.tsx:54 | client/src/pages/AdminSettings.tsx:56","assertAdmin(req, res)","requireAuth","See /api requireAuth, public/optional estimator exceptions, and local guards","Account/self-service/system constraints remain separate"
"POST /api/admin/branding","server/routes.ts:332","","","client/src/pages/AdminSettings.tsx:39 | client/src/pages/AdminSettings.tsx:131 | client/src/pages/AdminSettings.tsx:133","assertAdmin(req, res)","requireAuth","See /api requireAuth, public/optional estimator exceptions, and local guards","Account/self-service/system constraints remain separate"
"POST /api/estimator/session","server/routes.ts:386","","","client/src/lib/estimatorAuth.ts:29 | client/src/pages/EstimatorLogin.tsx:31","See handler and middleware; no recognized local assert/can guard","","See /api requireAuth, public/optional estimator exceptions, and local guards","Account/self-service/system constraints remain separate"
"GET /api/estimator/session","server/routes.ts:409","","","client/src/lib/estimatorAuth.ts:29 | client/src/pages/EstimatorLogin.tsx:31","See handler and middleware; no recognized local assert/can guard","","See /api requireAuth, public/optional estimator exceptions, and local guards","Account/self-service/system constraints remain separate"
"DELETE /api/estimator/session","server/routes.ts:416","","","client/src/lib/estimatorAuth.ts:29 | client/src/pages/EstimatorLogin.tsx:31","See handler and middleware; no recognized local assert/can guard","","See /api requireAuth, public/optional estimator exceptions, and local guards","Account/self-service/system constraints remain separate"
"GET /mix-calculator/login","server/routes.ts:422","","","No direct literal caller identified; inspect dynamic/shared/service caller","See handler and middleware; no recognized local assert/can guard","","See /api requireAuth, public/optional estimator exceptions, and local guards","Account/self-service/system constraints remain separate"
"GET /mix-calculator","server/routes.ts:427","mix_calculator","","No direct literal caller identified; inspect dynamic/shared/service caller","See handler and middleware; no recognized local assert/can guard","","See /api requireAuth, public/optional estimator exceptions, and local guards","Account/self-service/system constraints remain separate"
"GET /api/dprs/labour-contractors","server/routes.ts:565","","site_dprs.view via direct matrix read @ server/routes.ts:569 | site_dprs.edit via direct matrix read @ server/routes.ts:569 | site_dprs.create via direct matrix read @ server/routes.ts:569","client/src/components/LabourEntryFields.tsx:25 | client/src/components/LabourEntryFields.tsx:29","!req.authUser / !req.authUser.isAdmin && !req.authUser.isOwner && ![""view"", ""create"", ""edit""].some(action => (req.authPermissions?.site_dprs as any)?.[action]) / assertTripSiteAccess(req, res, site)","","See /api requireAuth, public/optional estimator exceptions, and local guards","Keep route-specific site/project/record scope and business checks; section grant alone is not enough"
"GET /api/dprs/with-details","server/routes.ts:596","","","client/src/pages/AdminReports.tsx:82 | client/src/pages/EquipmentHub.tsx:47 | client/src/pages/EquipmentHub.tsx:50 | client/src/pages/FieldHome.tsx:837 | client/src/pages/FieldHome.tsx:840 | client/src/pages/GuidedDpr.tsx:984 | client/src/pages/GuidedDpr.tsx:987 | client/src/pages/Home.tsx:110 | client/src/pages/Home.tsx:112 | client/src/pages/SiteDashboard.tsx:181 | client/src/pages/SiteEntry.tsx:670 | client/src/pages/SiteEntry.tsx:673 | client/src/pages/SiteEntry.tsx:1478 | client/src/pages/SiteEntry.tsx:1481 | client/src/pages/SiteHome.tsx:48 | client/src/pages/SiteHome.tsx:51 | client/src/pages/SiteHub.tsx:47 | client/src/pages/SiteHub.tsx:50 | client/src/pages/WorkDemand.tsx:2702 | client/src/pages/WorkDemand.tsx:2705","See handler and middleware; no recognized local assert/can guard","","See /api requireAuth, public/optional estimator exceptions, and local guards","Keep route-specific site/project/record scope and business checks; section grant alone is not enough"
"GET /api/dprs/material-summary","server/routes.ts:685","","","No direct literal caller identified; inspect dynamic/shared/service caller","See handler and middleware; no recognized local assert/can guard","","See /api requireAuth, public/optional estimator exceptions, and local guards","Keep route-specific site/project/record scope and business checks; section grant alone is not enough"
"GET /api/materials/suppliers","server/routes.ts:710","","","client/src/pages/SiteDashboard.tsx:319 | client/src/pages/SiteMaterialsReceived.tsx:154","See handler and middleware; no recognized local assert/can guard","","See /api requireAuth, public/optional estimator exceptions, and local guards","Keep route-specific site/project/record scope and business checks; section grant alone is not enough"
"GET /api/site-material-trips/suggestions","server/routes.ts:722","site_materials","site_materials.view via assertSiteMaterialSuggestionsAccess -> server/routes.ts:532 @ server/routes.ts:724 | site_materials.edit via direct matrix read @ server/routes.ts:739 | site_materials.edit via assertSiteMaterialSuggestionsAccess -> server/routes.ts:532 @ server/routes.ts:724 | site_materials.create via assertSiteMaterialSuggestionsAccess -> server/routes.ts:532 @ server/routes.ts:724","No direct literal caller identified; inspect dynamic/shared/service caller","assertSiteMaterialSuggestionsAccess(req, res) / assertTripSiteAccess(req, res, site)","","See /api requireAuth, public/optional estimator exceptions, and local guards","Keep route-specific site/project/record scope and business checks; section grant alone is not enough"
"PATCH /api/site-material-trips/vehicle-supplier","server/routes.ts:755","site_materials","site_materials.edit via assertEdit @ server/routes.ts:757","client/src/components/VehicleSupplierAssociationNotice.tsx:113 | client/src/components/VehicleSupplierAssociationNotice.tsx:121","assertEdit(req, res, ""site_materials"") / assertTripSiteAccess(req, res, site)","","See /api requireAuth, public/optional estimator exceptions, and local guards","Keep route-specific site/project/record scope and business checks; section grant alone is not enough"
"GET /api/materials-received","server/routes.ts:802","","","client/src/components/ActivityReceiptStrip.tsx:671 | client/src/components/ActivityReceiptStrip.tsx:693 | client/src/components/ActivityReceiptStrip.tsx:828 | client/src/components/BulkTripArrangement.tsx:38 | client/src/components/TripRoleEditDialog.tsx:48 | client/src/hooks/use-dpr-material-receipts.ts:11 | client/src/pages/SiteMaterialTrips.tsx:292 | client/src/pages/SiteMaterialsReceived.tsx:169 | client/src/pages/SiteMaterialsReceived.tsx:183","See handler and middleware; no recognized local assert/can guard","","See /api requireAuth, public/optional estimator exceptions, and local guards","Keep route-specific site/project/record scope and business checks; section grant alone is not enough"
"GET /api/site-material-trips","server/routes.ts:822","","","client/src/components/ActivityReceiptStrip.tsx:165 | client/src/components/ActivityReceiptStrip.tsx:168 | client/src/components/ActivityReceiptStrip.tsx:346 | client/src/components/ActivityReceiptStrip.tsx:349 | client/src/components/ActivityReceiptStrip.tsx:671 | client/src/components/ActivityReceiptStrip.tsx:693 | client/src/components/ActivityReceiptStrip.tsx:828 | client/src/components/ActivityReceiptStrip.tsx:832 | client/src/components/BulkTripArrangement.tsx:38 | client/src/components/DprDayTripsPanel.tsx:18 | client/src/components/DprDayTripsPanel.tsx:21 | client/src/components/TripRoleEditDialog.tsx:48 | client/src/components/VehicleSupplierAssociationNotice.tsx:113 | client/src/pages/FieldHome.tsx:878 | client/src/pages/FieldHome.tsx:881 | client/src/pages/PurchaseIndents.tsx:1237 | client/src/pages/PurchaseIndents.tsx:1239 | client/src/pages/SiteMaterialTrips.tsx:292 | client/src/pages/SiteMaterialTrips.tsx:311 | client/src/pages/SiteMaterialTrips.tsx:393 | client/src/pages/SiteMaterialTrips.tsx:407 | client/src/pages/SiteMaterialsReceived.tsx:169 | client/src/pages/SiteMaterialsReceived.tsx:183","See handler and middleware; no recognized local assert/can guard","","See /api requireAuth, public/optional estimator exceptions, and local guards","Keep route-specific site/project/record scope and business checks; section grant alone is not enough"
"POST /api/site-material-trips/material-source/bulk","server/routes.ts:850","site_materials","site_materials.edit via assertEdit @ server/routes.ts:852","client/src/pages/SiteMaterialTrips.tsx:407 | client/src/pages/SiteMaterialTrips.tsx:423","assertEdit(req, res, ""site_materials"") / assertTripSiteAccess(req, res, input.site)","","See /api requireAuth, public/optional estimator exceptions, and local guards","Keep route-specific site/project/record scope and business checks; section grant alone is not enough"
"GET /api/site-material-trips/vendor-options","server/routes.ts:897","site_materials","site_materials.edit via assertEdit @ server/routes.ts:899","client/src/pages/SiteMaterialTrips.tsx:123","assertEdit(req, res, ""site_materials"") / assertTripSiteAccess(req, res, site)","","See /api requireAuth, public/optional estimator exceptions, and local guards","Keep route-specific site/project/record scope and business checks; section grant alone is not enough"
"GET /api/site-material-trips/arrangement-options","server/routes.ts:908","site_materials","site_materials.edit via assertEdit @ server/routes.ts:910","client/src/components/BulkTripArrangement.tsx:19 | client/src/components/BulkTripArrangement.tsx:22 | client/src/components/ReceiptWorkContext.tsx:102 | client/src/components/ReceiptWorkContext.tsx:106","assertEdit(req, res, ""site_materials"") / assertTripSiteAccess(req, res, site)","","See /api requireAuth, public/optional estimator exceptions, and local guards","Keep route-specific site/project/record scope and business checks; section grant alone is not enough"
"GET /api/procurement/applicable-pi","server/routes.ts:942","","","client/src/components/ActivityReceiptStrip.tsx:297 | client/src/components/ActivityReceiptStrip.tsx:300","See handler and middleware; no recognized local assert/can guard","requireAuth","See /api requireAuth, public/optional estimator exceptions, and local guards","Account/self-service/system constraints remain separate"
"POST /api/site-material-trips","server/routes.ts:1043","site_materials","site_materials.create via assertCreate @ server/routes.ts:1045 | site_materials.notify via sendPushToSection @ server/routes.ts:1067","client/src/components/ActivityReceiptStrip.tsx:165 | client/src/components/ActivityReceiptStrip.tsx:168 | client/src/components/ActivityReceiptStrip.tsx:346 | client/src/components/ActivityReceiptStrip.tsx:349 | client/src/components/ActivityReceiptStrip.tsx:671 | client/src/components/ActivityReceiptStrip.tsx:693 | client/src/components/ActivityReceiptStrip.tsx:828 | client/src/components/ActivityReceiptStrip.tsx:832 | client/src/components/BulkTripArrangement.tsx:38 | client/src/components/DprDayTripsPanel.tsx:18 | client/src/components/DprDayTripsPanel.tsx:21 | client/src/components/TripRoleEditDialog.tsx:48 | client/src/components/VehicleSupplierAssociationNotice.tsx:113 | client/src/pages/FieldHome.tsx:878 | client/src/pages/FieldHome.tsx:881 | client/src/pages/PurchaseIndents.tsx:1237 | client/src/pages/PurchaseIndents.tsx:1239 | client/src/pages/SiteMaterialTrips.tsx:292 | client/src/pages/SiteMaterialTrips.tsx:311 | client/src/pages/SiteMaterialTrips.tsx:393 | client/src/pages/SiteMaterialTrips.tsx:407 | client/src/pages/SiteMaterialsReceived.tsx:169 | client/src/pages/SiteMaterialsReceived.tsx:183","assertCreate(req, res, ""site_materials"") / assertTripSiteAccess(req, res, input.site)","","See /api requireAuth, public/optional estimator exceptions, and local guards","Keep route-specific site/project/record scope and business checks; section grant alone is not enough"
"PATCH /api/site-material-trips/:id","server/routes.ts:1076","site_materials","site_materials.edit via assertEdit @ server/routes.ts:1078 | site_materials.notify via sendPushToSection @ server/routes.ts:1123","client/src/components/ActivityReceiptStrip.tsx:671 | client/src/components/ActivityReceiptStrip.tsx:673 | client/src/components/ActivityReceiptStrip.tsx:693 | client/src/components/ActivityReceiptStrip.tsx:696 | client/src/components/BulkTripArrangement.tsx:19 | client/src/components/BulkTripArrangement.tsx:22 | client/src/components/ReceiptWorkContext.tsx:102 | client/src/components/ReceiptWorkContext.tsx:106 | client/src/components/TripRoleEditDialog.tsx:48 | client/src/components/TripRoleEditDialog.tsx:66 | client/src/components/VehicleSupplierAssociationNotice.tsx:113 | client/src/components/VehicleSupplierAssociationNotice.tsx:121 | client/src/pages/SiteMaterialTrips.tsx:123 | client/src/pages/SiteMaterialTrips.tsx:393 | client/src/pages/SiteMaterialTrips.tsx:395 | client/src/pages/SiteMaterialsReceived.tsx:169 | client/src/pages/SiteMaterialsReceived.tsx:170 | client/src/pages/SiteMaterialsReceived.tsx:183 | client/src/pages/SiteMaterialsReceived.tsx:185","assertEdit(req, res, ""site_materials"") / assertTripSiteAccess(req, res, existing.site) / assertTripSiteAccess(req, res, input.site)","","See /api requireAuth, public/optional estimator exceptions, and local guards","Keep route-specific site/project/record scope and business checks; section grant alone is not enough"
"DELETE /api/site-material-trips/:id","server/routes.ts:1132","","","client/src/components/ActivityReceiptStrip.tsx:671 | client/src/components/ActivityReceiptStrip.tsx:673 | client/src/components/ActivityReceiptStrip.tsx:693 | client/src/components/ActivityReceiptStrip.tsx:696 | client/src/components/BulkTripArrangement.tsx:19 | client/src/components/BulkTripArrangement.tsx:22 | client/src/components/ReceiptWorkContext.tsx:102 | client/src/components/ReceiptWorkContext.tsx:106 | client/src/components/TripRoleEditDialog.tsx:48 | client/src/components/TripRoleEditDialog.tsx:66 | client/src/components/VehicleSupplierAssociationNotice.tsx:113 | client/src/components/VehicleSupplierAssociationNotice.tsx:121 | client/src/pages/SiteMaterialTrips.tsx:123 | client/src/pages/SiteMaterialTrips.tsx:393 | client/src/pages/SiteMaterialTrips.tsx:395 | client/src/pages/SiteMaterialsReceived.tsx:169 | client/src/pages/SiteMaterialsReceived.tsx:170 | client/src/pages/SiteMaterialsReceived.tsx:183 | client/src/pages/SiteMaterialsReceived.tsx:185","assertAdmin(req, res)","","See /api requireAuth, public/optional estimator exceptions, and local guards","Keep route-specific site/project/record scope and business checks; section grant alone is not enough"
"POST /api/site-material-trips/:id/cancel","server/routes.ts:1153","site_materials","site_materials.delete via assertDeleteOrCancel @ server/routes.ts:1155","No direct literal caller identified; inspect dynamic/shared/service caller","assertDeleteOrCancel(req, res, ""site_materials"")","","See /api requireAuth, public/optional estimator exceptions, and local guards","Keep route-specific site/project/record scope and business checks; section grant alone is not enough"
"GET /api/site-material-stock","server/routes.ts:1180","","","client/src/pages/FieldHome.tsx:886 | client/src/pages/SiteMaterialStock.tsx:37","See handler and middleware; no recognized local assert/can guard","","See /api requireAuth, public/optional estimator exceptions, and local guards","Keep route-specific site/project/record scope and business checks; section grant alone is not enough"
"GET /api/sites","server/routes.ts:1200","","","client/src/components/ActivityReceiptStrip.tsx:178 | client/src/components/DprForm.tsx:18 | client/src/components/DprPreviewDialog.tsx:85 | client/src/pages/BoqProjects.tsx:161 | client/src/pages/BoqProjects.tsx:241 | client/src/pages/DieselRequirements.tsx:587 | client/src/pages/DprDetails.tsx:73 | client/src/pages/DprSections.tsx:87 | client/src/pages/FieldHome.tsx:831 | client/src/pages/GuidedDpr.tsx:618 | client/src/pages/Home.tsx:84 | client/src/pages/PendingPlantReceipts.tsx:77 | client/src/pages/Plant.tsx:1539 | client/src/pages/Plant.tsx:2161 | client/src/pages/Plant.tsx:2174 | client/src/pages/Plant.tsx:2176 | client/src/pages/Plant.tsx:2198 | client/src/pages/Plant.tsx:2220 | client/src/pages/Plant.tsx:2239 | client/src/pages/PlantDispatches.tsx:251 | client/src/pages/PlantEquipmentUsage.tsx:312 | client/src/pages/PlantMaterialReturns.tsx:111 | client/src/pages/PurchaseIndents.tsx:991 | client/src/pages/PurchaseIndents.tsx:1123 | client/src/pages/SiteEdit.tsx:506 | client/src/pages/SiteEntry.tsx:479 | client/src/pages/SiteMaterialTrips.tsx:75 | client/src/pages/SiteMaterialsReceived.tsx:157 | client/src/pages/SiteReport.tsx:47 | client/src/pages/SiteRequirementNew.tsx:330 | client/src/pages/StoresDieselRegister.tsx:132 | client/src/pages/StoresGrn.tsx:276 | client/src/pages/StoresIssue.tsx:84 | client/src/pages/UserManagement.tsx:434 | client/src/pages/UserManagement.tsx:1314 | client/src/pages/VendorBills.tsx:758 | client/src/pages/WorkDemand.tsx:1820 | client/src/pages/WorkDemand.tsx:1823 | client/src/pages/irn/IrnDetailPage.tsx:109 | client/src/pages/irn/IrnDetailPage.tsx:112 | client/src/pages/irn/IrnRaisePage.tsx:248 | client/src/pages/irn/IrnRaisePage.tsx:251","req.authUser && !req.authUser.isAdmin","","See /api requireAuth, public/optional estimator exceptions, and local guards","Keep route-specific site/project/record scope and business checks; section grant alone is not enough"
"POST /api/sites","server/routes.ts:1219","admin_settings; sites_plants_manage","sites_plants_manage.create via assertCreateEither @ server/routes.ts:1221 | admin_settings.create via assertCreateEither @ server/routes.ts:1221","client/src/components/ActivityReceiptStrip.tsx:178 | client/src/components/DprForm.tsx:18 | client/src/components/DprPreviewDialog.tsx:85 | client/src/pages/BoqProjects.tsx:161 | client/src/pages/BoqProjects.tsx:241 | client/src/pages/DieselRequirements.tsx:587 | client/src/pages/DprDetails.tsx:73 | client/src/pages/DprSections.tsx:87 | client/src/pages/FieldHome.tsx:831 | client/src/pages/GuidedDpr.tsx:618 | client/src/pages/Home.tsx:84 | client/src/pages/PendingPlantReceipts.tsx:77 | client/src/pages/Plant.tsx:1539 | client/src/pages/Plant.tsx:2161 | client/src/pages/Plant.tsx:2174 | client/src/pages/Plant.tsx:2176 | client/src/pages/Plant.tsx:2198 | client/src/pages/Plant.tsx:2220 | client/src/pages/Plant.tsx:2239 | client/src/pages/PlantDispatches.tsx:251 | client/src/pages/PlantEquipmentUsage.tsx:312 | client/src/pages/PlantMaterialReturns.tsx:111 | client/src/pages/PurchaseIndents.tsx:991 | client/src/pages/PurchaseIndents.tsx:1123 | client/src/pages/SiteEdit.tsx:506 | client/src/pages/SiteEntry.tsx:479 | client/src/pages/SiteMaterialTrips.tsx:75 | client/src/pages/SiteMaterialsReceived.tsx:157 | client/src/pages/SiteReport.tsx:47 | client/src/pages/SiteRequirementNew.tsx:330 | client/src/pages/StoresDieselRegister.tsx:132 | client/src/pages/StoresGrn.tsx:276 | client/src/pages/StoresIssue.tsx:84 | client/src/pages/UserManagement.tsx:434 | client/src/pages/UserManagement.tsx:1314 | client/src/pages/VendorBills.tsx:758 | client/src/pages/WorkDemand.tsx:1820 | client/src/pages/WorkDemand.tsx:1823 | client/src/pages/irn/IrnDetailPage.tsx:109 | client/src/pages/irn/IrnDetailPage.tsx:112 | client/src/pages/irn/IrnRaisePage.tsx:248 | client/src/pages/irn/IrnRaisePage.tsx:251","assertCreateEither(req, res, ""sites_plants_manage"", ""admin_settings"")","","See /api requireAuth, public/optional estimator exceptions, and local guards","Keep route-specific site/project/record scope and business checks; section grant alone is not enough"
"PATCH /api/sites/:id","server/routes.ts:1233","admin_settings; sites_plants_manage","admin_settings.edit via assertEditEither @ server/routes.ts:1235 | sites_plants_manage.edit via assertEditEither @ server/routes.ts:1235","client/src/pages/Plant.tsx:2198 | client/src/pages/Plant.tsx:2200 | client/src/pages/Plant.tsx:2220 | client/src/pages/Plant.tsx:2222 | client/src/pages/Plant.tsx:2239 | client/src/pages/Plant.tsx:2241","assertEditEither(req, res, ""sites_plants_manage"", ""admin_settings"")","","See /api requireAuth, public/optional estimator exceptions, and local guards","Keep route-specific site/project/record scope and business checks; section grant alone is not enough"
"DELETE /api/sites/:id","server/routes.ts:1245","","","client/src/pages/Plant.tsx:2198 | client/src/pages/Plant.tsx:2200 | client/src/pages/Plant.tsx:2220 | client/src/pages/Plant.tsx:2222 | client/src/pages/Plant.tsx:2239 | client/src/pages/Plant.tsx:2241","assertAdmin(req, res)","","See /api requireAuth, public/optional estimator exceptions, and local guards","Keep route-specific site/project/record scope and business checks; section grant alone is not enough"
"POST /api/sites/seed","server/routes.ts:1257","admin_settings; sites_plants_manage","sites_plants_manage.create via assertCreateEither @ server/routes.ts:1259 | admin_settings.create via assertCreateEither @ server/routes.ts:1259","No direct literal caller identified; inspect dynamic/shared/service caller","assertCreateEither(req, res, ""sites_plants_manage"", ""admin_settings"")","","See /api requireAuth, public/optional estimator exceptions, and local guards","Keep route-specific site/project/record scope and business checks; section grant alone is not enough"
"POST /api/edit-requests","server/routes.ts:1279","","","client/src/hooks/useEditPermission.ts:44 | client/src/hooks/useEditPermission.ts:46","u.isAdmin || u.isOwner","requireAuth","See /api requireAuth, public/optional estimator exceptions, and local guards","Account/self-service/system constraints remain separate"
"GET /api/edit-requests/pending","server/routes.ts:1329","edit_requests_review","edit_requests_review.view via assertView @ server/routes.ts:1332","client/src/components/HubShell.tsx:77 | client/src/components/HubShell.tsx:80 | client/src/pages/EditRequestsPage.tsx:153 | client/src/pages/EditRequestsPage.tsx:156 | client/src/pages/EditRequestsPage.tsx:174 | client/src/pages/EditRequestsPage.tsx:188","assertView(req, res, ""edit_requests_review"")","requireAuth","See /api requireAuth, public/optional estimator exceptions, and local guards","Account/self-service/system constraints remain separate"
"GET /api/edit-requests/mine","server/routes.ts:1342","","","client/src/hooks/useEditPermission.ts:29 | client/src/hooks/useEditPermission.ts:32 | client/src/hooks/useEditPermission.ts:44 | client/src/hooks/useEditPermission.ts:60 | client/src/pages/EditRequestsPage.tsx:164 | client/src/pages/EditRequestsPage.tsx:167","See handler and middleware; no recognized local assert/can guard","requireAuth","See /api requireAuth, public/optional estimator exceptions, and local guards","Account/self-service/system constraints remain separate"
"GET /api/edit-requests/check","server/routes.ts:1353","","","client/src/hooks/useEditPermission.ts:17 | client/src/hooks/useEditPermission.ts:21 | client/src/hooks/useEditPermission.ts:44 | client/src/hooks/useEditPermission.ts:60","See handler and middleware; no recognized local assert/can guard","requireAuth","See /api requireAuth, public/optional estimator exceptions, and local guards","Account/self-service/system constraints remain separate"
"POST /api/edit-requests/:id/approve","server/routes.ts:1370","edit_requests_review","edit_requests_review.approve via assertApprove @ server/routes.ts:1373","client/src/pages/EditRequestsPage.tsx:174 | client/src/pages/EditRequestsPage.tsx:176","assertApprove(req, res, ""edit_requests_review"")","requireAuth","See /api requireAuth, public/optional estimator exceptions, and local guards","Account/self-service/system constraints remain separate"
"POST /api/edit-requests/:id/deny","server/routes.ts:1398","edit_requests_review","edit_requests_review.approve via assertApprove @ server/routes.ts:1401","client/src/pages/EditRequestsPage.tsx:188 | client/src/pages/EditRequestsPage.tsx:190","assertApprove(req, res, ""edit_requests_review"")","requireAuth","See /api requireAuth, public/optional estimator exceptions, and local guards","Account/self-service/system constraints remain separate"
"POST /api/edit-requests/:id/consume","server/routes.ts:1417","","","client/src/hooks/useEditPermission.ts:60 | client/src/hooks/useEditPermission.ts:62","reqRecord.requestedBy !== req.authUser!.id","requireAuth","See /api requireAuth, public/optional estimator exceptions, and local guards","Account/self-service/system constraints remain separate"
"GET /api/attachments","server/routes.ts:1434","","stores_inventory.view via assertDieselOrStoresView -> server/routes.ts:232 @ server/routes.ts:1441 | site_diesel.view via assertDieselOrStoresView -> server/routes.ts:232 @ server/routes.ts:1441 | diesel_req_raise.view via assertDieselOrStoresView -> server/routes.ts:232 @ server/routes.ts:1441 | site_diesel.edit via assertDieselOrStoresView -> server/routes.ts:232 @ server/routes.ts:1441 | diesel_req_raise.edit via assertDieselOrStoresView -> server/routes.ts:232 @ server/routes.ts:1441 | site_diesel.create via assertDieselOrStoresView -> server/routes.ts:232 @ server/routes.ts:1441 | diesel_req_raise.create via assertDieselOrStoresView -> server/routes.ts:232 @ server/routes.ts:1441","client/src/components/ActivityReceiptStrip.tsx:828 | client/src/components/ActivityReceiptStrip.tsx:864 | client/src/components/AttachmentGallery.tsx:34 | client/src/components/AttachmentGallery.tsx:41 | client/src/components/AttachmentGallery.tsx:110 | client/src/components/AttachmentUploader.tsx:86 | client/src/components/DprPhotoGroups.tsx:36 | client/src/components/DprPhotoGroups.tsx:40 | client/src/pages/DieselRequirements.tsx:376 | client/src/pages/DieselRequirements.tsx:380 | client/src/pages/GuidedDpr.tsx:585 | client/src/pages/GuidedDpr.tsx:588 | client/src/pages/GuidedDpr.tsx:1303 | client/src/pages/GuidedDpr.tsx:1506 | client/src/pages/PlantEquipmentUsage.tsx:356 | client/src/pages/PlantMaintenance.tsx:212 | client/src/pages/PlantMaintenance.tsx:227 | client/src/pages/PlantMaterialReceipts.tsx:103 | client/src/pages/PlantMaterialReceipts.tsx:557 | client/src/pages/PurchaseIndents.tsx:1417 | client/src/pages/PurchaseIndents.tsx:1440 | client/src/pages/PurchaseIndents.tsx:1444 | client/src/pages/SiteEdit.tsx:1084 | client/src/pages/SiteEdit.tsx:1087 | client/src/pages/SiteEdit.tsx:1133 | client/src/pages/SiteEntry.tsx:412 | client/src/pages/SiteEntry.tsx:1516 | client/src/pages/SiteEntry.tsx:1758 | client/src/pages/SiteMaterialTrips.tsx:236 | client/src/pages/SiteMaterialTrips.tsx:292 | client/src/pages/StoresDieselRegister.tsx:45 | client/src/pages/StoresDieselRegister.tsx:48 | client/src/pages/StoresGrn.tsx:110","assertDieselOrStoresView(req, res) / !req.authUser / assertMaintenanceRecordAccess(req, res, linkedRecordId, true)","","See /api requireAuth, public/optional estimator exceptions, and local guards","Account/self-service/system constraints remain separate"
"GET /api/attachments/counts","server/routes.ts:1453","","stores_inventory.view via assertDieselOrStoresView -> server/routes.ts:232 @ server/routes.ts:1469 | site_diesel.view via assertDieselOrStoresView -> server/routes.ts:232 @ server/routes.ts:1469 | diesel_req_raise.view via assertDieselOrStoresView -> server/routes.ts:232 @ server/routes.ts:1469 | site_diesel.edit via assertDieselOrStoresView -> server/routes.ts:232 @ server/routes.ts:1469 | diesel_req_raise.edit via assertDieselOrStoresView -> server/routes.ts:232 @ server/routes.ts:1469 | site_diesel.create via assertDieselOrStoresView -> server/routes.ts:232 @ server/routes.ts:1469 | diesel_req_raise.create via assertDieselOrStoresView -> server/routes.ts:232 @ server/routes.ts:1469","client/src/pages/SiteDashboard.tsx:263 | client/src/pages/SiteDashboard.tsx:266 | client/src/pages/StoresDieselRegister.tsx:149 | client/src/pages/StoresDieselRegister.tsx:152","assertDieselOrStoresView(req, res) / !req.authUser / assertMaintenanceRecordAccess(req, res, id, true)","","See /api requireAuth, public/optional estimator exceptions, and local guards","Account/self-service/system constraints remain separate"
"POST /api/attachments","server/routes.ts:1483","site_diesel; diesel_req_raise; plant_equipment","site_diesel.edit via assertEditEither @ server/routes.ts:1492 | diesel_req_raise.edit via assertEditEither @ server/routes.ts:1492 | plant_equipment.create via assertCreateOrEdit @ server/routes.ts:1494 | plant_equipment.edit via assertCreateOrEdit @ server/routes.ts:1494","client/src/components/ActivityReceiptStrip.tsx:828 | client/src/components/ActivityReceiptStrip.tsx:864 | client/src/components/AttachmentGallery.tsx:34 | client/src/components/AttachmentGallery.tsx:41 | client/src/components/AttachmentGallery.tsx:110 | client/src/components/AttachmentUploader.tsx:86 | client/src/components/DprPhotoGroups.tsx:36 | client/src/components/DprPhotoGroups.tsx:40 | client/src/pages/DieselRequirements.tsx:376 | client/src/pages/DieselRequirements.tsx:380 | client/src/pages/GuidedDpr.tsx:585 | client/src/pages/GuidedDpr.tsx:588 | client/src/pages/GuidedDpr.tsx:1303 | client/src/pages/GuidedDpr.tsx:1506 | client/src/pages/PlantEquipmentUsage.tsx:356 | client/src/pages/PlantMaintenance.tsx:212 | client/src/pages/PlantMaintenance.tsx:227 | client/src/pages/PlantMaterialReceipts.tsx:103 | client/src/pages/PlantMaterialReceipts.tsx:557 | client/src/pages/PurchaseIndents.tsx:1417 | client/src/pages/PurchaseIndents.tsx:1440 | client/src/pages/PurchaseIndents.tsx:1444 | client/src/pages/SiteEdit.tsx:1084 | client/src/pages/SiteEdit.tsx:1087 | client/src/pages/SiteEdit.tsx:1133 | client/src/pages/SiteEntry.tsx:412 | client/src/pages/SiteEntry.tsx:1516 | client/src/pages/SiteEntry.tsx:1758 | client/src/pages/SiteMaterialTrips.tsx:236 | client/src/pages/SiteMaterialTrips.tsx:292 | client/src/pages/StoresDieselRegister.tsx:45 | client/src/pages/StoresDieselRegister.tsx:48 | client/src/pages/StoresGrn.tsx:110","!req.authUser / assertEditEither(req, res, ""site_diesel"", ""diesel_req_raise"") / assertCreateOrEdit(req, res, ""plant_equipment"") / assertMaintenanceRecordAccess(req, res, parsed.linkedRecordId, true)","","See /api requireAuth, public/optional estimator exceptions, and local guards","Account/self-service/system constraints remain separate"
"DELETE /api/attachments/:id","server/routes.ts:1534","site_dprs; site_materials; purchase_indents_raise; site_diesel; diesel_req_raise; irn_raise; plant_equipment; plant_production; plant_materials; rmc_cube_tests; vendor_bills_raise; stores_inventory","site_diesel.delete via assertDeleteEither @ server/routes.ts:1543 | diesel_req_raise.delete via assertDeleteEither @ server/routes.ts:1543 | site_dprs.delete via assertDelete @ server/routes.ts:1544 | plant_materials.delete via assertDelete @ server/routes.ts:1545 | site_materials.delete via assertDelete @ server/routes.ts:1546 | irn_raise.delete via assertDelete @ server/routes.ts:1547 | purchase_indents_raise.delete via assertDelete @ server/routes.ts:1548 | stores_inventory.delete via assertDelete @ server/routes.ts:1549 | vendor_bills_raise.delete via assertDelete @ server/routes.ts:1550 | plant_production.delete via assertDelete @ server/routes.ts:1551 | plant_equipment.delete via assertDelete @ server/routes.ts:1553 | rmc_cube_tests.delete via assertDelete @ server/routes.ts:1554","client/src/components/AttachmentGallery.tsx:110 | client/src/components/AttachmentGallery.tsx:112 | client/src/pages/SiteDashboard.tsx:263 | client/src/pages/SiteDashboard.tsx:266 | client/src/pages/StoresDieselRegister.tsx:149 | client/src/pages/StoresDieselRegister.tsx:152","!req.authUser / assertDeleteEither(req, res, ""site_diesel"", ""diesel_req_raise"") / assertDelete(req, res, ""site_dprs"") / assertDelete(req, res, ""plant_materials"") / assertDelete(req, res, ""site_materials"") / assertDelete(req, res, ""irn_raise"") / assertDelete(req, res, ""purchase_indents_raise"") / assertDelete(req, res, ""stores_inventory"") / assertDelete(req, res, ""vendor_bills_raise"") / assertDelete(req, res, ""plant_production"") / assertDelete(req, res, ""plant_equipment"") / assertDelete(req, res, ""rmc_cube_tests"") / assertMaintenanceRecordAccess(req, res, attachment.linkedRecordId, true)","","See /api requireAuth, public/optional estimator exceptions, and local guards","Account/self-service/system constraints remain separate"
"GET /api/personnel","server/routes.ts:1576","","","client/src/components/PersonnelCombobox.tsx:27 | client/src/pages/DprDetails.tsx:42 | client/src/pages/GuidedDpr.tsx:658 | client/src/pages/Plant.tsx:4824 | client/src/pages/Plant.tsx:4833 | client/src/pages/Plant.tsx:4835 | client/src/pages/Plant.tsx:4851 | client/src/pages/Plant.tsx:4869 | client/src/pages/Plant.tsx:4885 | client/src/pages/SiteEdit.tsx:609 | client/src/pages/SiteEdit.tsx:618 | client/src/pages/SiteEdit.tsx:620 | client/src/pages/SiteEntry.tsx:817 | client/src/pages/SiteEntry.tsx:853 | client/src/pages/SiteEntry.tsx:855 | client/src/pages/SitePreview.tsx:33 | client/src/pages/SiteReport.tsx:46","See handler and middleware; no recognized local assert/can guard","","See /api requireAuth, public/optional estimator exceptions, and local guards","Account/self-service/system constraints remain separate"
"POST /api/personnel","server/routes.ts:1586","site_dprs; master_personnel","master_personnel.create via direct matrix read @ server/routes.ts:1594 | site_dprs.create via direct matrix read @ server/routes.ts:1595","client/src/components/PersonnelCombobox.tsx:27 | client/src/pages/DprDetails.tsx:42 | client/src/pages/GuidedDpr.tsx:658 | client/src/pages/Plant.tsx:4824 | client/src/pages/Plant.tsx:4833 | client/src/pages/Plant.tsx:4835 | client/src/pages/Plant.tsx:4851 | client/src/pages/Plant.tsx:4869 | client/src/pages/Plant.tsx:4885 | client/src/pages/SiteEdit.tsx:609 | client/src/pages/SiteEdit.tsx:618 | client/src/pages/SiteEdit.tsx:620 | client/src/pages/SiteEntry.tsx:817 | client/src/pages/SiteEntry.tsx:853 | client/src/pages/SiteEntry.tsx:855 | client/src/pages/SitePreview.tsx:33 | client/src/pages/SiteReport.tsx:46","!req.authUser","","See /api requireAuth, public/optional estimator exceptions, and local guards","Account/self-service/system constraints remain separate"
"PATCH /api/personnel/:id","server/routes.ts:1621","master_personnel","master_personnel.edit via assertEdit @ server/routes.ts:1623","client/src/pages/Plant.tsx:4851 | client/src/pages/Plant.tsx:4853 | client/src/pages/Plant.tsx:4885 | client/src/pages/Plant.tsx:4886","assertEdit(req, res, ""master_personnel"")","","See /api requireAuth, public/optional estimator exceptions, and local guards","Account/self-service/system constraints remain separate"
"PATCH /api/personnel/:id/toggle-active","server/routes.ts:1634","master_personnel","master_personnel.edit via assertEdit @ server/routes.ts:1636","client/src/pages/Plant.tsx:4869 | client/src/pages/Plant.tsx:4871","assertEdit(req, res, ""master_personnel"")","","See /api requireAuth, public/optional estimator exceptions, and local guards","Account/self-service/system constraints remain separate"
"DELETE /api/personnel/:id","server/routes.ts:1645","","","client/src/pages/Plant.tsx:4851 | client/src/pages/Plant.tsx:4853 | client/src/pages/Plant.tsx:4885 | client/src/pages/Plant.tsx:4886","assertAdmin(req, res)","","See /api requireAuth, public/optional estimator exceptions, and local guards","Account/self-service/system constraints remain separate"
"GET /api/site-purchases","server/routes.ts:1665","","","client/src/hooks/use-dprs.ts:44 | client/src/pages/DprDetails.tsx:137 | client/src/pages/DprDetails.tsx:164 | client/src/pages/SiteEdit.tsx:1154 | client/src/pages/SiteEdit.tsx:1557 | client/src/pages/SiteEntry.tsx:1516 | client/src/pages/SitePurchasesReport.tsx:92 | client/src/pages/SitePurchasesReport.tsx:95 | client/src/pages/SitePurchasesReport.tsx:110 | client/src/pages/SitePurchasesReport.tsx:137 | client/src/pages/SiteReport.tsx:118","See handler and middleware; no recognized local assert/can guard","","See /api requireAuth, public/optional estimator exceptions, and local guards","Keep route-specific site/project/record scope and business checks; section grant alone is not enough"
"PUT /api/site-purchases/:id","server/routes.ts:1681","site_materials; report_site_purchases","site_materials.notify via sendPushToSection @ server/routes.ts:1722 | report_site_purchases.edit via assertEdit @ server/routes.ts:1685","client/src/pages/SitePurchasesReport.tsx:110 | client/src/pages/SitePurchasesReport.tsx:112","assertEdit(req, res, ""report_site_purchases"") / existing && existing.documentStatus === ""submitted"" && !isOwnerOrAdmin","","See /api requireAuth, public/optional estimator exceptions, and local guards","Keep route-specific site/project/record scope and business checks; section grant alone is not enough"
"POST /api/site-purchases/:id/cancel","server/routes.ts:1733","site_materials","site_materials.delete via assertDeleteOrCancel @ server/routes.ts:1735 | site_materials.notify via sendPushToSection @ server/routes.ts:1751","No direct literal caller identified; inspect dynamic/shared/service caller","assertDeleteOrCancel(req, res, ""site_materials"")","","See /api requireAuth, public/optional estimator exceptions, and local guards","Keep route-specific site/project/record scope and business checks; section grant alone is not enough"
"POST /api/site-purchases/:id/final-submit","server/routes.ts:1762","site_materials","site_materials.edit via assertEdit @ server/routes.ts:1764 | site_materials.notify via sendPushToSection @ server/routes.ts:1789","client/src/pages/SitePurchasesReport.tsx:137 | client/src/pages/SitePurchasesReport.tsx:139","assertEdit(req, res, ""site_materials"") / !isOwnerOrAdmin / requiredTypes.includes((d as any).docType)","","See /api requireAuth, public/optional estimator exceptions, and local guards","Keep route-specific site/project/record scope and business checks; section grant alone is not enough"
"GET /api/notifications","server/routes.ts:1801","","","client/src/components/AdminNotifications.tsx:58 | client/src/components/AdminNotifications.tsx:77 | client/src/components/AdminNotifications.tsx:87 | client/src/components/AdminNotifications.tsx:97","See handler and middleware; no recognized local assert/can guard","","See /api requireAuth, public/optional estimator exceptions, and local guards","Account/self-service/system constraints remain separate"
"GET /api/notifications/unread-count","server/routes.ts:1810","","","client/src/components/AdminNotifications.tsx:63 | client/src/components/AdminNotifications.tsx:77 | client/src/components/AdminNotifications.tsx:87 | client/src/components/AdminNotifications.tsx:97","See handler and middleware; no recognized local assert/can guard","","See /api requireAuth, public/optional estimator exceptions, and local guards","Account/self-service/system constraints remain separate"
"POST /api/notifications","server/routes.ts:1819","admin_settings; admin_notifications_manage","admin_settings.create via assertCreateEither @ server/routes.ts:1821 | admin_notifications_manage.create via assertCreateEither @ server/routes.ts:1821","client/src/components/AdminNotifications.tsx:58 | client/src/components/AdminNotifications.tsx:77 | client/src/components/AdminNotifications.tsx:87 | client/src/components/AdminNotifications.tsx:97","assertCreateEither(req, res, ""admin_notifications_manage"", ""admin_settings"")","","See /api requireAuth, public/optional estimator exceptions, and local guards","Account/self-service/system constraints remain separate"
"PATCH /api/notifications/:id/read","server/routes.ts:1836","dashboard","dashboard.edit via assertEdit @ server/routes.ts:1838","client/src/components/AdminNotifications.tsx:77 | client/src/components/AdminNotifications.tsx:79","assertEdit(req, res, ""dashboard"")","","See /api requireAuth, public/optional estimator exceptions, and local guards","Account/self-service/system constraints remain separate"
"PATCH /api/notifications/read-all","server/routes.ts:1846","dashboard","dashboard.edit via assertEdit @ server/routes.ts:1848","client/src/components/AdminNotifications.tsx:87 | client/src/components/AdminNotifications.tsx:89","assertEdit(req, res, ""dashboard"")","","See /api requireAuth, public/optional estimator exceptions, and local guards","Account/self-service/system constraints remain separate"
"DELETE /api/notifications/:id","server/routes.ts:1856","","","client/src/components/AdminNotifications.tsx:63 | client/src/components/AdminNotifications.tsx:77 | client/src/components/AdminNotifications.tsx:87 | client/src/components/AdminNotifications.tsx:89 | client/src/components/AdminNotifications.tsx:97 | client/src/components/AdminNotifications.tsx:99","assertAdmin(req, res)","","See /api requireAuth, public/optional estimator exceptions, and local guards","Account/self-service/system constraints remain separate"
"GET /api/push/vapid-key","server/routes.ts:1870","","","client/src/components/PushNotificationSetup.tsx:124 | client/src/pages/Account.tsx:91","See handler and middleware; no recognized local assert/can guard","","See /api requireAuth, public/optional estimator exceptions, and local guards","Account/self-service/system constraints remain separate"
"POST /api/push/subscribe","server/routes.ts:1875","dashboard","dashboard.edit via assertEdit @ server/routes.ts:1877","client/src/components/PushNotificationSetup.tsx:83 | client/src/components/PushNotificationSetup.tsx:140 | client/src/pages/Account.tsx:50 | client/src/pages/Account.tsx:60 | client/src/pages/Account.tsx:106","assertEdit(req, res, ""dashboard"") / !user?.notificationsEnabled && !user?.isAdmin","requireAuth","See /api requireAuth, public/optional estimator exceptions, and local guards","Account/self-service/system constraints remain separate"
"DELETE /api/push/unsubscribe","server/routes.ts:1915","dashboard","dashboard.delete via assertDelete @ server/routes.ts:1917","client/src/components/PushNotificationSetup.tsx:176 | client/src/pages/Account.tsx:140","assertDelete(req, res, ""dashboard"")","requireAuth","See /api requireAuth, public/optional estimator exceptions, and local guards","Account/self-service/system constraints remain separate"
"GET /api/push/subscriptions","server/routes.ts:1932","user_management","user_management.view via assertView @ server/routes.ts:1933","client/src/pages/UserManagement.tsx:135","assertView(req, res, ""user_management"")","requireAuth","See /api requireAuth, public/optional estimator exceptions, and local guards","Account/self-service/system constraints remain separate"
"GET /api/dprs/chainage-overlap-context","server/routes.ts:1957","site_dprs","site_dprs.create via assertCreate @ server/routes.ts:1959","client/src/components/ChainageOverlapGuard.tsx:125 | client/src/components/ChainageOverlapGuard.tsx:130","assertCreate(req, res, ""site_dprs"")","","See /api requireAuth, public/optional estimator exceptions, and local guards","Keep route-specific site/project/record scope and business checks; section grant alone is not enough"
"PATCH /api/progress-entries/:id/overlap-resolution","server/routes.ts:2277","site_dprs","site_dprs.edit via assertEdit @ server/routes.ts:2279","client/src/pages/ProgressReport.tsx:587","assertEdit(req, res, ""site_dprs"")","requireAuth","See /api requireAuth, public/optional estimator exceptions, and local guards","Account/self-service/system constraints remain separate"
"POST /api/dpr-sections/resolve","server/routes.ts:2637","site_dprs","site_dprs.view via assertView @ server/routes.ts:2639","No direct literal caller identified; inspect dynamic/shared/service caller","assertView(req, res, ""site_dprs"") / candidates.map((row: any) => ({ id: row.id, site: row.site, date: row.date, workType: row.workType, boqProjectId: row.boqProjectId, engineer: row.engineer, lastEditedAt: row.lastEditedAt, createdAt: row.createdAt, }))","","See /api requireAuth, public/optional estimator exceptions, and local guards","Keep route-specific site/project/record scope and business checks; section grant alone is not enough"
"GET /api/dpr-sections/:id","server/routes.ts:2652","site_dprs","site_dprs.view via assertView @ server/routes.ts:2654","No direct literal caller identified; inspect dynamic/shared/service caller","assertView(req, res, ""site_dprs"")","","See /api requireAuth, public/optional estimator exceptions, and local guards","Keep route-specific site/project/record scope and business checks; section grant alone is not enough"
"PUT /api/dpr-sections/:section","server/routes.ts:2663","site_dprs","site_dprs.create via assertCreate @ server/routes.ts:2665","No direct literal caller identified; inspect dynamic/shared/service caller","assertCreate(req, res, ""site_dprs"")","","See /api requireAuth, public/optional estimator exceptions, and local guards","Keep route-specific site/project/record scope and business checks; section grant alone is not enough"
"PATCH /api/dprs/:id/draft","server/routes.ts:2782","site_dprs","site_dprs.create via assertCreate @ server/routes.ts:2784","client/src/pages/GuidedDpr.tsx:1506 | client/src/pages/GuidedDpr.tsx:1537 | client/src/pages/SiteEdit.tsx:1503 | client/src/pages/SiteEdit.tsx:1505 | client/src/pages/SiteEdit.tsx:1557 | client/src/pages/SiteEdit.tsx:1560","assertCreate(req, res, ""site_dprs"") / assertSectionTokens(draftSnapshot, req.body)","","See /api requireAuth, public/optional estimator exceptions, and local guards","Keep route-specific site/project/record scope and business checks; section grant alone is not enough"
"POST /api/admin/change-pin","server/routes.ts:3033","","","client/src/pages/AdminSettings.tsx:149 | client/src/pages/AdminSettings.tsx:151","assertAdmin(req, res)","","See /api requireAuth, public/optional estimator exceptions, and local guards","Account/self-service/system constraints remain separate"
"POST /api/admin/change-manager-pin","server/routes.ts:3043","","","client/src/pages/AdminSettings.tsx:174 | client/src/pages/AdminSettings.tsx:176","assertAdmin(req, res)","","See /api requireAuth, public/optional estimator exceptions, and local guards","Account/self-service/system constraints remain separate"
"GET /api/admin/ldo-received-by","server/routes.ts:3056","","","client/src/pages/AdminSettings.tsx:94 | client/src/pages/AdminSettings.tsx:114 | client/src/pages/AdminSettings.tsx:116 | client/src/pages/PlantMaterialIssues.tsx:92","assertAuthed(req, res)","","See /api requireAuth, public/optional estimator exceptions, and local guards","Account/self-service/system constraints remain separate"
"POST /api/admin/ldo-received-by","server/routes.ts:3065","","","client/src/pages/AdminSettings.tsx:94 | client/src/pages/AdminSettings.tsx:114 | client/src/pages/AdminSettings.tsx:116 | client/src/pages/PlantMaterialIssues.tsx:92","assertAdmin(req, res)","","See /api requireAuth, public/optional estimator exceptions, and local guards","Account/self-service/system constraints remain separate"
"GET /api/admin/operator-manual.pdf","server/routes.ts:3080","","","No direct literal caller identified; inspect dynamic/shared/service caller","assertAdmin(req, res)","","See /api requireAuth, public/optional estimator exceptions, and local guards","Account/self-service/system constraints remain separate"
"GET /api/admin/estimator-guide.pdf","server/routes.ts:3097","","","No direct literal caller identified; inspect dynamic/shared/service caller","See handler and middleware; no recognized local assert/can guard","","See /api requireAuth, public/optional estimator exceptions, and local guards","Account/self-service/system constraints remain separate"
"GET /api/admin/admin-guide.pdf","server/routes.ts:3118","admin_settings","admin_settings.export via assertExport @ server/routes.ts:3120","No direct literal caller identified; inspect dynamic/shared/service caller","assertAuthed(req, res) / assertExport(req, res, ""admin_settings"")","","See /api requireAuth, public/optional estimator exceptions, and local guards","Account/self-service/system constraints remain separate"
"POST /api/dprs/:id/version","server/routes.ts:3399","site_dprs","site_dprs.edit via assertEdit @ server/routes.ts:3406 | site_dprs.notify via sendPushToSection @ server/routes.ts:3686","client/src/pages/SiteEdit.tsx:1154 | client/src/pages/SiteEdit.tsx:1160","assertEdit(req, res, ""site_dprs"")","","See /api requireAuth, public/optional estimator exceptions, and local guards","Keep route-specific site/project/record scope and business checks; section grant alone is not enough"
"POST /api/dprs/:id/clone","server/routes.ts:3729","site_dprs","site_dprs.edit via assertEdit @ server/routes.ts:3731 | site_dprs.notify via sendPushToSection @ server/routes.ts:3766","client/src/pages/DprDetails.tsx:137 | client/src/pages/DprDetails.tsx:139","assertEdit(req, res, ""site_dprs"")","","See /api requireAuth, public/optional estimator exceptions, and local guards","Keep route-specific site/project/record scope and business checks; section grant alone is not enough"
"DELETE /api/dprs/:id","server/routes.ts:3787","site_dprs","site_dprs.notify via sendPushToSection @ server/routes.ts:3806","client/src/components/ChainageOverlapGuard.tsx:125 | client/src/components/ChainageOverlapGuard.tsx:130 | client/src/components/DprPreviewDialog.tsx:73 | client/src/components/DprPreviewDialog.tsx:77 | client/src/components/LabourEntryFields.tsx:25 | client/src/components/LabourEntryFields.tsx:29 | client/src/pages/AdminReports.tsx:82 | client/src/pages/DprDetails.tsx:164 | client/src/pages/DprDetails.tsx:166 | client/src/pages/DprWorkHub.tsx:20 | client/src/pages/DprWorkHub.tsx:23 | client/src/pages/EquipmentHub.tsx:47 | client/src/pages/EquipmentHub.tsx:50 | client/src/pages/FieldHome.tsx:837 | client/src/pages/FieldHome.tsx:840 | client/src/pages/GuidedDpr.tsx:385 | client/src/pages/GuidedDpr.tsx:388 | client/src/pages/GuidedDpr.tsx:984 | client/src/pages/GuidedDpr.tsx:987 | client/src/pages/Home.tsx:110 | client/src/pages/Home.tsx:112 | client/src/pages/SiteDashboard.tsx:181 | client/src/pages/SiteEdit.tsx:1154 | client/src/pages/SiteEdit.tsx:1503 | client/src/pages/SiteEdit.tsx:1557 | client/src/pages/SiteEntry.tsx:670 | client/src/pages/SiteEntry.tsx:673 | client/src/pages/SiteEntry.tsx:1478 | client/src/pages/SiteEntry.tsx:1481 | client/src/pages/SiteHome.tsx:48 | client/src/pages/SiteHome.tsx:51 | client/src/pages/SiteHub.tsx:47 | client/src/pages/SiteHub.tsx:50 | client/src/pages/SiteReport.tsx:118 | client/src/pages/SiteReport.tsx:119 | client/src/pages/WorkDemand.tsx:2702 | client/src/pages/WorkDemand.tsx:2705","assertAdmin(req, res)","","See /api requireAuth, public/optional estimator exceptions, and local guards","Keep route-specific site/project/record scope and business checks; section grant alone is not enough"
"POST /api/dprs/:id/cancel","server/routes.ts:3820","site_dprs","site_dprs.delete via assertDeleteOrCancel @ server/routes.ts:3822 | site_dprs.notify via sendPushToSection @ server/routes.ts:3840","No direct literal caller identified; inspect dynamic/shared/service caller","assertDeleteOrCancel(req, res, ""site_dprs"")","","See /api requireAuth, public/optional estimator exceptions, and local guards","Keep route-specific site/project/record scope and business checks; section grant alone is not enough"
"GET /api/plant","server/routes.ts:3849","","","client/src/pages/PlantDetails.tsx:26 | client/src/pages/PlantDetails.tsx:36 | client/src/pages/PlantDetails.tsx:58 | client/src/pages/PlantNew.tsx:30 | client/src/pages/PlantNew.tsx:32","See handler and middleware; no recognized local assert/can guard","","See /api requireAuth, public/optional estimator exceptions, and local guards","Keep route-specific site/project/record scope and business checks; section grant alone is not enough"
"GET /api/plant/:id","server/routes.ts:3858","","","client/src/pages/EquipmentHub.tsx:36 | client/src/pages/EquipmentHub.tsx:39 | client/src/pages/EquipmentHub.tsx:55 | client/src/pages/EquipmentHub.tsx:58 | client/src/pages/PlantDetails.tsx:26 | client/src/pages/PlantDetails.tsx:29 | client/src/pages/PlantDetails.tsx:58 | client/src/pages/PlantDetails.tsx:60","See handler and middleware; no recognized local assert/can guard","","See /api requireAuth, public/optional estimator exceptions, and local guards","Keep route-specific site/project/record scope and business checks; section grant alone is not enough"
"POST /api/plant","server/routes.ts:3870","plant_daily_reports; admin_settings; sites_plants_manage","sites_plants_manage.create via assertCreateEither @ server/routes.ts:3872 | admin_settings.create via assertCreateEither @ server/routes.ts:3872 | plant_daily_reports.notify via sendPushToSection @ server/routes.ts:3875","client/src/pages/PlantDetails.tsx:26 | client/src/pages/PlantDetails.tsx:36 | client/src/pages/PlantDetails.tsx:58 | client/src/pages/PlantNew.tsx:30 | client/src/pages/PlantNew.tsx:32","assertCreateEither(req, res, ""sites_plants_manage"", ""admin_settings"")","","See /api requireAuth, public/optional estimator exceptions, and local guards","Keep route-specific site/project/record scope and business checks; section grant alone is not enough"
"POST /api/plant/:id/clone","server/routes.ts:3893","plant_shift_logs; plant_daily_reports","plant_shift_logs.edit via assertEdit @ server/routes.ts:3895 | plant_daily_reports.notify via sendPushToSection @ server/routes.ts:3904","client/src/pages/PlantDetails.tsx:36 | client/src/pages/PlantDetails.tsx:38","assertEdit(req, res, ""plant_shift_logs"")","","See /api requireAuth, public/optional estimator exceptions, and local guards","Keep route-specific site/project/record scope and business checks; section grant alone is not enough"
"PATCH /api/plant/:id","server/routes.ts:3917","plant_daily_reports; admin_settings; sites_plants_manage","admin_settings.edit via assertEditEither @ server/routes.ts:3919 | sites_plants_manage.edit via assertEditEither @ server/routes.ts:3919 | plant_daily_reports.notify via sendPushToSection @ server/routes.ts:3926","client/src/pages/EquipmentHub.tsx:36 | client/src/pages/EquipmentHub.tsx:39 | client/src/pages/EquipmentHub.tsx:55 | client/src/pages/EquipmentHub.tsx:58 | client/src/pages/PlantDetails.tsx:26 | client/src/pages/PlantDetails.tsx:29 | client/src/pages/PlantDetails.tsx:58 | client/src/pages/PlantDetails.tsx:60","assertEditEither(req, res, ""sites_plants_manage"", ""admin_settings"")","","See /api requireAuth, public/optional estimator exceptions, and local guards","Keep route-specific site/project/record scope and business checks; section grant alone is not enough"
"DELETE /api/plant/:id","server/routes.ts:3939","plant_daily_reports","plant_daily_reports.notify via sendPushToSection @ server/routes.ts:3947","client/src/pages/EquipmentHub.tsx:36 | client/src/pages/EquipmentHub.tsx:39 | client/src/pages/EquipmentHub.tsx:55 | client/src/pages/EquipmentHub.tsx:58 | client/src/pages/PlantDetails.tsx:26 | client/src/pages/PlantDetails.tsx:29 | client/src/pages/PlantDetails.tsx:58 | client/src/pages/PlantDetails.tsx:60","assertAdmin(req, res)","","See /api requireAuth, public/optional estimator exceptions, and local guards","Keep route-specific site/project/record scope and business checks; section grant alone is not enough"
"GET /api/plant-module/parties","server/routes.ts:3965","","","client/src/pages/Plant.tsx:929 | client/src/pages/Plant.tsx:2165 | client/src/pages/Plant.tsx:2470 | client/src/pages/Plant.tsx:2474 | client/src/pages/Plant.tsx:2476 | client/src/pages/Plant.tsx:2492 | client/src/pages/Plant.tsx:2510 | client/src/pages/Plant.tsx:2691 | client/src/pages/Plant.tsx:3413 | client/src/pages/PlantBitumenStock.tsx:134 | client/src/pages/PlantDailyReports.tsx:256 | client/src/pages/PlantDieselProcurementReport.tsx:52 | client/src/pages/PlantDispatches.tsx:196 | client/src/pages/PlantLdoFlowMeter.tsx:183 | client/src/pages/PlantMaterialIssues.tsx:192 | client/src/pages/PlantMaterialReceipts.tsx:410 | client/src/pages/PlantMaterialReturns.tsx:103 | client/src/pages/PlantProjectReport.tsx:44 | client/src/pages/PlantStock.tsx:165 | client/src/pages/PlantStockReassign.tsx:62 | client/src/pages/PlantStockReconciliation.tsx:74 | client/src/pages/PlantStockTransfer.tsx:55 | client/src/pages/PlantVarianceReport.tsx:50 | client/src/pages/irn/IrnDetailPage.tsx:120 | client/src/pages/irn/IrnDetailPage.tsx:123","See handler and middleware; no recognized local assert/can guard","","See /api requireAuth, public/optional estimator exceptions, and local guards","Keep route-specific site/project/record scope and business checks; section grant alone is not enough"
"POST /api/plant-module/parties","server/routes.ts:3974","master_parties","master_parties.create via assertCreate @ server/routes.ts:3976","client/src/pages/Plant.tsx:929 | client/src/pages/Plant.tsx:2165 | client/src/pages/Plant.tsx:2470 | client/src/pages/Plant.tsx:2474 | client/src/pages/Plant.tsx:2476 | client/src/pages/Plant.tsx:2492 | client/src/pages/Plant.tsx:2510 | client/src/pages/Plant.tsx:2691 | client/src/pages/Plant.tsx:3413 | client/src/pages/PlantBitumenStock.tsx:134 | client/src/pages/PlantDailyReports.tsx:256 | client/src/pages/PlantDieselProcurementReport.tsx:52 | client/src/pages/PlantDispatches.tsx:196 | client/src/pages/PlantLdoFlowMeter.tsx:183 | client/src/pages/PlantMaterialIssues.tsx:192 | client/src/pages/PlantMaterialReceipts.tsx:410 | client/src/pages/PlantMaterialReturns.tsx:103 | client/src/pages/PlantProjectReport.tsx:44 | client/src/pages/PlantStock.tsx:165 | client/src/pages/PlantStockReassign.tsx:62 | client/src/pages/PlantStockReconciliation.tsx:74 | client/src/pages/PlantStockTransfer.tsx:55 | client/src/pages/PlantVarianceReport.tsx:50 | client/src/pages/irn/IrnDetailPage.tsx:120 | client/src/pages/irn/IrnDetailPage.tsx:123","assertCreate(req, res, ""master_parties"")","","See /api requireAuth, public/optional estimator exceptions, and local guards","Keep route-specific site/project/record scope and business checks; section grant alone is not enough"
"PATCH /api/plant-module/parties/:id","server/routes.ts:3984","master_parties","master_parties.edit via assertEdit @ server/routes.ts:3986","client/src/pages/Plant.tsx:2492 | client/src/pages/Plant.tsx:2494 | client/src/pages/Plant.tsx:2510 | client/src/pages/Plant.tsx:2512","assertEdit(req, res, ""master_parties"")","","See /api requireAuth, public/optional estimator exceptions, and local guards","Keep route-specific site/project/record scope and business checks; section grant alone is not enough"
"DELETE /api/plant-module/parties/:id","server/routes.ts:3995","","","client/src/pages/Plant.tsx:2492 | client/src/pages/Plant.tsx:2494 | client/src/pages/Plant.tsx:2510 | client/src/pages/Plant.tsx:2512","assertAdmin(req, res)","","See /api requireAuth, public/optional estimator exceptions, and local guards","Keep route-specific site/project/record scope and business checks; section grant alone is not enough"
"GET /api/plant-module/materials","server/routes.ts:4007","","","client/src/pages/DieselRequirements.tsx:594 | client/src/pages/Plant.tsx:921 | client/src/pages/Plant.tsx:2687 | client/src/pages/Plant.tsx:2699 | client/src/pages/Plant.tsx:2701 | client/src/pages/Plant.tsx:2716 | client/src/pages/Plant.tsx:2813 | client/src/pages/Plant.tsx:3401 | client/src/pages/PlantBitumenStock.tsx:142 | client/src/pages/PlantDieselProcurementReport.tsx:48 | client/src/pages/PlantLdoFlowMeter.tsx:191 | client/src/pages/PlantMaterialIssues.tsx:196 | client/src/pages/PlantMaterialReceipts.tsx:152 | client/src/pages/PlantMaterialReturns.tsx:107 | client/src/pages/PlantStock.tsx:166 | client/src/pages/PlantStockReassign.tsx:63 | client/src/pages/PlantStockReconciliation.tsx:75 | client/src/pages/PlantStockTransfer.tsx:56 | client/src/pages/PurchaseIndents.tsx:939 | client/src/pages/PurchaseIndents.tsx:940 | client/src/pages/PurchaseIndents.tsx:1115 | client/src/pages/PurchaseIndents.tsx:1138 | client/src/pages/StoresDieselRegister.tsx:133 | client/src/pages/irn/IrnRaisePage.tsx:281 | client/src/pages/irn/IrnRaisePage.tsx:284","See handler and middleware; no recognized local assert/can guard","","See /api requireAuth, public/optional estimator exceptions, and local guards","Keep route-specific site/project/record scope and business checks; section grant alone is not enough"
"POST /api/plant-module/materials","server/routes.ts:4016","master_materials","master_materials.create via assertCreate @ server/routes.ts:4018","client/src/pages/DieselRequirements.tsx:594 | client/src/pages/Plant.tsx:921 | client/src/pages/Plant.tsx:2687 | client/src/pages/Plant.tsx:2699 | client/src/pages/Plant.tsx:2701 | client/src/pages/Plant.tsx:2716 | client/src/pages/Plant.tsx:2813 | client/src/pages/Plant.tsx:3401 | client/src/pages/PlantBitumenStock.tsx:142 | client/src/pages/PlantDieselProcurementReport.tsx:48 | client/src/pages/PlantLdoFlowMeter.tsx:191 | client/src/pages/PlantMaterialIssues.tsx:196 | client/src/pages/PlantMaterialReceipts.tsx:152 | client/src/pages/PlantMaterialReturns.tsx:107 | client/src/pages/PlantStock.tsx:166 | client/src/pages/PlantStockReassign.tsx:63 | client/src/pages/PlantStockReconciliation.tsx:75 | client/src/pages/PlantStockTransfer.tsx:56 | client/src/pages/PurchaseIndents.tsx:939 | client/src/pages/PurchaseIndents.tsx:940 | client/src/pages/PurchaseIndents.tsx:1115 | client/src/pages/PurchaseIndents.tsx:1138 | client/src/pages/StoresDieselRegister.tsx:133 | client/src/pages/irn/IrnRaisePage.tsx:281 | client/src/pages/irn/IrnRaisePage.tsx:284","assertCreate(req, res, ""master_materials"")","","See /api requireAuth, public/optional estimator exceptions, and local guards","Keep route-specific site/project/record scope and business checks; section grant alone is not enough"
"PATCH /api/plant-module/materials/:id","server/routes.ts:4026","master_materials","master_materials.edit via assertEdit @ server/routes.ts:4028","client/src/pages/Plant.tsx:2716 | client/src/pages/Plant.tsx:2718 | client/src/pages/Plant.tsx:2813 | client/src/pages/Plant.tsx:2815","assertEdit(req, res, ""master_materials"")","","See /api requireAuth, public/optional estimator exceptions, and local guards","Keep route-specific site/project/record scope and business checks; section grant alone is not enough"
"DELETE /api/plant-module/materials/:id","server/routes.ts:4037","","","client/src/pages/Plant.tsx:2716 | client/src/pages/Plant.tsx:2718 | client/src/pages/Plant.tsx:2813 | client/src/pages/Plant.tsx:2815","assertAdmin(req, res)","","See /api requireAuth, public/optional estimator exceptions, and local guards","Keep route-specific site/project/record scope and business checks; section grant alone is not enough"
"GET /api/plant-materials/:id/uom-conversions","server/routes.ts:4049","","","client/src/pages/Plant.tsx:2734 | client/src/pages/Plant.tsx:2741 | client/src/pages/Plant.tsx:2748 | client/src/pages/Plant.tsx:2750 | client/src/pages/WorkDemand.tsx:1491 | client/src/pages/WorkDemand.tsx:1495","See handler and middleware; no recognized local assert/can guard","","See /api requireAuth, public/optional estimator exceptions, and local guards","Keep route-specific site/project/record scope and business checks; section grant alone is not enough"
"POST /api/plant-materials/:id/uom-conversions","server/routes.ts:4061","master_materials","master_materials.edit via assertEdit @ server/routes.ts:4063","client/src/pages/Plant.tsx:2734 | client/src/pages/Plant.tsx:2741 | client/src/pages/Plant.tsx:2748 | client/src/pages/Plant.tsx:2750 | client/src/pages/WorkDemand.tsx:1491 | client/src/pages/WorkDemand.tsx:1495","assertEdit(req, res, ""master_materials"")","","See /api requireAuth, public/optional estimator exceptions, and local guards","Keep route-specific site/project/record scope and business checks; section grant alone is not enough"
"PATCH /api/plant-materials/:id/uom-conversions/:convId","server/routes.ts:4090","master_materials","master_materials.edit via assertEdit @ server/routes.ts:4092","client/src/pages/Plant.tsx:2764 | client/src/pages/Plant.tsx:2766","assertEdit(req, res, ""master_materials"")","","See /api requireAuth, public/optional estimator exceptions, and local guards","Keep route-specific site/project/record scope and business checks; section grant alone is not enough"
"GET /api/plant-module/mix-types","server/routes.ts:4115","","","client/src/pages/Plant.tsx:3409 | client/src/pages/Plant.tsx:3419 | client/src/pages/Plant.tsx:3421 | client/src/pages/PlantDailyReports.tsx:259 | client/src/pages/PlantDispatches.tsx:247","See handler and middleware; no recognized local assert/can guard","","See /api requireAuth, public/optional estimator exceptions, and local guards","Keep route-specific site/project/record scope and business checks; section grant alone is not enough"
"POST /api/plant-module/mix-types","server/routes.ts:4124","master_materials","master_materials.create via assertCreate @ server/routes.ts:4126","client/src/pages/Plant.tsx:3409 | client/src/pages/Plant.tsx:3419 | client/src/pages/Plant.tsx:3421 | client/src/pages/PlantDailyReports.tsx:259 | client/src/pages/PlantDispatches.tsx:247","assertCreate(req, res, ""master_materials"")","","See /api requireAuth, public/optional estimator exceptions, and local guards","Keep route-specific site/project/record scope and business checks; section grant alone is not enough"
"PATCH /api/plant-module/mix-types/:id","server/routes.ts:4134","master_materials","master_materials.edit via assertEdit @ server/routes.ts:4136","No direct literal caller identified; inspect dynamic/shared/service caller","assertEdit(req, res, ""master_materials"")","","See /api requireAuth, public/optional estimator exceptions, and local guards","Keep route-specific site/project/record scope and business checks; section grant alone is not enough"
"DELETE /api/plant-module/mix-types/:id","server/routes.ts:4145","","","No direct literal caller identified; inspect dynamic/shared/service caller","assertAdmin(req, res)","","See /api requireAuth, public/optional estimator exceptions, and local guards","Keep route-specific site/project/record scope and business checks; section grant alone is not enough"
"GET /api/plant-module/mix-templates","server/routes.ts:4157","","","client/src/pages/Plant.tsx:3397 | client/src/pages/Plant.tsx:3440 | client/src/pages/Plant.tsx:3449 | client/src/pages/Plant.tsx:3466 | client/src/pages/Plant.tsx:3495 | client/src/pages/PlantBitumenStock.tsx:138 | client/src/pages/PlantDispatches.tsx:243 | client/src/pages/PlantLdoFlowMeter.tsx:187 | client/src/pages/PlantLedgerRebuild.tsx:48 | client/src/pages/PlantVarianceReport.tsx:54","See handler and middleware; no recognized local assert/can guard","","See /api requireAuth, public/optional estimator exceptions, and local guards","Keep route-specific site/project/record scope and business checks; section grant alone is not enough"
"GET /api/plant-module/mix-template-components","server/routes.ts:4166","","","client/src/pages/Plant.tsx:3405 | client/src/pages/Plant.tsx:3440 | client/src/pages/Plant.tsx:3466 | client/src/pages/Plant.tsx:3495 | client/src/pages/PlantStock.tsx:173","See handler and middleware; no recognized local assert/can guard","","See /api requireAuth, public/optional estimator exceptions, and local guards","Keep route-specific site/project/record scope and business checks; section grant alone is not enough"
"GET /api/plant-module/mix-templates/:id","server/routes.ts:4175","","","client/src/pages/Plant.tsx:3466 | client/src/pages/Plant.tsx:3475 | client/src/pages/Plant.tsx:3495 | client/src/pages/Plant.tsx:3497","See handler and middleware; no recognized local assert/can guard","","See /api requireAuth, public/optional estimator exceptions, and local guards","Keep route-specific site/project/record scope and business checks; section grant alone is not enough"
"POST /api/plant-module/mix-templates","server/routes.ts:4202","master_materials","master_materials.create via assertCreate @ server/routes.ts:4204","client/src/pages/Plant.tsx:3397 | client/src/pages/Plant.tsx:3440 | client/src/pages/Plant.tsx:3449 | client/src/pages/Plant.tsx:3466 | client/src/pages/Plant.tsx:3495 | client/src/pages/PlantBitumenStock.tsx:138 | client/src/pages/PlantDispatches.tsx:243 | client/src/pages/PlantLdoFlowMeter.tsx:187 | client/src/pages/PlantLedgerRebuild.tsx:48 | client/src/pages/PlantVarianceReport.tsx:54","assertCreate(req, res, ""master_materials"")","","See /api requireAuth, public/optional estimator exceptions, and local guards","Keep route-specific site/project/record scope and business checks; section grant alone is not enough"
"PATCH /api/plant-module/mix-templates/:id","server/routes.ts:4215","master_materials","master_materials.edit via assertEdit @ server/routes.ts:4217","client/src/pages/Plant.tsx:3466 | client/src/pages/Plant.tsx:3475 | client/src/pages/Plant.tsx:3495 | client/src/pages/Plant.tsx:3497","assertEdit(req, res, ""master_materials"")","","See /api requireAuth, public/optional estimator exceptions, and local guards","Keep route-specific site/project/record scope and business checks; section grant alone is not enough"
"DELETE /api/plant-module/mix-templates/:id","server/routes.ts:4229","","","client/src/pages/Plant.tsx:3466 | client/src/pages/Plant.tsx:3475 | client/src/pages/Plant.tsx:3495 | client/src/pages/Plant.tsx:3497","assertAdmin(req, res)","","See /api requireAuth, public/optional estimator exceptions, and local guards","Keep route-specific site/project/record scope and business checks; section grant alone is not enough"
"POST /api/plant-module/mix-templates/:id/rebuild-ledger","server/routes.ts:4240","","","client/src/pages/PlantLedgerRebuild.tsx:52 | client/src/pages/PlantLedgerRebuild.tsx:54","assertAdmin(req, res)","","See /api requireAuth, public/optional estimator exceptions, and local guards","Keep route-specific site/project/record scope and business checks; section grant alone is not enough"
"GET /api/equipment-hire/statements","server/routes.ts:4328","plant_equipment","plant_equipment.view via assertView @ server/routes.ts:4330","client/src/pages/EquipmentHireBilling.tsx:45 | client/src/pages/EquipmentHireBilling.tsx:46 | client/src/pages/EquipmentHireBilling.tsx:48","assertView(req, res, ""plant_equipment"")","","See /api requireAuth, public/optional estimator exceptions, and local guards","Keep route-specific site/project/record scope and business checks; section grant alone is not enough"
"POST /api/equipment-hire/statements","server/routes.ts:4352","plant_equipment","plant_equipment.edit via assertEdit @ server/routes.ts:4354","client/src/pages/EquipmentHireBilling.tsx:45 | client/src/pages/EquipmentHireBilling.tsx:46 | client/src/pages/EquipmentHireBilling.tsx:48","assertEdit(req, res, ""plant_equipment"")","","See /api requireAuth, public/optional estimator exceptions, and local guards","Keep route-specific site/project/record scope and business checks; section grant alone is not enough"
"GET /api/equipment-hire/statements/:id","server/routes.ts:4403","plant_equipment","plant_equipment.view via assertView @ server/routes.ts:4405","client/src/pages/EquipmentHireBilling.tsx:46","assertView(req, res, ""plant_equipment"")","","See /api requireAuth, public/optional estimator exceptions, and local guards","Keep route-specific site/project/record scope and business checks; section grant alone is not enough"
"PATCH /api/equipment-hire/statements/:id/exceptions","server/routes.ts:4413","plant_equipment","plant_equipment.edit via assertEdit @ server/routes.ts:4415","client/src/pages/EquipmentHireBilling.tsx:50","assertEdit(req, res, ""plant_equipment"")","","See /api requireAuth, public/optional estimator exceptions, and local guards","Keep route-specific site/project/record scope and business checks; section grant alone is not enough"
"POST /api/equipment-hire/statements/:id/review","server/routes.ts:4452","plant_equipment","plant_equipment.edit via assertEdit @ server/routes.ts:4454","No direct literal caller identified; inspect dynamic/shared/service caller","assertEdit(req, res, ""plant_equipment"")","","See /api requireAuth, public/optional estimator exceptions, and local guards","Keep route-specific site/project/record scope and business checks; section grant alone is not enough"
"POST /api/equipment-hire/statements/:id/approve","server/routes.ts:4468","vendor_bills_approve","vendor_bills_approve.approve via assertApprove @ server/routes.ts:4470","No direct literal caller identified; inspect dynamic/shared/service caller","assertApprove(req, res, ""vendor_bills_approve"")","","See /api requireAuth, public/optional estimator exceptions, and local guards","Keep route-specific site/project/record scope and business checks; section grant alone is not enough"
"POST /api/equipment-hire/statements/:id/create-vendor-bill","server/routes.ts:4483","plant_equipment; vendor_bills; vendor_bills_raise","plant_equipment.view via assertView @ server/routes.ts:4486 | vendor_bills.create via assertCreateEither @ server/routes.ts:4487 | vendor_bills_raise.create via assertCreateEither @ server/routes.ts:4487","No direct literal caller identified; inspect dynamic/shared/service caller","assertView(req, res, ""plant_equipment"") / assertCreateEither(req, res, ""vendor_bills_raise"", ""vendor_bills"")","","See /api requireAuth, public/optional estimator exceptions, and local guards","Keep route-specific site/project/record scope and business checks; section grant alone is not enough"
"GET /api/plant-module/equipment","server/routes.ts:4496","","","client/src/components/EquipmentMasterCreateDialog.tsx:93 | client/src/components/EquipmentMasterCreateDialog.tsx:95 | client/src/pages/DieselRequirements.tsx:579 | client/src/pages/DprDetails.tsx:44 | client/src/pages/DprDetails.tsx:47 | client/src/pages/GuidedDpr.tsx:565 | client/src/pages/GuidedDpr.tsx:568 | client/src/pages/Plant.tsx:4321 | client/src/pages/Plant.tsx:4337 | client/src/pages/Plant.tsx:4354 | client/src/pages/Plant.tsx:4381 | client/src/pages/PlantDispatches.tsx:255 | client/src/pages/PlantEquipmentUsage.tsx:287 | client/src/pages/PlantMaintenance.tsx:928 | client/src/pages/SiteDashboard.tsx:323 | client/src/pages/SiteDashboard.tsx:326 | client/src/pages/SiteEdit.tsx:496 | client/src/pages/SiteEdit.tsx:499 | client/src/pages/SiteEntry.tsx:469 | client/src/pages/SiteEntry.tsx:472 | client/src/pages/SiteMaterialTrips.tsx:269 | client/src/pages/SitePreview.tsx:37 | client/src/pages/SitePreview.tsx:39 | client/src/pages/SiteReport.tsx:75 | client/src/pages/SiteReport.tsx:78","See handler and middleware; no recognized local assert/can guard","","See /api requireAuth, public/optional estimator exceptions, and local guards","Keep route-specific site/project/record scope and business checks; section grant alone is not enough"
"POST /api/plant-module/equipment","server/routes.ts:4507","master_equipment","master_equipment.create via assertCreate @ server/routes.ts:4509","client/src/components/EquipmentMasterCreateDialog.tsx:93 | client/src/components/EquipmentMasterCreateDialog.tsx:95 | client/src/pages/DieselRequirements.tsx:579 | client/src/pages/DprDetails.tsx:44 | client/src/pages/DprDetails.tsx:47 | client/src/pages/GuidedDpr.tsx:565 | client/src/pages/GuidedDpr.tsx:568 | client/src/pages/Plant.tsx:4321 | client/src/pages/Plant.tsx:4337 | client/src/pages/Plant.tsx:4354 | client/src/pages/Plant.tsx:4381 | client/src/pages/PlantDispatches.tsx:255 | client/src/pages/PlantEquipmentUsage.tsx:287 | client/src/pages/PlantMaintenance.tsx:928 | client/src/pages/SiteDashboard.tsx:323 | client/src/pages/SiteDashboard.tsx:326 | client/src/pages/SiteEdit.tsx:496 | client/src/pages/SiteEdit.tsx:499 | client/src/pages/SiteEntry.tsx:469 | client/src/pages/SiteEntry.tsx:472 | client/src/pages/SiteMaterialTrips.tsx:269 | client/src/pages/SitePreview.tsx:37 | client/src/pages/SitePreview.tsx:39 | client/src/pages/SiteReport.tsx:75 | client/src/pages/SiteReport.tsx:78","assertCreate(req, res, ""master_equipment"")","","See /api requireAuth, public/optional estimator exceptions, and local guards","Keep route-specific site/project/record scope and business checks; section grant alone is not enough"
"PATCH /api/plant-module/equipment/:id","server/routes.ts:4517","master_equipment","master_equipment.edit via assertEdit @ server/routes.ts:4519","client/src/pages/Plant.tsx:4337 | client/src/pages/Plant.tsx:4339 | client/src/pages/Plant.tsx:4354 | client/src/pages/Plant.tsx:4356","assertEdit(req, res, ""master_equipment"")","","See /api requireAuth, public/optional estimator exceptions, and local guards","Keep route-specific site/project/record scope and business checks; section grant alone is not enough"
"DELETE /api/plant-module/equipment/:id","server/routes.ts:4528","","","client/src/pages/Plant.tsx:4337 | client/src/pages/Plant.tsx:4339 | client/src/pages/Plant.tsx:4354 | client/src/pages/Plant.tsx:4356","assertAdmin(req, res)","","See /api requireAuth, public/optional estimator exceptions, and local guards","Keep route-specific site/project/record scope and business checks; section grant alone is not enough"
"PATCH /api/plant-module/equipment/:id/toggle-active","server/routes.ts:4544","master_equipment","master_equipment.edit via assertEdit @ server/routes.ts:4546","client/src/pages/Plant.tsx:4381 | client/src/pages/Plant.tsx:4383","assertEdit(req, res, ""master_equipment"")","","See /api requireAuth, public/optional estimator exceptions, and local guards","Keep route-specific site/project/record scope and business checks; section grant alone is not enough"
"GET /api/plant-module/material-receipts","server/routes.ts:4697","","","client/src/pages/PlantBitumenStock.tsx:152 | client/src/pages/PlantDieselProcurementReport.tsx:78 | client/src/pages/PlantDieselProcurementReport.tsx:84 | client/src/pages/PlantLdoFlowMeter.tsx:249 | client/src/pages/PlantMaterialReceipts.tsx:305 | client/src/pages/PlantMaterialReceipts.tsx:557 | client/src/pages/PlantMaterialReceipts.tsx:559 | client/src/pages/PlantMaterialReceipts.tsx:611 | client/src/pages/PlantMaterialReceipts.tsx:650 | client/src/pages/PlantMaterialReceipts.tsx:667 | client/src/pages/PurchaseIndents.tsx:1521","See handler and middleware; no recognized local assert/can guard","","See /api requireAuth, public/optional estimator exceptions, and local guards","Keep route-specific site/project/record scope and business checks; section grant alone is not enough"
"POST /api/plant-module/material-receipts","server/routes.ts:4711","site_diesel; plant_materials","plant_materials.create via assertCreate @ server/routes.ts:4713 | plant_materials.notify via sendPushToSection @ server/routes.ts:4781 | site_diesel.notify via sendPushToSection @ server/routes.ts:4794","client/src/pages/PlantBitumenStock.tsx:152 | client/src/pages/PlantDieselProcurementReport.tsx:78 | client/src/pages/PlantDieselProcurementReport.tsx:84 | client/src/pages/PlantLdoFlowMeter.tsx:249 | client/src/pages/PlantMaterialReceipts.tsx:305 | client/src/pages/PlantMaterialReceipts.tsx:557 | client/src/pages/PlantMaterialReceipts.tsx:559 | client/src/pages/PlantMaterialReceipts.tsx:611 | client/src/pages/PlantMaterialReceipts.tsx:650 | client/src/pages/PlantMaterialReceipts.tsx:667 | client/src/pages/PurchaseIndents.tsx:1521","assertCreate(req, res, ""plant_materials"")","","See /api requireAuth, public/optional estimator exceptions, and local guards","Keep route-specific site/project/record scope and business checks; section grant alone is not enough"
"PUT /api/plant-module/material-receipts/:id","server/routes.ts:4812","plant_materials","plant_materials.edit via direct matrix read @ server/routes.ts:4822 | plant_materials.edit via assertEdit @ server/routes.ts:4851 | plant_materials.notify via sendPushToSection @ server/routes.ts:4910","client/src/pages/PlantMaterialReceipts.tsx:611 | client/src/pages/PlantMaterialReceipts.tsx:613 | client/src/pages/PlantMaterialReceipts.tsx:650 | client/src/pages/PlantMaterialReceipts.tsx:652","!req.authUser / assertEdit(req, res, ""plant_materials"")","","See /api requireAuth, public/optional estimator exceptions, and local guards","Keep route-specific site/project/record scope and business checks; section grant alone is not enough"
"POST /api/plant-module/material-receipts/:id/final-submit","server/routes.ts:4925","plant_materials","plant_materials.edit via assertEdit @ server/routes.ts:4927","client/src/pages/PlantMaterialReceipts.tsx:667 | client/src/pages/PlantMaterialReceipts.tsx:669","assertEdit(req, res, ""plant_materials"") / !isOwnerOrAdmin / requiredTypes.includes((d as any).docType)","","See /api requireAuth, public/optional estimator exceptions, and local guards","Keep route-specific site/project/record scope and business checks; section grant alone is not enough"
"DELETE /api/plant-module/material-receipts/:id","server/routes.ts:4959","plant_materials","plant_materials.notify via sendPushToSection @ server/routes.ts:4978","client/src/pages/PlantMaterialReceipts.tsx:611 | client/src/pages/PlantMaterialReceipts.tsx:613 | client/src/pages/PlantMaterialReceipts.tsx:650 | client/src/pages/PlantMaterialReceipts.tsx:652","assertAdmin(req, res)","","See /api requireAuth, public/optional estimator exceptions, and local guards","Keep route-specific site/project/record scope and business checks; section grant alone is not enough"
"POST /api/plant-module/material-receipts/:id/cancel","server/routes.ts:4994","plant_materials","plant_materials.delete via assertDeleteOrCancel @ server/routes.ts:4996 | plant_materials.notify via sendPushToSection @ server/routes.ts:5016","No direct literal caller identified; inspect dynamic/shared/service caller","assertDeleteOrCancel(req, res, ""plant_materials"")","","See /api requireAuth, public/optional estimator exceptions, and local guards","Keep route-specific site/project/record scope and business checks; section grant alone is not enough"
"GET /api/plant-module/next-receipt-number","server/routes.ts:5035","","","client/src/pages/PlantMaterialReceipts.tsx:540 | client/src/pages/PlantMaterialReceipts.tsx:542","See handler and middleware; no recognized local assert/can guard","","See /api requireAuth, public/optional estimator exceptions, and local guards","Keep route-specific site/project/record scope and business checks; section grant alone is not enough"
"GET /api/plant-module/material-issues","server/routes.ts:5048","","","client/src/pages/PlantMaterialIssues.tsx:162 | client/src/pages/PlantMaterialIssues.tsx:213 | client/src/pages/PlantMaterialIssues.tsx:215 | client/src/pages/PlantMaterialReturns.tsx:99","See handler and middleware; no recognized local assert/can guard","","See /api requireAuth, public/optional estimator exceptions, and local guards","Keep route-specific site/project/record scope and business checks; section grant alone is not enough"
"POST /api/plant-module/material-issues","server/routes.ts:5062","plant_materials","plant_materials.create via assertCreate @ server/routes.ts:5064 | plant_materials.notify via sendPushToSection @ server/routes.ts:5074","client/src/pages/PlantMaterialIssues.tsx:162 | client/src/pages/PlantMaterialIssues.tsx:213 | client/src/pages/PlantMaterialIssues.tsx:215 | client/src/pages/PlantMaterialReturns.tsx:99","assertCreate(req, res, ""plant_materials"")","","See /api requireAuth, public/optional estimator exceptions, and local guards","Keep route-specific site/project/record scope and business checks; section grant alone is not enough"
"PUT /api/plant-module/material-issues/:id","server/routes.ts:5086","plant_materials","plant_materials.edit via assertEdit @ server/routes.ts:5088 | plant_materials.notify via sendPushToSection @ server/routes.ts:5092","client/src/pages/PlantMaterialIssues.tsx:225 | client/src/pages/PlantMaterialIssues.tsx:227 | client/src/pages/PlantMaterialIssues.tsx:237 | client/src/pages/PlantMaterialIssues.tsx:239","assertEdit(req, res, ""plant_materials"")","","See /api requireAuth, public/optional estimator exceptions, and local guards","Keep route-specific site/project/record scope and business checks; section grant alone is not enough"
"DELETE /api/plant-module/material-issues/:id","server/routes.ts:5103","plant_materials","plant_materials.notify via sendPushToSection @ server/routes.ts:5108","client/src/pages/PlantMaterialIssues.tsx:225 | client/src/pages/PlantMaterialIssues.tsx:227 | client/src/pages/PlantMaterialIssues.tsx:237 | client/src/pages/PlantMaterialIssues.tsx:239","assertAdmin(req, res)","","See /api requireAuth, public/optional estimator exceptions, and local guards","Keep route-specific site/project/record scope and business checks; section grant alone is not enough"
"GET /api/plant-module/material-returns","server/routes.ts:5116","","","client/src/pages/PlantMaterialReturns.tsx:69 | client/src/pages/PlantMaterialReturns.tsx:131 | client/src/pages/PlantMaterialReturns.tsx:133","See handler and middleware; no recognized local assert/can guard","","See /api requireAuth, public/optional estimator exceptions, and local guards","Keep route-specific site/project/record scope and business checks; section grant alone is not enough"
"GET /api/plant-module/material-returns/returned-qty/:issueId","server/routes.ts:5131","","","No direct literal caller identified; inspect dynamic/shared/service caller","See handler and middleware; no recognized local assert/can guard","","See /api requireAuth, public/optional estimator exceptions, and local guards","Keep route-specific site/project/record scope and business checks; section grant alone is not enough"
"POST /api/plant-module/material-returns","server/routes.ts:5140","plant_materials","plant_materials.create via assertCreate @ server/routes.ts:5142 | plant_materials.notify via sendPushToSection @ server/routes.ts:5152","client/src/pages/PlantMaterialReturns.tsx:69 | client/src/pages/PlantMaterialReturns.tsx:131 | client/src/pages/PlantMaterialReturns.tsx:133","assertCreate(req, res, ""plant_materials"")","","See /api requireAuth, public/optional estimator exceptions, and local guards","Keep route-specific site/project/record scope and business checks; section grant alone is not enough"
"PUT /api/plant-module/material-returns/:id","server/routes.ts:5169","plant_materials","plant_materials.edit via assertEdit @ server/routes.ts:5171 | plant_materials.notify via sendPushToSection @ server/routes.ts:5175","client/src/pages/PlantMaterialReturns.tsx:145 | client/src/pages/PlantMaterialReturns.tsx:147 | client/src/pages/PlantMaterialReturns.tsx:155 | client/src/pages/PlantMaterialReturns.tsx:157","assertEdit(req, res, ""plant_materials"")","","See /api requireAuth, public/optional estimator exceptions, and local guards","Keep route-specific site/project/record scope and business checks; section grant alone is not enough"
"DELETE /api/plant-module/material-returns/:id","server/routes.ts:5192","plant_materials","plant_materials.notify via sendPushToSection @ server/routes.ts:5197","client/src/pages/PlantMaterialReturns.tsx:145 | client/src/pages/PlantMaterialReturns.tsx:147 | client/src/pages/PlantMaterialReturns.tsx:155 | client/src/pages/PlantMaterialReturns.tsx:157","assertAdmin(req, res)","","See /api requireAuth, public/optional estimator exceptions, and local guards","Keep route-specific site/project/record scope and business checks; section grant alone is not enough"
"GET /api/plant-module/opening-stocks","server/routes.ts:5206","","","client/src/pages/Plant.tsx:2695 | client/src/pages/Plant.tsx:2776 | client/src/pages/Plant.tsx:2778","See handler and middleware; no recognized local assert/can guard","","See /api requireAuth, public/optional estimator exceptions, and local guards","Keep route-specific site/project/record scope and business checks; section grant alone is not enough"
"GET /api/plant-module/opening-stocks/:id","server/routes.ts:5222","","","client/src/pages/Plant.tsx:2793 | client/src/pages/Plant.tsx:2795 | client/src/pages/Plant.tsx:2803 | client/src/pages/Plant.tsx:2805","See handler and middleware; no recognized local assert/can guard","","See /api requireAuth, public/optional estimator exceptions, and local guards","Keep route-specific site/project/record scope and business checks; section grant alone is not enough"
"POST /api/plant-module/opening-stocks","server/routes.ts:5232","plant_stock","plant_stock.create via assertCreate @ server/routes.ts:5234 | plant_stock.notify via sendPushToSection @ server/routes.ts:5237","client/src/pages/Plant.tsx:2695 | client/src/pages/Plant.tsx:2776 | client/src/pages/Plant.tsx:2778","assertCreate(req, res, ""plant_stock"")","","See /api requireAuth, public/optional estimator exceptions, and local guards","Keep route-specific site/project/record scope and business checks; section grant alone is not enough"
"PUT /api/plant-module/opening-stocks/:id","server/routes.ts:5247","plant_stock","plant_stock.edit via assertEdit @ server/routes.ts:5249 | plant_stock.notify via sendPushToSection @ server/routes.ts:5253","client/src/pages/Plant.tsx:2793 | client/src/pages/Plant.tsx:2795 | client/src/pages/Plant.tsx:2803 | client/src/pages/Plant.tsx:2805","assertEdit(req, res, ""plant_stock"")","","See /api requireAuth, public/optional estimator exceptions, and local guards","Keep route-specific site/project/record scope and business checks; section grant alone is not enough"
"DELETE /api/plant-module/opening-stocks/:id","server/routes.ts:5264","plant_stock","plant_stock.notify via sendPushToSection @ server/routes.ts:5269","client/src/pages/Plant.tsx:2793 | client/src/pages/Plant.tsx:2795 | client/src/pages/Plant.tsx:2803 | client/src/pages/Plant.tsx:2805","assertAdmin(req, res)","","See /api requireAuth, public/optional estimator exceptions, and local guards","Keep route-specific site/project/record scope and business checks; section grant alone is not enough"
"GET /api/plant-module/dispatches","server/routes.ts:5278","","","client/src/pages/HmpHub.tsx:83 | client/src/pages/HmpHub.tsx:86 | client/src/pages/HmpHub.tsx:96 | client/src/pages/HmpHub.tsx:99 | client/src/pages/Home.tsx:124 | client/src/pages/Home.tsx:127 | client/src/pages/PlantAuditReport.tsx:32 | client/src/pages/PlantBitumenStock.tsx:130 | client/src/pages/PlantDispatches.tsx:192 | client/src/pages/PlantDispatches.tsx:288 | client/src/pages/PlantDispatches.tsx:292 | client/src/pages/PlantDispatches.tsx:334 | client/src/pages/PlantDispatches.tsx:348 | client/src/pages/PlantLdoFlowMeter.tsx:179 | client/src/pages/PlantShiftLog.tsx:555 | client/src/pages/PlantShiftLog.tsx:559","See handler and middleware; no recognized local assert/can guard","","See /api requireAuth, public/optional estimator exceptions, and local guards","Keep route-specific site/project/record scope and business checks; section grant alone is not enough"
"POST /api/plant-module/dispatches","server/routes.ts:5292","plant_production","plant_production.create via assertCreate @ server/routes.ts:5294 | plant_production.notify via sendPushToSection @ server/routes.ts:5303","client/src/pages/HmpHub.tsx:83 | client/src/pages/HmpHub.tsx:86 | client/src/pages/HmpHub.tsx:96 | client/src/pages/HmpHub.tsx:99 | client/src/pages/Home.tsx:124 | client/src/pages/Home.tsx:127 | client/src/pages/PlantAuditReport.tsx:32 | client/src/pages/PlantBitumenStock.tsx:130 | client/src/pages/PlantDispatches.tsx:192 | client/src/pages/PlantDispatches.tsx:288 | client/src/pages/PlantDispatches.tsx:292 | client/src/pages/PlantDispatches.tsx:334 | client/src/pages/PlantDispatches.tsx:348 | client/src/pages/PlantLdoFlowMeter.tsx:179 | client/src/pages/PlantShiftLog.tsx:555 | client/src/pages/PlantShiftLog.tsx:559","assertCreate(req, res, ""plant_production"")","","See /api requireAuth, public/optional estimator exceptions, and local guards","Keep route-specific site/project/record scope and business checks; section grant alone is not enough"
"PUT /api/plant-module/dispatches/:id","server/routes.ts:5318","plant_production","plant_production.edit via assertEdit @ server/routes.ts:5320 | plant_production.notify via sendPushToSection @ server/routes.ts:5434","client/src/pages/PlantDispatches.tsx:334 | client/src/pages/PlantDispatches.tsx:336 | client/src/pages/PlantDispatches.tsx:348 | client/src/pages/PlantDispatches.tsx:350 | client/src/pages/PlantVarianceReport.tsx:39 | client/src/pages/PlantVarianceReport.tsx:45","assertEdit(req, res, ""plant_production"") / overrideTolerance === true && !req.authUser?.isAdmin / !isAdminOverride && (dispatchData.actualBitumenPercent != null || dispatchData.actualLdoQty != null) / isAdminOverride && currentDispatch","","See /api requireAuth, public/optional estimator exceptions, and local guards","Keep route-specific site/project/record scope and business checks; section grant alone is not enough"
"DELETE /api/plant-module/dispatches/:id","server/routes.ts:5443","plant_production","plant_production.notify via sendPushToSection @ server/routes.ts:5451","client/src/pages/PlantDispatches.tsx:334 | client/src/pages/PlantDispatches.tsx:336 | client/src/pages/PlantDispatches.tsx:348 | client/src/pages/PlantDispatches.tsx:350 | client/src/pages/PlantVarianceReport.tsx:39 | client/src/pages/PlantVarianceReport.tsx:45","assertAdmin(req, res)","","See /api requireAuth, public/optional estimator exceptions, and local guards","Keep route-specific site/project/record scope and business checks; section grant alone is not enough"
"POST /api/plant-module/dispatches/recalculate-all","server/routes.ts:5460","","","No direct literal caller identified; inspect dynamic/shared/service caller","assertAdmin(req, res)","","See /api requireAuth, public/optional estimator exceptions, and local guards","Keep route-specific site/project/record scope and business checks; section grant alone is not enough"
"GET /api/plant-module/dispatches/variance-report","server/routes.ts:5472","plant_variance","plant_variance.view via assertView @ server/routes.ts:5474","client/src/pages/PlantVarianceReport.tsx:39 | client/src/pages/PlantVarianceReport.tsx:45","assertView(req, res, ""plant_variance"")","","See /api requireAuth, public/optional estimator exceptions, and local guards","Keep route-specific site/project/record scope and business checks; section grant alone is not enough"
"GET /api/plant-module/consumption-audit-log","server/routes.ts:5488","plant_audit","plant_audit.view via assertView @ server/routes.ts:5490","client/src/pages/PlantAuditReport.tsx:21 | client/src/pages/PlantAuditReport.tsx:27","assertView(req, res, ""plant_audit"")","","See /api requireAuth, public/optional estimator exceptions, and local guards","Keep route-specific site/project/record scope and business checks; section grant alone is not enough"
"GET /api/plant/equipment-usage","server/routes.ts:5511","","","client/src/pages/EquipmentHub.tsx:36 | client/src/pages/EquipmentHub.tsx:39","See handler and middleware; no recognized local assert/can guard","","See /api requireAuth, public/optional estimator exceptions, and local guards","Keep route-specific site/project/record scope and business checks; section grant alone is not enough"
"GET /api/reports/equipment-performance","server/routes.ts:5522","plant_equipment; equipment_performance_report","equipment_performance_report.view via assertViewEither @ server/routes.ts:5524 | plant_equipment.view via assertViewEither @ server/routes.ts:5524","client/src/components/vendor-bills/DraftEquipmentHireCalendar.tsx:98 | client/src/components/vendor-bills/DraftEquipmentHireCalendar.tsx:287 | client/src/hooks/use-dpr-equipment-performance.ts:10 | client/src/lib/equipmentIdentification.ts:13 | client/src/pages/EquipmentPerformanceReport.tsx:83 | client/src/pages/EquipmentPerformanceReport.tsx:86 | client/src/pages/Plant.tsx:4187","assertViewEither(req, res, ""equipment_performance_report"", ""plant_equipment"")","requireAuth","See /api requireAuth, public/optional estimator exceptions, and local guards","Keep route-specific site/project/record scope and business checks; section grant alone is not enough"
"GET /api/reports/equipment-status","server/routes.ts:5558","equipment_hub; plant_equipment; equipment_performance_report","equipment_hub.view via direct matrix read @ server/routes.ts:5563 | equipment_performance_report.view via direct matrix read @ server/routes.ts:5565 | plant_equipment.view via direct matrix read @ server/routes.ts:5564","client/src/pages/EquipmentStatus.tsx:82 | client/src/pages/EquipmentStatus.tsx:86","See handler and middleware; no recognized local assert/can guard","requireAuth","See /api requireAuth, public/optional estimator exceptions, and local guards","Keep route-specific site/project/record scope and business checks; section grant alone is not enough"
"POST /api/reports/equipment-performance/logs/:id/confirm","server/routes.ts:5586","","","client/src/pages/Plant.tsx:4187 | client/src/pages/Plant.tsx:4189","assertAdmin(req, res) / assertTripSiteAccess(req, res, context.site)","requireAuth","See /api requireAuth, public/optional estimator exceptions, and local guards","Keep route-specific site/project/record scope and business checks; section grant alone is not enough"
"GET /api/plant-module/equipment-usage","server/routes.ts:5614","","","client/src/pages/HmpHub.tsx:118 | client/src/pages/HmpHub.tsx:121 | client/src/pages/PlantEquipmentUsage.tsx:243 | client/src/pages/PlantEquipmentUsage.tsx:365 | client/src/pages/PlantEquipmentUsage.tsx:366 | client/src/pages/PlantEquipmentUsage.tsx:387 | client/src/pages/PlantEquipmentUsage.tsx:417 | client/src/pages/PlantEquipmentUsage.tsx:434","See handler and middleware; no recognized local assert/can guard","","See /api requireAuth, public/optional estimator exceptions, and local guards","Keep route-specific site/project/record scope and business checks; section grant alone is not enough"
"GET /api/plant-module/equipment-usage/open-today","server/routes.ts:5633","","","client/src/pages/GuidedDpr.tsx:517 | client/src/pages/GuidedDpr.tsx:529 | client/src/pages/SiteEdit.tsx:688 | client/src/pages/SiteEdit.tsx:694 | client/src/pages/SiteEntry.tsx:1664","See handler and middleware; no recognized local assert/can guard","requireAuth","See /api requireAuth, public/optional estimator exceptions, and local guards","Keep route-specific site/project/record scope and business checks; section grant alone is not enough"
"GET /api/plant-module/equipment-usage/previous-balance/:equipmentId","server/routes.ts:5683","","","client/src/components/HeatingSessionDialog.tsx:215 | client/src/components/HeatingSessionDialog.tsx:219 | client/src/pages/PlantEquipmentUsage.tsx:590 | client/src/pages/PlantHeatingSessions.tsx:351 | client/src/pages/PlantHeatingSessions.tsx:355","See handler and middleware; no recognized local assert/can guard","","See /api requireAuth, public/optional estimator exceptions, and local guards","Keep route-specific site/project/record scope and business checks; section grant alone is not enough"
"GET /api/equipment/:equipmentId/latest-closing","server/routes.ts:5713","site_dprs; plant_equipment","plant_equipment.view via direct matrix read @ server/routes.ts:5726 | site_dprs.view via assertView @ server/routes.ts:5724","client/src/lib/equipmentContinuity.ts:20","assertView(req, res, ""site_dprs"") / assertTripSiteAccess(req, res, siteName) / !unrestricted && !req.authPermissions?.plant_equipment?.view","requireAuth","See /api requireAuth, public/optional estimator exceptions, and local guards","Keep route-specific site/project/record scope and business checks; section grant alone is not enough"
"GET /api/equipment/:equipmentId/latest-confirmed-diesel-tank","server/routes.ts:5753","site_dprs","site_dprs.view via assertView @ server/routes.ts:5755","client/src/components/DprEquipmentCompact.tsx:236","assertView(req, res, ""site_dprs"") / assertTripSiteAccess(req, res, siteName)","requireAuth","See /api requireAuth, public/optional estimator exceptions, and local guards","Keep route-specific site/project/record scope and business checks; section grant alone is not enough"
"POST /api/equipment-usage/:id/move","server/routes.ts:5906","site_dprs","site_dprs.edit via assertEdit @ server/routes.ts:5908","client/src/pages/SiteReport.tsx:99 | client/src/pages/SiteReport.tsx:101","assertEdit(req, res, ""site_dprs"") / canonicaliseMovementDestination(req, res, req.body)","","See /api requireAuth, public/optional estimator exceptions, and local guards","Keep route-specific site/project/record scope and business checks; section grant alone is not enough"
"GET /api/equipment-usage/lifecycle","server/routes.ts:5944","site_dprs","site_dprs.view via assertView @ server/routes.ts:5946","client/src/pages/SiteReport.tsx:65 | client/src/pages/SiteReport.tsx:68 | client/src/pages/SiteReport.tsx:99","assertView(req, res, ""site_dprs"")","requireAuth","See /api requireAuth, public/optional estimator exceptions, and local guards","Keep route-specific site/project/record scope and business checks; section grant alone is not enough"
"GET /api/plant-module/equipment-usage/incoming","server/routes.ts:5975","plant_equipment","plant_equipment.view via assertView @ server/routes.ts:5977","client/src/pages/PlantEquipmentUsage.tsx:277 | client/src/pages/PlantEquipmentUsage.tsx:280 | client/src/pages/PlantEquipmentUsage.tsx:417","assertView(req, res, ""plant_equipment"")","","See /api requireAuth, public/optional estimator exceptions, and local guards","Keep route-specific site/project/record scope and business checks; section grant alone is not enough"
"POST /api/plant-module/equipment-usage/:id/complete-incoming","server/routes.ts:5990","plant_equipment","plant_equipment.edit via assertEdit @ server/routes.ts:5992","client/src/pages/PlantEquipmentUsage.tsx:417 | client/src/pages/PlantEquipmentUsage.tsx:419","assertEdit(req, res, ""plant_equipment"")","","See /api requireAuth, public/optional estimator exceptions, and local guards","Keep route-specific site/project/record scope and business checks; section grant alone is not enough"
"POST /api/plant-module/equipment-usage","server/routes.ts:6028","plant_equipment","plant_equipment.create via assertCreate @ server/routes.ts:6030 | plant_equipment.notify via sendPushToSection @ server/routes.ts:6035","client/src/pages/HmpHub.tsx:118 | client/src/pages/HmpHub.tsx:121 | client/src/pages/PlantEquipmentUsage.tsx:243 | client/src/pages/PlantEquipmentUsage.tsx:365 | client/src/pages/PlantEquipmentUsage.tsx:366 | client/src/pages/PlantEquipmentUsage.tsx:387 | client/src/pages/PlantEquipmentUsage.tsx:417 | client/src/pages/PlantEquipmentUsage.tsx:434","assertCreate(req, res, ""plant_equipment"") / canonicaliseEquipmentDestinationSite(req, res, req.body)","","See /api requireAuth, public/optional estimator exceptions, and local guards","Keep route-specific site/project/record scope and business checks; section grant alone is not enough"
"PUT /api/plant-module/equipment-usage/:id","server/routes.ts:6052","plant_equipment","plant_equipment.edit via assertEdit @ server/routes.ts:6055 | plant_equipment.notify via sendPushToSection @ server/routes.ts:6065","client/src/components/HeatingSessionDialog.tsx:215 | client/src/pages/GuidedDpr.tsx:517 | client/src/pages/GuidedDpr.tsx:529 | client/src/pages/PlantEquipmentUsage.tsx:277 | client/src/pages/PlantEquipmentUsage.tsx:280 | client/src/pages/PlantEquipmentUsage.tsx:387 | client/src/pages/PlantEquipmentUsage.tsx:389 | client/src/pages/PlantEquipmentUsage.tsx:417 | client/src/pages/PlantEquipmentUsage.tsx:434 | client/src/pages/PlantEquipmentUsage.tsx:436 | client/src/pages/PlantHeatingSessions.tsx:351 | client/src/pages/SiteEdit.tsx:688 | client/src/pages/SiteEdit.tsx:694 | client/src/pages/SiteEntry.tsx:1664","assertEdit(req, res, ""plant_equipment"") / canonicaliseEquipmentDestinationSite(req, res, req.body, existing)","","See /api requireAuth, public/optional estimator exceptions, and local guards","Keep route-specific site/project/record scope and business checks; section grant alone is not enough"
"DELETE /api/plant-module/equipment-usage/:id","server/routes.ts:6086","plant_equipment","plant_equipment.notify via sendPushToSection @ server/routes.ts:6094","client/src/components/HeatingSessionDialog.tsx:215 | client/src/pages/GuidedDpr.tsx:517 | client/src/pages/GuidedDpr.tsx:529 | client/src/pages/PlantEquipmentUsage.tsx:277 | client/src/pages/PlantEquipmentUsage.tsx:280 | client/src/pages/PlantEquipmentUsage.tsx:387 | client/src/pages/PlantEquipmentUsage.tsx:389 | client/src/pages/PlantEquipmentUsage.tsx:417 | client/src/pages/PlantEquipmentUsage.tsx:434 | client/src/pages/PlantEquipmentUsage.tsx:436 | client/src/pages/PlantHeatingSessions.tsx:351 | client/src/pages/SiteEdit.tsx:688 | client/src/pages/SiteEdit.tsx:694 | client/src/pages/SiteEntry.tsx:1664","assertAdmin(req, res)","","See /api requireAuth, public/optional estimator exceptions, and local guards","Keep route-specific site/project/record scope and business checks; section grant alone is not enough"
"GET /api/plant-module/generators","server/routes.ts:6107","","","client/src/components/HeatingSessionDialog.tsx:192 | client/src/pages/PlantHeatingSessions.tsx:294","See handler and middleware; no recognized local assert/can guard","","See /api requireAuth, public/optional estimator exceptions, and local guards","Keep route-specific site/project/record scope and business checks; section grant alone is not enough"
"GET /api/plant-module/generator-logs","server/routes.ts:6134","","","client/src/components/HeatingSessionDialog.tsx:399 | client/src/components/HeatingSessionDialog.tsx:496 | client/src/pages/PlantGeneratorLogs.tsx:41 | client/src/pages/PlantGeneratorLogs.tsx:45 | client/src/pages/PlantGeneratorLogs.tsx:47 | client/src/pages/PlantHeatingSessions.tsx:582 | client/src/pages/PlantHeatingSessions.tsx:654","See handler and middleware; no recognized local assert/can guard","","See /api requireAuth, public/optional estimator exceptions, and local guards","Keep route-specific site/project/record scope and business checks; section grant alone is not enough"
"POST /api/plant-module/generator-logs","server/routes.ts:6147","plant_equipment; plant_generator_logs","plant_equipment.create via assertCreate @ server/routes.ts:6149 | plant_generator_logs.notify via sendPushToSection @ server/routes.ts:6151","client/src/components/HeatingSessionDialog.tsx:399 | client/src/components/HeatingSessionDialog.tsx:496 | client/src/pages/PlantGeneratorLogs.tsx:41 | client/src/pages/PlantGeneratorLogs.tsx:45 | client/src/pages/PlantGeneratorLogs.tsx:47 | client/src/pages/PlantHeatingSessions.tsx:582 | client/src/pages/PlantHeatingSessions.tsx:654","assertCreate(req, res, ""plant_equipment"")","","See /api requireAuth, public/optional estimator exceptions, and local guards","Keep route-specific site/project/record scope and business checks; section grant alone is not enough"
"GET /api/plant-module/generator-candidates","server/routes.ts:6165","","","client/src/components/HeatingSessionDialog.tsx:180 | client/src/components/HeatingSessionDialog.tsx:184 | client/src/pages/PlantHeatingSessions.tsx:314 | client/src/pages/PlantHeatingSessions.tsx:318","See handler and middleware; no recognized local assert/can guard","","See /api requireAuth, public/optional estimator exceptions, and local guards","Keep route-specific site/project/record scope and business checks; section grant alone is not enough"
"POST /api/plant-module/generator-logs/from-equipment-usage","server/routes.ts:6235","plant_equipment","plant_equipment.create via assertCreate @ server/routes.ts:6237","client/src/components/HeatingSessionDialog.tsx:399 | client/src/components/HeatingSessionDialog.tsx:407 | client/src/pages/PlantHeatingSessions.tsx:582 | client/src/pages/PlantHeatingSessions.tsx:590","assertCreate(req, res, ""plant_equipment"")","","See /api requireAuth, public/optional estimator exceptions, and local guards","Keep route-specific site/project/record scope and business checks; section grant alone is not enough"
"GET /api/plant-module/stock-balances","server/routes.ts:6287","","","client/src/hooks/use-dprs.ts:44 | client/src/pages/DprDetails.tsx:137 | client/src/pages/DprDetails.tsx:164 | client/src/pages/Plant.tsx:925 | client/src/pages/Plant.tsx:971 | client/src/pages/PlantBitumenStock.tsx:156 | client/src/pages/PlantBitumenStock.tsx:181 | client/src/pages/PlantDispatches.tsx:288 | client/src/pages/PlantDispatches.tsx:334 | client/src/pages/PlantDispatches.tsx:348 | client/src/pages/PlantLdoFlowMeter.tsx:201 | client/src/pages/PlantLdoFlowMeter.tsx:227 | client/src/pages/PlantMaterialReceipts.tsx:191 | client/src/pages/PlantMaterialReceipts.tsx:557 | client/src/pages/PlantMaterialReceipts.tsx:611 | client/src/pages/PlantMaterialReceipts.tsx:650 | client/src/pages/PlantStock.tsx:133 | client/src/pages/PlantStock.tsx:167 | client/src/pages/PlantStock.tsx:1388 | client/src/pages/PlantStockReconciliation.tsx:76 | client/src/pages/PlantStockReconciliation.tsx:196 | client/src/pages/PlantStockTransfer.tsx:57 | client/src/pages/SiteEdit.tsx:1154 | client/src/pages/SiteEdit.tsx:1557 | client/src/pages/SiteEntry.tsx:1516 | client/src/pages/SiteReport.tsx:118","See handler and middleware; no recognized local assert/can guard","","See /api requireAuth, public/optional estimator exceptions, and local guards","Keep route-specific site/project/record scope and business checks; section grant alone is not enough"
"POST /api/plant-module/stock-correction","server/routes.ts:6298","","","client/src/pages/Plant.tsx:971 | client/src/pages/Plant.tsx:973 | client/src/pages/PlantBitumenStock.tsx:181 | client/src/pages/PlantBitumenStock.tsx:183 | client/src/pages/PlantLdoFlowMeter.tsx:227 | client/src/pages/PlantLdoFlowMeter.tsx:229","assertAdmin(req, res) / assertValidDieselPhysicalStock(correctionMaterial.name, numericPhysicalQty)","","See /api requireAuth, public/optional estimator exceptions, and local guards","Keep route-specific site/project/record scope and business checks; section grant alone is not enough"
"POST /api/plant-module/stock-reconciliation","server/routes.ts:6338","stock_reconciliation","stock_reconciliation.create via assertCreate @ server/routes.ts:6340","client/src/pages/PlantStockReconciliation.tsx:196 | client/src/pages/PlantStockReconciliation.tsx:210","assertCreate(req, res, ""stock_reconciliation"")","","See /api requireAuth, public/optional estimator exceptions, and local guards","Keep route-specific site/project/record scope and business checks; section grant alone is not enough"
"POST /api/plant-module/stock-reconciliation-drafts","server/routes.ts:6379","plant_stock; stock_reconciliation","plant_stock.view via direct matrix read @ server/routes.ts:6385 | stock_reconciliation.view via direct matrix read @ server/routes.ts:6385 | stock_reconciliation.create via direct matrix read @ server/routes.ts:6398","client/src/pages/PlantStockReconciliation.tsx:146 | client/src/pages/PlantStockReconciliation.tsx:150 | client/src/pages/PlantStockReconciliation.tsx:196 | client/src/pages/PlantStockReconciliation.tsx:206","See handler and middleware; no recognized local assert/can guard","","See /api requireAuth, public/optional estimator exceptions, and local guards","Keep route-specific site/project/record scope and business checks; section grant alone is not enough"
"POST /api/plant-module/stock-reconciliation-drafts/:id/reject","server/routes.ts:6412","stock_reconciliation","stock_reconciliation.create via assertCreate @ server/routes.ts:6414","client/src/pages/PlantStockReconciliation.tsx:168 | client/src/pages/PlantStockReconciliation.tsx:170","assertCreate(req, res, ""stock_reconciliation"")","","See /api requireAuth, public/optional estimator exceptions, and local guards","Keep route-specific site/project/record scope and business checks; section grant alone is not enough"
"GET /api/plant-module/stock-reconciliations","server/routes.ts:6432","plant_stock; stock_reconciliation","plant_stock.view via direct matrix read @ server/routes.ts:6438 | stock_reconciliation.view via direct matrix read @ server/routes.ts:6438","client/src/pages/PlantStockReconciliation.tsx:77 | client/src/pages/PlantStockReconciliation.tsx:146 | client/src/pages/PlantStockReconciliation.tsx:168 | client/src/pages/PlantStockReconciliation.tsx:196","See handler and middleware; no recognized local assert/can guard","","See /api requireAuth, public/optional estimator exceptions, and local guards","Keep route-specific site/project/record scope and business checks; section grant alone is not enough"
"POST /api/plant-module/reconcile-stock-balances","server/routes.ts:6447","","","No direct literal caller identified; inspect dynamic/shared/service caller","assertAdmin(req, res)","","See /api requireAuth, public/optional estimator exceptions, and local guards","Keep route-specific site/project/record scope and business checks; section grant alone is not enough"
"POST /api/plant-module/reconcile-equipment-usage-ledger","server/routes.ts:6462","","","client/src/pages/PlantStock.tsx:133 | client/src/pages/PlantStock.tsx:135","assertAdmin(req, res)","","See /api requireAuth, public/optional estimator exceptions, and local guards","Keep route-specific site/project/record scope and business checks; section grant alone is not enough"
"POST /api/plant-module/reassign-ledger/preview","server/routes.ts:6482","","","client/src/pages/PlantStockReassign.tsx:106","assertAdmin(req, res)","","See /api requireAuth, public/optional estimator exceptions, and local guards","Keep route-specific site/project/record scope and business checks; section grant alone is not enough"
"POST /api/plant-module/reassign-ledger/execute","server/routes.ts:6505","","","client/src/pages/PlantStockReassign.tsx:124","assertAdmin(req, res)","","See /api requireAuth, public/optional estimator exceptions, and local guards","Keep route-specific site/project/record scope and business checks; section grant alone is not enough"
"POST /api/plant-module/stock-transfer","server/routes.ts:6556","plant_stock","plant_stock.create via assertCreate @ server/routes.ts:6558","client/src/pages/PlantStockTransfer.tsx:110","assertCreate(req, res, ""plant_stock"")","","See /api requireAuth, public/optional estimator exceptions, and local guards","Keep route-specific site/project/record scope and business checks; section grant alone is not enough"
"POST /api/plant-module/recompute-balance-after","server/routes.ts:6598","","","No direct literal caller identified; inspect dynamic/shared/service caller","assertAdmin(req, res)","","See /api requireAuth, public/optional estimator exceptions, and local guards","Keep route-specific site/project/record scope and business checks; section grant alone is not enough"
"POST /api/plant-module/shift-log-manpower/review-list","server/routes.ts:6614","","","client/src/pages/PlantShiftLogManpowerReview.tsx:1208","assertAdmin(req, res)","","See /api requireAuth, public/optional estimator exceptions, and local guards","Keep route-specific site/project/record scope and business checks; section grant alone is not enough"
"POST /api/plant-module/shift-log-manpower/bulk-relabel","server/routes.ts:6634","","","client/src/pages/PlantShiftLogManpowerReview.tsx:1261 | client/src/pages/PlantShiftLogManpowerReview.tsx:1330","assertAdmin(req, res)","","See /api requireAuth, public/optional estimator exceptions, and local guards","Keep route-specific site/project/record scope and business checks; section grant alone is not enough"
"POST /api/plant-module/shift-log-manpower/recent-merges","server/routes.ts:6679","","","client/src/pages/PlantShiftLogManpowerReview.tsx:679","assertAdmin(req, res)","","See /api requireAuth, public/optional estimator exceptions, and local guards","Keep route-specific site/project/record scope and business checks; section grant alone is not enough"
"POST /api/plant-module/shift-log-manpower/undo-merge","server/routes.ts:6695","","","client/src/pages/PlantShiftLogManpowerReview.tsx:1177 | client/src/pages/PlantShiftLogManpowerReview.tsx:1180","assertAdmin(req, res)","","See /api requireAuth, public/optional estimator exceptions, and local guards","Keep route-specific site/project/record scope and business checks; section grant alone is not enough"
"POST /api/plant-module/shift-log-manpower/learned-aliases","server/routes.ts:6722","","","client/src/pages/PlantShiftLogManpowerReview.tsx:732","assertAdmin(req, res)","","See /api requireAuth, public/optional estimator exceptions, and local guards","Keep route-specific site/project/record scope and business checks; section grant alone is not enough"
"POST /api/plant-module/shift-log-manpower/custom-aliases","server/routes.ts:6736","","","client/src/pages/PlantShiftLogManpowerReview.tsx:749","assertAdmin(req, res)","","See /api requireAuth, public/optional estimator exceptions, and local guards","Keep route-specific site/project/record scope and business checks; section grant alone is not enough"
"POST /api/plant-module/shift-log-manpower/add-custom-alias","server/routes.ts:6754","","","client/src/pages/PlantShiftLogManpowerReview.tsx:777 | client/src/pages/PlantShiftLogManpowerReview.tsx:870 | client/src/pages/PlantShiftLogManpowerReview.tsx:1072 | client/src/pages/PlantShiftLogManpowerReview.tsx:1104","assertAdmin(req, res)","","See /api requireAuth, public/optional estimator exceptions, and local guards","Keep route-specific site/project/record scope and business checks; section grant alone is not enough"
"POST /api/plant-module/shift-log-manpower/delete-custom-alias","server/routes.ts:6800","","","client/src/pages/PlantShiftLogManpowerReview.tsx:810 | client/src/pages/PlantShiftLogManpowerReview.tsx:857","assertAdmin(req, res)","","See /api requireAuth, public/optional estimator exceptions, and local guards","Keep route-specific site/project/record scope and business checks; section grant alone is not enough"
"POST /api/plant-module/shift-log-manpower/bulk-revert-alias-activity","server/routes.ts:6847","","","client/src/pages/PlantShiftLogManpowerReview.tsx:908 | client/src/pages/PlantShiftLogManpowerReview.tsx:949 | client/src/pages/PlantShiftLogManpowerReview.tsx:958 | client/src/pages/PlantShiftLogManpowerReview.tsx:1015 | client/src/pages/PlantShiftLogManpowerReview.tsx:1024","assertAdmin(req, res)","","See /api requireAuth, public/optional estimator exceptions, and local guards","Keep route-specific site/project/record scope and business checks; section grant alone is not enough"
"POST /api/plant-module/shift-log-manpower/dismissed-pairs","server/routes.ts:6894","","","client/src/pages/PlantShiftLogManpowerReview.tsx:1130","assertAdmin(req, res)","","See /api requireAuth, public/optional estimator exceptions, and local guards","Keep route-specific site/project/record scope and business checks; section grant alone is not enough"
"POST /api/plant-module/shift-log-manpower/dismiss-pairs","server/routes.ts:6911","","","client/src/pages/PlantShiftLogManpowerReview.tsx:1412","assertAdmin(req, res)","","See /api requireAuth, public/optional estimator exceptions, and local guards","Keep route-specific site/project/record scope and business checks; section grant alone is not enough"
"POST /api/plant-module/shift-log-manpower/restore-dismissed-pair","server/routes.ts:6959","","","client/src/pages/PlantShiftLogManpowerReview.tsx:1503","assertAdmin(req, res)","","See /api requireAuth, public/optional estimator exceptions, and local guards","Keep route-specific site/project/record scope and business checks; section grant alone is not enough"
"POST /api/plant-module/shift-log-manpower/bulk-restore-dismissed-pairs","server/routes.ts:6998","","","client/src/pages/PlantShiftLogManpowerReview.tsx:1460 | client/src/pages/PlantShiftLogManpowerReview.tsx:1463","assertAdmin(req, res)","","See /api requireAuth, public/optional estimator exceptions, and local guards","Keep route-specific site/project/record scope and business checks; section grant alone is not enough"
"GET /api/plant-module/stock-ledger","server/routes.ts:7051","","","client/src/hooks/use-dprs.ts:44 | client/src/pages/DprDetails.tsx:137 | client/src/pages/DprDetails.tsx:164 | client/src/pages/Plant.tsx:971 | client/src/pages/PlantBitumenStock.tsx:181 | client/src/pages/PlantDieselProcurementReport.tsx:59 | client/src/pages/PlantDieselProcurementReport.tsx:66 | client/src/pages/PlantDispatches.tsx:288 | client/src/pages/PlantDispatches.tsx:334 | client/src/pages/PlantDispatches.tsx:348 | client/src/pages/PlantLdoFlowMeter.tsx:227 | client/src/pages/PlantMaterialReceipts.tsx:197 | client/src/pages/PlantMaterialReceipts.tsx:203 | client/src/pages/PlantMaterialReceipts.tsx:557 | client/src/pages/PlantMaterialReceipts.tsx:611 | client/src/pages/PlantMaterialReceipts.tsx:650 | client/src/pages/PlantStock.tsx:133 | client/src/pages/PlantStock.tsx:1388 | client/src/pages/PlantStockReconciliation.tsx:196 | client/src/pages/SiteEdit.tsx:1154 | client/src/pages/SiteEdit.tsx:1557 | client/src/pages/SiteEntry.tsx:1516 | client/src/pages/SiteReport.tsx:118","See handler and middleware; no recognized local assert/can guard","","See /api requireAuth, public/optional estimator exceptions, and local guards","Keep route-specific site/project/record scope and business checks; section grant alone is not enough"
"GET /api/plant-module/stock-ledger-all","server/routes.ts:7067","","","client/src/pages/PlantStockReconciliation.tsx:196","See handler and middleware; no recognized local assert/can guard","","See /api requireAuth, public/optional estimator exceptions, and local guards","Keep route-specific site/project/record scope and business checks; section grant alone is not enough"
"GET /api/plant-module/bitumen-tank-balances","server/routes.ts:7082","","","client/src/pages/PlantDispatches.tsx:232 | client/src/pages/PlantDispatches.tsx:235","See handler and middleware; no recognized local assert/can guard","","See /api requireAuth, public/optional estimator exceptions, and local guards","Keep route-specific site/project/record scope and business checks; section grant alone is not enough"
"GET /api/plant-module/party-statement","server/routes.ts:7093","","","No direct literal caller identified; inspect dynamic/shared/service caller","See handler and middleware; no recognized local assert/can guard","requireAuth","See /api requireAuth, public/optional estimator exceptions, and local guards","Keep route-specific site/project/record scope and business checks; section grant alone is not enough"
"GET /api/plant-module/hlc-borrow-reconciliation","server/routes.ts:7108","","","No direct literal caller identified; inspect dynamic/shared/service caller","assertAdmin(req, res)","requireAuth","See /api requireAuth, public/optional estimator exceptions, and local guards","Keep route-specific site/project/record scope and business checks; section grant alone is not enough"
"GET /api/plant-module/stock-balance-as-of","server/routes.ts:7124","","","No direct literal caller identified; inspect dynamic/shared/service caller","See handler and middleware; no recognized local assert/can guard","","See /api requireAuth, public/optional estimator exceptions, and local guards","Keep route-specific site/project/record scope and business checks; section grant alone is not enough"
"GET /api/plant-module/bitumen-dip-readings","server/routes.ts:7145","plant_bitumen","plant_bitumen.view via assertView @ server/routes.ts:7147","client/src/pages/PlantBitumenStock.tsx:118 | client/src/pages/PlantBitumenStock.tsx:121 | client/src/pages/PlantBitumenStock.tsx:548 | client/src/pages/PlantBitumenStock.tsx:549 | client/src/pages/PlantBitumenStock.tsx:565 | client/src/pages/PlantBitumenStock.tsx:584 | client/src/pages/PlantShiftLog.tsx:600 | client/src/pages/PlantShiftLog.tsx:748","assertView(req, res, ""plant_bitumen"")","","See /api requireAuth, public/optional estimator exceptions, and local guards","Keep route-specific site/project/record scope and business checks; section grant alone is not enough"
"POST /api/plant-module/bitumen-dip-readings","server/routes.ts:7162","plant_bitumen","plant_bitumen.create via assertCreate @ server/routes.ts:7164 | plant_bitumen.notify via sendPushToSection @ server/routes.ts:7167","client/src/pages/PlantBitumenStock.tsx:118 | client/src/pages/PlantBitumenStock.tsx:121 | client/src/pages/PlantBitumenStock.tsx:548 | client/src/pages/PlantBitumenStock.tsx:549 | client/src/pages/PlantBitumenStock.tsx:565 | client/src/pages/PlantBitumenStock.tsx:584 | client/src/pages/PlantShiftLog.tsx:600 | client/src/pages/PlantShiftLog.tsx:748","assertCreate(req, res, ""plant_bitumen"")","","See /api requireAuth, public/optional estimator exceptions, and local guards","Keep route-specific site/project/record scope and business checks; section grant alone is not enough"
"PATCH /api/plant-module/bitumen-dip-readings/:id","server/routes.ts:7177","plant_bitumen","plant_bitumen.notify via sendPushToSection @ server/routes.ts:7183 | plant_bitumen.edit via assertEdit @ server/routes.ts:7179","client/src/pages/PlantBitumenStock.tsx:565 | client/src/pages/PlantBitumenStock.tsx:567 | client/src/pages/PlantBitumenStock.tsx:584 | client/src/pages/PlantBitumenStock.tsx:586","assertEdit(req, res, ""plant_bitumen"")","","See /api requireAuth, public/optional estimator exceptions, and local guards","Keep route-specific site/project/record scope and business checks; section grant alone is not enough"
"DELETE /api/plant-module/bitumen-dip-readings/:id","server/routes.ts:7193","plant_bitumen","plant_bitumen.notify via sendPushToSection @ server/routes.ts:7199","client/src/pages/PlantBitumenStock.tsx:565 | client/src/pages/PlantBitumenStock.tsx:567 | client/src/pages/PlantBitumenStock.tsx:584 | client/src/pages/PlantBitumenStock.tsx:586","assertAdmin(req, res)","","See /api requireAuth, public/optional estimator exceptions, and local guards","Keep route-specific site/project/record scope and business checks; section grant alone is not enough"
"GET /api/plant-module/ldo-flow-readings","server/routes.ts:7210","plant_ldo","plant_ldo.view via assertView @ server/routes.ts:7212","client/src/pages/Plant.tsx:917 | client/src/pages/PlantLdoBackfill.tsx:347 | client/src/pages/PlantLdoFlowMeter.tsx:167 | client/src/pages/PlantLdoFlowMeter.tsx:170 | client/src/pages/PlantLdoFlowMeter.tsx:648 | client/src/pages/PlantLdoFlowMeter.tsx:650 | client/src/pages/PlantLdoFlowMeter.tsx:664 | client/src/pages/PlantLdoFlowMeter.tsx:681 | client/src/pages/PlantLdoMismatch.tsx:299 | client/src/pages/PlantLdoMismatch.tsx:899 | client/src/pages/PlantLdoMismatch.tsx:911 | client/src/pages/PlantLdoMismatch.tsx:1043 | client/src/pages/PlantShiftLog.tsx:600 | client/src/pages/PlantShiftLog.tsx:748","assertView(req, res, ""plant_ldo"")","","See /api requireAuth, public/optional estimator exceptions, and local guards","Keep route-specific site/project/record scope and business checks; section grant alone is not enough"
"POST /api/plant-module/ldo-flow-readings","server/routes.ts:7234","plant_ldo","plant_ldo.create via assertCreate @ server/routes.ts:7236 | plant_ldo.notify via sendPushToSection @ server/routes.ts:7239","client/src/pages/Plant.tsx:917 | client/src/pages/PlantLdoBackfill.tsx:347 | client/src/pages/PlantLdoFlowMeter.tsx:167 | client/src/pages/PlantLdoFlowMeter.tsx:170 | client/src/pages/PlantLdoFlowMeter.tsx:648 | client/src/pages/PlantLdoFlowMeter.tsx:650 | client/src/pages/PlantLdoFlowMeter.tsx:664 | client/src/pages/PlantLdoFlowMeter.tsx:681 | client/src/pages/PlantLdoMismatch.tsx:299 | client/src/pages/PlantLdoMismatch.tsx:899 | client/src/pages/PlantLdoMismatch.tsx:911 | client/src/pages/PlantLdoMismatch.tsx:1043 | client/src/pages/PlantShiftLog.tsx:600 | client/src/pages/PlantShiftLog.tsx:748","assertCreate(req, res, ""plant_ldo"")","","See /api requireAuth, public/optional estimator exceptions, and local guards","Keep route-specific site/project/record scope and business checks; section grant alone is not enough"
"PATCH /api/plant-module/ldo-flow-readings/:id","server/routes.ts:7253","plant_ldo","plant_ldo.notify via sendPushToSection @ server/routes.ts:7260 | plant_ldo.edit via assertEdit @ server/routes.ts:7255","client/src/pages/PlantLdoFlowMeter.tsx:664 | client/src/pages/PlantLdoFlowMeter.tsx:666 | client/src/pages/PlantLdoFlowMeter.tsx:681 | client/src/pages/PlantLdoFlowMeter.tsx:683","assertEdit(req, res, ""plant_ldo"")","","See /api requireAuth, public/optional estimator exceptions, and local guards","Keep route-specific site/project/record scope and business checks; section grant alone is not enough"
"DELETE /api/plant-module/ldo-flow-readings/:id","server/routes.ts:7267","plant_ldo","plant_ldo.notify via sendPushToSection @ server/routes.ts:7273","client/src/pages/PlantLdoFlowMeter.tsx:664 | client/src/pages/PlantLdoFlowMeter.tsx:666 | client/src/pages/PlantLdoFlowMeter.tsx:681 | client/src/pages/PlantLdoFlowMeter.tsx:683","assertAdmin(req, res)","","See /api requireAuth, public/optional estimator exceptions, and local guards","Keep route-specific site/project/record scope and business checks; section grant alone is not enough"
"GET /api/plant-module/ldo-orphaned-rows","server/routes.ts:7281","","","client/src/pages/PlantLdoMismatch.tsx:1043 | client/src/pages/PlantLdoMismatch.tsx:1046","See handler and middleware; no recognized local assert/can guard","","See /api requireAuth, public/optional estimator exceptions, and local guards","Keep route-specific site/project/record scope and business checks; section grant alone is not enough"
"DELETE /api/plant-module/ldo-orphaned-rows","server/routes.ts:7293","","","client/src/pages/PlantLdoMismatch.tsx:1043 | client/src/pages/PlantLdoMismatch.tsx:1046","assertAdmin(req, res)","","See /api requireAuth, public/optional estimator exceptions, and local guards","Keep route-specific site/project/record scope and business checks; section grant alone is not enough"
"GET /api/plant-module/ldo-backfill","server/routes.ts:7338","","","client/src/pages/PlantLdoBackfill.tsx:169 | client/src/pages/PlantLdoBackfill.tsx:174 | client/src/pages/PlantLdoBackfill.tsx:347 | client/src/pages/PlantLdoBackfill.tsx:349","assertAdmin(req, res)","","See /api requireAuth, public/optional estimator exceptions, and local guards","Keep route-specific site/project/record scope and business checks; section grant alone is not enough"
"POST /api/plant-module/ldo-backfill","server/routes.ts:7354","","","client/src/pages/PlantLdoBackfill.tsx:169 | client/src/pages/PlantLdoBackfill.tsx:174 | client/src/pages/PlantLdoBackfill.tsx:347 | client/src/pages/PlantLdoBackfill.tsx:349","assertAdmin(req, res)","","See /api requireAuth, public/optional estimator exceptions, and local guards","Keep route-specific site/project/record scope and business checks; section grant alone is not enough"
"GET /api/plant-module/ldo-dip-readings","server/routes.ts:7389","plant_ldo","plant_ldo.view via assertView @ server/routes.ts:7391","client/src/components/HeatingSessionDialog.tsx:244 | client/src/components/HeatingSessionDialog.tsx:266 | client/src/pages/PlantLdoDipBackfill.tsx:354 | client/src/pages/PlantLdoFlowMeter.tsx:430 | client/src/pages/PlantLdoFlowMeter.tsx:777 | client/src/pages/PlantLdoFlowMeter.tsx:779 | client/src/pages/PlantLdoFlowMeter.tsx:801 | client/src/pages/PlantLdoFlowMeter.tsx:818 | client/src/pages/PlantShiftLog.tsx:600 | client/src/pages/PlantShiftLog.tsx:748","assertView(req, res, ""plant_ldo"")","","See /api requireAuth, public/optional estimator exceptions, and local guards","Keep route-specific site/project/record scope and business checks; section grant alone is not enough"
"POST /api/plant-module/ldo-dip-readings","server/routes.ts:7406","plant_ldo","plant_ldo.create via assertCreate @ server/routes.ts:7408 | plant_ldo.notify via sendPushToSection @ server/routes.ts:7411","client/src/components/HeatingSessionDialog.tsx:244 | client/src/components/HeatingSessionDialog.tsx:266 | client/src/pages/PlantLdoDipBackfill.tsx:354 | client/src/pages/PlantLdoFlowMeter.tsx:430 | client/src/pages/PlantLdoFlowMeter.tsx:777 | client/src/pages/PlantLdoFlowMeter.tsx:779 | client/src/pages/PlantLdoFlowMeter.tsx:801 | client/src/pages/PlantLdoFlowMeter.tsx:818 | client/src/pages/PlantShiftLog.tsx:600 | client/src/pages/PlantShiftLog.tsx:748","assertCreate(req, res, ""plant_ldo"")","","See /api requireAuth, public/optional estimator exceptions, and local guards","Keep route-specific site/project/record scope and business checks; section grant alone is not enough"
"PATCH /api/plant-module/ldo-dip-readings/:id","server/routes.ts:7421","plant_ldo","plant_ldo.notify via sendPushToSection @ server/routes.ts:7427 | plant_ldo.edit via assertEdit @ server/routes.ts:7423","client/src/pages/PlantLdoFlowMeter.tsx:801 | client/src/pages/PlantLdoFlowMeter.tsx:803 | client/src/pages/PlantLdoFlowMeter.tsx:818 | client/src/pages/PlantLdoFlowMeter.tsx:820","assertEdit(req, res, ""plant_ldo"")","","See /api requireAuth, public/optional estimator exceptions, and local guards","Keep route-specific site/project/record scope and business checks; section grant alone is not enough"
"DELETE /api/plant-module/ldo-dip-readings/:id","server/routes.ts:7434","plant_ldo","plant_ldo.notify via sendPushToSection @ server/routes.ts:7440","client/src/pages/PlantLdoFlowMeter.tsx:801 | client/src/pages/PlantLdoFlowMeter.tsx:803 | client/src/pages/PlantLdoFlowMeter.tsx:818 | client/src/pages/PlantLdoFlowMeter.tsx:820","assertAdmin(req, res)","","See /api requireAuth, public/optional estimator exceptions, and local guards","Keep route-specific site/project/record scope and business checks; section grant alone is not enough"
"POST /api/admin/backfill-dispatch-notes","server/routes.ts:7473","","","client/src/pages/Plant.tsx:954 | client/src/pages/Plant.tsx:956","assertAdmin(req, res)","","See /api requireAuth, public/optional estimator exceptions, and local guards","Account/self-service/system constraints remain separate"
"GET /api/plant-module/ldo-dip-backfill","server/routes.ts:7489","","","client/src/pages/PlantLdoDipBackfill.tsx:175 | client/src/pages/PlantLdoDipBackfill.tsx:180 | client/src/pages/PlantLdoDipBackfill.tsx:354 | client/src/pages/PlantLdoDipBackfill.tsx:356","assertAdmin(req, res)","","See /api requireAuth, public/optional estimator exceptions, and local guards","Keep route-specific site/project/record scope and business checks; section grant alone is not enough"
"POST /api/plant-module/ldo-dip-backfill","server/routes.ts:7505","","","client/src/pages/PlantLdoDipBackfill.tsx:175 | client/src/pages/PlantLdoDipBackfill.tsx:180 | client/src/pages/PlantLdoDipBackfill.tsx:354 | client/src/pages/PlantLdoDipBackfill.tsx:356","assertAdmin(req, res)","","See /api requireAuth, public/optional estimator exceptions, and local guards","Keep route-specific site/project/record scope and business checks; section grant alone is not enough"
"GET /api/plant-module/ldo-reports/contractor","server/routes.ts:7544","plant_stock","plant_stock.view via assertView @ server/routes.ts:7546","No direct literal caller identified; inspect dynamic/shared/service caller","assertView(req, res, ""plant_stock"")","","See /api requireAuth, public/optional estimator exceptions, and local guards","Keep route-specific site/project/record scope and business checks; section grant alone is not enough"
"GET /api/plant-module/ldo-reconciliation","server/routes.ts:7557","plant_stock","plant_stock.view via assertView @ server/routes.ts:7559","client/src/pages/PlantLdoReconciliation.tsx:105 | client/src/pages/PlantLdoReconciliation.tsx:114","assertView(req, res, ""plant_stock"")","","See /api requireAuth, public/optional estimator exceptions, and local guards","Keep route-specific site/project/record scope and business checks; section grant alone is not enough"
"GET /api/plant-module/plant-settings","server/routes.ts:7592","","","client/src/components/EquipmentMasterCreateDialog.tsx:61 | client/src/pages/Plant.tsx:55 | client/src/pages/Plant.tsx:1505 | client/src/pages/Plant.tsx:4317 | client/src/pages/PlantDispatches.tsx:201 | client/src/pages/PlantProjectReport.tsx:40 | client/src/pages/WorkDemand.tsx:1811 | client/src/pages/WorkDemand.tsx:1814","See handler and middleware; no recognized local assert/can guard","","See /api requireAuth, public/optional estimator exceptions, and local guards","Keep route-specific site/project/record scope and business checks; section grant alone is not enough"
"GET /api/plant-module/plant-settings/:plantName","server/routes.ts:7601","","","client/src/pages/Plant.tsx:1545 | client/src/pages/Plant.tsx:1548 | client/src/pages/Plant.tsx:1588 | client/src/pages/Plant.tsx:1591 | client/src/pages/Plant.tsx:1603 | client/src/pages/Plant.tsx:1610 | client/src/pages/Plant.tsx:1635 | client/src/pages/Plant.tsx:1638 | client/src/pages/Plant.tsx:1661 | client/src/pages/Plant.tsx:1664 | client/src/pages/Plant.tsx:1687 | client/src/pages/Plant.tsx:1690","See handler and middleware; no recognized local assert/can guard","","See /api requireAuth, public/optional estimator exceptions, and local guards","Keep route-specific site/project/record scope and business checks; section grant alone is not enough"
"PUT /api/plant-module/plant-settings/:plantName","server/routes.ts:7621","","","client/src/pages/Plant.tsx:1545 | client/src/pages/Plant.tsx:1548 | client/src/pages/Plant.tsx:1588 | client/src/pages/Plant.tsx:1591 | client/src/pages/Plant.tsx:1603 | client/src/pages/Plant.tsx:1610 | client/src/pages/Plant.tsx:1635 | client/src/pages/Plant.tsx:1638 | client/src/pages/Plant.tsx:1661 | client/src/pages/Plant.tsx:1664 | client/src/pages/Plant.tsx:1687 | client/src/pages/Plant.tsx:1690","assertAdmin(req, res)","","See /api requireAuth, public/optional estimator exceptions, and local guards","Keep route-specific site/project/record scope and business checks; section grant alone is not enough"
"DELETE /api/plant-module/plant-settings/:plantName","server/routes.ts:7644","","","client/src/pages/Plant.tsx:1545 | client/src/pages/Plant.tsx:1548 | client/src/pages/Plant.tsx:1588 | client/src/pages/Plant.tsx:1591 | client/src/pages/Plant.tsx:1603 | client/src/pages/Plant.tsx:1610 | client/src/pages/Plant.tsx:1635 | client/src/pages/Plant.tsx:1638 | client/src/pages/Plant.tsx:1661 | client/src/pages/Plant.tsx:1664 | client/src/pages/Plant.tsx:1687 | client/src/pages/Plant.tsx:1690","assertAdmin(req, res)","","See /api requireAuth, public/optional estimator exceptions, and local guards","Keep route-specific site/project/record scope and business checks; section grant alone is not enough"
"POST /api/plant-module/plant-settings/:plantName/rename","server/routes.ts:7656","","","client/src/pages/Plant.tsx:1569 | client/src/pages/Plant.tsx:1574","assertAdmin(req, res)","","See /api requireAuth, public/optional estimator exceptions, and local guards","Keep route-specific site/project/record scope and business checks; section grant alone is not enough"
"GET /api/plant-module/shift-logs/plants","server/routes.ts:7673","","","client/src/pages/PlantBitumenStock.tsx:68 | client/src/pages/PlantBitumenStock.tsx:71 | client/src/pages/PlantDailyReport.tsx:124 | client/src/pages/PlantDailyReport.tsx:127 | client/src/pages/PlantDailyReports.tsx:247 | client/src/pages/PlantDailyReports.tsx:250 | client/src/pages/PlantLdoFlowMeter.tsx:71 | client/src/pages/PlantLdoFlowMeter.tsx:74 | client/src/pages/PlantLdoReconciliation.tsx:91 | client/src/pages/PlantLdoReconciliation.tsx:94 | client/src/pages/PlantShiftLogManpowerReview.tsx:618","See handler and middleware; no recognized local assert/can guard","","See /api requireAuth, public/optional estimator exceptions, and local guards","Keep route-specific site/project/record scope and business checks; section grant alone is not enough"
"GET /api/plant-module/shift-logs","server/routes.ts:7684","","","client/src/components/DryerSourceFixDialog.tsx:37 | client/src/pages/HmpHub.tsx:70 | client/src/pages/HmpHub.tsx:73 | client/src/pages/PlantHeatingMismatch.tsx:75 | client/src/pages/PlantHeatingMismatch.tsx:82 | client/src/pages/PlantLdoMismatch.tsx:881 | client/src/pages/PlantLdoMismatch.tsx:891 | client/src/pages/PlantShiftLog.tsx:220 | client/src/pages/PlantShiftLog.tsx:227 | client/src/pages/PlantShiftLog.tsx:600 | client/src/pages/PlantShiftLog.tsx:654 | client/src/pages/PlantShiftLog.tsx:748 | client/src/pages/PlantShiftLogManpowerReview.tsx:1177","See handler and middleware; no recognized local assert/can guard","","See /api requireAuth, public/optional estimator exceptions, and local guards","Keep route-specific site/project/record scope and business checks; section grant alone is not enough"
"GET /api/plant-module/shift-logs/by-date/:date","server/routes.ts:7696","","","client/src/components/HeatingSessionDialog.tsx:399 | client/src/components/HeatingSessionDialog.tsx:456 | client/src/pages/PlantHeatingSessions.tsx:408 | client/src/pages/PlantShiftLog.tsx:208 | client/src/pages/PlantShiftLog.tsx:212","See handler and middleware; no recognized local assert/can guard","","See /api requireAuth, public/optional estimator exceptions, and local guards","Keep route-specific site/project/record scope and business checks; section grant alone is not enough"
"GET /api/plant-module/shift-logs/:id","server/routes.ts:7707","","","client/src/components/DryerSourceFixDialog.tsx:37 | client/src/pages/PlantBitumenStock.tsx:68 | client/src/pages/PlantBitumenStock.tsx:71 | client/src/pages/PlantDailyReport.tsx:124 | client/src/pages/PlantDailyReport.tsx:127 | client/src/pages/PlantDailyReports.tsx:247 | client/src/pages/PlantDailyReports.tsx:250 | client/src/pages/PlantLdoFlowMeter.tsx:71 | client/src/pages/PlantLdoFlowMeter.tsx:74 | client/src/pages/PlantLdoReconciliation.tsx:91 | client/src/pages/PlantLdoReconciliation.tsx:94 | client/src/pages/PlantShiftLog.tsx:208 | client/src/pages/PlantShiftLog.tsx:600 | client/src/pages/PlantShiftLog.tsx:748 | client/src/pages/PlantShiftLog.tsx:751 | client/src/pages/PlantShiftLog.tsx:894 | client/src/pages/PlantShiftLogManpowerReview.tsx:618","See handler and middleware; no recognized local assert/can guard","","See /api requireAuth, public/optional estimator exceptions, and local guards","Keep route-specific site/project/record scope and business checks; section grant alone is not enough"
"POST /api/plant-module/shift-logs","server/routes.ts:7717","plant_shift_logs","plant_shift_logs.edit via assertEdit @ server/routes.ts:7734 | plant_shift_logs.create via assertCreate @ server/routes.ts:7736 | plant_shift_logs.notify via sendPushToSection @ server/routes.ts:7746 | plant_shift_logs.notify via sendPushToSection @ server/routes.ts:7756","client/src/components/DryerSourceFixDialog.tsx:37 | client/src/pages/HmpHub.tsx:70 | client/src/pages/HmpHub.tsx:73 | client/src/pages/PlantHeatingMismatch.tsx:75 | client/src/pages/PlantHeatingMismatch.tsx:82 | client/src/pages/PlantLdoMismatch.tsx:881 | client/src/pages/PlantLdoMismatch.tsx:891 | client/src/pages/PlantShiftLog.tsx:220 | client/src/pages/PlantShiftLog.tsx:227 | client/src/pages/PlantShiftLog.tsx:600 | client/src/pages/PlantShiftLog.tsx:654 | client/src/pages/PlantShiftLog.tsx:748 | client/src/pages/PlantShiftLogManpowerReview.tsx:1177","assertEdit(req, res, ""plant_shift_logs"") / assertCreate(req, res, ""plant_shift_logs"") / u && !u.isAdmin && !u.isOwner && existingId","","See /api requireAuth, public/optional estimator exceptions, and local guards","Keep route-specific site/project/record scope and business checks; section grant alone is not enough"
"POST /api/plant-module/shift-logs/:id/finalize","server/routes.ts:7769","plant_shift_logs","plant_shift_logs.edit via assertEdit @ server/routes.ts:7771","client/src/pages/PlantShiftLog.tsx:600 | client/src/pages/PlantShiftLog.tsx:696","assertEdit(req, res, ""plant_shift_logs"")","","See /api requireAuth, public/optional estimator exceptions, and local guards","Keep route-specific site/project/record scope and business checks; section grant alone is not enough"
"DELETE /api/plant-module/shift-logs/:id","server/routes.ts:7782","","","client/src/components/DryerSourceFixDialog.tsx:37 | client/src/pages/PlantBitumenStock.tsx:68 | client/src/pages/PlantBitumenStock.tsx:71 | client/src/pages/PlantDailyReport.tsx:124 | client/src/pages/PlantDailyReport.tsx:127 | client/src/pages/PlantDailyReports.tsx:247 | client/src/pages/PlantDailyReports.tsx:250 | client/src/pages/PlantLdoFlowMeter.tsx:71 | client/src/pages/PlantLdoFlowMeter.tsx:74 | client/src/pages/PlantLdoReconciliation.tsx:91 | client/src/pages/PlantLdoReconciliation.tsx:94 | client/src/pages/PlantShiftLog.tsx:208 | client/src/pages/PlantShiftLog.tsx:600 | client/src/pages/PlantShiftLog.tsx:748 | client/src/pages/PlantShiftLog.tsx:751 | client/src/pages/PlantShiftLog.tsx:894 | client/src/pages/PlantShiftLogManpowerReview.tsx:618","assertAdmin(req, res)","","See /api requireAuth, public/optional estimator exceptions, and local guards","Keep route-specific site/project/record scope and business checks; section grant alone is not enough"
"PATCH /api/plant-module/shift-logs/:id/dryer-source","server/routes.ts:7796","plant_shift_logs","plant_shift_logs.edit via assertEdit @ server/routes.ts:7798","client/src/components/DryerSourceFixDialog.tsx:37 | client/src/components/DryerSourceFixDialog.tsx:41","assertEdit(req, res, ""plant_shift_logs"")","","See /api requireAuth, public/optional estimator exceptions, and local guards","Keep route-specific site/project/record scope and business checks; section grant alone is not enough"
"GET /api/plant-module/daily-reports/:date","server/routes.ts:7818","","","client/src/pages/PlantDailyReport.tsx:133 | client/src/pages/PlantDailyReport.tsx:136 | client/src/pages/PlantDailyReports.tsx:384","See handler and middleware; no recognized local assert/can guard","","See /api requireAuth, public/optional estimator exceptions, and local guards","Keep route-specific site/project/record scope and business checks; section grant alone is not enough"
"GET /api/plant-module/daily-reports-index","server/routes.ts:8321","","","client/src/components/DryerSourceFixDialog.tsx:37 | client/src/pages/PlantDailyReports.tsx:302 | client/src/pages/PlantDailyReports.tsx:311","See handler and middleware; no recognized local assert/can guard","","See /api requireAuth, public/optional estimator exceptions, and local guards","Keep route-specific site/project/record scope and business checks; section grant alone is not enough"
"GET /api/plant-module/daily-reports-export","server/routes.ts:8348","plant_daily_reports","plant_daily_reports.export via assertReportExport @ server/routes.ts:8350","client/src/pages/PlantDailyReports.tsx:349","assertReportExport(req, res, ""plant_daily_reports"")","","See /api requireAuth, public/optional estimator exceptions, and local guards","Keep route-specific site/project/record scope and business checks; section grant alone is not enough"
"POST /api/plant-module/daily-reports/bulk-zip","server/routes.ts:8511","plant_daily_reports","plant_daily_reports.export via assertReportExport @ server/routes.ts:8513","client/src/pages/PlantDailyReports.tsx:384","assertReportExport(req, res, ""plant_daily_reports"")","","See /api requireAuth, public/optional estimator exceptions, and local guards","Keep route-specific site/project/record scope and business checks; section grant alone is not enough"
"GET /api/plant-module/daily-reports/:date/pdf","server/routes.ts:8654","plant_daily_reports","plant_daily_reports.export via assertReportExport @ server/routes.ts:8656","No direct literal caller identified; inspect dynamic/shared/service caller","assertReportExport(req, res, ""plant_daily_reports"") / assertReportPlant(req, res, plantName)","","See /api requireAuth, public/optional estimator exceptions, and local guards","Keep route-specific site/project/record scope and business checks; section grant alone is not enough"
"GET /api/plant-module/heating-sessions","server/routes.ts:8679","","","client/src/components/DryerSourceFixDialog.tsx:37 | client/src/components/HeatingSessionDialog.tsx:399 | client/src/components/HeatingSessionDialog.tsx:496 | client/src/pages/PlantDailyReports.tsx:226 | client/src/pages/PlantHeatingMismatch.tsx:59 | client/src/pages/PlantHeatingMismatch.tsx:66 | client/src/pages/PlantHeatingSessions.tsx:171 | client/src/pages/PlantHeatingSessions.tsx:177 | client/src/pages/PlantHeatingSessions.tsx:473 | client/src/pages/PlantHeatingSessions.tsx:582 | client/src/pages/PlantHeatingSessions.tsx:654 | client/src/pages/PlantHeatingSessions.tsx:673 | client/src/pages/PlantLdoMismatch.tsx:299 | client/src/pages/PlantLdoMismatch.tsx:862 | client/src/pages/PlantLdoMismatch.tsx:873 | client/src/pages/PlantShiftLog.tsx:600 | client/src/pages/PlantShiftLog.tsx:702 | client/src/pages/PlantShiftLog.tsx:776 | client/src/pages/PlantShiftLog.tsx:780","See handler and middleware; no recognized local assert/can guard","","See /api requireAuth, public/optional estimator exceptions, and local guards","Keep route-specific site/project/record scope and business checks; section grant alone is not enough"
"GET /api/plant-module/heating-sessions/reconciliation","server/routes.ts:8711","","","client/src/pages/PlantHeatingSessions.tsx:203 | client/src/pages/PlantHeatingSessions.tsx:209","See handler and middleware; no recognized local assert/can guard","","See /api requireAuth, public/optional estimator exceptions, and local guards","Keep route-specific site/project/record scope and business checks; section grant alone is not enough"
"GET /api/plant-module/heating-sessions/dryer-source-mismatches","server/routes.ts:8729","","","client/src/components/DryerSourceFixDialog.tsx:37 | client/src/components/HeatingSessionDialog.tsx:399 | client/src/components/HeatingSessionDialog.tsx:496 | client/src/pages/PlantDailyReport.tsx:147 | client/src/pages/PlantDailyReport.tsx:151 | client/src/pages/PlantDailyReport.tsx:159 | client/src/pages/PlantDailyReports.tsx:226 | client/src/pages/PlantDailyReports.tsx:283 | client/src/pages/PlantDailyReports.tsx:288 | client/src/pages/PlantHeatingSessions.tsx:238 | client/src/pages/PlantHeatingSessions.tsx:243 | client/src/pages/PlantHeatingSessions.tsx:582 | client/src/pages/PlantHeatingSessions.tsx:654 | client/src/pages/PlantHeatingSessions.tsx:673 | client/src/pages/PlantShiftLog.tsx:293 | client/src/pages/PlantShiftLog.tsx:298 | client/src/pages/PlantShiftLog.tsx:600 | client/src/pages/PlantShiftLog.tsx:748","See handler and middleware; no recognized local assert/can guard","","See /api requireAuth, public/optional estimator exceptions, and local guards","Keep route-specific site/project/record scope and business checks; section grant alone is not enough"
"PATCH /api/plant-module/heating-sessions/align-dryer-source","server/routes.ts:8746","plant_heating","plant_heating.edit via assertEdit @ server/routes.ts:8748","client/src/components/DryerSourceFixDialog.tsx:37 | client/src/components/DryerSourceFixDialog.tsx:45 | client/src/pages/PlantDailyReport.tsx:159 | client/src/pages/PlantDailyReport.tsx:161 | client/src/pages/PlantDailyReports.tsx:226 | client/src/pages/PlantDailyReports.tsx:228 | client/src/pages/PlantHeatingSessions.tsx:673 | client/src/pages/PlantHeatingSessions.tsx:675","assertEdit(req, res, ""plant_heating"")","","See /api requireAuth, public/optional estimator exceptions, and local guards","Keep route-specific site/project/record scope and business checks; section grant alone is not enough"
"PATCH /api/plant-module/heating-sessions/:id","server/routes.ts:8765","plant_heating","plant_heating.edit via assertEdit @ server/routes.ts:8767","client/src/components/DryerSourceFixDialog.tsx:37 | client/src/components/DryerSourceFixDialog.tsx:45 | client/src/components/HeatingSessionDialog.tsx:399 | client/src/components/HeatingSessionDialog.tsx:496 | client/src/components/HeatingSessionDialog.tsx:498 | client/src/pages/PlantDailyReport.tsx:147 | client/src/pages/PlantDailyReport.tsx:151 | client/src/pages/PlantDailyReport.tsx:159 | client/src/pages/PlantDailyReport.tsx:161 | client/src/pages/PlantDailyReports.tsx:226 | client/src/pages/PlantDailyReports.tsx:228 | client/src/pages/PlantDailyReports.tsx:283 | client/src/pages/PlantDailyReports.tsx:288 | client/src/pages/PlantHeatingSessions.tsx:203 | client/src/pages/PlantHeatingSessions.tsx:209 | client/src/pages/PlantHeatingSessions.tsx:238 | client/src/pages/PlantHeatingSessions.tsx:243 | client/src/pages/PlantHeatingSessions.tsx:582 | client/src/pages/PlantHeatingSessions.tsx:654 | client/src/pages/PlantHeatingSessions.tsx:656 | client/src/pages/PlantHeatingSessions.tsx:673 | client/src/pages/PlantHeatingSessions.tsx:675 | client/src/pages/PlantShiftLog.tsx:293 | client/src/pages/PlantShiftLog.tsx:298 | client/src/pages/PlantShiftLog.tsx:600 | client/src/pages/PlantShiftLog.tsx:748","assertEdit(req, res, ""plant_heating"")","","See /api requireAuth, public/optional estimator exceptions, and local guards","Keep route-specific site/project/record scope and business checks; section grant alone is not enough"
"GET /api/plant-module/heating-sessions/:id","server/routes.ts:8785","","","client/src/components/DryerSourceFixDialog.tsx:37 | client/src/components/DryerSourceFixDialog.tsx:45 | client/src/components/HeatingSessionDialog.tsx:399 | client/src/components/HeatingSessionDialog.tsx:496 | client/src/components/HeatingSessionDialog.tsx:498 | client/src/pages/PlantDailyReport.tsx:147 | client/src/pages/PlantDailyReport.tsx:151 | client/src/pages/PlantDailyReport.tsx:159 | client/src/pages/PlantDailyReport.tsx:161 | client/src/pages/PlantDailyReports.tsx:226 | client/src/pages/PlantDailyReports.tsx:228 | client/src/pages/PlantDailyReports.tsx:283 | client/src/pages/PlantDailyReports.tsx:288 | client/src/pages/PlantHeatingSessions.tsx:203 | client/src/pages/PlantHeatingSessions.tsx:209 | client/src/pages/PlantHeatingSessions.tsx:238 | client/src/pages/PlantHeatingSessions.tsx:243 | client/src/pages/PlantHeatingSessions.tsx:582 | client/src/pages/PlantHeatingSessions.tsx:654 | client/src/pages/PlantHeatingSessions.tsx:656 | client/src/pages/PlantHeatingSessions.tsx:673 | client/src/pages/PlantHeatingSessions.tsx:675 | client/src/pages/PlantShiftLog.tsx:293 | client/src/pages/PlantShiftLog.tsx:298 | client/src/pages/PlantShiftLog.tsx:600 | client/src/pages/PlantShiftLog.tsx:748","See handler and middleware; no recognized local assert/can guard","","See /api requireAuth, public/optional estimator exceptions, and local guards","Keep route-specific site/project/record scope and business checks; section grant alone is not enough"
"POST /api/plant-module/heating-sessions","server/routes.ts:8795","plant_heating","plant_heating.create via assertCreate @ server/routes.ts:8797","client/src/components/DryerSourceFixDialog.tsx:37 | client/src/components/HeatingSessionDialog.tsx:399 | client/src/components/HeatingSessionDialog.tsx:496 | client/src/pages/PlantDailyReports.tsx:226 | client/src/pages/PlantHeatingMismatch.tsx:59 | client/src/pages/PlantHeatingMismatch.tsx:66 | client/src/pages/PlantHeatingSessions.tsx:171 | client/src/pages/PlantHeatingSessions.tsx:177 | client/src/pages/PlantHeatingSessions.tsx:473 | client/src/pages/PlantHeatingSessions.tsx:582 | client/src/pages/PlantHeatingSessions.tsx:654 | client/src/pages/PlantHeatingSessions.tsx:673 | client/src/pages/PlantLdoMismatch.tsx:299 | client/src/pages/PlantLdoMismatch.tsx:862 | client/src/pages/PlantLdoMismatch.tsx:873 | client/src/pages/PlantShiftLog.tsx:600 | client/src/pages/PlantShiftLog.tsx:702 | client/src/pages/PlantShiftLog.tsx:776 | client/src/pages/PlantShiftLog.tsx:780","assertCreate(req, res, ""plant_heating"")","","See /api requireAuth, public/optional estimator exceptions, and local guards","Keep route-specific site/project/record scope and business checks; section grant alone is not enough"
"PUT /api/plant-module/heating-sessions/:id","server/routes.ts:8823","plant_heating","plant_heating.edit via assertEdit @ server/routes.ts:8826","client/src/components/DryerSourceFixDialog.tsx:37 | client/src/components/DryerSourceFixDialog.tsx:45 | client/src/components/HeatingSessionDialog.tsx:399 | client/src/components/HeatingSessionDialog.tsx:496 | client/src/components/HeatingSessionDialog.tsx:498 | client/src/pages/PlantDailyReport.tsx:147 | client/src/pages/PlantDailyReport.tsx:151 | client/src/pages/PlantDailyReport.tsx:159 | client/src/pages/PlantDailyReport.tsx:161 | client/src/pages/PlantDailyReports.tsx:226 | client/src/pages/PlantDailyReports.tsx:228 | client/src/pages/PlantDailyReports.tsx:283 | client/src/pages/PlantDailyReports.tsx:288 | client/src/pages/PlantHeatingSessions.tsx:203 | client/src/pages/PlantHeatingSessions.tsx:209 | client/src/pages/PlantHeatingSessions.tsx:238 | client/src/pages/PlantHeatingSessions.tsx:243 | client/src/pages/PlantHeatingSessions.tsx:582 | client/src/pages/PlantHeatingSessions.tsx:654 | client/src/pages/PlantHeatingSessions.tsx:656 | client/src/pages/PlantHeatingSessions.tsx:673 | client/src/pages/PlantHeatingSessions.tsx:675 | client/src/pages/PlantShiftLog.tsx:293 | client/src/pages/PlantShiftLog.tsx:298 | client/src/pages/PlantShiftLog.tsx:600 | client/src/pages/PlantShiftLog.tsx:748","assertEdit(req, res, ""plant_heating"") / u && !u.isAdmin && !u.isOwner","","See /api requireAuth, public/optional estimator exceptions, and local guards","Keep route-specific site/project/record scope and business checks; section grant alone is not enough"
"PATCH /api/plant-module/heating-sessions/:id/resync-flow","server/routes.ts:8863","plant_heating","plant_heating.edit via assertEdit @ server/routes.ts:8865","client/src/pages/PlantLdoMismatch.tsx:299 | client/src/pages/PlantLdoMismatch.tsx:301","assertEdit(req, res, ""plant_heating"")","","See /api requireAuth, public/optional estimator exceptions, and local guards","Keep route-specific site/project/record scope and business checks; section grant alone is not enough"
"POST /api/plant-module/heating-sessions/:id/finalize","server/routes.ts:8881","plant_heating","plant_heating.edit via assertEdit @ server/routes.ts:8883","client/src/components/HeatingSessionDialog.tsx:399 | client/src/components/HeatingSessionDialog.tsx:438 | client/src/pages/PlantHeatingSessions.tsx:582 | client/src/pages/PlantHeatingSessions.tsx:625","assertEdit(req, res, ""plant_heating"")","","See /api requireAuth, public/optional estimator exceptions, and local guards","Keep route-specific site/project/record scope and business checks; section grant alone is not enough"
"DELETE /api/plant-module/heating-sessions/:id","server/routes.ts:8893","","","client/src/components/DryerSourceFixDialog.tsx:37 | client/src/components/DryerSourceFixDialog.tsx:45 | client/src/components/HeatingSessionDialog.tsx:399 | client/src/components/HeatingSessionDialog.tsx:496 | client/src/components/HeatingSessionDialog.tsx:498 | client/src/pages/PlantDailyReport.tsx:147 | client/src/pages/PlantDailyReport.tsx:151 | client/src/pages/PlantDailyReport.tsx:159 | client/src/pages/PlantDailyReport.tsx:161 | client/src/pages/PlantDailyReports.tsx:226 | client/src/pages/PlantDailyReports.tsx:228 | client/src/pages/PlantDailyReports.tsx:283 | client/src/pages/PlantDailyReports.tsx:288 | client/src/pages/PlantHeatingSessions.tsx:203 | client/src/pages/PlantHeatingSessions.tsx:209 | client/src/pages/PlantHeatingSessions.tsx:238 | client/src/pages/PlantHeatingSessions.tsx:243 | client/src/pages/PlantHeatingSessions.tsx:582 | client/src/pages/PlantHeatingSessions.tsx:654 | client/src/pages/PlantHeatingSessions.tsx:656 | client/src/pages/PlantHeatingSessions.tsx:673 | client/src/pages/PlantHeatingSessions.tsx:675 | client/src/pages/PlantShiftLog.tsx:293 | client/src/pages/PlantShiftLog.tsx:298 | client/src/pages/PlantShiftLog.tsx:600 | client/src/pages/PlantShiftLog.tsx:748","assertAdmin(req, res)","","See /api requireAuth, public/optional estimator exceptions, and local guards","Keep route-specific site/project/record scope and business checks; section grant alone is not enough"
"GET /api/plant-module/heating-trends","server/routes.ts:8925","","","client/src/pages/PlantHeatingTrends.tsx:93 | client/src/pages/PlantHeatingTrends.tsx:96","See handler and middleware; no recognized local assert/can guard","","See /api requireAuth, public/optional estimator exceptions, and local guards","Keep route-specific site/project/record scope and business checks; section grant alone is not enough"
"GET /api/plant-module/heating-trends/excel","server/routes.ts:8936","plant_heating; plant_heating_trends","plant_heating.export via assertReportExport @ server/routes.ts:8938 | plant_heating_trends.export via assertReportExport @ server/routes.ts:8938","No direct literal caller identified; inspect dynamic/shared/service caller","assertReportExport(req, res, ""plant_heating"", ""plant_heating_trends"") / assertReportPlant(req, res, plantName)","","See /api requireAuth, public/optional estimator exceptions, and local guards","Keep route-specific site/project/record scope and business checks; section grant alone is not enough"
"GET /api/plant-module/ldo-meter/last","server/routes.ts:9021","","","client/src/components/HeatingSessionDialog.tsx:300 | client/src/pages/PlantHeatingSessions.tsx:444 | client/src/pages/PlantShiftLog.tsx:842 | client/src/pages/PlantShiftLog.tsx:862","See handler and middleware; no recognized local assert/can guard","","See /api requireAuth, public/optional estimator exceptions, and local guards","Keep route-specific site/project/record scope and business checks; section grant alone is not enough"
"GET /api/internal-requisitions","server/routes.ts:9040","","","No direct literal caller identified; inspect dynamic/shared/service caller","assertAuthed(req, res)","","See /api requireAuth, public/optional estimator exceptions, and local guards","Account/self-service/system constraints remain separate"
"GET /api/purchase-indents","server/routes.ts:9070","","site_procurement.view via assertPiRaiserRead -> server/routes.ts:9056 @ server/routes.ts:9072 | purchase_indents_view.view via assertPiRaiserRead -> server/routes.ts:9056 @ server/routes.ts:9072 | purchase_indents_raise.view via assertPiRaiserRead -> server/routes.ts:9056 @ server/routes.ts:9072 | site_procurement.create via assertPiRaiserRead -> server/routes.ts:9056 @ server/routes.ts:9072 | purchase_indents_raise.create via assertPiRaiserRead -> server/routes.ts:9056 @ server/routes.ts:9072 | site_procurement.edit via assertPiRaiserRead -> server/routes.ts:9056 @ server/routes.ts:9072 | purchase_indents_raise.edit via assertPiRaiserRead -> server/routes.ts:9056 @ server/routes.ts:9072","client/src/pages/FieldHome.tsx:851 | client/src/pages/FinanceHub.tsx:33 | client/src/pages/FinanceHub.tsx:36 | client/src/pages/Home.tsx:120 | client/src/pages/PendingPlantReceipts.tsx:92 | client/src/pages/PendingPlantReceipts.tsx:106 | client/src/pages/PlantMaterialReceipts.tsx:315 | client/src/pages/PlantMaterialReceipts.tsx:557 | client/src/pages/PurchaseIndents.tsx:978 | client/src/pages/PurchaseIndents.tsx:1069 | client/src/pages/PurchaseIndents.tsx:1104 | client/src/pages/PurchaseIndents.tsx:1109 | client/src/pages/PurchaseIndents.tsx:1252 | client/src/pages/PurchaseIndents.tsx:1253 | client/src/pages/PurchaseIndents.tsx:1265 | client/src/pages/PurchaseIndents.tsx:1278 | client/src/pages/PurchaseIndents.tsx:1291 | client/src/pages/PurchaseIndents.tsx:1306 | client/src/pages/PurchaseIndents.tsx:1324 | client/src/pages/PurchaseIndents.tsx:1341 | client/src/pages/PurchaseIndents.tsx:1356 | client/src/pages/PurchaseIndents.tsx:1373 | client/src/pages/PurchaseIndents.tsx:1389 | client/src/pages/PurchaseIndents.tsx:1404 | client/src/pages/PurchaseIndents.tsx:1417 | client/src/pages/PurchaseIndents.tsx:1468 | client/src/pages/PurchaseIndents.tsx:1484 | client/src/pages/PurchaseIndents.tsx:1502 | client/src/pages/PurchaseIndents.tsx:1521 | client/src/pages/PurchaseIndents.tsx:1560 | client/src/pages/SiteHome.tsx:59 | client/src/pages/SiteHome.tsx:62 | client/src/pages/SiteMaterialTrips.tsx:292 | client/src/pages/StoresGrn.tsx:331 | client/src/pages/StoresHub.tsx:66","assertPiRaiserRead(req, res)","","See /api requireAuth, public/optional estimator exceptions, and local guards","Keep route-specific site/project/record scope and business checks; section grant alone is not enough"
"GET /api/purchase-indents/for-material","server/routes.ts:9093","","","client/src/pages/PlantMaterialReceipts.tsx:446 | client/src/pages/StoresGrn.tsx:356 | client/src/pages/StoresGrn.tsx:449","See handler and middleware; no recognized local assert/can guard","","See /api requireAuth, public/optional estimator exceptions, and local guards","Keep route-specific site/project/record scope and business checks; section grant alone is not enough"
"GET /api/purchase-indents/summary","server/routes.ts:9111","","","client/src/pages/PurchaseIndents.tsx:1050","See handler and middleware; no recognized local assert/can guard","","See /api requireAuth, public/optional estimator exceptions, and local guards","Keep route-specific site/project/record scope and business checks; section grant alone is not enough"
"GET /api/purchase-indents/report","server/routes.ts:9131","","","client/src/pages/PurchaseIndents.tsx:1735 | client/src/pages/PurchaseIndents.tsx:1768","See handler and middleware; no recognized local assert/can guard","","See /api requireAuth, public/optional estimator exceptions, and local guards","Keep route-specific site/project/record scope and business checks; section grant alone is not enough"
"GET /api/purchase-indents/route-corrections","server/routes.ts:9149","","site_procurement.view via assertPiRaiserRead -> server/routes.ts:9056 @ server/routes.ts:9151 | purchase_indents_view.view via assertPiRaiserRead -> server/routes.ts:9056 @ server/routes.ts:9151 | purchase_indents_raise.view via assertPiRaiserRead -> server/routes.ts:9056 @ server/routes.ts:9151 | site_procurement.create via assertPiRaiserRead -> server/routes.ts:9056 @ server/routes.ts:9151 | purchase_indents_raise.create via assertPiRaiserRead -> server/routes.ts:9056 @ server/routes.ts:9151 | site_procurement.edit via assertPiRaiserRead -> server/routes.ts:9056 @ server/routes.ts:9151 | purchase_indents_raise.edit via assertPiRaiserRead -> server/routes.ts:9056 @ server/routes.ts:9151","client/src/pages/PurchaseIndents.tsx:1064 | client/src/pages/PurchaseIndents.tsx:1069","assertPiRaiserRead(req, res)","","See /api requireAuth, public/optional estimator exceptions, and local guards","Keep route-specific site/project/record scope and business checks; section grant alone is not enough"
"POST /api/purchase-indents/route-corrections/apply","server/routes.ts:9161","site_procurement; purchase_indents_raise","site_procurement.view via assertPiRaiserRead -> server/routes.ts:9056 @ server/routes.ts:9163 | purchase_indents_view.view via assertPiRaiserRead -> server/routes.ts:9056 @ server/routes.ts:9163 | purchase_indents_raise.view via assertPiRaiserRead -> server/routes.ts:9056 @ server/routes.ts:9163 | site_procurement.create via assertPiRaiserRead -> server/routes.ts:9056 @ server/routes.ts:9163 | purchase_indents_raise.create via assertPiRaiserRead -> server/routes.ts:9056 @ server/routes.ts:9163 | site_procurement.edit via assertEditEither @ server/routes.ts:9164 | site_procurement.edit via assertPiRaiserRead -> server/routes.ts:9056 @ server/routes.ts:9163 | purchase_indents_raise.edit via assertEditEither @ server/routes.ts:9164 | purchase_indents_raise.edit via assertPiRaiserRead -> server/routes.ts:9056 @ server/routes.ts:9163","client/src/pages/PurchaseIndents.tsx:1069 | client/src/pages/PurchaseIndents.tsx:1077","assertPiRaiserRead(req, res) / assertEditEither(req, res, ""site_procurement"", ""purchase_indents_raise"")","","See /api requireAuth, public/optional estimator exceptions, and local guards","Keep route-specific site/project/record scope and business checks; section grant alone is not enough"
"PATCH /api/purchase-indents/:id/items/:itemId/destination","server/routes.ts:9213","site_procurement; purchase_indents_raise","site_procurement.edit via assertEditEither @ server/routes.ts:9215 | purchase_indents_raise.edit via assertEditEither @ server/routes.ts:9215","client/src/pages/PurchaseIndents.tsx:2651","assertEditEither(req, res, ""site_procurement"", ""purchase_indents_raise"") / assertPiDeliveryScope(req, res, indentId, [req.body])","","See /api requireAuth, public/optional estimator exceptions, and local guards","Keep route-specific site/project/record scope and business checks; section grant alone is not enough"
"GET /api/purchase-indents/:id","server/routes.ts:9225","","site_procurement.view via assertPiRaiserRead -> server/routes.ts:9056 @ server/routes.ts:9228 | purchase_indents_view.view via assertPiRaiserRead -> server/routes.ts:9056 @ server/routes.ts:9228 | purchase_indents_raise.view via assertPiRaiserRead -> server/routes.ts:9056 @ server/routes.ts:9228 | site_procurement.create via assertPiRaiserRead -> server/routes.ts:9056 @ server/routes.ts:9228 | purchase_indents_raise.create via assertPiRaiserRead -> server/routes.ts:9056 @ server/routes.ts:9228 | site_procurement.edit via assertPiRaiserRead -> server/routes.ts:9056 @ server/routes.ts:9228 | purchase_indents_raise.edit via assertPiRaiserRead -> server/routes.ts:9056 @ server/routes.ts:9228","client/src/pages/PlantMaterialReceipts.tsx:446 | client/src/pages/PlantMaterialReceipts.tsx:466 | client/src/pages/PurchaseIndents.tsx:1050 | client/src/pages/PurchaseIndents.tsx:1064 | client/src/pages/PurchaseIndents.tsx:1069 | client/src/pages/PurchaseIndents.tsx:1341 | client/src/pages/PurchaseIndents.tsx:1343 | client/src/pages/PurchaseIndents.tsx:1356 | client/src/pages/PurchaseIndents.tsx:1358 | client/src/pages/PurchaseIndents.tsx:1735 | client/src/pages/PurchaseIndents.tsx:1768 | client/src/pages/StoresGrn.tsx:356 | client/src/pages/StoresGrn.tsx:449","assertPiRaiserRead(req, res) / assertPiDeliveryScope(req, res, id)","","See /api requireAuth, public/optional estimator exceptions, and local guards","Keep route-specific site/project/record scope and business checks; section grant alone is not enough"
"GET /api/purchase-orders/pending","server/routes.ts:9304","purchase_indents_approve","purchase_indents_approve.approve via assertApprove @ server/routes.ts:9306","client/src/pages/PurchaseIndents.tsx:981 | client/src/pages/PurchaseIndents.tsx:985","assertApprove(req, res, ""purchase_indents_approve"") / !req.authUser?.isAdmin && (order.raisedByUserId === req.authUser?.id || indent.authorUserId === req.authUser?.id)","","See /api requireAuth, public/optional estimator exceptions, and local guards","Keep route-specific site/project/record scope and business checks; section grant alone is not enough"
"GET /api/purchase-indents/:id/items/:itemId/purchase-order","server/routes.ts:9321","","site_procurement.view via assertPiRaiserRead -> server/routes.ts:9056 @ server/routes.ts:9323 | purchase_indents_view.view via assertPiRaiserRead -> server/routes.ts:9056 @ server/routes.ts:9323 | purchase_indents_raise.view via assertPiRaiserRead -> server/routes.ts:9056 @ server/routes.ts:9323 | site_procurement.create via assertPiRaiserRead -> server/routes.ts:9056 @ server/routes.ts:9323 | purchase_indents_raise.create via assertPiRaiserRead -> server/routes.ts:9056 @ server/routes.ts:9323 | site_procurement.edit via assertPiRaiserRead -> server/routes.ts:9056 @ server/routes.ts:9323 | purchase_indents_raise.edit via assertPiRaiserRead -> server/routes.ts:9056 @ server/routes.ts:9323","No direct literal caller identified; inspect dynamic/shared/service caller","assertPiRaiserRead(req, res)","","See /api requireAuth, public/optional estimator exceptions, and local guards","Keep route-specific site/project/record scope and business checks; section grant alone is not enough"
"POST /api/purchase-indents/:id/items/:itemId/purchase-order","server/routes.ts:9346","site_procurement; purchase_indents_raise","site_procurement.create via assertCreateEither @ server/routes.ts:9348 | purchase_indents_raise.create via assertCreateEither @ server/routes.ts:9348","No direct literal caller identified; inspect dynamic/shared/service caller","assertCreateEither(req, res, ""site_procurement"", ""purchase_indents_raise"")","","See /api requireAuth, public/optional estimator exceptions, and local guards","Keep route-specific site/project/record scope and business checks; section grant alone is not enough"
"PATCH /api/purchase-indents/:id/items/:itemId/purchase-order","server/routes.ts:9392","site_procurement; purchase_indents_raise","site_procurement.create via assertCreateEither @ server/routes.ts:9394 | purchase_indents_raise.create via assertCreateEither @ server/routes.ts:9394","No direct literal caller identified; inspect dynamic/shared/service caller","assertCreateEither(req, res, ""site_procurement"", ""purchase_indents_raise"")","","See /api requireAuth, public/optional estimator exceptions, and local guards","Keep route-specific site/project/record scope and business checks; section grant alone is not enough"
"POST /api/purchase-indents/:id/items/:itemId/purchase-order/submit","server/routes.ts:9416","site_procurement; purchase_indents_raise","site_procurement.create via assertCreateEither @ server/routes.ts:9418 | purchase_indents_raise.create via assertCreateEither @ server/routes.ts:9418","No direct literal caller identified; inspect dynamic/shared/service caller","assertCreateEither(req, res, ""site_procurement"", ""purchase_indents_raise"")","","See /api requireAuth, public/optional estimator exceptions, and local guards","Keep route-specific site/project/record scope and business checks; section grant alone is not enough"
"POST /api/purchase-indents/:id/items/:itemId/purchase-order/decision","server/routes.ts:9428","purchase_indents_approve","purchase_indents_approve.approve via assertApprove @ server/routes.ts:9430","No direct literal caller identified; inspect dynamic/shared/service caller","assertApprove(req, res, ""purchase_indents_approve"") / !req.authUser?.isAdmin && (current.raisedByUserId === req.authUser?.id || scoped.indent.authorUserId === req.authUser?.id)","","See /api requireAuth, public/optional estimator exceptions, and local guards","Keep route-specific site/project/record scope and business checks; section grant alone is not enough"
"GET /api/purchase-indents/:id/items/:itemId/purchase-order.pdf","server/routes.ts:9454","purchase_indents_view; purchase_indents_raise","site_procurement.view via assertPiRaiserRead -> server/routes.ts:9056 @ server/routes.ts:9457 | purchase_indents_view.view via assertPiRaiserRead -> server/routes.ts:9056 @ server/routes.ts:9457 | purchase_indents_raise.view via assertPiRaiserRead -> server/routes.ts:9056 @ server/routes.ts:9457 | site_procurement.create via assertPiRaiserRead -> server/routes.ts:9056 @ server/routes.ts:9457 | purchase_indents_raise.create via assertPiRaiserRead -> server/routes.ts:9056 @ server/routes.ts:9457 | site_procurement.edit via assertPiRaiserRead -> server/routes.ts:9056 @ server/routes.ts:9457 | purchase_indents_raise.edit via assertPiRaiserRead -> server/routes.ts:9056 @ server/routes.ts:9457 | purchase_indents_view.export via assertReportExport @ server/routes.ts:9455 | purchase_indents_raise.export via assertReportExport @ server/routes.ts:9455","client/src/pages/PurchaseIndents.tsx:891","assertReportExport(req, res, ""purchase_indents_view"", ""purchase_indents_raise"") / assertPiRaiserRead(req, res)","","See /api requireAuth, public/optional estimator exceptions, and local guards","Keep route-specific site/project/record scope and business checks; section grant alone is not enough"
"POST /api/purchase-indents","server/routes.ts:9474","site_procurement; purchase_indents_view; purchase_indents_raise","site_procurement.create via assertCreateEither @ server/routes.ts:9476 | purchase_indents_raise.create via assertCreateEither @ server/routes.ts:9476 | purchase_indents_view.notify via sendPushToSection @ server/routes.ts:9479","client/src/pages/FieldHome.tsx:851 | client/src/pages/FinanceHub.tsx:33 | client/src/pages/FinanceHub.tsx:36 | client/src/pages/Home.tsx:120 | client/src/pages/PendingPlantReceipts.tsx:92 | client/src/pages/PendingPlantReceipts.tsx:106 | client/src/pages/PlantMaterialReceipts.tsx:315 | client/src/pages/PlantMaterialReceipts.tsx:557 | client/src/pages/PurchaseIndents.tsx:978 | client/src/pages/PurchaseIndents.tsx:1069 | client/src/pages/PurchaseIndents.tsx:1104 | client/src/pages/PurchaseIndents.tsx:1109 | client/src/pages/PurchaseIndents.tsx:1252 | client/src/pages/PurchaseIndents.tsx:1253 | client/src/pages/PurchaseIndents.tsx:1265 | client/src/pages/PurchaseIndents.tsx:1278 | client/src/pages/PurchaseIndents.tsx:1291 | client/src/pages/PurchaseIndents.tsx:1306 | client/src/pages/PurchaseIndents.tsx:1324 | client/src/pages/PurchaseIndents.tsx:1341 | client/src/pages/PurchaseIndents.tsx:1356 | client/src/pages/PurchaseIndents.tsx:1373 | client/src/pages/PurchaseIndents.tsx:1389 | client/src/pages/PurchaseIndents.tsx:1404 | client/src/pages/PurchaseIndents.tsx:1417 | client/src/pages/PurchaseIndents.tsx:1468 | client/src/pages/PurchaseIndents.tsx:1484 | client/src/pages/PurchaseIndents.tsx:1502 | client/src/pages/PurchaseIndents.tsx:1521 | client/src/pages/PurchaseIndents.tsx:1560 | client/src/pages/SiteHome.tsx:59 | client/src/pages/SiteHome.tsx:62 | client/src/pages/SiteMaterialTrips.tsx:292 | client/src/pages/StoresGrn.tsx:331 | client/src/pages/StoresHub.tsx:66","assertCreateEither(req, res, ""site_procurement"", ""purchase_indents_raise"")","","See /api requireAuth, public/optional estimator exceptions, and local guards","Keep route-specific site/project/record scope and business checks; section grant alone is not enough"
"PATCH /api/purchase-indents/:id/approve","server/routes.ts:9490","purchase_indents_view; purchase_indents_approve","purchase_indents_approve.approve via assertApprove @ server/routes.ts:9495 | purchase_indents_view.notify via sendPushToSection @ server/routes.ts:9524","client/src/pages/PurchaseIndents.tsx:1265 | client/src/pages/PurchaseIndents.tsx:1266","assertApprove(req, res, ""purchase_indents_approve"") / !req.authUser?.isAdmin && existingIndent.authorUserId && existingIndent.authorUserId === req.authUser?.id","","See /api requireAuth, public/optional estimator exceptions, and local guards","Keep route-specific site/project/record scope and business checks; section grant alone is not enough"
"PATCH /api/purchase-indents/:id/reject","server/routes.ts:9536","purchase_indents_view; purchase_indents_approve","purchase_indents_approve.approve via assertApprove @ server/routes.ts:9541 | purchase_indents_view.notify via sendPushToSection @ server/routes.ts:9552","client/src/pages/PurchaseIndents.tsx:1278 | client/src/pages/PurchaseIndents.tsx:1279","assertApprove(req, res, ""purchase_indents_approve"")","","See /api requireAuth, public/optional estimator exceptions, and local guards","Keep route-specific site/project/record scope and business checks; section grant alone is not enough"
"PATCH /api/purchase-indents/:id/stores-verify","server/routes.ts:9561","purchase_indents_view; stores_inventory","stores_inventory.create via assertCreate @ server/routes.ts:9564 | purchase_indents_view.notify via sendPushToSection @ server/routes.ts:9581","client/src/pages/PurchaseIndents.tsx:1389 | client/src/pages/PurchaseIndents.tsx:1390","assertCreate(req, res, ""stores_inventory"")","","See /api requireAuth, public/optional estimator exceptions, and local guards","Keep route-specific site/project/record scope and business checks; section grant alone is not enough"
"PATCH /api/purchase-indents/:id/stores-bypass","server/routes.ts:9591","purchase_indents_view; stores_inventory","stores_inventory.create via assertCreate @ server/routes.ts:9594 | purchase_indents_view.notify via sendPushToSection @ server/routes.ts:9602","No direct literal caller identified; inspect dynamic/shared/service caller","assertCreate(req, res, ""stores_inventory"")","","See /api requireAuth, public/optional estimator exceptions, and local guards","Keep route-specific site/project/record scope and business checks; section grant alone is not enough"
"POST /api/purchase-indents/:id/place-order","server/routes.ts:9613","site_procurement; purchase_indents_raise","site_procurement.create via assertCreateEither @ server/routes.ts:9616 | purchase_indents_raise.create via assertCreateEither @ server/routes.ts:9616","No direct literal caller identified; inspect dynamic/shared/service caller","assertCreateEither(req, res, ""site_procurement"", ""purchase_indents_raise"") / assertPiDeliveryScope(req, res, id, items || [])","","See /api requireAuth, public/optional estimator exceptions, and local guards","Keep route-specific site/project/record scope and business checks; section grant alone is not enough"
"POST /api/purchase-indents/:id/record-material-receipt","server/routes.ts:9629","site_procurement; purchase_indents_raise","site_procurement.create via assertCreateEither @ server/routes.ts:9632 | purchase_indents_raise.create via assertCreateEither @ server/routes.ts:9632","client/src/pages/PurchaseIndents.tsx:1521 | client/src/pages/PurchaseIndents.tsx:1522","assertCreateEither(req, res, ""site_procurement"", ""purchase_indents_raise"")","","See /api requireAuth, public/optional estimator exceptions, and local guards","Keep route-specific site/project/record scope and business checks; section grant alone is not enough"
"GET /api/purchase-indents/pending-for-material/:materialId","server/routes.ts:9647","","","client/src/pages/PlantMaterialReceipts.tsx:466 | client/src/pages/PlantMaterialReceipts.tsx:468","assertAuthed(req, res)","","See /api requireAuth, public/optional estimator exceptions, and local guards","Keep route-specific site/project/record scope and business checks; section grant alone is not enough"
"PATCH /api/purchase-indents/items/:itemId/link-receipt","server/routes.ts:9659","site_procurement; purchase_indents_raise; plant_stock","plant_stock.create via direct matrix read @ server/routes.ts:9667 | site_procurement.create via direct matrix read @ server/routes.ts:9668 | purchase_indents_raise.create via direct matrix read @ server/routes.ts:9669","client/src/pages/PlantMaterialReceipts.tsx:557 | client/src/pages/PlantMaterialReceipts.tsx:566","assertAuthed(req, res)","","See /api requireAuth, public/optional estimator exceptions, and local guards","Keep route-specific site/project/record scope and business checks; section grant alone is not enough"
"GET /api/irn/stock-lookup","server/routes.ts:9688","","","client/src/pages/irn/IrnDetailPage.tsx:94","assertAuthed(req, res)","","See /api requireAuth, public/optional estimator exceptions, and local guards","Keep route-specific site/project/record scope and business checks; section grant alone is not enough"
"GET /api/irn/procurement-queue","server/routes.ts:9713","","","client/src/pages/irn/IrnListPage.tsx:88 | client/src/pages/irn/IrnListPage.tsx:92","assertAuthed(req, res)","","See /api requireAuth, public/optional estimator exceptions, and local guards","Keep route-specific site/project/record scope and business checks; section grant alone is not enough"
"POST /api/irn/:id/raise-pi","server/routes.ts:9766","site_procurement; purchase_indents_view; purchase_indents_raise","site_procurement.create via assertCreateEither @ server/routes.ts:9768 | purchase_indents_raise.create via assertCreateEither @ server/routes.ts:9768 | purchase_indents_view.notify via sendPushToSection @ server/routes.ts:9816","client/src/pages/irn/IrnListPage.tsx:92 | client/src/pages/irn/IrnListPage.tsx:94","assertCreateEither(req, res, ""site_procurement"", ""purchase_indents_raise"")","","See /api requireAuth, public/optional estimator exceptions, and local guards","Keep route-specific site/project/record scope and business checks; section grant alone is not enough"
"GET /api/irn","server/routes.ts:9824","","","client/src/components/HubShell.tsx:90 | client/src/components/HubShell.tsx:93 | client/src/pages/FieldHome.tsx:891 | client/src/pages/FinanceHub.tsx:43 | client/src/pages/FinanceHub.tsx:46 | client/src/pages/Home.tsx:141 | client/src/pages/Home.tsx:144 | client/src/pages/PurchaseIndents.tsx:1016 | client/src/pages/StoresHub.tsx:56 | client/src/pages/StoresHub.tsx:59 | client/src/pages/irn/IrnDetailPage.tsx:84 | client/src/pages/irn/IrnDetailPage.tsx:137 | client/src/pages/irn/IrnDetailPage.tsx:385 | client/src/pages/irn/IrnDetailPage.tsx:432 | client/src/pages/irn/IrnDetailPage.tsx:451 | client/src/pages/irn/IrnDetailPage.tsx:478 | client/src/pages/irn/IrnDetailPage.tsx:498 | client/src/pages/irn/IrnDetailPage.tsx:518 | client/src/pages/irn/IrnListPage.tsx:92 | client/src/pages/irn/IrnListPage.tsx:257 | client/src/pages/irn/IrnRaisePage.tsx:198 | client/src/pages/irn/IrnRaisePage.tsx:295 | client/src/pages/irn/IrnRaisePage.tsx:315","assertAuthed(req, res)","","See /api requireAuth, public/optional estimator exceptions, and local guards","Keep route-specific site/project/record scope and business checks; section grant alone is not enough"
"GET /api/irn/:id","server/routes.ts:9836","","","client/src/pages/PurchaseIndents.tsx:1016 | client/src/pages/PurchaseIndents.tsx:1019 | client/src/pages/irn/IrnDetailPage.tsx:84 | client/src/pages/irn/IrnDetailPage.tsx:87 | client/src/pages/irn/IrnDetailPage.tsx:94 | client/src/pages/irn/IrnDetailPage.tsx:518 | client/src/pages/irn/IrnDetailPage.tsx:520 | client/src/pages/irn/IrnListPage.tsx:88 | client/src/pages/irn/IrnListPage.tsx:92 | client/src/pages/irn/IrnRaisePage.tsx:198 | client/src/pages/irn/IrnRaisePage.tsx:201 | client/src/pages/irn/IrnRaisePage.tsx:295 | client/src/pages/irn/IrnRaisePage.tsx:312","assertAuthed(req, res)","","See /api requireAuth, public/optional estimator exceptions, and local guards","Keep route-specific site/project/record scope and business checks; section grant alone is not enough"
"POST /api/irn","server/routes.ts:9850","irn_view; irn_raise","irn_raise.create via assertCreate @ server/routes.ts:9852 | irn_view.notify via sendPushToSection @ server/routes.ts:9856","client/src/components/HubShell.tsx:90 | client/src/components/HubShell.tsx:93 | client/src/pages/FieldHome.tsx:891 | client/src/pages/FinanceHub.tsx:43 | client/src/pages/FinanceHub.tsx:46 | client/src/pages/Home.tsx:141 | client/src/pages/Home.tsx:144 | client/src/pages/PurchaseIndents.tsx:1016 | client/src/pages/StoresHub.tsx:56 | client/src/pages/StoresHub.tsx:59 | client/src/pages/irn/IrnDetailPage.tsx:84 | client/src/pages/irn/IrnDetailPage.tsx:137 | client/src/pages/irn/IrnDetailPage.tsx:385 | client/src/pages/irn/IrnDetailPage.tsx:432 | client/src/pages/irn/IrnDetailPage.tsx:451 | client/src/pages/irn/IrnDetailPage.tsx:478 | client/src/pages/irn/IrnDetailPage.tsx:498 | client/src/pages/irn/IrnDetailPage.tsx:518 | client/src/pages/irn/IrnListPage.tsx:92 | client/src/pages/irn/IrnListPage.tsx:257 | client/src/pages/irn/IrnRaisePage.tsx:198 | client/src/pages/irn/IrnRaisePage.tsx:295 | client/src/pages/irn/IrnRaisePage.tsx:315","assertCreate(req, res, ""irn_raise"")","","See /api requireAuth, public/optional estimator exceptions, and local guards","Keep route-specific site/project/record scope and business checks; section grant alone is not enough"
"PATCH /api/irn/:id/stores-verify","server/routes.ts:9864","irn_view; stores_inventory","stores_inventory.create via assertCreate @ server/routes.ts:9866 | irn_view.notify via sendPushToSection @ server/routes.ts:9895","client/src/pages/irn/IrnDetailPage.tsx:432 | client/src/pages/irn/IrnDetailPage.tsx:434","assertCreate(req, res, ""stores_inventory"")","","See /api requireAuth, public/optional estimator exceptions, and local guards","Keep route-specific site/project/record scope and business checks; section grant alone is not enough"
"PATCH /api/irn/:id/approve","server/routes.ts:9903","irn_view; irn_approve","irn_approve.approve via assertApprove @ server/routes.ts:9905 | irn_view.notify via sendPushToSection @ server/routes.ts:9923 | irn_view.notify via sendPushToSection @ server/routes.ts:9925","client/src/pages/irn/IrnDetailPage.tsx:451 | client/src/pages/irn/IrnDetailPage.tsx:453","assertApprove(req, res, ""irn_approve"") / !req.authUser?.isAdmin && currentUserId && existing.raisedByUserId && currentUserId === existing.raisedByUserId","","See /api requireAuth, public/optional estimator exceptions, and local guards","Keep route-specific site/project/record scope and business checks; section grant alone is not enough"
"PATCH /api/irn/:id/close","server/routes.ts:9934","irn_view; irn_approve; stores_inventory","stores_inventory.create via direct matrix read @ server/routes.ts:9939 | irn_approve.approve via direct matrix read @ server/routes.ts:9938 | irn_view.notify via sendPushToSection @ server/routes.ts:9956","client/src/pages/irn/IrnDetailPage.tsx:478 | client/src/pages/irn/IrnDetailPage.tsx:480","!req.authUser","","See /api requireAuth, public/optional estimator exceptions, and local guards","Keep route-specific site/project/record scope and business checks; section grant alone is not enough"
"PATCH /api/irn/:id/reopen","server/routes.ts:9964","irn_approve","irn_approve.approve via direct matrix read @ server/routes.ts:9968","client/src/pages/irn/IrnDetailPage.tsx:498 | client/src/pages/irn/IrnDetailPage.tsx:500","!req.authUser","","See /api requireAuth, public/optional estimator exceptions, and local guards","Keep route-specific site/project/record scope and business checks; section grant alone is not enough"
"GET /api/irn/:id/audit-logs","server/routes.ts:9988","","","client/src/pages/irn/IrnDetailPage.tsx:137 | client/src/pages/irn/IrnDetailPage.tsx:140","!req.authUser","","See /api requireAuth, public/optional estimator exceptions, and local guards","Keep route-specific site/project/record scope and business checks; section grant alone is not enough"
"DELETE /api/irn/:id","server/routes.ts:10001","","","client/src/pages/PurchaseIndents.tsx:1016 | client/src/pages/PurchaseIndents.tsx:1019 | client/src/pages/irn/IrnDetailPage.tsx:84 | client/src/pages/irn/IrnDetailPage.tsx:87 | client/src/pages/irn/IrnDetailPage.tsx:94 | client/src/pages/irn/IrnDetailPage.tsx:518 | client/src/pages/irn/IrnDetailPage.tsx:520 | client/src/pages/irn/IrnListPage.tsx:88 | client/src/pages/irn/IrnListPage.tsx:92 | client/src/pages/irn/IrnRaisePage.tsx:198 | client/src/pages/irn/IrnRaisePage.tsx:201 | client/src/pages/irn/IrnRaisePage.tsx:295 | client/src/pages/irn/IrnRaisePage.tsx:312","assertAdmin(req, res)","","See /api requireAuth, public/optional estimator exceptions, and local guards","Keep route-specific site/project/record scope and business checks; section grant alone is not enough"
"PATCH /api/irn/:id","server/routes.ts:10015","","","client/src/pages/PurchaseIndents.tsx:1016 | client/src/pages/PurchaseIndents.tsx:1019 | client/src/pages/irn/IrnDetailPage.tsx:84 | client/src/pages/irn/IrnDetailPage.tsx:87 | client/src/pages/irn/IrnDetailPage.tsx:94 | client/src/pages/irn/IrnDetailPage.tsx:518 | client/src/pages/irn/IrnDetailPage.tsx:520 | client/src/pages/irn/IrnListPage.tsx:88 | client/src/pages/irn/IrnListPage.tsx:92 | client/src/pages/irn/IrnRaisePage.tsx:198 | client/src/pages/irn/IrnRaisePage.tsx:201 | client/src/pages/irn/IrnRaisePage.tsx:295 | client/src/pages/irn/IrnRaisePage.tsx:312","assertAdmin(req, res) / existing.status !== ""pending_stores"" && !req.authUser?.isAdmin","","See /api requireAuth, public/optional estimator exceptions, and local guards","Keep route-specific site/project/record scope and business checks; section grant alone is not enough"
"POST /api/irn/:id/record-issue","server/routes.ts:10036","irn_view; stores_inventory","stores_inventory.create via assertCreate @ server/routes.ts:10038 | irn_view.notify via sendPushToSection @ server/routes.ts:10050","client/src/pages/irn/IrnDetailPage.tsx:385 | client/src/pages/irn/IrnDetailPage.tsx:410","assertCreate(req, res, ""stores_inventory"")","","See /api requireAuth, public/optional estimator exceptions, and local guards","Keep route-specific site/project/record scope and business checks; section grant alone is not enough"
"GET /api/irn/:id/issue-vouchers","server/routes.ts:10063","","","client/src/pages/irn/IrnDetailPage.tsx:131 | client/src/pages/irn/IrnDetailPage.tsx:385","See handler and middleware; no recognized local assert/can guard","","See /api requireAuth, public/optional estimator exceptions, and local guards","Keep route-specific site/project/record scope and business checks; section grant alone is not enough"
"GET /api/irn/:id/issue-voucher","server/routes.ts:10075","irn_view; irn_raise","irn_view.export via assertReportExport @ server/routes.ts:10077 | irn_raise.export via assertReportExport @ server/routes.ts:10077","client/src/pages/irn/IrnDetailPage.tsx:1042","assertReportExport(req, res, ""irn_view"", ""irn_raise"")","","See /api requireAuth, public/optional estimator exceptions, and local guards","Keep route-specific site/project/record scope and business checks; section grant alone is not enough"
"PATCH /api/purchase-indent-items/:id/procure","server/routes.ts:10320","site_procurement; purchase_indents_view; purchase_indents_raise","site_procurement.edit via assertEditEither @ server/routes.ts:10322 | purchase_indents_raise.edit via assertEditEither @ server/routes.ts:10322 | purchase_indents_view.notify via sendPushToSection @ server/routes.ts:10340","client/src/pages/PurchaseIndents.tsx:1404 | client/src/pages/PurchaseIndents.tsx:1406","assertEditEither(req, res, ""site_procurement"", ""purchase_indents_raise"")","","See /api requireAuth, public/optional estimator exceptions, and local guards","Keep route-specific site/project/record scope and business checks; section grant alone is not enough"
"POST /api/purchase-indents/:id/notify","server/routes.ts:10350","site_procurement; purchase_indents_view; purchase_indents_raise","site_procurement.edit via assertEditEither @ server/routes.ts:10352 | purchase_indents_raise.edit via assertEditEither @ server/routes.ts:10352 | purchase_indents_view.notify via sendPushToSection @ server/routes.ts:10374","client/src/pages/PurchaseIndents.tsx:1373 | client/src/pages/PurchaseIndents.tsx:1374","assertEditEither(req, res, ""site_procurement"", ""purchase_indents_raise"")","","See /api requireAuth, public/optional estimator exceptions, and local guards","Keep route-specific site/project/record scope and business checks; section grant alone is not enough"
"GET /api/purchase-indent-items/recent-items","server/routes.ts:10388","","site_procurement.view via assertPiRaiserRead -> server/routes.ts:9056 @ server/routes.ts:10390 | purchase_indents_view.view via assertPiRaiserRead -> server/routes.ts:9056 @ server/routes.ts:10390 | purchase_indents_raise.view via assertPiRaiserRead -> server/routes.ts:9056 @ server/routes.ts:10390 | site_procurement.create via assertPiRaiserRead -> server/routes.ts:9056 @ server/routes.ts:10390 | purchase_indents_raise.create via assertPiRaiserRead -> server/routes.ts:9056 @ server/routes.ts:10390 | site_procurement.edit via assertPiRaiserRead -> server/routes.ts:9056 @ server/routes.ts:10390 | purchase_indents_raise.edit via assertPiRaiserRead -> server/routes.ts:9056 @ server/routes.ts:10390","client/src/pages/PurchaseIndents.tsx:1119","assertPiRaiserRead(req, res)","","See /api requireAuth, public/optional estimator exceptions, and local guards","Keep route-specific site/project/record scope and business checks; section grant alone is not enough"
"PATCH /api/purchase-indent-items/:id/purchase-update","server/routes.ts:10400","site_procurement; purchase_indents_view; purchase_indents_raise","site_procurement.edit via assertEditEither @ server/routes.ts:10402 | purchase_indents_raise.edit via assertEditEither @ server/routes.ts:10402 | purchase_indents_view.notify via sendPushToSection @ server/routes.ts:10423","client/src/pages/PurchaseIndents.tsx:1291 | client/src/pages/PurchaseIndents.tsx:1293","assertEditEither(req, res, ""site_procurement"", ""purchase_indents_raise"")","","See /api requireAuth, public/optional estimator exceptions, and local guards","Keep route-specific site/project/record scope and business checks; section grant alone is not enough"
"PATCH /api/purchase-indent-items/:id/cancel","server/routes.ts:10435","purchase_indents_view; purchase_indents_approve","purchase_indents_approve.approve via assertApprove @ server/routes.ts:10445 | purchase_indents_view.notify via sendPushToSection @ server/routes.ts:10451","client/src/pages/PurchaseIndents.tsx:1306 | client/src/pages/PurchaseIndents.tsx:1308","assertApprove(req, res, ""purchase_indents_approve"")","","See /api requireAuth, public/optional estimator exceptions, and local guards","Keep route-specific site/project/record scope and business checks; section grant alone is not enough"
"PATCH /api/purchase-indent-items/:id/reviewer-note","server/routes.ts:10462","site_procurement; purchase_indents_raise","site_procurement.edit via assertEditEither @ server/routes.ts:10464 | purchase_indents_raise.edit via assertEditEither @ server/routes.ts:10464","client/src/pages/PurchaseIndents.tsx:1384 | client/src/pages/PurchaseIndents.tsx:1386","assertEditEither(req, res, ""site_procurement"", ""purchase_indents_raise"")","","See /api requireAuth, public/optional estimator exceptions, and local guards","Keep route-specific site/project/record scope and business checks; section grant alone is not enough"
"PATCH /api/purchase-indents/:id/force-close","server/routes.ts:10475","purchase_indents_view","purchase_indents_view.notify via sendPushToSection @ server/routes.ts:10490","client/src/pages/PurchaseIndents.tsx:1324 | client/src/pages/PurchaseIndents.tsx:1326","assertAdmin(req, res)","","See /api requireAuth, public/optional estimator exceptions, and local guards","Keep route-specific site/project/record scope and business checks; section grant alone is not enough"
"PUT /api/purchase-indents/:id","server/routes.ts:10501","site_procurement; purchase_indents_raise","site_procurement.edit via assertEditEither @ server/routes.ts:10511 | purchase_indents_raise.edit via assertEditEither @ server/routes.ts:10511","client/src/pages/PlantMaterialReceipts.tsx:446 | client/src/pages/PlantMaterialReceipts.tsx:466 | client/src/pages/PurchaseIndents.tsx:1050 | client/src/pages/PurchaseIndents.tsx:1064 | client/src/pages/PurchaseIndents.tsx:1069 | client/src/pages/PurchaseIndents.tsx:1341 | client/src/pages/PurchaseIndents.tsx:1343 | client/src/pages/PurchaseIndents.tsx:1356 | client/src/pages/PurchaseIndents.tsx:1358 | client/src/pages/PurchaseIndents.tsx:1735 | client/src/pages/PurchaseIndents.tsx:1768 | client/src/pages/StoresGrn.tsx:356 | client/src/pages/StoresGrn.tsx:449","assertEditEither(req, res, ""site_procurement"", ""purchase_indents_raise"")","","See /api requireAuth, public/optional estimator exceptions, and local guards","Keep route-specific site/project/record scope and business checks; section grant alone is not enough"
"DELETE /api/purchase-indents/:id","server/routes.ts:10526","","","client/src/pages/PlantMaterialReceipts.tsx:446 | client/src/pages/PlantMaterialReceipts.tsx:466 | client/src/pages/PurchaseIndents.tsx:1050 | client/src/pages/PurchaseIndents.tsx:1064 | client/src/pages/PurchaseIndents.tsx:1069 | client/src/pages/PurchaseIndents.tsx:1341 | client/src/pages/PurchaseIndents.tsx:1343 | client/src/pages/PurchaseIndents.tsx:1356 | client/src/pages/PurchaseIndents.tsx:1358 | client/src/pages/PurchaseIndents.tsx:1735 | client/src/pages/PurchaseIndents.tsx:1768 | client/src/pages/StoresGrn.tsx:356 | client/src/pages/StoresGrn.tsx:449","assertAdmin(req, res)","","See /api requireAuth, public/optional estimator exceptions, and local guards","Keep route-specific site/project/record scope and business checks; section grant alone is not enough"
"GET /api/purchase-indent-items/:id/history","server/routes.ts:10540","","","client/src/pages/PurchaseIndents.tsx:356 | client/src/pages/PurchaseIndents.tsx:358","See handler and middleware; no recognized local assert/can guard","","See /api requireAuth, public/optional estimator exceptions, and local guards","Keep route-specific site/project/record scope and business checks; section grant alone is not enough"
"GET /api/purchase-indents/:id/transactions","server/routes.ts:10555","","","client/src/pages/PurchaseIndents.tsx:1109 | client/src/pages/PurchaseIndents.tsx:1111","See handler and middleware; no recognized local assert/can guard","","See /api requireAuth, public/optional estimator exceptions, and local guards","Keep route-specific site/project/record scope and business checks; section grant alone is not enough"
"POST /api/purchase-indents/:id/purchaser-action","server/routes.ts:10566","site_procurement; purchase_indents_raise","site_procurement.edit via assertEditEither @ server/routes.ts:10568 | purchase_indents_raise.edit via assertEditEither @ server/routes.ts:10568","client/src/pages/PurchaseIndents.tsx:1417 | client/src/pages/PurchaseIndents.tsx:1419","assertEditEither(req, res, ""site_procurement"", ""purchase_indents_raise"") / assertPiDeliveryScope(req, res, indentId, items)","","See /api requireAuth, public/optional estimator exceptions, and local guards","Keep route-specific site/project/record scope and business checks; section grant alone is not enough"
"POST /api/purchase-indent-items/:id/record-delivery","server/routes.ts:10617","site_procurement; purchase_indents_raise","site_procurement.edit via assertEditEither @ server/routes.ts:10619 | purchase_indents_raise.edit via assertEditEither @ server/routes.ts:10619","client/src/pages/PurchaseIndents.tsx:1502 | client/src/pages/PurchaseIndents.tsx:1504","assertEditEither(req, res, ""site_procurement"", ""purchase_indents_raise"")","","See /api requireAuth, public/optional estimator exceptions, and local guards","Keep route-specific site/project/record scope and business checks; section grant alone is not enough"
"POST /api/purchase-indents/:id/service-completion","server/routes.ts:10654","purchase_indents_approve","purchase_indents_approve.approve via assertApprove @ server/routes.ts:10656","client/src/pages/PurchaseIndents.tsx:1468 | client/src/pages/PurchaseIndents.tsx:1469","assertApprove(req, res, ""purchase_indents_approve"")","","See /api requireAuth, public/optional estimator exceptions, and local guards","Keep route-specific site/project/record scope and business checks; section grant alone is not enough"
"GET /api/service-completions","server/routes.ts:10707","","","client/src/pages/PurchaseIndents.tsx:1005 | client/src/pages/PurchaseIndents.tsx:1008 | client/src/pages/PurchaseIndents.tsx:1468","See handler and middleware; no recognized local assert/can guard","","See /api requireAuth, public/optional estimator exceptions, and local guards","Account/self-service/system constraints remain separate"
"POST /api/purchase-indent-items/:itemId/handover","server/routes.ts:10718","","","No direct literal caller identified; inspect dynamic/shared/service caller","See handler and middleware; no recognized local assert/can guard","","See /api requireAuth, public/optional estimator exceptions, and local guards","Keep route-specific site/project/record scope and business checks; section grant alone is not enough"
"POST /api/purchase-indents/:id/bulk-receipt","server/routes.ts:10734","site_procurement; purchase_indents_raise","site_procurement.edit via assertEditEither @ server/routes.ts:10736 | purchase_indents_raise.edit via assertEditEither @ server/routes.ts:10736","client/src/pages/PurchaseIndents.tsx:1484 | client/src/pages/PurchaseIndents.tsx:1485","assertEditEither(req, res, ""site_procurement"", ""purchase_indents_raise"") / assertPiDeliveryScope(req, res, indentId, [{ receivingLocation: location, receivingSiteId: siteId }])","","See /api requireAuth, public/optional estimator exceptions, and local guards","Keep route-specific site/project/record scope and business checks; section grant alone is not enough"
"GET /api/pending-plant-receipts/count","server/routes.ts:10758","plant_materials","plant_materials.view via assertView @ server/routes.ts:10760","client/src/pages/StoresHub.tsx:50","assertView(req, res, ""plant_materials"")","","See /api requireAuth, public/optional estimator exceptions, and local guards","Keep route-specific site/project/record scope and business checks; section grant alone is not enough"
"GET /api/pending-plant-receipts","server/routes.ts:10769","plant_materials","plant_materials.view via assertView @ server/routes.ts:10771","client/src/pages/PendingPlantReceipts.tsx:81 | client/src/pages/PendingPlantReceipts.tsx:86 | client/src/pages/PendingPlantReceipts.tsx:92 | client/src/pages/PendingPlantReceipts.tsx:106 | client/src/pages/PurchaseIndents.tsx:995 | client/src/pages/PurchaseIndents.tsx:998 | client/src/pages/PurchaseIndents.tsx:1484","assertView(req, res, ""plant_materials"")","","See /api requireAuth, public/optional estimator exceptions, and local guards","Keep route-specific site/project/record scope and business checks; section grant alone is not enough"
"PATCH /api/pending-plant-receipts/:id","server/routes.ts:10785","plant_materials","plant_materials.view via assertView @ server/routes.ts:10787","client/src/pages/PendingPlantReceipts.tsx:92 | client/src/pages/PendingPlantReceipts.tsx:94 | client/src/pages/PendingPlantReceipts.tsx:106 | client/src/pages/PendingPlantReceipts.tsx:108 | client/src/pages/StoresHub.tsx:50","assertView(req, res, ""plant_materials"") / target && target.createdByUserId === confirmedByUserId && !req.authUser?.isAdmin","","See /api requireAuth, public/optional estimator exceptions, and local guards","Keep route-specific site/project/record scope and business checks; section grant alone is not enough"
"GET /api/diesel-requirements","server/routes.ts:10824","","stores_inventory.view via assertDieselOrStoresView -> server/routes.ts:232 @ server/routes.ts:10826 | site_diesel.view via assertDieselOrStoresView -> server/routes.ts:232 @ server/routes.ts:10826 | diesel_req_raise.view via assertDieselOrStoresView -> server/routes.ts:232 @ server/routes.ts:10826 | site_diesel.edit via assertDieselOrStoresView -> server/routes.ts:232 @ server/routes.ts:10826 | diesel_req_raise.edit via assertDieselOrStoresView -> server/routes.ts:232 @ server/routes.ts:10826 | site_diesel.create via assertDieselOrStoresView -> server/routes.ts:232 @ server/routes.ts:10826 | diesel_req_raise.create via assertDieselOrStoresView -> server/routes.ts:232 @ server/routes.ts:10826","client/src/pages/DieselRequirements.tsx:249 | client/src/pages/DieselRequirements.tsx:565 | client/src/pages/DieselRequirements.tsx:574 | client/src/pages/DieselRequirements.tsx:681 | client/src/pages/DieselRequirements.tsx:682 | client/src/pages/DieselRequirements.tsx:695 | client/src/pages/DieselRequirements.tsx:712 | client/src/pages/DieselRequirements.tsx:729 | client/src/pages/DieselRequirements.tsx:748 | client/src/pages/DieselRequirements.tsx:764 | client/src/pages/Home.tsx:116 | client/src/pages/PlantMaterialReceipts.tsx:420 | client/src/pages/SiteHome.tsx:70 | client/src/pages/SiteHome.tsx:73 | client/src/pages/StoresDieselRegister.tsx:131","assertDieselOrStoresView(req, res)","","See /api requireAuth, public/optional estimator exceptions, and local guards","Keep route-specific site/project/record scope and business checks; section grant alone is not enough"
"GET /api/diesel-requirements/summary","server/routes.ts:10840","","stores_inventory.view via assertDieselOrStoresView -> server/routes.ts:232 @ server/routes.ts:10842 | site_diesel.view via assertDieselOrStoresView -> server/routes.ts:232 @ server/routes.ts:10842 | diesel_req_raise.view via assertDieselOrStoresView -> server/routes.ts:232 @ server/routes.ts:10842 | site_diesel.edit via assertDieselOrStoresView -> server/routes.ts:232 @ server/routes.ts:10842 | diesel_req_raise.edit via assertDieselOrStoresView -> server/routes.ts:232 @ server/routes.ts:10842 | site_diesel.create via assertDieselOrStoresView -> server/routes.ts:232 @ server/routes.ts:10842 | diesel_req_raise.create via assertDieselOrStoresView -> server/routes.ts:232 @ server/routes.ts:10842","client/src/pages/DieselRequirements.tsx:570 | client/src/pages/DieselRequirements.tsx:681 | client/src/pages/DieselRequirements.tsx:695 | client/src/pages/DieselRequirements.tsx:712 | client/src/pages/DieselRequirements.tsx:729 | client/src/pages/DieselRequirements.tsx:748 | client/src/pages/DieselRequirements.tsx:764","assertDieselOrStoresView(req, res)","","See /api requireAuth, public/optional estimator exceptions, and local guards","Keep route-specific site/project/record scope and business checks; section grant alone is not enough"
"GET /api/diesel-requirements/daily-report","server/routes.ts:10857","","stores_inventory.view via assertDieselOrStoresView -> server/routes.ts:232 @ server/routes.ts:10859 | site_diesel.view via assertDieselOrStoresView -> server/routes.ts:232 @ server/routes.ts:10859 | diesel_req_raise.view via assertDieselOrStoresView -> server/routes.ts:232 @ server/routes.ts:10859 | site_diesel.edit via assertDieselOrStoresView -> server/routes.ts:232 @ server/routes.ts:10859 | diesel_req_raise.edit via assertDieselOrStoresView -> server/routes.ts:232 @ server/routes.ts:10859 | site_diesel.create via assertDieselOrStoresView -> server/routes.ts:232 @ server/routes.ts:10859 | diesel_req_raise.create via assertDieselOrStoresView -> server/routes.ts:232 @ server/routes.ts:10859","client/src/components/DailyDieselReport.tsx:27 | client/src/components/DailyDieselReport.tsx:31","assertDieselOrStoresView(req, res)","","See /api requireAuth, public/optional estimator exceptions, and local guards","Keep route-specific site/project/record scope and business checks; section grant alone is not enough"
"GET /api/diesel-requirements/comparison","server/routes.ts:10878","","stores_inventory.view via assertDieselOrStoresView -> server/routes.ts:232 @ server/routes.ts:10880 | site_diesel.view via assertDieselOrStoresView -> server/routes.ts:232 @ server/routes.ts:10880 | diesel_req_raise.view via assertDieselOrStoresView -> server/routes.ts:232 @ server/routes.ts:10880 | site_diesel.edit via assertDieselOrStoresView -> server/routes.ts:232 @ server/routes.ts:10880 | diesel_req_raise.edit via assertDieselOrStoresView -> server/routes.ts:232 @ server/routes.ts:10880 | site_diesel.create via assertDieselOrStoresView -> server/routes.ts:232 @ server/routes.ts:10880 | diesel_req_raise.create via assertDieselOrStoresView -> server/routes.ts:232 @ server/routes.ts:10880","client/src/pages/DieselRequirements.tsx:634 | client/src/pages/DieselRequirements.tsx:638","assertDieselOrStoresView(req, res)","","See /api requireAuth, public/optional estimator exceptions, and local guards","Keep route-specific site/project/record scope and business checks; section grant alone is not enough"
"GET /api/diesel-requirements/recent-items","server/routes.ts:10909","","stores_inventory.view via assertDieselOrStoresView -> server/routes.ts:232 @ server/routes.ts:10911 | site_diesel.view via assertDieselOrStoresView -> server/routes.ts:232 @ server/routes.ts:10911 | diesel_req_raise.view via assertDieselOrStoresView -> server/routes.ts:232 @ server/routes.ts:10911 | site_diesel.edit via assertDieselOrStoresView -> server/routes.ts:232 @ server/routes.ts:10911 | diesel_req_raise.edit via assertDieselOrStoresView -> server/routes.ts:232 @ server/routes.ts:10911 | site_diesel.create via assertDieselOrStoresView -> server/routes.ts:232 @ server/routes.ts:10911 | diesel_req_raise.create via assertDieselOrStoresView -> server/routes.ts:232 @ server/routes.ts:10911","client/src/pages/DieselRequirements.tsx:583","assertDieselOrStoresView(req, res)","","See /api requireAuth, public/optional estimator exceptions, and local guards","Keep route-specific site/project/record scope and business checks; section grant alone is not enough"
"GET /api/diesel-requirements/receipt-status","server/routes.ts:10924","","stores_inventory.view via assertDieselOrStoresView -> server/routes.ts:232 @ server/routes.ts:10929 | site_diesel.view via assertDieselOrStoresView -> server/routes.ts:232 @ server/routes.ts:10929 | diesel_req_raise.view via assertDieselOrStoresView -> server/routes.ts:232 @ server/routes.ts:10929 | site_diesel.edit via assertDieselOrStoresView -> server/routes.ts:232 @ server/routes.ts:10929 | diesel_req_raise.edit via assertDieselOrStoresView -> server/routes.ts:232 @ server/routes.ts:10929 | site_diesel.create via assertDieselOrStoresView -> server/routes.ts:232 @ server/routes.ts:10929 | diesel_req_raise.create via assertDieselOrStoresView -> server/routes.ts:232 @ server/routes.ts:10929","client/src/pages/DieselRequirements.tsx:609 | client/src/pages/DieselRequirements.tsx:612 | client/src/pages/PlantMaterialReceipts.tsx:428 | client/src/pages/PlantMaterialReceipts.tsx:431 | client/src/pages/StoresDieselRegister.tsx:140 | client/src/pages/StoresDieselRegister.tsx:143","assertDieselOrStoresView(req, res)","","See /api requireAuth, public/optional estimator exceptions, and local guards","Keep route-specific site/project/record scope and business checks; section grant alone is not enough"
"PATCH /api/diesel-requirements/equipment/:id/consumption-norm","server/routes.ts:10970","site_diesel; diesel_req_raise","site_diesel.edit via direct matrix read @ server/routes.ts:10976 | diesel_req_raise.edit via direct matrix read @ server/routes.ts:10976 | site_diesel.create via direct matrix read @ server/routes.ts:10975 | diesel_req_raise.create via direct matrix read @ server/routes.ts:10975","client/src/pages/DieselRequirements.tsx:819","!req.authUser / !req.authUser.isAdmin && !req.authUser.isOwner","","See /api requireAuth, public/optional estimator exceptions, and local guards","Keep route-specific site/project/record scope and business checks; section grant alone is not enough"
"GET /api/diesel-requirements/:id","server/routes.ts:11008","","stores_inventory.view via assertDieselOrStoresView -> server/routes.ts:232 @ server/routes.ts:11010 | site_diesel.view via assertDieselOrStoresView -> server/routes.ts:232 @ server/routes.ts:11010 | diesel_req_raise.view via assertDieselOrStoresView -> server/routes.ts:232 @ server/routes.ts:11010 | site_diesel.edit via assertDieselOrStoresView -> server/routes.ts:232 @ server/routes.ts:11010 | diesel_req_raise.edit via assertDieselOrStoresView -> server/routes.ts:232 @ server/routes.ts:11010 | site_diesel.create via assertDieselOrStoresView -> server/routes.ts:232 @ server/routes.ts:11010 | diesel_req_raise.create via assertDieselOrStoresView -> server/routes.ts:232 @ server/routes.ts:11010","client/src/components/DailyDieselReport.tsx:27 | client/src/components/DailyDieselReport.tsx:31 | client/src/pages/DieselRequirements.tsx:570 | client/src/pages/DieselRequirements.tsx:583 | client/src/pages/DieselRequirements.tsx:609 | client/src/pages/DieselRequirements.tsx:612 | client/src/pages/DieselRequirements.tsx:634 | client/src/pages/DieselRequirements.tsx:638 | client/src/pages/DieselRequirements.tsx:681 | client/src/pages/DieselRequirements.tsx:695 | client/src/pages/DieselRequirements.tsx:712 | client/src/pages/DieselRequirements.tsx:729 | client/src/pages/DieselRequirements.tsx:748 | client/src/pages/DieselRequirements.tsx:750 | client/src/pages/DieselRequirements.tsx:764 | client/src/pages/DieselRequirements.tsx:766 | client/src/pages/PlantMaterialReceipts.tsx:428 | client/src/pages/PlantMaterialReceipts.tsx:431 | client/src/pages/StoresDieselRegister.tsx:140 | client/src/pages/StoresDieselRegister.tsx:143","assertDieselOrStoresView(req, res)","","See /api requireAuth, public/optional estimator exceptions, and local guards","Keep route-specific site/project/record scope and business checks; section grant alone is not enough"
"POST /api/diesel-requirements","server/routes.ts:11023","site_diesel; diesel_req_raise; diesel_req_approve","site_diesel.create via assertCreateEither @ server/routes.ts:11025 | diesel_req_raise.create via assertCreateEither @ server/routes.ts:11025 | diesel_req_approve.notify via sendPushToSection @ server/routes.ts:11028","client/src/pages/DieselRequirements.tsx:249 | client/src/pages/DieselRequirements.tsx:565 | client/src/pages/DieselRequirements.tsx:574 | client/src/pages/DieselRequirements.tsx:681 | client/src/pages/DieselRequirements.tsx:682 | client/src/pages/DieselRequirements.tsx:695 | client/src/pages/DieselRequirements.tsx:712 | client/src/pages/DieselRequirements.tsx:729 | client/src/pages/DieselRequirements.tsx:748 | client/src/pages/DieselRequirements.tsx:764 | client/src/pages/Home.tsx:116 | client/src/pages/PlantMaterialReceipts.tsx:420 | client/src/pages/SiteHome.tsx:70 | client/src/pages/SiteHome.tsx:73 | client/src/pages/StoresDieselRegister.tsx:131","assertCreateEither(req, res, ""site_diesel"", ""diesel_req_raise"")","","See /api requireAuth, public/optional estimator exceptions, and local guards","Keep route-specific site/project/record scope and business checks; section grant alone is not enough"
"PATCH /api/diesel-requirements/:id/approve","server/routes.ts:11039","diesel_req_raise; diesel_req_approve","diesel_req_approve.approve via assertApprove @ server/routes.ts:11044 | diesel_req_raise.notify via sendPushToSection @ server/routes.ts:11062","client/src/pages/DieselRequirements.tsx:695 | client/src/pages/DieselRequirements.tsx:697","assertApprove(req, res, ""diesel_req_approve"") / !req.authUser?.isAdmin && existingDr && existingDr.authorUserId && existingDr.authorUserId === req.authUser?.id","","See /api requireAuth, public/optional estimator exceptions, and local guards","Keep route-specific site/project/record scope and business checks; section grant alone is not enough"
"PATCH /api/diesel-requirements/:id/reject","server/routes.ts:11073","diesel_req_raise; diesel_req_approve","diesel_req_approve.approve via assertApprove @ server/routes.ts:11078 | diesel_req_raise.notify via sendPushToSection @ server/routes.ts:11089","client/src/pages/DieselRequirements.tsx:712 | client/src/pages/DieselRequirements.tsx:714","assertApprove(req, res, ""diesel_req_approve"")","","See /api requireAuth, public/optional estimator exceptions, and local guards","Keep route-specific site/project/record scope and business checks; section grant alone is not enough"
"PATCH /api/diesel-requirements/:id/purchase-update","server/routes.ts:11097","site_diesel; diesel_req_raise; plant_materials","site_diesel.edit via assertEditEither @ server/routes.ts:11099 | diesel_req_raise.edit via assertEditEither @ server/routes.ts:11099 | plant_materials.notify via sendPushToSection @ server/routes.ts:11122","client/src/pages/DieselRequirements.tsx:729 | client/src/pages/DieselRequirements.tsx:731","assertEditEither(req, res, ""site_diesel"", ""diesel_req_raise"")","","See /api requireAuth, public/optional estimator exceptions, and local guards","Keep route-specific site/project/record scope and business checks; section grant alone is not enough"
"PATCH /api/diesel-requirements/:id/payment-status","server/routes.ts:11142","site_diesel; diesel_req_raise","site_diesel.edit via assertEditEither @ server/routes.ts:11144 | diesel_req_raise.edit via assertEditEither @ server/routes.ts:11144","client/src/pages/DieselRequirements.tsx:249 | client/src/pages/DieselRequirements.tsx:252","assertEditEither(req, res, ""site_diesel"", ""diesel_req_raise"")","","See /api requireAuth, public/optional estimator exceptions, and local guards","Keep route-specific site/project/record scope and business checks; section grant alone is not enough"
"PUT /api/diesel-requirements/:id","server/routes.ts:11216","site_diesel; diesel_req_raise","site_diesel.edit via assertEditEither @ server/routes.ts:11228 | diesel_req_raise.edit via assertEditEither @ server/routes.ts:11228","client/src/components/DailyDieselReport.tsx:27 | client/src/components/DailyDieselReport.tsx:31 | client/src/pages/DieselRequirements.tsx:570 | client/src/pages/DieselRequirements.tsx:583 | client/src/pages/DieselRequirements.tsx:609 | client/src/pages/DieselRequirements.tsx:612 | client/src/pages/DieselRequirements.tsx:634 | client/src/pages/DieselRequirements.tsx:638 | client/src/pages/DieselRequirements.tsx:681 | client/src/pages/DieselRequirements.tsx:695 | client/src/pages/DieselRequirements.tsx:712 | client/src/pages/DieselRequirements.tsx:729 | client/src/pages/DieselRequirements.tsx:748 | client/src/pages/DieselRequirements.tsx:750 | client/src/pages/DieselRequirements.tsx:764 | client/src/pages/DieselRequirements.tsx:766 | client/src/pages/PlantMaterialReceipts.tsx:428 | client/src/pages/PlantMaterialReceipts.tsx:431 | client/src/pages/StoresDieselRegister.tsx:140 | client/src/pages/StoresDieselRegister.tsx:143","assertAdmin(req, res) / assertEditEither(req, res, ""site_diesel"", ""diesel_req_raise"")","","See /api requireAuth, public/optional estimator exceptions, and local guards","Keep route-specific site/project/record scope and business checks; section grant alone is not enough"
"DELETE /api/diesel-requirements/:id","server/routes.ts:11244","","","client/src/components/DailyDieselReport.tsx:27 | client/src/components/DailyDieselReport.tsx:31 | client/src/pages/DieselRequirements.tsx:570 | client/src/pages/DieselRequirements.tsx:583 | client/src/pages/DieselRequirements.tsx:609 | client/src/pages/DieselRequirements.tsx:612 | client/src/pages/DieselRequirements.tsx:634 | client/src/pages/DieselRequirements.tsx:638 | client/src/pages/DieselRequirements.tsx:681 | client/src/pages/DieselRequirements.tsx:695 | client/src/pages/DieselRequirements.tsx:712 | client/src/pages/DieselRequirements.tsx:729 | client/src/pages/DieselRequirements.tsx:748 | client/src/pages/DieselRequirements.tsx:750 | client/src/pages/DieselRequirements.tsx:764 | client/src/pages/DieselRequirements.tsx:766 | client/src/pages/PlantMaterialReceipts.tsx:428 | client/src/pages/PlantMaterialReceipts.tsx:431 | client/src/pages/StoresDieselRegister.tsx:140 | client/src/pages/StoresDieselRegister.tsx:143","assertAdmin(req, res)","","See /api requireAuth, public/optional estimator exceptions, and local guards","Keep route-specific site/project/record scope and business checks; section grant alone is not enough"
"GET /api/vendor-bills","server/routes.ts:11335","","","client/src/pages/VendorBills.tsx:434 | client/src/pages/VendorBills.tsx:727 | client/src/pages/VendorBills.tsx:748 | client/src/pages/VendorBills.tsx:997 | client/src/pages/VendorBills.tsx:998 | client/src/pages/VendorBills.tsx:1010 | client/src/pages/VendorBills.tsx:1024 | client/src/pages/VendorBills.tsx:1039","See handler and middleware; no recognized local assert/can guard","","See /api requireAuth, public/optional estimator exceptions, and local guards","Keep route-specific site/project/record scope and business checks; section grant alone is not enough"
"GET /api/vendor-bills/summary","server/routes.ts:11358","","","client/src/pages/VendorBills.tsx:731","See handler and middleware; no recognized local assert/can guard","","See /api requireAuth, public/optional estimator exceptions, and local guards","Keep route-specific site/project/record scope and business checks; section grant alone is not enough"
"GET /api/vendor-bills/export","server/routes.ts:11397","vendor_bills; vendor_bills_view","vendor_bills.export via assertReportExport @ server/routes.ts:11399 | vendor_bills_view.export via assertReportExport @ server/routes.ts:11399","client/src/pages/VendorBills.tsx:2331","assertReportExport(req, res, ""vendor_bills"", ""vendor_bills_view"")","","See /api requireAuth, public/optional estimator exceptions, and local guards","Keep route-specific site/project/record scope and business checks; section grant alone is not enough"
"GET /api/vendor-aliases","server/routes.ts:11678","","","client/src/pages/VendorBills.tsx:760 | client/src/pages/VendorBills.tsx:764 | client/src/pages/VendorBills.tsx:766 | client/src/pages/VendorBills.tsx:779","See handler and middleware; no recognized local assert/can guard","","See /api requireAuth, public/optional estimator exceptions, and local guards","Keep route-specific site/project/record scope and business checks; section grant alone is not enough"
"POST /api/vendor-aliases","server/routes.ts:11688","admin_settings; vendor_masters_manage","admin_settings.create via assertCreateEither @ server/routes.ts:11690 | vendor_masters_manage.create via assertCreateEither @ server/routes.ts:11690","client/src/pages/VendorBills.tsx:760 | client/src/pages/VendorBills.tsx:764 | client/src/pages/VendorBills.tsx:766 | client/src/pages/VendorBills.tsx:779","assertCreateEither(req, res, ""vendor_masters_manage"", ""admin_settings"") / canonicalName.trim().toUpperCase() / canonicalName.trim()","","See /api requireAuth, public/optional estimator exceptions, and local guards","Keep route-specific site/project/record scope and business checks; section grant alone is not enough"
"DELETE /api/vendor-aliases/:id","server/routes.ts:11709","","","client/src/pages/VendorBills.tsx:779 | client/src/pages/VendorBills.tsx:780","assertAdmin(req, res)","","See /api requireAuth, public/optional estimator exceptions, and local guards","Keep route-specific site/project/record scope and business checks; section grant alone is not enough"
"GET /api/vendor-bills/vendor-names","server/routes.ts:11724","","","client/src/pages/PlantShiftLogManpowerReview.tsx:613 | client/src/pages/RateCards.tsx:103 | client/src/pages/VendorBills.tsx:753 | client/src/pages/VendorBills.tsx:764 | client/src/pages/VendorBills.tsx:779","See handler and middleware; no recognized local assert/can guard","","See /api requireAuth, public/optional estimator exceptions, and local guards","Keep route-specific site/project/record scope and business checks; section grant alone is not enough"
"GET /api/vendor-bills/equipment-hire-discovery","server/routes.ts:11737","vendor_bills; vendor_bills_raise","vendor_bills.view via assertViewEither @ server/routes.ts:11739 | vendor_bills_raise.view via assertViewEither @ server/routes.ts:11739","client/src/pages/VendorBills.tsx:826","assertViewEither(req, res, ""vendor_bills"", ""vendor_bills_raise"")","","See /api requireAuth, public/optional estimator exceptions, and local guards","Keep route-specific site/project/record scope and business checks; section grant alone is not enough"
"GET /api/vendor-bills/discover-vendors","server/routes.ts:11754","","","client/src/pages/VendorBills.tsx:826","See handler and middleware; no recognized local assert/can guard","","See /api requireAuth, public/optional estimator exceptions, and local guards","Keep route-specific site/project/record scope and business checks; section grant alone is not enough"
"GET /api/vendor-bills/payables-preview","server/routes.ts:11771","vendor_bills; vendor_bills_view","vendor_bills.export via assertReportExport @ server/routes.ts:11775 | vendor_bills_view.export via assertReportExport @ server/routes.ts:11775 | vendor_bills.view_reports via direct matrix read @ server/routes.ts:11777 | vendor_bills_view.view_reports via direct matrix read @ server/routes.ts:11778","client/src/hooks/use-payables-preview.ts:10 | client/src/hooks/use-payables-preview.ts:14","!req.authUser / assertReportExport(req, res, ""vendor_bills"", ""vendor_bills_view"") / !req.authUser.isAdmin && !req.authUser.isOwner && !req.authPermissions?.vendor_bills?.view_reports && !req.authPermissions?.vendor_bills_view?.view_reports / req.authUser?.isFieldEngineer","","See /api requireAuth, public/optional estimator exceptions, and local guards","Keep route-specific site/project/record scope and business checks; section grant alone is not enough"
"GET /api/vendor-bills/auto-items","server/routes.ts:11805","","","client/src/pages/VendorBills.tsx:836","See handler and middleware; no recognized local assert/can guard","","See /api requireAuth, public/optional estimator exceptions, and local guards","Keep route-specific site/project/record scope and business checks; section grant alone is not enough"
"GET /api/vendor-bills/hire-activities","server/routes.ts:11833","vendor_bills","vendor_bills.view via assertView @ server/routes.ts:11835","client/src/pages/VendorBills.tsx:848","assertView(req, res, ""vendor_bills"")","","See /api requireAuth, public/optional estimator exceptions, and local guards","Keep route-specific site/project/record scope and business checks; section grant alone is not enough"
"GET /api/vendor-bills/previous-rates","server/routes.ts:11847","","","No direct literal caller identified; inspect dynamic/shared/service caller","See handler and middleware; no recognized local assert/can guard","","See /api requireAuth, public/optional estimator exceptions, and local guards","Keep route-specific site/project/record scope and business checks; section grant alone is not enough"
"GET /api/vendor-bills/company-accounts","server/routes.ts:11881","site_diesel; diesel_req_raise; vendor_bills","vendor_bills.view via direct matrix read @ server/routes.ts:11889 | site_diesel.edit via direct matrix read @ server/routes.ts:11892 | diesel_req_raise.edit via direct matrix read @ server/routes.ts:11893","client/src/pages/DieselRequirements.tsx:239 | client/src/pages/DieselRequirements.tsx:242 | client/src/pages/VendorBills.tsx:395 | client/src/pages/VendorBills.tsx:397","!req.authUser","","See /api requireAuth, public/optional estimator exceptions, and local guards","Keep route-specific site/project/record scope and business checks; section grant alone is not enough"
"GET /api/vendor-bills/:id","server/routes.ts:11904","","","client/src/hooks/use-payables-preview.ts:10 | client/src/hooks/use-payables-preview.ts:14 | client/src/pages/DieselRequirements.tsx:239 | client/src/pages/DieselRequirements.tsx:242 | client/src/pages/PlantShiftLogManpowerReview.tsx:613 | client/src/pages/RateCards.tsx:103 | client/src/pages/VendorBills.tsx:395 | client/src/pages/VendorBills.tsx:397 | client/src/pages/VendorBills.tsx:434 | client/src/pages/VendorBills.tsx:731 | client/src/pages/VendorBills.tsx:753 | client/src/pages/VendorBills.tsx:764 | client/src/pages/VendorBills.tsx:779 | client/src/pages/VendorBills.tsx:826 | client/src/pages/VendorBills.tsx:836 | client/src/pages/VendorBills.tsx:848 | client/src/pages/VendorBills.tsx:1010 | client/src/pages/VendorBills.tsx:1011 | client/src/pages/VendorBills.tsx:1039 | client/src/pages/VendorBills.tsx:1040 | client/src/pages/VendorBills.tsx:1313 | client/src/pages/VendorBills.tsx:1521 | client/src/pages/VendorBills.tsx:1537 | client/src/pages/VendorBills.tsx:2331","See handler and middleware; no recognized local assert/can guard","","See /api requireAuth, public/optional estimator exceptions, and local guards","Keep route-specific site/project/record scope and business checks; section grant alone is not enough"
"POST /api/vendor-bills","server/routes.ts:11926","vendor_bills; vendor_bills_raise; vendor_bills_approve","vendor_bills.create via assertCreateEither @ server/routes.ts:11928 | vendor_bills_raise.create via assertCreateEither @ server/routes.ts:11928 | vendor_bills_approve.notify via sendPushToSection @ server/routes.ts:11957","client/src/pages/VendorBills.tsx:434 | client/src/pages/VendorBills.tsx:727 | client/src/pages/VendorBills.tsx:748 | client/src/pages/VendorBills.tsx:997 | client/src/pages/VendorBills.tsx:998 | client/src/pages/VendorBills.tsx:1010 | client/src/pages/VendorBills.tsx:1024 | client/src/pages/VendorBills.tsx:1039","assertCreateEither(req, res, ""vendor_bills_raise"", ""vendor_bills"") / assertVendorBillAutoSources(req, res, input, selectedSite.siteName)","","See /api requireAuth, public/optional estimator exceptions, and local guards","Keep route-specific site/project/record scope and business checks; section grant alone is not enough"
"PUT /api/vendor-bills/:id","server/routes.ts:11970","vendor_bills; vendor_bills_raise","vendor_bills.edit via assertEditEither @ server/routes.ts:12019 | vendor_bills_raise.edit via assertEditEither @ server/routes.ts:12019","client/src/hooks/use-payables-preview.ts:10 | client/src/hooks/use-payables-preview.ts:14 | client/src/pages/DieselRequirements.tsx:239 | client/src/pages/DieselRequirements.tsx:242 | client/src/pages/PlantShiftLogManpowerReview.tsx:613 | client/src/pages/RateCards.tsx:103 | client/src/pages/VendorBills.tsx:395 | client/src/pages/VendorBills.tsx:397 | client/src/pages/VendorBills.tsx:434 | client/src/pages/VendorBills.tsx:731 | client/src/pages/VendorBills.tsx:753 | client/src/pages/VendorBills.tsx:764 | client/src/pages/VendorBills.tsx:779 | client/src/pages/VendorBills.tsx:826 | client/src/pages/VendorBills.tsx:836 | client/src/pages/VendorBills.tsx:848 | client/src/pages/VendorBills.tsx:1010 | client/src/pages/VendorBills.tsx:1011 | client/src/pages/VendorBills.tsx:1039 | client/src/pages/VendorBills.tsx:1040 | client/src/pages/VendorBills.tsx:1313 | client/src/pages/VendorBills.tsx:1521 | client/src/pages/VendorBills.tsx:1537 | client/src/pages/VendorBills.tsx:2331","assertVendorBillAutoSources(req, res, input, selectedSite.siteName, existing.items) / assertAdmin(req, res) / assertEditEither(req, res, ""vendor_bills"", ""vendor_bills_raise"")","","See /api requireAuth, public/optional estimator exceptions, and local guards","Keep route-specific site/project/record scope and business checks; section grant alone is not enough"
"PATCH /api/vendor-bills/:id/payment-details","server/routes.ts:12041","vendor_bills_approve","vendor_bills_approve.approve via assertApprove @ server/routes.ts:12043","client/src/pages/VendorBills.tsx:434 | client/src/pages/VendorBills.tsx:435","assertApprove(req, res, ""vendor_bills_approve"")","","See /api requireAuth, public/optional estimator exceptions, and local guards","Keep route-specific site/project/record scope and business checks; section grant alone is not enough"
"PATCH /api/vendor-bills/:id/status","server/routes.ts:12066","vendor_bills; vendor_bills_view; vendor_bills_raise; vendor_bills_verify; vendor_bills_approve","vendor_bills.edit via assertEdit @ server/routes.ts:12091 | vendor_bills_approve.approve via assertApprove @ server/routes.ts:12075 | vendor_bills_approve.approve via assertApprove @ server/routes.ts:12089 | vendor_bills_approve.notify via sendPushToSection @ server/routes.ts:12106 | vendor_bills_verify.approve via assertApprove @ server/routes.ts:12082 | vendor_bills_raise.notify via sendPushToSection @ server/routes.ts:12100 | vendor_bills_raise.notify via sendPushToSection @ server/routes.ts:12103 | vendor_bills_view.notify via sendPushToSection @ server/routes.ts:12108","client/src/pages/VendorBills.tsx:1024 | client/src/pages/VendorBills.tsx:1026","assertApprove(req, res, ""vendor_bills_approve"") / !req.authUser?.isAdmin && vbForApproval && vbForApproval.authorUserId && vbForApproval.authorUserId === req.authUser?.id / assertApprove(req, res, ""vendor_bills_verify"") / !req.authUser?.isAdmin && vbForVerify && vbForVerify.authorUserId && vbForVerify.authorUserId === req.authUser?.id / assertEdit(req, res, ""vendor_bills"")","","See /api requireAuth, public/optional estimator exceptions, and local guards","Keep route-specific site/project/record scope and business checks; section grant alone is not enough"
"GET /api/vendor-bills/:id/pdf","server/routes.ts:12121","vendor_bills; vendor_bills_view","vendor_bills.export via assertReportExport @ server/routes.ts:12123 | vendor_bills_view.export via assertReportExport @ server/routes.ts:12123","No direct literal caller identified; inspect dynamic/shared/service caller","assertReportExport(req, res, ""vendor_bills"", ""vendor_bills_view"")","","See /api requireAuth, public/optional estimator exceptions, and local guards","Keep route-specific site/project/record scope and business checks; section grant alone is not enough"
"DELETE /api/vendor-bills/:id","server/routes.ts:12489","","","client/src/hooks/use-payables-preview.ts:10 | client/src/hooks/use-payables-preview.ts:14 | client/src/pages/DieselRequirements.tsx:239 | client/src/pages/DieselRequirements.tsx:242 | client/src/pages/PlantShiftLogManpowerReview.tsx:613 | client/src/pages/RateCards.tsx:103 | client/src/pages/VendorBills.tsx:395 | client/src/pages/VendorBills.tsx:397 | client/src/pages/VendorBills.tsx:434 | client/src/pages/VendorBills.tsx:731 | client/src/pages/VendorBills.tsx:753 | client/src/pages/VendorBills.tsx:764 | client/src/pages/VendorBills.tsx:779 | client/src/pages/VendorBills.tsx:826 | client/src/pages/VendorBills.tsx:836 | client/src/pages/VendorBills.tsx:848 | client/src/pages/VendorBills.tsx:1010 | client/src/pages/VendorBills.tsx:1011 | client/src/pages/VendorBills.tsx:1039 | client/src/pages/VendorBills.tsx:1040 | client/src/pages/VendorBills.tsx:1313 | client/src/pages/VendorBills.tsx:1521 | client/src/pages/VendorBills.tsx:1537 | client/src/pages/VendorBills.tsx:2331","assertAdmin(req, res)","","See /api requireAuth, public/optional estimator exceptions, and local guards","Keep route-specific site/project/record scope and business checks; section grant alone is not enough"
"GET /api/equipment-master/canonical-types","server/routes.ts:12512","","","client/src/pages/RateCards.tsx:193 | client/src/pages/RateCards.tsx:197","canonicalizeMachineType(eq.name).toUpperCase().trim() / canonicalizeMachineType(eq.name).toUpperCase() / canonicalizeMachineType(eq.name)","","See /api requireAuth, public/optional estimator exceptions, and local guards","Keep route-specific site/project/record scope and business checks; section grant alone is not enough"
"GET /api/vendor-rate-cards","server/routes.ts:12533","","","client/src/pages/RateCards.tsx:120 | client/src/pages/RateCards.tsx:124 | client/src/pages/RateCards.tsx:221 | client/src/pages/RateCards.tsx:233 | client/src/pages/RateCards.tsx:254 | client/src/pages/VendorBills.tsx:1229 | client/src/pages/VendorBills.tsx:1674 | client/src/pages/VendorBills.tsx:1676 | client/src/pages/VendorBills.tsx:1918 | client/src/pages/VendorBills.tsx:2232","See handler and middleware; no recognized local assert/can guard","","See /api requireAuth, public/optional estimator exceptions, and local guards","Keep route-specific site/project/record scope and business checks; section grant alone is not enough"
"GET /api/vendor-rate-cards/discover","server/routes.ts:12544","","","client/src/pages/RateCards.tsx:107 | client/src/pages/RateCards.tsx:111 | client/src/pages/RateCards.tsx:221 | client/src/pages/RateCards.tsx:233 | client/src/pages/RateCards.tsx:254","See handler and middleware; no recognized local assert/can guard","","See /api requireAuth, public/optional estimator exceptions, and local guards","Keep route-specific site/project/record scope and business checks; section grant alone is not enough"
"POST /api/vendor-rate-cards","server/routes.ts:12558","admin_settings; vendor_masters_manage","admin_settings.create via assertCreateEither @ server/routes.ts:12560 | vendor_masters_manage.create via assertCreateEither @ server/routes.ts:12560","client/src/pages/RateCards.tsx:120 | client/src/pages/RateCards.tsx:124 | client/src/pages/RateCards.tsx:221 | client/src/pages/RateCards.tsx:233 | client/src/pages/RateCards.tsx:254 | client/src/pages/VendorBills.tsx:1229 | client/src/pages/VendorBills.tsx:1674 | client/src/pages/VendorBills.tsx:1676 | client/src/pages/VendorBills.tsx:1918 | client/src/pages/VendorBills.tsx:2232","assertCreateEither(req, res, ""vendor_masters_manage"", ""admin_settings"")","","See /api requireAuth, public/optional estimator exceptions, and local guards","Keep route-specific site/project/record scope and business checks; section grant alone is not enough"
"PATCH /api/vendor-rate-cards/:id/transport-setup","server/routes.ts:12570","admin_settings; vendor_masters_manage","admin_settings.create via assertCreateEither @ server/routes.ts:12572 | vendor_masters_manage.create via assertCreateEither @ server/routes.ts:12572","client/src/pages/RateCards.tsx:331","assertCreateEither(req, res, ""vendor_masters_manage"", ""admin_settings"")","","See /api requireAuth, public/optional estimator exceptions, and local guards","Keep route-specific site/project/record scope and business checks; section grant alone is not enough"
"POST /api/vendor-rate-cards/bulk-upsert","server/routes.ts:12594","admin_settings; vendor_masters_manage","admin_settings.create via assertCreateEither @ server/routes.ts:12596 | vendor_masters_manage.create via assertCreateEither @ server/routes.ts:12596","client/src/pages/RateCards.tsx:221 | client/src/pages/RateCards.tsx:222 | client/src/pages/VendorBills.tsx:2232","assertCreateEither(req, res, ""vendor_masters_manage"", ""admin_settings"")","","See /api requireAuth, public/optional estimator exceptions, and local guards","Keep route-specific site/project/record scope and business checks; section grant alone is not enough"
"DELETE /api/vendor-rate-cards/:id","server/routes.ts:12615","","","client/src/pages/RateCards.tsx:107 | client/src/pages/RateCards.tsx:111 | client/src/pages/RateCards.tsx:221 | client/src/pages/RateCards.tsx:222 | client/src/pages/RateCards.tsx:233 | client/src/pages/RateCards.tsx:235 | client/src/pages/RateCards.tsx:254 | client/src/pages/RateCards.tsx:255 | client/src/pages/VendorBills.tsx:2232","assertAdmin(req, res)","","See /api requireAuth, public/optional estimator exceptions, and local guards","Keep route-specific site/project/record scope and business checks; section grant alone is not enough"
"POST /api/vendor-bills/check-duplicates","server/routes.ts:12628","vendor_bills; vendor_bills_raise","vendor_bills.create via assertCreateEither @ server/routes.ts:12630 | vendor_bills_raise.create via assertCreateEither @ server/routes.ts:12630","client/src/pages/VendorBills.tsx:1313 | client/src/pages/VendorBills.tsx:1521 | client/src/pages/VendorBills.tsx:1537","assertCreateEither(req, res, ""vendor_bills"", ""vendor_bills_raise"")","","See /api requireAuth, public/optional estimator exceptions, and local guards","Keep route-specific site/project/record scope and business checks; section grant alone is not enough"
"GET /api/admin/exportable-tables","server/routes.ts:12660","","","client/src/pages/DataSync.tsx:32","See handler and middleware; no recognized local assert/can guard","","See /api requireAuth, public/optional estimator exceptions, and local guards","Account/self-service/system constraints remain separate"
"POST /api/admin/export-data","server/routes.ts:12664","","","client/src/pages/DataSync.tsx:65","assertAdmin(req, res)","","See /api requireAuth, public/optional estimator exceptions, and local guards","Account/self-service/system constraints remain separate"
"POST /api/admin/reset-sequences","server/routes.ts:12688","","","No direct literal caller identified; inspect dynamic/shared/service caller","assertAdmin(req, res)","","See /api requireAuth, public/optional estimator exceptions, and local guards","Account/self-service/system constraints remain separate"
"POST /api/admin/import-data","server/routes.ts:12699","","","client/src/pages/DataSync.tsx:91","assertAdmin(req, res)","","See /api requireAuth, public/optional estimator exceptions, and local guards","Account/self-service/system constraints remain separate"
"POST /api/admin/fix-ledger-gap-427","server/routes.ts:12716","","","No direct literal caller identified; inspect dynamic/shared/service caller","assertAdmin(req, res)","","See /api requireAuth, public/optional estimator exceptions, and local guards","Account/self-service/system constraints remain separate"
"POST /api/admin/fix-orphan-stock-balances","server/routes.ts:12727","","","client/src/pages/PlantStock.tsx:1388 | client/src/pages/PlantStock.tsx:1390","assertAdmin(req, res)","","See /api requireAuth, public/optional estimator exceptions, and local guards","Account/self-service/system constraints remain separate"
"GET /api/admin/site-backfill/unassigned","server/routes.ts:12740","","","client/src/components/HubShell.tsx:64 | client/src/pages/Home.tsx:131 | client/src/pages/MastersHub.tsx:14 | client/src/pages/SiteBackfill.tsx:70 | client/src/pages/SiteBackfill.tsx:75","assertAdmin(req, res)","","See /api requireAuth, public/optional estimator exceptions, and local guards","Keep route-specific site/project/record scope and business checks; section grant alone is not enough"
"POST /api/admin/site-backfill/assign","server/routes.ts:12774","","","client/src/pages/SiteBackfill.tsx:75 | client/src/pages/SiteBackfill.tsx:77","assertAdmin(req, res)","","See /api requireAuth, public/optional estimator exceptions, and local guards","Keep route-specific site/project/record scope and business checks; section grant alone is not enough"
"GET /api/users/directory","server/routes.ts:12798","","","client/src/pages/ConcreteEstimates.tsx:55 | client/src/pages/MixEstimates.tsx:98 | client/src/pages/StoresGrn.tsx:279 | client/src/pages/StoresIssue.tsx:86","assertAuthed(req, res)","","See /api requireAuth, public/optional estimator exceptions, and local guards","Account/self-service/system constraints remain separate"
"GET /api/mix-estimates","server/routes.ts:12810","","","client/src/pages/MixComparativeReport.tsx:278 | client/src/pages/MixEstimates.tsx:66 | client/src/pages/MixEstimates.tsx:94 | client/src/pages/MixEstimates.tsx:108 | client/src/pages/MixImpact.tsx:598 | client/src/pages/MixImpact.tsx:602 | client/src/pages/ScenarioComparison.tsx:58","See handler and middleware; no recognized local assert/can guard","","See /api requireAuth, public/optional estimator exceptions, and local guards","Account/self-service/system constraints remain separate"
"GET /api/mix-estimates/:id","server/routes.ts:12820","","","client/src/pages/MixEstimates.tsx:66 | client/src/pages/MixEstimates.tsx:68 | client/src/pages/MixEstimates.tsx:108 | client/src/pages/MixEstimates.tsx:109 | client/src/pages/MixImpact.tsx:602 | client/src/pages/MixImpact.tsx:604","See handler and middleware; no recognized local assert/can guard","","See /api requireAuth, public/optional estimator exceptions, and local guards","Account/self-service/system constraints remain separate"
"POST /api/mix-estimates","server/routes.ts:12832","","mix_calculator.create via assertMixCalcWrite @ server/routes.ts:12834","client/src/pages/MixComparativeReport.tsx:278 | client/src/pages/MixEstimates.tsx:66 | client/src/pages/MixEstimates.tsx:94 | client/src/pages/MixEstimates.tsx:108 | client/src/pages/MixImpact.tsx:598 | client/src/pages/MixImpact.tsx:602 | client/src/pages/ScenarioComparison.tsx:58","assertMixCalcWrite(req, res, ""create"")","","See /api requireAuth, public/optional estimator exceptions, and local guards","Account/self-service/system constraints remain separate"
"PUT /api/mix-estimates/:id","server/routes.ts:12846","","mix_calculator.create via assertMixCalcWrite @ server/routes.ts:12848 | mix_calculator.edit via assertMixCalcWrite @ server/routes.ts:12848","client/src/pages/MixEstimates.tsx:66 | client/src/pages/MixEstimates.tsx:68 | client/src/pages/MixEstimates.tsx:108 | client/src/pages/MixEstimates.tsx:109 | client/src/pages/MixImpact.tsx:602 | client/src/pages/MixImpact.tsx:604","assertMixCalcWrite(req, res, ""edit"")","","See /api requireAuth, public/optional estimator exceptions, and local guards","Account/self-service/system constraints remain separate"
"DELETE /api/mix-estimates/:id","server/routes.ts:12863","","mix_calculator.delete via assertMixCalcWrite @ server/routes.ts:12865","client/src/pages/MixEstimates.tsx:66 | client/src/pages/MixEstimates.tsx:68 | client/src/pages/MixEstimates.tsx:108 | client/src/pages/MixEstimates.tsx:109 | client/src/pages/MixImpact.tsx:602 | client/src/pages/MixImpact.tsx:604","assertMixCalcWrite(req, res, ""delete"")","","See /api requireAuth, public/optional estimator exceptions, and local guards","Account/self-service/system constraints remain separate"
"GET /api/price-scenarios","server/routes.ts:12876","","","client/src/pages/MixImpact.tsx:608 | client/src/pages/MixImpact.tsx:610 | client/src/pages/MixImpact.tsx:614 | client/src/pages/MixImpact.tsx:616 | client/src/pages/MixImpact.tsx:628 | client/src/pages/ScenarioComparison.tsx:63 | client/src/pages/ScenarioComparison.tsx:65","See handler and middleware; no recognized local assert/can guard","","See /api requireAuth, public/optional estimator exceptions, and local guards","Account/self-service/system constraints remain separate"
"POST /api/price-scenarios","server/routes.ts:12888","","mix_calculator.create via assertMixCalcWrite @ server/routes.ts:12890","client/src/pages/MixImpact.tsx:608 | client/src/pages/MixImpact.tsx:610 | client/src/pages/MixImpact.tsx:614 | client/src/pages/MixImpact.tsx:616 | client/src/pages/MixImpact.tsx:628 | client/src/pages/ScenarioComparison.tsx:63 | client/src/pages/ScenarioComparison.tsx:65","assertMixCalcWrite(req, res, ""create"")","","See /api requireAuth, public/optional estimator exceptions, and local guards","Account/self-service/system constraints remain separate"
"GET /api/price-scenarios/:id","server/routes.ts:12903","","","client/src/pages/MixImpact.tsx:628 | client/src/pages/MixImpact.tsx:629","See handler and middleware; no recognized local assert/can guard","","See /api requireAuth, public/optional estimator exceptions, and local guards","Account/self-service/system constraints remain separate"
"PATCH /api/price-scenarios/:id","server/routes.ts:12915","","mix_calculator.create via assertMixCalcWrite @ server/routes.ts:12917 | mix_calculator.edit via assertMixCalcWrite @ server/routes.ts:12917","client/src/pages/MixImpact.tsx:628 | client/src/pages/MixImpact.tsx:629","assertMixCalcWrite(req, res, ""edit"")","","See /api requireAuth, public/optional estimator exceptions, and local guards","Account/self-service/system constraints remain separate"
"DELETE /api/price-scenarios/:id","server/routes.ts:12929","","mix_calculator.delete via assertMixCalcWrite @ server/routes.ts:12931","client/src/pages/MixImpact.tsx:628 | client/src/pages/MixImpact.tsx:629","assertMixCalcWrite(req, res, ""delete"")","","See /api requireAuth, public/optional estimator exceptions, and local guards","Account/self-service/system constraints remain separate"
"PATCH /api/mix-estimates/rename-contractor","server/routes.ts:12942","","mix_calculator.create via assertMixCalcWrite @ server/routes.ts:12944 | mix_calculator.edit via assertMixCalcWrite @ server/routes.ts:12944","No direct literal caller identified; inspect dynamic/shared/service caller","assertMixCalcWrite(req, res, ""edit"")","","See /api requireAuth, public/optional estimator exceptions, and local guards","Account/self-service/system constraints remain separate"
"PATCH /api/mix-estimates/rename-project","server/routes.ts:12955","","mix_calculator.create via assertMixCalcWrite @ server/routes.ts:12957 | mix_calculator.edit via assertMixCalcWrite @ server/routes.ts:12957","client/src/pages/MixEstimates.tsx:66 | client/src/pages/MixEstimates.tsx:68","assertMixCalcWrite(req, res, ""edit"")","","See /api requireAuth, public/optional estimator exceptions, and local guards","Keep route-specific site/project/record scope and business checks; section grant alone is not enough"
"GET /api/concrete-estimates","server/routes.ts:12980","","","client/src/pages/ConcreteCalculator.tsx:1164 | client/src/pages/ConcreteCalculator.tsx:1177 | client/src/pages/ConcreteEstimates.tsx:51 | client/src/pages/ConcreteEstimates.tsx:65 | client/src/pages/ConcreteEstimates.tsx:74 | client/src/pages/ConcreteEstimates.tsx:77","See handler and middleware; no recognized local assert/can guard","","See /api requireAuth, public/optional estimator exceptions, and local guards","Account/self-service/system constraints remain separate"
"GET /api/concrete-estimates/:id","server/routes.ts:12990","","","client/src/pages/ConcreteCalculator.tsx:954 | client/src/pages/ConcreteCalculator.tsx:1164 | client/src/pages/ConcreteCalculator.tsx:1176 | client/src/pages/ConcreteEstimates.tsx:65 | client/src/pages/ConcreteEstimates.tsx:66","See handler and middleware; no recognized local assert/can guard","","See /api requireAuth, public/optional estimator exceptions, and local guards","Account/self-service/system constraints remain separate"
"POST /api/concrete-estimates","server/routes.ts:13002","admin_settings; concrete_estimates_manage","admin_settings.create via assertCreateEither @ server/routes.ts:13004 | concrete_estimates_manage.create via assertCreateEither @ server/routes.ts:13004","client/src/pages/ConcreteCalculator.tsx:1164 | client/src/pages/ConcreteCalculator.tsx:1177 | client/src/pages/ConcreteEstimates.tsx:51 | client/src/pages/ConcreteEstimates.tsx:65 | client/src/pages/ConcreteEstimates.tsx:74 | client/src/pages/ConcreteEstimates.tsx:77","assertCreateEither(req, res, ""concrete_estimates_manage"", ""admin_settings"")","","See /api requireAuth, public/optional estimator exceptions, and local guards","Account/self-service/system constraints remain separate"
"PATCH /api/concrete-estimates/:id","server/routes.ts:13016","admin_settings; concrete_estimates_manage","admin_settings.edit via assertEditEither @ server/routes.ts:13018 | concrete_estimates_manage.edit via assertEditEither @ server/routes.ts:13018","client/src/pages/ConcreteCalculator.tsx:954 | client/src/pages/ConcreteCalculator.tsx:1164 | client/src/pages/ConcreteCalculator.tsx:1176 | client/src/pages/ConcreteEstimates.tsx:65 | client/src/pages/ConcreteEstimates.tsx:66","assertEditEither(req, res, ""concrete_estimates_manage"", ""admin_settings"") / !isAdmin && !isOwner","","See /api requireAuth, public/optional estimator exceptions, and local guards","Account/self-service/system constraints remain separate"
"DELETE /api/concrete-estimates/:id","server/routes.ts:13037","","","client/src/pages/ConcreteCalculator.tsx:954 | client/src/pages/ConcreteCalculator.tsx:1164 | client/src/pages/ConcreteCalculator.tsx:1176 | client/src/pages/ConcreteEstimates.tsx:65 | client/src/pages/ConcreteEstimates.tsx:66","assertAdmin(req, res)","","See /api requireAuth, public/optional estimator exceptions, and local guards","Account/self-service/system constraints remain separate"
"GET /api/concrete/v2/estimates","server/routes.ts:13054","","","client/src/pages/ConcreteCalculatorV2.tsx:1810 | client/src/pages/ConcreteCalculatorV2.tsx:1825 | client/src/pages/ConcreteCalculatorV2.tsx:1827 | client/src/pages/ConcreteCalculatorV2.tsx:1831 | client/src/pages/ConcreteCalculatorV2.tsx:1849","See handler and middleware; no recognized local assert/can guard","","See /api requireAuth, public/optional estimator exceptions, and local guards","Account/self-service/system constraints remain separate"
"GET /api/concrete/v2/estimates/:id","server/routes.ts:13064","","","client/src/pages/ConcreteCalculatorV2.tsx:1810 | client/src/pages/ConcreteCalculatorV2.tsx:1813 | client/src/pages/ConcreteCalculatorV2.tsx:1831 | client/src/pages/ConcreteCalculatorV2.tsx:1848","See handler and middleware; no recognized local assert/can guard","","See /api requireAuth, public/optional estimator exceptions, and local guards","Account/self-service/system constraints remain separate"
"POST /api/concrete/v2/estimates","server/routes.ts:13076","admin_settings; concrete_estimates_manage","admin_settings.create via assertCreateEither @ server/routes.ts:13078 | concrete_estimates_manage.create via assertCreateEither @ server/routes.ts:13078","client/src/pages/ConcreteCalculatorV2.tsx:1810 | client/src/pages/ConcreteCalculatorV2.tsx:1825 | client/src/pages/ConcreteCalculatorV2.tsx:1827 | client/src/pages/ConcreteCalculatorV2.tsx:1831 | client/src/pages/ConcreteCalculatorV2.tsx:1849","assertCreateEither(req, res, ""concrete_estimates_manage"", ""admin_settings"")","","See /api requireAuth, public/optional estimator exceptions, and local guards","Account/self-service/system constraints remain separate"
"PATCH /api/concrete/v2/estimates/:id","server/routes.ts:13090","admin_settings; concrete_estimates_manage","admin_settings.edit via assertEditEither @ server/routes.ts:13092 | concrete_estimates_manage.edit via assertEditEither @ server/routes.ts:13092","client/src/pages/ConcreteCalculatorV2.tsx:1810 | client/src/pages/ConcreteCalculatorV2.tsx:1813 | client/src/pages/ConcreteCalculatorV2.tsx:1831 | client/src/pages/ConcreteCalculatorV2.tsx:1848","assertEditEither(req, res, ""concrete_estimates_manage"", ""admin_settings"") / !isAdmin && !isOwner","","See /api requireAuth, public/optional estimator exceptions, and local guards","Account/self-service/system constraints remain separate"
"DELETE /api/concrete/v2/estimates/:id","server/routes.ts:13111","","","client/src/pages/ConcreteCalculatorV2.tsx:1810 | client/src/pages/ConcreteCalculatorV2.tsx:1813 | client/src/pages/ConcreteCalculatorV2.tsx:1831 | client/src/pages/ConcreteCalculatorV2.tsx:1848","assertAdmin(req, res)","","See /api requireAuth, public/optional estimator exceptions, and local guards","Account/self-service/system constraints remain separate"
"GET /api/stores/items","server/routes.ts:13127","stores_inventory","stores_inventory.view via assertView @ server/routes.ts:13129","client/src/pages/PlantMaintenance.tsx:932 | client/src/pages/PurchaseIndents.tsx:1133 | client/src/pages/PurchaseIndents.tsx:1682 | client/src/pages/StoresGrn.tsx:275 | client/src/pages/StoresGrn.tsx:594 | client/src/pages/StoresGrn.tsx:595 | client/src/pages/StoresIssue.tsx:83 | client/src/pages/StoresItems.tsx:34 | client/src/pages/StoresItems.tsx:37 | client/src/pages/StoresItems.tsx:49 | client/src/pages/StoresItems.tsx:50 | client/src/pages/irn/IrnDetailPage.tsx:103","assertView(req, res, ""stores_inventory"")","","See /api requireAuth, public/optional estimator exceptions, and local guards","Keep route-specific site/project/record scope and business checks; section grant alone is not enough"
"GET /api/stores/stock-balance","server/routes.ts:13139","stores_inventory","stores_inventory.view via assertView @ server/routes.ts:13141","client/src/pages/PurchaseIndents.tsx:1127 | client/src/pages/StoresGrn.tsx:306","assertView(req, res, ""stores_inventory"")","","See /api requireAuth, public/optional estimator exceptions, and local guards","Keep route-specific site/project/record scope and business checks; section grant alone is not enough"
"POST /api/stores/items","server/routes.ts:13150","stores_inventory","stores_inventory.create via assertCreate @ server/routes.ts:13152","client/src/pages/PlantMaintenance.tsx:932 | client/src/pages/PurchaseIndents.tsx:1133 | client/src/pages/PurchaseIndents.tsx:1682 | client/src/pages/StoresGrn.tsx:275 | client/src/pages/StoresGrn.tsx:594 | client/src/pages/StoresGrn.tsx:595 | client/src/pages/StoresIssue.tsx:83 | client/src/pages/StoresItems.tsx:34 | client/src/pages/StoresItems.tsx:37 | client/src/pages/StoresItems.tsx:49 | client/src/pages/StoresItems.tsx:50 | client/src/pages/irn/IrnDetailPage.tsx:103","assertCreate(req, res, ""stores_inventory"")","","See /api requireAuth, public/optional estimator exceptions, and local guards","Keep route-specific site/project/record scope and business checks; section grant alone is not enough"
"PATCH /api/stores/items/:id","server/routes.ts:13161","stores_inventory","stores_inventory.edit via assertEdit @ server/routes.ts:13163","client/src/pages/StoresItems.tsx:59 | client/src/pages/StoresItems.tsx:60","assertEdit(req, res, ""stores_inventory"")","","See /api requireAuth, public/optional estimator exceptions, and local guards","Keep route-specific site/project/record scope and business checks; section grant alone is not enough"
"POST /api/stores/items/:id/toggle","server/routes.ts:13173","stores_inventory","stores_inventory.edit via assertEdit @ server/routes.ts:13175","client/src/pages/StoresItems.tsx:69 | client/src/pages/StoresItems.tsx:70","assertEdit(req, res, ""stores_inventory"")","","See /api requireAuth, public/optional estimator exceptions, and local guards","Keep route-specific site/project/record scope and business checks; section grant alone is not enough"
"GET /api/stores/grns/pending-receipt-count","server/routes.ts:13186","stores_inventory","stores_inventory.view via assertView @ server/routes.ts:13188","client/src/pages/StoresHub.tsx:44","assertView(req, res, ""stores_inventory"")","","See /api requireAuth, public/optional estimator exceptions, and local guards","Keep route-specific site/project/record scope and business checks; section grant alone is not enough"
"GET /api/stores/grns","server/routes.ts:13206","stores_inventory","stores_inventory.view via assertView @ server/routes.ts:13208","client/src/pages/PurchaseIndents.tsx:1244 | client/src/pages/PurchaseIndents.tsx:1246 | client/src/pages/PurchaseIndents.tsx:1560 | client/src/pages/PurchaseIndents.tsx:1561 | client/src/pages/StoresGrn.tsx:382 | client/src/pages/StoresGrn.tsx:411 | client/src/pages/StoresGrn.tsx:414 | client/src/pages/StoresGrn.tsx:514 | client/src/pages/StoresGrn.tsx:515","assertView(req, res, ""stores_inventory"")","","See /api requireAuth, public/optional estimator exceptions, and local guards","Keep route-specific site/project/record scope and business checks; section grant alone is not enough"
"GET /api/stores/grns/supplier-history","server/routes.ts:13234","stores_inventory","stores_inventory.view via assertView @ server/routes.ts:13236","client/src/pages/PurchaseIndents.tsx:1154 | client/src/pages/PurchaseIndents.tsx:1158 | client/src/pages/StoresGrn.tsx:291 | client/src/pages/StoresGrn.tsx:295","assertView(req, res, ""stores_inventory"")","","See /api requireAuth, public/optional estimator exceptions, and local guards","Keep route-specific site/project/record scope and business checks; section grant alone is not enough"
"GET /api/stores/grns/recent-items","server/routes.ts:13253","stores_inventory","stores_inventory.view via assertView @ server/routes.ts:13255","client/src/pages/StoresGrn.tsx:277","assertView(req, res, ""stores_inventory"")","","See /api requireAuth, public/optional estimator exceptions, and local guards","Keep route-specific site/project/record scope and business checks; section grant alone is not enough"
"GET /api/stores/grns/recent-suppliers","server/routes.ts:13265","stores_inventory","stores_inventory.view via assertView @ server/routes.ts:13267","client/src/pages/StoresGrn.tsx:278","assertView(req, res, ""stores_inventory"")","","See /api requireAuth, public/optional estimator exceptions, and local guards","Keep route-specific site/project/record scope and business checks; section grant alone is not enough"
"GET /api/stores/grns/stale","server/routes.ts:13280","stores_inventory","stores_inventory.view via assertView @ server/routes.ts:13282","client/src/pages/StoresGrn.tsx:423 | client/src/pages/StoresGrn.tsx:426","assertView(req, res, ""stores_inventory"")","","See /api requireAuth, public/optional estimator exceptions, and local guards","Keep route-specific site/project/record scope and business checks; section grant alone is not enough"
"GET /api/stores/grns/:id","server/routes.ts:13296","stores_inventory","stores_inventory.view via assertView @ server/routes.ts:13298","client/src/pages/PurchaseIndents.tsx:1154 | client/src/pages/PurchaseIndents.tsx:1158 | client/src/pages/StoresGrn.tsx:277 | client/src/pages/StoresGrn.tsx:278 | client/src/pages/StoresGrn.tsx:291 | client/src/pages/StoresGrn.tsx:295 | client/src/pages/StoresGrn.tsx:411 | client/src/pages/StoresGrn.tsx:423 | client/src/pages/StoresGrn.tsx:426 | client/src/pages/StoresGrn.tsx:544 | client/src/pages/StoresGrn.tsx:546 | client/src/pages/StoresGrn.tsx:571 | client/src/pages/StoresGrn.tsx:572 | client/src/pages/StoresGrn.tsx:623 | client/src/pages/StoresGrn.tsx:625 | client/src/pages/StoresHub.tsx:44","assertView(req, res, ""stores_inventory"") / req.authUser && !req.authUser.isAdmin && grn.siteId","","See /api requireAuth, public/optional estimator exceptions, and local guards","Keep route-specific site/project/record scope and business checks; section grant alone is not enough"
"POST /api/stores/grns","server/routes.ts:13315","stores_inventory","stores_inventory.create via assertCreate @ server/routes.ts:13317 | stores_inventory.notify via sendPushToSection @ server/routes.ts:13351","client/src/pages/PurchaseIndents.tsx:1244 | client/src/pages/PurchaseIndents.tsx:1246 | client/src/pages/PurchaseIndents.tsx:1560 | client/src/pages/PurchaseIndents.tsx:1561 | client/src/pages/StoresGrn.tsx:382 | client/src/pages/StoresGrn.tsx:411 | client/src/pages/StoresGrn.tsx:414 | client/src/pages/StoresGrn.tsx:514 | client/src/pages/StoresGrn.tsx:515","assertCreate(req, res, ""stores_inventory"")","","See /api requireAuth, public/optional estimator exceptions, and local guards","Keep route-specific site/project/record scope and business checks; section grant alone is not enough"
"PATCH /api/stores/grns/:id","server/routes.ts:13359","stores_inventory","stores_inventory.edit via assertEdit @ server/routes.ts:13361","client/src/pages/PurchaseIndents.tsx:1154 | client/src/pages/PurchaseIndents.tsx:1158 | client/src/pages/StoresGrn.tsx:277 | client/src/pages/StoresGrn.tsx:278 | client/src/pages/StoresGrn.tsx:291 | client/src/pages/StoresGrn.tsx:295 | client/src/pages/StoresGrn.tsx:411 | client/src/pages/StoresGrn.tsx:423 | client/src/pages/StoresGrn.tsx:426 | client/src/pages/StoresGrn.tsx:544 | client/src/pages/StoresGrn.tsx:546 | client/src/pages/StoresGrn.tsx:571 | client/src/pages/StoresGrn.tsx:572 | client/src/pages/StoresGrn.tsx:623 | client/src/pages/StoresGrn.tsx:625 | client/src/pages/StoresHub.tsx:44","assertEdit(req, res, ""stores_inventory"") / status === ""finalized"" && (existing as any).createdByUserId && req.authUser / !req.authUser.isAdmin / updateData.status === ""finalized"" && req.authUser","","See /api requireAuth, public/optional estimator exceptions, and local guards","Keep route-specific site/project/record scope and business checks; section grant alone is not enough"
"PUT /api/stores/grns/:id","server/routes.ts:13443","stores_inventory","stores_inventory.edit via assertEdit @ server/routes.ts:13445","client/src/pages/PurchaseIndents.tsx:1154 | client/src/pages/PurchaseIndents.tsx:1158 | client/src/pages/StoresGrn.tsx:277 | client/src/pages/StoresGrn.tsx:278 | client/src/pages/StoresGrn.tsx:291 | client/src/pages/StoresGrn.tsx:295 | client/src/pages/StoresGrn.tsx:411 | client/src/pages/StoresGrn.tsx:423 | client/src/pages/StoresGrn.tsx:426 | client/src/pages/StoresGrn.tsx:544 | client/src/pages/StoresGrn.tsx:546 | client/src/pages/StoresGrn.tsx:571 | client/src/pages/StoresGrn.tsx:572 | client/src/pages/StoresGrn.tsx:623 | client/src/pages/StoresGrn.tsx:625 | client/src/pages/StoresHub.tsx:44","assertEdit(req, res, ""stores_inventory"")","","See /api requireAuth, public/optional estimator exceptions, and local guards","Keep route-specific site/project/record scope and business checks; section grant alone is not enough"
"POST /api/stores/grns/:id/cancel","server/routes.ts:13464","","","client/src/pages/StoresGrn.tsx:610 | client/src/pages/StoresGrn.tsx:612","assertAdmin(req, res)","","See /api requireAuth, public/optional estimator exceptions, and local guards","Keep route-specific site/project/record scope and business checks; section grant alone is not enough"
"GET /api/stores/issues/recent-items","server/routes.ts:13492","stores_inventory","stores_inventory.view via assertView @ server/routes.ts:13494","client/src/pages/StoresIssue.tsx:85","assertView(req, res, ""stores_inventory"")","","See /api requireAuth, public/optional estimator exceptions, and local guards","Keep route-specific site/project/record scope and business checks; section grant alone is not enough"
"GET /api/stores/issues","server/routes.ts:13504","stores_inventory","stores_inventory.view via assertView @ server/routes.ts:13506","client/src/pages/StoresIssue.tsx:92 | client/src/pages/StoresIssue.tsx:118 | client/src/pages/StoresIssue.tsx:119 | client/src/pages/irn/IrnDetailPage.tsx:385","assertView(req, res, ""stores_inventory"")","","See /api requireAuth, public/optional estimator exceptions, and local guards","Keep route-specific site/project/record scope and business checks; section grant alone is not enough"
"GET /api/stores/issues/:id","server/routes.ts:13527","stores_inventory","stores_inventory.view via assertView @ server/routes.ts:13529","client/src/pages/StoresIssue.tsx:85","assertView(req, res, ""stores_inventory"") / req.authUser && !req.authUser.isAdmin && issue.siteId","","See /api requireAuth, public/optional estimator exceptions, and local guards","Keep route-specific site/project/record scope and business checks; section grant alone is not enough"
"POST /api/stores/issues","server/routes.ts:13546","stores_inventory","stores_inventory.create via assertCreate @ server/routes.ts:13548 | stores_inventory.notify via sendPushToSection @ server/routes.ts:13576","client/src/pages/StoresIssue.tsx:92 | client/src/pages/StoresIssue.tsx:118 | client/src/pages/StoresIssue.tsx:119 | client/src/pages/irn/IrnDetailPage.tsx:385","assertCreate(req, res, ""stores_inventory"")","","See /api requireAuth, public/optional estimator exceptions, and local guards","Keep route-specific site/project/record scope and business checks; section grant alone is not enough"
"POST /api/stores/issues/:id/cancel","server/routes.ts:13589","","","client/src/pages/StoresIssue.tsx:132 | client/src/pages/StoresIssue.tsx:134","assertAdmin(req, res)","","See /api requireAuth, public/optional estimator exceptions, and local guards","Keep route-specific site/project/record scope and business checks; section grant alone is not enough"
"GET /api/stores/stock-summary","server/routes.ts:13612","stores_inventory","stores_inventory.view via assertView @ server/routes.ts:13614","client/src/pages/PlantMaintenance.tsx:936 | client/src/pages/StoresHome.tsx:25 | client/src/pages/StoresHub.tsx:39 | client/src/pages/StoresIssue.tsx:89 | client/src/pages/StoresItems.tsx:43 | client/src/pages/StoresLedger.tsx:27 | client/src/pages/irn/IrnDetailPage.tsx:385","assertView(req, res, ""stores_inventory"")","","See /api requireAuth, public/optional estimator exceptions, and local guards","Keep route-specific site/project/record scope and business checks; section grant alone is not enough"
"GET /api/stores/ledger/:itemId","server/routes.ts:13624","stores_inventory","stores_inventory.view via assertView @ server/routes.ts:13626","client/src/pages/StoresLedger.tsx:30 | client/src/pages/StoresLedger.tsx:36","assertView(req, res, ""stores_inventory"")","","See /api requireAuth, public/optional estimator exceptions, and local guards","Keep route-specific site/project/record scope and business checks; section grant alone is not enough"
"GET /api/stores/next-doc-number","server/routes.ts:13639","stores_inventory","stores_inventory.view via assertView @ server/routes.ts:13641","client/src/pages/StoresGrn.tsx:436 | client/src/pages/StoresGrn.tsx:440 | client/src/pages/StoresIssue.tsx:109 | client/src/pages/StoresIssue.tsx:111","assertView(req, res, ""stores_inventory"")","","See /api requireAuth, public/optional estimator exceptions, and local guards","Keep route-specific site/project/record scope and business checks; section grant alone is not enough"
"GET /api/stores/indent-grn-counts","server/routes.ts:13654","stores_inventory","stores_inventory.view via assertView @ server/routes.ts:13656","client/src/pages/PurchaseIndents.tsx:1215","assertView(req, res, ""stores_inventory"")","","See /api requireAuth, public/optional estimator exceptions, and local guards","Keep route-specific site/project/record scope and business checks; section grant alone is not enough"
"GET /api/stores/indent-fulfilment-status","server/routes.ts:13665","stores_inventory","stores_inventory.view via assertView @ server/routes.ts:13667","client/src/pages/PurchaseIndents.tsx:1220","assertView(req, res, ""stores_inventory"")","","See /api requireAuth, public/optional estimator exceptions, and local guards","Keep route-specific site/project/record scope and business checks; section grant alone is not enough"
"GET /api/stores/indent-received-per-item","server/routes.ts:13676","stores_inventory","stores_inventory.view via assertView @ server/routes.ts:13678","client/src/pages/PurchaseIndents.tsx:1225 | client/src/pages/PurchaseIndents.tsx:1230","assertView(req, res, ""stores_inventory"") / req.authUser && !req.authUser.isAdmin","","See /api requireAuth, public/optional estimator exceptions, and local guards","Keep route-specific site/project/record scope and business checks; section grant alone is not enough"
"GET /api/maintenance/logs","server/routes.ts:13815","plant_equipment","plant_equipment.view via assertView @ server/routes.ts:13817","client/src/pages/DprDetails.tsx:56 | client/src/pages/DprDetails.tsx:59 | client/src/pages/PlantEquipmentUsage.tsx:247 | client/src/pages/PlantEquipmentUsage.tsx:250 | client/src/pages/PlantEquipmentUsage.tsx:338 | client/src/pages/PlantMaintenance.tsx:227 | client/src/pages/PlantMaintenance.tsx:229 | client/src/pages/PlantMaintenance.tsx:465 | client/src/pages/PlantMaintenance.tsx:606 | client/src/pages/PlantMaintenance.tsx:618 | client/src/pages/PlantMaintenance.tsx:636 | client/src/pages/PlantMaintenance.tsx:653 | client/src/pages/PlantMaintenance.tsx:949 | client/src/pages/PlantMaintenance.tsx:952 | client/src/pages/SiteReport.tsx:82 | client/src/pages/SiteReport.tsx:85","assertView(req, res, ""plant_equipment"") / canAccessMaintenanceSource(req, log)","","See /api requireAuth, public/optional estimator exceptions, and local guards","Account/self-service/system constraints remain separate"
"GET /api/maintenance/logs/:id","server/routes.ts:13847","plant_equipment","plant_equipment.view via assertView @ server/routes.ts:13849","client/src/pages/PlantEquipmentUsage.tsx:338 | client/src/pages/PlantMaintenance.tsx:465 | client/src/pages/PlantMaintenance.tsx:467 | client/src/pages/PlantMaintenance.tsx:606 | client/src/pages/PlantMaintenance.tsx:607 | client/src/pages/PlantMaintenance.tsx:618 | client/src/pages/PlantMaintenance.tsx:621","assertView(req, res, ""plant_equipment"") / assertMaintenanceSourceAccess(req, res, log)","","See /api requireAuth, public/optional estimator exceptions, and local guards","Account/self-service/system constraints remain separate"
"POST /api/maintenance/logs","server/routes.ts:13860","plant_equipment","plant_equipment.create via assertCreate @ server/routes.ts:13862","client/src/pages/DprDetails.tsx:56 | client/src/pages/DprDetails.tsx:59 | client/src/pages/PlantEquipmentUsage.tsx:247 | client/src/pages/PlantEquipmentUsage.tsx:250 | client/src/pages/PlantEquipmentUsage.tsx:338 | client/src/pages/PlantMaintenance.tsx:227 | client/src/pages/PlantMaintenance.tsx:229 | client/src/pages/PlantMaintenance.tsx:465 | client/src/pages/PlantMaintenance.tsx:606 | client/src/pages/PlantMaintenance.tsx:618 | client/src/pages/PlantMaintenance.tsx:636 | client/src/pages/PlantMaintenance.tsx:653 | client/src/pages/PlantMaintenance.tsx:949 | client/src/pages/PlantMaintenance.tsx:952 | client/src/pages/SiteReport.tsx:82 | client/src/pages/SiteReport.tsx:85","assertCreate(req, res, ""plant_equipment"") / assertMaintenanceSourceAccess(req, res, normalized.data)","","See /api requireAuth, public/optional estimator exceptions, and local guards","Account/self-service/system constraints remain separate"
"PATCH /api/maintenance/logs/:id","server/routes.ts:13875","plant_equipment","plant_equipment.edit via assertEdit @ server/routes.ts:13877","client/src/pages/PlantEquipmentUsage.tsx:338 | client/src/pages/PlantMaintenance.tsx:465 | client/src/pages/PlantMaintenance.tsx:467 | client/src/pages/PlantMaintenance.tsx:606 | client/src/pages/PlantMaintenance.tsx:607 | client/src/pages/PlantMaintenance.tsx:618 | client/src/pages/PlantMaintenance.tsx:621","assertEdit(req, res, ""plant_equipment"") / assertMaintenanceSourceAccess(req, res, existing) / assertMaintenanceSourceAccess(req, res, normalized.data)","","See /api requireAuth, public/optional estimator exceptions, and local guards","Account/self-service/system constraints remain separate"
"DELETE /api/maintenance/logs/:id","server/routes.ts:13908","","","client/src/pages/PlantEquipmentUsage.tsx:338 | client/src/pages/PlantMaintenance.tsx:465 | client/src/pages/PlantMaintenance.tsx:467 | client/src/pages/PlantMaintenance.tsx:606 | client/src/pages/PlantMaintenance.tsx:607 | client/src/pages/PlantMaintenance.tsx:618 | client/src/pages/PlantMaintenance.tsx:621","assertAdmin(req, res) / assertMaintenanceSourceAccess(req, res, before)","","See /api requireAuth, public/optional estimator exceptions, and local guards","Account/self-service/system constraints remain separate"
"POST /api/maintenance/logs/:id/cancel","server/routes.ts:13933","plant_equipment","plant_equipment.delete via assertDeleteOrCancel @ server/routes.ts:13935","client/src/pages/PlantEquipmentUsage.tsx:325","assertDeleteOrCancel(req, res, ""plant_equipment"") / assertMaintenanceSourceAccess(req, res, before)","","See /api requireAuth, public/optional estimator exceptions, and local guards","Account/self-service/system constraints remain separate"
"GET /api/admin/permission-migration-audit","server/routes.ts:13965","admin_settings","admin_settings.view via assertView @ server/routes.ts:13966","client/src/pages/PermissionMigrationAudit.tsx:71","assertView(req, res, ""admin_settings"")","","See /api requireAuth, public/optional estimator exceptions, and local guards","Account/self-service/system constraints remain separate"
"GET /api/audit-logs","server/routes.ts:13975","","","client/src/components/HistoryDialog.tsx:61 | client/src/components/HistoryDialog.tsx:64","!req.authUser","","See /api requireAuth, public/optional estimator exceptions, and local guards","Account/self-service/system constraints remain separate"
"POST /api/maintenance/logs/:id/parts","server/routes.ts:13991","plant_equipment","plant_equipment.create via assertCreate @ server/routes.ts:13993","client/src/pages/PlantMaintenance.tsx:636 | client/src/pages/PlantMaintenance.tsx:639","assertCreate(req, res, ""plant_equipment"") / assertMaintenanceSourceAccess(req, res, parent)","","See /api requireAuth, public/optional estimator exceptions, and local guards","Account/self-service/system constraints remain separate"
"DELETE /api/maintenance/parts/:partId","server/routes.ts:14009","plant_equipment","plant_equipment.delete via assertDelete @ server/routes.ts:14011","client/src/pages/PlantMaintenance.tsx:653 | client/src/pages/PlantMaintenance.tsx:654","assertDelete(req, res, ""plant_equipment"") / assertMaintenanceRecordAccess(req, res, part.maintenanceLogId, true)","","See /api requireAuth, public/optional estimator exceptions, and local guards","Account/self-service/system constraints remain separate"
"GET /api/maintenance/health-summary","server/routes.ts:14027","plant_equipment","plant_equipment.view via assertView @ server/routes.ts:14029","client/src/pages/PlantMaintenance.tsx:227 | client/src/pages/PlantMaintenance.tsx:465 | client/src/pages/PlantMaintenance.tsx:606 | client/src/pages/PlantMaintenance.tsx:618 | client/src/pages/PlantMaintenance.tsx:959","assertView(req, res, ""plant_equipment"")","","See /api requireAuth, public/optional estimator exceptions, and local guards","Account/self-service/system constraints remain separate"
"GET /api/maintenance/open-count","server/routes.ts:14038","plant_equipment","plant_equipment.view via assertView @ server/routes.ts:14040","client/src/pages/Plant.tsx:161 | client/src/pages/Plant.tsx:399 | client/src/pages/Plant.tsx:488 | client/src/pages/PlantMaintenance.tsx:227 | client/src/pages/PlantMaintenance.tsx:465 | client/src/pages/PlantMaintenance.tsx:606 | client/src/pages/PlantMaintenance.tsx:618","assertView(req, res, ""plant_equipment"")","","See /api requireAuth, public/optional estimator exceptions, and local guards","Account/self-service/system constraints remain separate"
"GET /api/rmc/mix-designs","server/routes.ts:14061","plant_production","plant_production.view via assertView @ server/routes.ts:14063","client/src/pages/RmcBatchRecords.tsx:143 | client/src/pages/RmcMixDesigns.tsx:47 | client/src/pages/RmcMixDesigns.tsx:51 | client/src/pages/RmcMixDesigns.tsx:55 | client/src/pages/RmcMixDesigns.tsx:67","assertView(req, res, ""plant_production"")","","Global /api auth plus ENABLE_RMC availability middleware","Account/self-service/system constraints remain separate"
"GET /api/rmc/mix-designs/:id","server/routes.ts:14070","plant_production","plant_production.view via assertView @ server/routes.ts:14072","client/src/pages/RmcMixDesigns.tsx:51 | client/src/pages/RmcMixDesigns.tsx:54 | client/src/pages/RmcMixDesigns.tsx:67 | client/src/pages/RmcMixDesigns.tsx:69","assertView(req, res, ""plant_production"")","","Global /api auth plus ENABLE_RMC availability middleware","Account/self-service/system constraints remain separate"
"POST /api/rmc/mix-designs","server/routes.ts:14079","plant_production","plant_production.create via assertCreate @ server/routes.ts:14081","client/src/pages/RmcBatchRecords.tsx:143 | client/src/pages/RmcMixDesigns.tsx:47 | client/src/pages/RmcMixDesigns.tsx:51 | client/src/pages/RmcMixDesigns.tsx:55 | client/src/pages/RmcMixDesigns.tsx:67","assertCreate(req, res, ""plant_production"")","","Global /api auth plus ENABLE_RMC availability middleware","Account/self-service/system constraints remain separate"
"PATCH /api/rmc/mix-designs/:id","server/routes.ts:14091","plant_production","plant_production.edit via assertEdit @ server/routes.ts:14093","client/src/pages/RmcMixDesigns.tsx:51 | client/src/pages/RmcMixDesigns.tsx:54 | client/src/pages/RmcMixDesigns.tsx:67 | client/src/pages/RmcMixDesigns.tsx:69","assertEdit(req, res, ""plant_production"")","","Global /api auth plus ENABLE_RMC availability middleware","Account/self-service/system constraints remain separate"
"DELETE /api/rmc/mix-designs/:id","server/routes.ts:14104","","","client/src/pages/RmcMixDesigns.tsx:51 | client/src/pages/RmcMixDesigns.tsx:54 | client/src/pages/RmcMixDesigns.tsx:67 | client/src/pages/RmcMixDesigns.tsx:69","assertAdmin(req, res)","","Global /api auth plus ENABLE_RMC availability middleware","Account/self-service/system constraints remain separate"
"GET /api/rmc/today-summary","server/routes.ts:14114","plant_production","plant_production.view via assertView @ server/routes.ts:14116","client/src/pages/Plant.tsx:505 | client/src/pages/Plant.tsx:515 | client/src/pages/RmcHub.tsx:85 | client/src/pages/RmcHub.tsx:89","assertView(req, res, ""plant_production"")","","Global /api auth plus ENABLE_RMC availability middleware","Account/self-service/system constraints remain separate"
"GET /api/rmc/summary-range","server/routes.ts:14124","plant_production","plant_production.view via assertView @ server/routes.ts:14126","client/src/pages/RmcHub.tsx:107 | client/src/pages/RmcHub.tsx:111","assertView(req, res, ""plant_production"")","","Global /api auth plus ENABLE_RMC availability middleware","Account/self-service/system constraints remain separate"
"GET /api/rmc/batch-records","server/routes.ts:14136","plant_production","plant_production.view via assertView @ server/routes.ts:14138","client/src/pages/RmcBatchRecords.tsx:147 | client/src/pages/RmcBatchRecords.tsx:150 | client/src/pages/RmcBatchRecords.tsx:154 | client/src/pages/RmcBatchRecords.tsx:158 | client/src/pages/RmcBatchRecords.tsx:180 | client/src/pages/RmcBatchRecords.tsx:203 | client/src/pages/RmcCubeTests.tsx:73 | client/src/pages/RmcCubeTests.tsx:75 | client/src/pages/RmcDeliveryChallans.tsx:106 | client/src/pages/RmcDeliveryChallans.tsx:109","assertView(req, res, ""plant_production"")","","Global /api auth plus ENABLE_RMC availability middleware","Account/self-service/system constraints remain separate"
"GET /api/rmc/batch-records/export","server/routes.ts:14151","plant_production; rmc_batch_records","plant_production.view via assertView @ server/routes.ts:14154 | rmc_batch_records.export via assertExport @ server/routes.ts:14152","No direct literal caller identified; inspect dynamic/shared/service caller","assertExport(req, res, ""rmc_batch_records"") / assertView(req, res, ""plant_production"")","","Global /api auth plus ENABLE_RMC availability middleware","Account/self-service/system constraints remain separate"
"GET /api/rmc/batch-records/:id","server/routes.ts:14196","plant_production","plant_production.view via assertView @ server/routes.ts:14198","client/src/pages/RmcBatchRecords.tsx:154 | client/src/pages/RmcBatchRecords.tsx:157 | client/src/pages/RmcBatchRecords.tsx:180 | client/src/pages/RmcBatchRecords.tsx:182 | client/src/pages/RmcBatchRecords.tsx:203 | client/src/pages/RmcBatchRecords.tsx:205","assertView(req, res, ""plant_production"")","","Global /api auth plus ENABLE_RMC availability middleware","Account/self-service/system constraints remain separate"
"POST /api/rmc/batch-records","server/routes.ts:14205","plant_production","plant_production.create via assertCreate @ server/routes.ts:14207","client/src/pages/RmcBatchRecords.tsx:147 | client/src/pages/RmcBatchRecords.tsx:150 | client/src/pages/RmcBatchRecords.tsx:154 | client/src/pages/RmcBatchRecords.tsx:158 | client/src/pages/RmcBatchRecords.tsx:180 | client/src/pages/RmcBatchRecords.tsx:203 | client/src/pages/RmcCubeTests.tsx:73 | client/src/pages/RmcCubeTests.tsx:75 | client/src/pages/RmcDeliveryChallans.tsx:106 | client/src/pages/RmcDeliveryChallans.tsx:109","assertCreate(req, res, ""plant_production"")","","Global /api auth plus ENABLE_RMC availability middleware","Account/self-service/system constraints remain separate"
"PATCH /api/rmc/batch-records/:id","server/routes.ts:14226","plant_production","plant_production.edit via assertEdit @ server/routes.ts:14228","client/src/pages/RmcBatchRecords.tsx:154 | client/src/pages/RmcBatchRecords.tsx:157 | client/src/pages/RmcBatchRecords.tsx:180 | client/src/pages/RmcBatchRecords.tsx:182 | client/src/pages/RmcBatchRecords.tsx:203 | client/src/pages/RmcBatchRecords.tsx:205","assertEdit(req, res, ""plant_production"")","","Global /api auth plus ENABLE_RMC availability middleware","Account/self-service/system constraints remain separate"
"POST /api/rmc/batch-records/reprocess-missed-deductions","server/routes.ts:14241","","","client/src/pages/RmcBatchRecords.tsx:180 | client/src/pages/RmcBatchRecords.tsx:182","assertAdmin(req, res)","","Global /api auth plus ENABLE_RMC availability middleware","Account/self-service/system constraints remain separate"
"DELETE /api/rmc/batch-records/:id","server/routes.ts:14252","","","client/src/pages/RmcBatchRecords.tsx:154 | client/src/pages/RmcBatchRecords.tsx:157 | client/src/pages/RmcBatchRecords.tsx:180 | client/src/pages/RmcBatchRecords.tsx:182 | client/src/pages/RmcBatchRecords.tsx:203 | client/src/pages/RmcBatchRecords.tsx:205","assertAdmin(req, res)","","Global /api auth plus ENABLE_RMC availability middleware","Account/self-service/system constraints remain separate"
"GET /api/rmc/cube-tests/export","server/routes.ts:14263","plant_production; rmc_cube_tests","plant_production.view via assertView @ server/routes.ts:14266 | rmc_cube_tests.export via assertExport @ server/routes.ts:14264","No direct literal caller identified; inspect dynamic/shared/service caller","assertExport(req, res, ""rmc_cube_tests"") / assertView(req, res, ""plant_production"")","","Global /api auth plus ENABLE_RMC availability middleware","Account/self-service/system constraints remain separate"
"GET /api/rmc/cube-tests/stats","server/routes.ts:14313","plant_production","plant_production.view via assertView @ server/routes.ts:14315","client/src/pages/Plant.tsx:496 | client/src/pages/Plant.tsx:498","assertView(req, res, ""plant_production"")","","Global /api auth plus ENABLE_RMC availability middleware","Account/self-service/system constraints remain separate"
"GET /api/rmc/cube-tests","server/routes.ts:14322","plant_production","plant_production.view via assertView @ server/routes.ts:14324","client/src/pages/RmcCubeTests.tsx:64 | client/src/pages/RmcCubeTests.tsx:69 | client/src/pages/RmcCubeTests.tsx:78 | client/src/pages/RmcCubeTests.tsx:82 | client/src/pages/RmcCubeTests.tsx:94 | client/src/pages/RmcHub.tsx:98 | client/src/pages/RmcHub.tsx:101","assertView(req, res, ""plant_production"")","","Global /api auth plus ENABLE_RMC availability middleware","Account/self-service/system constraints remain separate"
"POST /api/rmc/cube-tests","server/routes.ts:14336","plant_production","plant_production.create via assertCreate @ server/routes.ts:14338","client/src/pages/RmcCubeTests.tsx:64 | client/src/pages/RmcCubeTests.tsx:69 | client/src/pages/RmcCubeTests.tsx:78 | client/src/pages/RmcCubeTests.tsx:82 | client/src/pages/RmcCubeTests.tsx:94 | client/src/pages/RmcHub.tsx:98 | client/src/pages/RmcHub.tsx:101","assertCreate(req, res, ""plant_production"")","","Global /api auth plus ENABLE_RMC availability middleware","Account/self-service/system constraints remain separate"
"PATCH /api/rmc/cube-tests/:id","server/routes.ts:14358","plant_production","plant_production.edit via assertEdit @ server/routes.ts:14360","client/src/pages/Plant.tsx:496 | client/src/pages/Plant.tsx:498 | client/src/pages/RmcCubeTests.tsx:78 | client/src/pages/RmcCubeTests.tsx:81 | client/src/pages/RmcCubeTests.tsx:94 | client/src/pages/RmcCubeTests.tsx:96","assertEdit(req, res, ""plant_production"")","","Global /api auth plus ENABLE_RMC availability middleware","Account/self-service/system constraints remain separate"
"DELETE /api/rmc/cube-tests/:id","server/routes.ts:14371","","","client/src/pages/Plant.tsx:496 | client/src/pages/Plant.tsx:498 | client/src/pages/RmcCubeTests.tsx:78 | client/src/pages/RmcCubeTests.tsx:81 | client/src/pages/RmcCubeTests.tsx:94 | client/src/pages/RmcCubeTests.tsx:96","assertAdmin(req, res)","","Global /api auth plus ENABLE_RMC availability middleware","Account/self-service/system constraints remain separate"
"GET /api/rmc/raw-materials","server/routes.ts:14381","plant_materials","plant_materials.view via assertView @ server/routes.ts:14383","client/src/pages/RmcRawMaterials.tsx:75 | client/src/pages/RmcRawMaterials.tsx:78 | client/src/pages/RmcRawMaterials.tsx:89 | client/src/pages/RmcRawMaterials.tsx:93 | client/src/pages/RmcRawMaterials.tsx:107","assertView(req, res, ""plant_materials"")","","Global /api auth plus ENABLE_RMC availability middleware","Keep route-specific site/project/record scope and business checks; section grant alone is not enough"
"POST /api/rmc/raw-materials","server/routes.ts:14395","plant_materials","plant_materials.create via assertCreate @ server/routes.ts:14397","client/src/pages/RmcRawMaterials.tsx:75 | client/src/pages/RmcRawMaterials.tsx:78 | client/src/pages/RmcRawMaterials.tsx:89 | client/src/pages/RmcRawMaterials.tsx:93 | client/src/pages/RmcRawMaterials.tsx:107","assertCreate(req, res, ""plant_materials"")","","Global /api auth plus ENABLE_RMC availability middleware","Keep route-specific site/project/record scope and business checks; section grant alone is not enough"
"PATCH /api/rmc/raw-materials/:id","server/routes.ts:14407","plant_materials","plant_materials.edit via assertEdit @ server/routes.ts:14409","client/src/pages/RmcRawMaterials.tsx:89 | client/src/pages/RmcRawMaterials.tsx:92 | client/src/pages/RmcRawMaterials.tsx:107 | client/src/pages/RmcRawMaterials.tsx:109","assertEdit(req, res, ""plant_materials"")","","Global /api auth plus ENABLE_RMC availability middleware","Keep route-specific site/project/record scope and business checks; section grant alone is not enough"
"DELETE /api/rmc/raw-materials/:id","server/routes.ts:14420","","","client/src/pages/RmcRawMaterials.tsx:89 | client/src/pages/RmcRawMaterials.tsx:92 | client/src/pages/RmcRawMaterials.tsx:107 | client/src/pages/RmcRawMaterials.tsx:109","assertAdmin(req, res)","","Global /api auth plus ENABLE_RMC availability middleware","Keep route-specific site/project/record scope and business checks; section grant alone is not enough"
"GET /api/rmc/plants","server/routes.ts:14430","plant_daily_reports","plant_daily_reports.view via assertView @ server/routes.ts:14432","client/src/pages/RmcBatchRecords.tsx:136 | client/src/pages/RmcBatchRecords.tsx:138 | client/src/pages/RmcDailyReport.tsx:39 | client/src/pages/RmcDailyReport.tsx:41 | client/src/pages/RmcRawMaterials.tsx:68 | client/src/pages/RmcRawMaterials.tsx:70 | client/src/pages/RmcRawMaterials.tsx:89","assertView(req, res, ""plant_daily_reports"")","","Global /api auth plus ENABLE_RMC availability middleware","Keep route-specific site/project/record scope and business checks; section grant alone is not enough"
"GET /api/rmc/stock-summary","server/routes.ts:14439","plant_materials","plant_materials.view via assertView @ server/routes.ts:14441","client/src/pages/RmcRawMaterials.tsx:82 | client/src/pages/RmcRawMaterials.tsx:89 | client/src/pages/RmcRawMaterials.tsx:107","assertView(req, res, ""plant_materials"")","","Global /api auth plus ENABLE_RMC availability middleware","Account/self-service/system constraints remain separate"
"GET /api/rmc/daily-report","server/routes.ts:14449","plant_daily_reports","plant_daily_reports.view via assertView @ server/routes.ts:14451","client/src/pages/RmcDailyReport.tsx:46 | client/src/pages/RmcDailyReport.tsx:48","assertView(req, res, ""plant_daily_reports"")","","Global /api auth plus ENABLE_RMC availability middleware","Account/self-service/system constraints remain separate"
"GET /api/rmc/daily-report/pdf","server/routes.ts:14461","plant_daily_reports; rmc_daily_report","plant_daily_reports.view via assertView @ server/routes.ts:14464 | rmc_daily_report.export via assertExport @ server/routes.ts:14462","No direct literal caller identified; inspect dynamic/shared/service caller","assertExport(req, res, ""rmc_daily_report"") / assertView(req, res, ""plant_daily_reports"")","","Global /api auth plus ENABLE_RMC availability middleware","Account/self-service/system constraints remain separate"
"GET /api/rmc/daily-report/export","server/routes.ts:14717","plant_daily_reports; rmc_daily_report","plant_daily_reports.view via assertView @ server/routes.ts:14720 | rmc_daily_report.export via assertExport @ server/routes.ts:14718","No direct literal caller identified; inspect dynamic/shared/service caller","assertExport(req, res, ""rmc_daily_report"") / assertView(req, res, ""plant_daily_reports"")","","Global /api auth plus ENABLE_RMC availability middleware","Account/self-service/system constraints remain separate"
"GET /api/reports/plant-project-dispatch-summary","server/routes.ts:14837","plant_production","plant_production.view via assertView @ server/routes.ts:14839","client/src/pages/PlantProjectReport.tsx:60 | client/src/pages/PlantProjectReport.tsx:63","assertView(req, res, ""plant_production"")","","See /api requireAuth, public/optional estimator exceptions, and local guards","Keep route-specific site/project/record scope and business checks; section grant alone is not enough"
"GET /api/boq/projects","server/routes.ts:14892","","","client/src/components/BarArrangementPanel.tsx:87 | client/src/components/BoqImportWizard.tsx:123 | client/src/components/CutFillOutcomeControls.tsx:69 | client/src/components/CutFillOutcomeControls.tsx:74 | client/src/components/EarthworkArrangementDialog.tsx:695 | client/src/components/ExecutionStateBadge.tsx:51 | client/src/components/PlanVsActualTable.tsx:41 | client/src/components/PlannedWorkArrangementWarning.tsx:22 | client/src/components/PlannedWorkArrangementWarning.tsx:25 | client/src/components/PlannedWorkArrangementWarning.tsx:37 | client/src/components/PlannedWorkArrangementWarning.tsx:53 | client/src/components/ReceiptWorkContext.tsx:98 | client/src/components/ReceiptWorkContext.tsx:162 | client/src/components/ReceiptWorkContext.tsx:165 | client/src/components/RequirementFulfilmentPanel.tsx:65 | client/src/components/RequirementFulfilmentPanel.tsx:68 | client/src/hooks/use-dpr-boq-items.ts:61 | client/src/hooks/use-dpr-boq-items.ts:64 | client/src/hooks/use-dpr-boq-items.ts:152 | client/src/hooks/use-dpr-boq-items.ts:195 | client/src/pages/BoqItemRecipes.tsx:216 | client/src/pages/BoqItemRecipes.tsx:302 | client/src/pages/BoqItemRecipes.tsx:550 | client/src/pages/BoqItemRecipes.tsx:608 | client/src/pages/BoqItemRecipes.tsx:1116 | client/src/pages/BoqItemRecipes.tsx:1125 | client/src/pages/BoqItemReview.tsx:73 | client/src/pages/BoqItemReview.tsx:79 | client/src/pages/BoqItemReview.tsx:259 | client/src/pages/BoqItemReview.tsx:265 | client/src/pages/BoqItemReview.tsx:271 | client/src/pages/BoqProgramSettings.tsx:136 | client/src/pages/BoqProgramSettings.tsx:155 | client/src/pages/BoqProgramSettings.tsx:172 | client/src/pages/BoqProgramSettings.tsx:386 | client/src/pages/BoqProgramSettings.tsx:396 | client/src/pages/BoqProgramSettings.tsx:455 | client/src/pages/BoqProgramSettings.tsx:472 | client/src/pages/BoqProjectDetail.tsx:188 | client/src/pages/BoqProjectDetail.tsx:368 | client/src/pages/BoqProjectDetail.tsx:376 | client/src/pages/BoqProjectDetail.tsx:386 | client/src/pages/BoqProjectDetail.tsx:398 | client/src/pages/BoqProjectDetail.tsx:652 | client/src/pages/BoqProjectDetail.tsx:1490 | client/src/pages/BoqProjectDetail.tsx:1504 | client/src/pages/BoqProjectDetail.tsx:1710 | client/src/pages/BoqProjectDetail.tsx:1849 | client/src/pages/BoqProjectDetail.tsx:1859 | client/src/pages/BoqProjectDetail.tsx:1869 | client/src/pages/BoqProjectDetail.tsx:1879 | client/src/pages/BoqProjects.tsx:169 | client/src/pages/BoqProjects.tsx:171 | client/src/pages/BoqProjects.tsx:248 | client/src/pages/BoqProjects.tsx:437 | client/src/pages/BoqProjects.tsx:441 | client/src/pages/BoqProjects.tsx:451 | client/src/pages/DprDetails.tsx:93 | client/src/pages/DprDetails.tsx:96 | client/src/pages/DprDetails.tsx:105 | client/src/pages/EarthworkControl.tsx:112 | client/src/pages/EarthworkControl.tsx:127 | client/src/pages/EarthworkControl.tsx:164 | client/src/pages/ExecutionArrangements.tsx:175 | client/src/pages/ExecutionArrangements.tsx:233 | client/src/pages/FieldHome.tsx:910 | client/src/pages/FieldHome.tsx:947 | client/src/pages/FieldHome.tsx:950 | client/src/pages/FieldHome.tsx:962 | client/src/pages/GuidedDpr.tsx:900 | client/src/pages/GuidedDpr.tsx:958 | client/src/pages/GuidedDpr.tsx:973 | client/src/pages/ProgressReport.tsx:90 | client/src/pages/PurchaseIndents.tsx:789 | client/src/pages/ResourceReview.tsx:28 | client/src/pages/SiteEdit.tsx:586 | client/src/pages/SiteEdit.tsx:1154 | client/src/pages/SiteEdit.tsx:1557 | client/src/pages/SiteEntry.tsx:567 | client/src/pages/SiteEntry.tsx:594 | client/src/pages/SiteEntry.tsx:606 | client/src/pages/SiteEntry.tsx:640 | client/src/pages/SiteRequirementNew.tsx:340 | client/src/pages/SiteRequirementNew.tsx:343 | client/src/pages/SiteRequirementNew.tsx:355 | client/src/pages/SiteRequirementNew.tsx:409 | client/src/pages/WorkDemand.tsx:2638 | client/src/pages/WorkDemand.tsx:2648 | client/src/pages/WorkDemand.tsx:2677 | client/src/pages/WorkDemand.tsx:2714 | client/src/pages/WorkDemand.tsx:2726 | client/src/pages/WorkProgramme.tsx:803 | client/src/pages/WorkProgramme.tsx:1689 | client/src/pages/WorkProgramme.tsx:2464 | client/src/pages/WorkProgramme.tsx:2474 | client/src/pages/WorkProgramme.tsx:2485 | client/src/pages/WorkProgramme.tsx:3156 | client/src/pages/WorkProgramme.tsx:3347 | client/src/pages/WorkProgramme.tsx:3395 | client/src/pages/WorkProgramme.tsx:3405 | client/src/pages/WorkProgramme.tsx:3450 | client/src/pages/WorkProgramme.tsx:3467 | client/src/pages/WorkProgramme.tsx:3477 | client/src/pages/WorkProgramme.tsx:3488 | client/src/pages/WorkProgramme.tsx:3526 | client/src/pages/WorkProgramme.tsx:3540 | client/src/pages/WorkProgramme.tsx:3571 | client/src/pages/WorkProgramme.tsx:3650 | client/src/pages/WorkProgramme.tsx:4007 | client/src/pages/WorkProgramme.tsx:4064 | client/src/pages/irn/IrnRaisePage.tsx:262","See handler and middleware; no recognized local assert/can guard","","See /api requireAuth, public/optional estimator exceptions, and local guards","Keep route-specific site/project/record scope and business checks; section grant alone is not enough"
"GET /api/boq/projects/:id","server/routes.ts:14903","","","client/src/pages/BoqItemReview.tsx:259 | client/src/pages/BoqItemReview.tsx:261 | client/src/pages/BoqProgramSettings.tsx:386 | client/src/pages/BoqProgramSettings.tsx:389 | client/src/pages/BoqProgramSettings.tsx:472 | client/src/pages/BoqProgramSettings.tsx:474 | client/src/pages/BoqProjectDetail.tsx:1710 | client/src/pages/BoqProjectDetail.tsx:1712 | client/src/pages/BoqProjectDetail.tsx:1849 | client/src/pages/BoqProjectDetail.tsx:1852 | client/src/pages/BoqProjects.tsx:248 | client/src/pages/BoqProjects.tsx:249 | client/src/pages/BoqProjects.tsx:441 | client/src/pages/BoqProjects.tsx:442 | client/src/pages/PurchaseIndents.tsx:789 | client/src/pages/PurchaseIndents.tsx:792 | client/src/pages/RoadGeometry.tsx:36 | client/src/pages/WorkDemand.tsx:2638 | client/src/pages/WorkDemand.tsx:2641 | client/src/pages/WorkProgramme.tsx:3395 | client/src/pages/WorkProgramme.tsx:3398 | client/src/pages/irn/IrnRaisePage.tsx:262 | client/src/pages/irn/IrnRaisePage.tsx:265","See handler and middleware; no recognized local assert/can guard","","See /api requireAuth, public/optional estimator exceptions, and local guards","Keep route-specific site/project/record scope and business checks; section grant alone is not enough"
"POST /api/boq/projects","server/routes.ts:14915","","","client/src/components/BarArrangementPanel.tsx:87 | client/src/components/BoqImportWizard.tsx:123 | client/src/components/CutFillOutcomeControls.tsx:69 | client/src/components/CutFillOutcomeControls.tsx:74 | client/src/components/EarthworkArrangementDialog.tsx:695 | client/src/components/ExecutionStateBadge.tsx:51 | client/src/components/PlanVsActualTable.tsx:41 | client/src/components/PlannedWorkArrangementWarning.tsx:22 | client/src/components/PlannedWorkArrangementWarning.tsx:25 | client/src/components/PlannedWorkArrangementWarning.tsx:37 | client/src/components/PlannedWorkArrangementWarning.tsx:53 | client/src/components/ReceiptWorkContext.tsx:98 | client/src/components/ReceiptWorkContext.tsx:162 | client/src/components/ReceiptWorkContext.tsx:165 | client/src/components/RequirementFulfilmentPanel.tsx:65 | client/src/components/RequirementFulfilmentPanel.tsx:68 | client/src/hooks/use-dpr-boq-items.ts:61 | client/src/hooks/use-dpr-boq-items.ts:64 | client/src/hooks/use-dpr-boq-items.ts:152 | client/src/hooks/use-dpr-boq-items.ts:195 | client/src/pages/BoqItemRecipes.tsx:216 | client/src/pages/BoqItemRecipes.tsx:302 | client/src/pages/BoqItemRecipes.tsx:550 | client/src/pages/BoqItemRecipes.tsx:608 | client/src/pages/BoqItemRecipes.tsx:1116 | client/src/pages/BoqItemRecipes.tsx:1125 | client/src/pages/BoqItemReview.tsx:73 | client/src/pages/BoqItemReview.tsx:79 | client/src/pages/BoqItemReview.tsx:259 | client/src/pages/BoqItemReview.tsx:265 | client/src/pages/BoqItemReview.tsx:271 | client/src/pages/BoqProgramSettings.tsx:136 | client/src/pages/BoqProgramSettings.tsx:155 | client/src/pages/BoqProgramSettings.tsx:172 | client/src/pages/BoqProgramSettings.tsx:386 | client/src/pages/BoqProgramSettings.tsx:396 | client/src/pages/BoqProgramSettings.tsx:455 | client/src/pages/BoqProgramSettings.tsx:472 | client/src/pages/BoqProjectDetail.tsx:188 | client/src/pages/BoqProjectDetail.tsx:368 | client/src/pages/BoqProjectDetail.tsx:376 | client/src/pages/BoqProjectDetail.tsx:386 | client/src/pages/BoqProjectDetail.tsx:398 | client/src/pages/BoqProjectDetail.tsx:652 | client/src/pages/BoqProjectDetail.tsx:1490 | client/src/pages/BoqProjectDetail.tsx:1504 | client/src/pages/BoqProjectDetail.tsx:1710 | client/src/pages/BoqProjectDetail.tsx:1849 | client/src/pages/BoqProjectDetail.tsx:1859 | client/src/pages/BoqProjectDetail.tsx:1869 | client/src/pages/BoqProjectDetail.tsx:1879 | client/src/pages/BoqProjects.tsx:169 | client/src/pages/BoqProjects.tsx:171 | client/src/pages/BoqProjects.tsx:248 | client/src/pages/BoqProjects.tsx:437 | client/src/pages/BoqProjects.tsx:441 | client/src/pages/BoqProjects.tsx:451 | client/src/pages/DprDetails.tsx:93 | client/src/pages/DprDetails.tsx:96 | client/src/pages/DprDetails.tsx:105 | client/src/pages/EarthworkControl.tsx:112 | client/src/pages/EarthworkControl.tsx:127 | client/src/pages/EarthworkControl.tsx:164 | client/src/pages/ExecutionArrangements.tsx:175 | client/src/pages/ExecutionArrangements.tsx:233 | client/src/pages/FieldHome.tsx:910 | client/src/pages/FieldHome.tsx:947 | client/src/pages/FieldHome.tsx:950 | client/src/pages/FieldHome.tsx:962 | client/src/pages/GuidedDpr.tsx:900 | client/src/pages/GuidedDpr.tsx:958 | client/src/pages/GuidedDpr.tsx:973 | client/src/pages/ProgressReport.tsx:90 | client/src/pages/PurchaseIndents.tsx:789 | client/src/pages/ResourceReview.tsx:28 | client/src/pages/SiteEdit.tsx:586 | client/src/pages/SiteEdit.tsx:1154 | client/src/pages/SiteEdit.tsx:1557 | client/src/pages/SiteEntry.tsx:567 | client/src/pages/SiteEntry.tsx:594 | client/src/pages/SiteEntry.tsx:606 | client/src/pages/SiteEntry.tsx:640 | client/src/pages/SiteRequirementNew.tsx:340 | client/src/pages/SiteRequirementNew.tsx:343 | client/src/pages/SiteRequirementNew.tsx:355 | client/src/pages/SiteRequirementNew.tsx:409 | client/src/pages/WorkDemand.tsx:2638 | client/src/pages/WorkDemand.tsx:2648 | client/src/pages/WorkDemand.tsx:2677 | client/src/pages/WorkDemand.tsx:2714 | client/src/pages/WorkDemand.tsx:2726 | client/src/pages/WorkProgramme.tsx:803 | client/src/pages/WorkProgramme.tsx:1689 | client/src/pages/WorkProgramme.tsx:2464 | client/src/pages/WorkProgramme.tsx:2474 | client/src/pages/WorkProgramme.tsx:2485 | client/src/pages/WorkProgramme.tsx:3156 | client/src/pages/WorkProgramme.tsx:3347 | client/src/pages/WorkProgramme.tsx:3395 | client/src/pages/WorkProgramme.tsx:3405 | client/src/pages/WorkProgramme.tsx:3450 | client/src/pages/WorkProgramme.tsx:3467 | client/src/pages/WorkProgramme.tsx:3477 | client/src/pages/WorkProgramme.tsx:3488 | client/src/pages/WorkProgramme.tsx:3526 | client/src/pages/WorkProgramme.tsx:3540 | client/src/pages/WorkProgramme.tsx:3571 | client/src/pages/WorkProgramme.tsx:3650 | client/src/pages/WorkProgramme.tsx:4007 | client/src/pages/WorkProgramme.tsx:4064 | client/src/pages/irn/IrnRaisePage.tsx:262","See handler and middleware; no recognized local assert/can guard","","See /api requireAuth, public/optional estimator exceptions, and local guards","Keep route-specific site/project/record scope and business checks; section grant alone is not enough"
"PATCH /api/boq/projects/:id","server/routes.ts:14927","qto_boq","qto_boq.edit via assertEdit @ server/routes.ts:14929","client/src/pages/BoqItemReview.tsx:259 | client/src/pages/BoqItemReview.tsx:261 | client/src/pages/BoqProgramSettings.tsx:386 | client/src/pages/BoqProgramSettings.tsx:389 | client/src/pages/BoqProgramSettings.tsx:472 | client/src/pages/BoqProgramSettings.tsx:474 | client/src/pages/BoqProjectDetail.tsx:1710 | client/src/pages/BoqProjectDetail.tsx:1712 | client/src/pages/BoqProjectDetail.tsx:1849 | client/src/pages/BoqProjectDetail.tsx:1852 | client/src/pages/BoqProjects.tsx:248 | client/src/pages/BoqProjects.tsx:249 | client/src/pages/BoqProjects.tsx:441 | client/src/pages/BoqProjects.tsx:442 | client/src/pages/PurchaseIndents.tsx:789 | client/src/pages/PurchaseIndents.tsx:792 | client/src/pages/RoadGeometry.tsx:36 | client/src/pages/WorkDemand.tsx:2638 | client/src/pages/WorkDemand.tsx:2641 | client/src/pages/WorkProgramme.tsx:3395 | client/src/pages/WorkProgramme.tsx:3398 | client/src/pages/irn/IrnRaisePage.tsx:262 | client/src/pages/irn/IrnRaisePage.tsx:265","assertEdit(req, res, ""qto_boq"")","","See /api requireAuth, public/optional estimator exceptions, and local guards","Keep route-specific site/project/record scope and business checks; section grant alone is not enough"
"DELETE /api/boq/projects/:id","server/routes.ts:14952","","","client/src/pages/BoqItemReview.tsx:259 | client/src/pages/BoqItemReview.tsx:261 | client/src/pages/BoqProgramSettings.tsx:386 | client/src/pages/BoqProgramSettings.tsx:389 | client/src/pages/BoqProgramSettings.tsx:472 | client/src/pages/BoqProgramSettings.tsx:474 | client/src/pages/BoqProjectDetail.tsx:1710 | client/src/pages/BoqProjectDetail.tsx:1712 | client/src/pages/BoqProjectDetail.tsx:1849 | client/src/pages/BoqProjectDetail.tsx:1852 | client/src/pages/BoqProjects.tsx:248 | client/src/pages/BoqProjects.tsx:249 | client/src/pages/BoqProjects.tsx:441 | client/src/pages/BoqProjects.tsx:442 | client/src/pages/PurchaseIndents.tsx:789 | client/src/pages/PurchaseIndents.tsx:792 | client/src/pages/RoadGeometry.tsx:36 | client/src/pages/WorkDemand.tsx:2638 | client/src/pages/WorkDemand.tsx:2641 | client/src/pages/WorkProgramme.tsx:3395 | client/src/pages/WorkProgramme.tsx:3398 | client/src/pages/irn/IrnRaisePage.tsx:262 | client/src/pages/irn/IrnRaisePage.tsx:265","assertAdmin(req, res)","","See /api requireAuth, public/optional estimator exceptions, and local guards","Keep route-specific site/project/record scope and business checks; section grant alone is not enough"
"GET /api/boq/projects/:id/program-settings","server/routes.ts:14965","planning_masters; work_programme; work_programme_review","work_programme.view via assertViewEither @ server/routes.ts:14967 | work_programme_review.view via assertViewEither @ server/routes.ts:14967 | planning_masters.view via assertViewEither @ server/routes.ts:14967","client/src/pages/BoqItemRecipes.tsx:550 | client/src/pages/BoqItemRecipes.tsx:554 | client/src/pages/BoqProgramSettings.tsx:396 | client/src/pages/BoqProgramSettings.tsx:399 | client/src/pages/BoqProgramSettings.tsx:455 | client/src/pages/BoqProgramSettings.tsx:457 | client/src/pages/WorkProgramme.tsx:3195 | client/src/pages/WorkProgramme.tsx:3405 | client/src/pages/WorkProgramme.tsx:3418","assertViewEither(req, res, ""work_programme"", ""work_programme_review"", ""planning_masters"")","","See /api requireAuth, public/optional estimator exceptions, and local guards","Keep route-specific site/project/record scope and business checks; section grant alone is not enough"
"GET /api/boq/projects/:id/road-geometry","server/routes.ts:14991","planning_masters","planning_masters.view via assertView @ server/routes.ts:14993","client/src/pages/RoadGeometry.tsx:38 | client/src/pages/RoadGeometry.tsx:40 | client/src/pages/RoadGeometry.tsx:123 | client/src/pages/RoadGeometry.tsx:124","assertView(req, res, ""planning_masters"")","","See /api requireAuth, public/optional estimator exceptions, and local guards","Keep route-specific site/project/record scope and business checks; section grant alone is not enough"
"PUT /api/boq/projects/:id/road-geometry","server/routes.ts:15007","planning_masters","planning_masters.edit via assertEdit @ server/routes.ts:15009","client/src/pages/RoadGeometry.tsx:38 | client/src/pages/RoadGeometry.tsx:40 | client/src/pages/RoadGeometry.tsx:123 | client/src/pages/RoadGeometry.tsx:124","assertEdit(req, res, ""planning_masters"")","","See /api requireAuth, public/optional estimator exceptions, and local guards","Keep route-specific site/project/record scope and business checks; section grant alone is not enough"
"PUT /api/boq/projects/:id/program-settings","server/routes.ts:15080","work_programme","work_programme.edit via assertEdit @ server/routes.ts:15082","client/src/pages/BoqItemRecipes.tsx:550 | client/src/pages/BoqItemRecipes.tsx:554 | client/src/pages/BoqProgramSettings.tsx:396 | client/src/pages/BoqProgramSettings.tsx:399 | client/src/pages/BoqProgramSettings.tsx:455 | client/src/pages/BoqProgramSettings.tsx:457 | client/src/pages/WorkProgramme.tsx:3195 | client/src/pages/WorkProgramme.tsx:3405 | client/src/pages/WorkProgramme.tsx:3418","assertEdit(req, res, ""work_programme"")","","See /api requireAuth, public/optional estimator exceptions, and local guards","Keep route-specific site/project/record scope and business checks; section grant alone is not enough"
"GET /api/boq/projects/:id/scope-segments","server/routes.ts:15106","project_scope","","client/src/components/EarthworkArrangementDialog.tsx:689 | client/src/components/EarthworkArrangementDialog.tsx:691 | client/src/pages/ExecutionArrangements.tsx:203 | client/src/pages/ExecutionArrangements.tsx:205 | client/src/pages/ScopeSetup.tsx:171 | client/src/pages/ScopeSetup.tsx:181 | client/src/pages/WorkProgramme.tsx:3705","!req.authUser / canViewScope(req)","","See /api requireAuth, public/optional estimator exceptions, and local guards","Keep route-specific site/project/record scope and business checks; section grant alone is not enough"
"GET /api/boq/projects/:id/scope-segments/:segId/initial-correction-eligibility","server/routes.ts:15122","","","client/src/pages/ScopeSetup.tsx:145","assertAdmin(req, res)","","See /api requireAuth, public/optional estimator exceptions, and local guards","Keep route-specific site/project/record scope and business checks; section grant alone is not enough"
"POST /api/boq/projects/:id/scope-segments","server/routes.ts:15195","project_scope","project_scope.edit via assertEdit @ server/routes.ts:15197","client/src/components/EarthworkArrangementDialog.tsx:689 | client/src/components/EarthworkArrangementDialog.tsx:691 | client/src/pages/ExecutionArrangements.tsx:203 | client/src/pages/ExecutionArrangements.tsx:205 | client/src/pages/ScopeSetup.tsx:171 | client/src/pages/ScopeSetup.tsx:181 | client/src/pages/WorkProgramme.tsx:3705","assertEdit(req, res, ""project_scope"")","","See /api requireAuth, public/optional estimator exceptions, and local guards","Keep route-specific site/project/record scope and business checks; section grant alone is not enough"
"PATCH /api/boq/scope-segments/:segId","server/routes.ts:15213","project_scope","project_scope.edit via assertEdit @ server/routes.ts:15215","client/src/pages/ScopeSetup.tsx:171 | client/src/pages/ScopeSetup.tsx:180 | client/src/pages/ScopeSetup.tsx:206 | client/src/pages/ScopeSetup.tsx:207","assertEdit(req, res, ""project_scope"")","","See /api requireAuth, public/optional estimator exceptions, and local guards","Keep route-specific site/project/record scope and business checks; section grant alone is not enough"
"POST /api/boq/scope-segments/:segId/correct-initial","server/routes.ts:15242","","","client/src/pages/ScopeSetup.tsx:171 | client/src/pages/ScopeSetup.tsx:178","assertAdmin(req, res)","","See /api requireAuth, public/optional estimator exceptions, and local guards","Keep route-specific site/project/record scope and business checks; section grant alone is not enough"
"POST /api/boq/scope-segments/:segId/confirm","server/routes.ts:15297","project_scope","project_scope.approve via assertApprove @ server/routes.ts:15299","client/src/pages/ScopeSetup.tsx:200 | client/src/pages/ScopeSetup.tsx:201","assertApprove(req, res, ""project_scope"")","","See /api requireAuth, public/optional estimator exceptions, and local guards","Keep route-specific site/project/record scope and business checks; section grant alone is not enough"
"DELETE /api/boq/scope-segments/:segId","server/routes.ts:15329","project_scope","project_scope.delete via assertDelete @ server/routes.ts:15331","client/src/pages/ScopeSetup.tsx:171 | client/src/pages/ScopeSetup.tsx:180 | client/src/pages/ScopeSetup.tsx:206 | client/src/pages/ScopeSetup.tsx:207","assertDelete(req, res, ""project_scope"")","","See /api requireAuth, public/optional estimator exceptions, and local guards","Keep route-specific site/project/record scope and business checks; section grant alone is not enough"
"GET /api/boq/projects/:id/scope-reconciliation","server/routes.ts:15352","project_scope","","No direct literal caller identified; inspect dynamic/shared/service caller","!req.authUser / canViewScope(req)","","See /api requireAuth, public/optional estimator exceptions, and local guards","Keep route-specific site/project/record scope and business checks; section grant alone is not enough"
"PATCH /api/boq/projects/:id/corridor","server/routes.ts:15382","project_scope","project_scope.edit via assertEdit @ server/routes.ts:15384","client/src/pages/ScopeSetup.tsx:78 | client/src/pages/ScopeSetup.tsx:79","assertEdit(req, res, ""project_scope"")","","See /api requireAuth, public/optional estimator exceptions, and local guards","Keep route-specific site/project/record scope and business checks; section grant alone is not enough"
"GET /api/boq/projects/:id/mix-links","server/routes.ts:15411","work_programme; work_programme_review","work_programme.view via assertViewEither @ server/routes.ts:15413 | work_programme_review.view via assertViewEither @ server/routes.ts:15413","client/src/pages/BoqItemRecipes.tsx:216 | client/src/pages/BoqItemRecipes.tsx:219 | client/src/pages/BoqProgramSettings.tsx:136 | client/src/pages/BoqProgramSettings.tsx:139 | client/src/pages/BoqProgramSettings.tsx:155 | client/src/pages/BoqProgramSettings.tsx:158","assertViewEither(req, res, ""work_programme"", ""work_programme_review"")","","See /api requireAuth, public/optional estimator exceptions, and local guards","Keep route-specific site/project/record scope and business checks; section grant alone is not enough"
"POST /api/boq/projects/:id/mix-links","server/routes.ts:15422","work_programme","work_programme.edit via assertEdit @ server/routes.ts:15424","client/src/pages/BoqItemRecipes.tsx:216 | client/src/pages/BoqItemRecipes.tsx:219 | client/src/pages/BoqProgramSettings.tsx:136 | client/src/pages/BoqProgramSettings.tsx:139 | client/src/pages/BoqProgramSettings.tsx:155 | client/src/pages/BoqProgramSettings.tsx:158","assertEdit(req, res, ""work_programme"")","","See /api requireAuth, public/optional estimator exceptions, and local guards","Keep route-specific site/project/record scope and business checks; section grant alone is not enough"
"PUT /api/boq/projects/:id/mix-links","server/routes.ts:15434","work_programme","work_programme.edit via assertEdit @ server/routes.ts:15436","client/src/pages/BoqItemRecipes.tsx:216 | client/src/pages/BoqItemRecipes.tsx:219 | client/src/pages/BoqProgramSettings.tsx:136 | client/src/pages/BoqProgramSettings.tsx:139 | client/src/pages/BoqProgramSettings.tsx:155 | client/src/pages/BoqProgramSettings.tsx:158","assertEdit(req, res, ""work_programme"")","","See /api requireAuth, public/optional estimator exceptions, and local guards","Keep route-specific site/project/record scope and business checks; section grant alone is not enough"
"DELETE /api/boq/projects/:id/mix-links/:linkId","server/routes.ts:15448","work_programme","work_programme.delete via assertDelete @ server/routes.ts:15450","client/src/pages/BoqProgramSettings.tsx:172 | client/src/pages/BoqProgramSettings.tsx:174","assertDelete(req, res, ""work_programme"")","","See /api requireAuth, public/optional estimator exceptions, and local guards","Keep route-specific site/project/record scope and business checks; section grant alone is not enough"
"POST /api/boq/projects/:id/duplicate","server/routes.ts:15459","qto_boq","qto_boq.edit via assertEdit @ server/routes.ts:15461","client/src/pages/BoqProjects.tsx:451 | client/src/pages/BoqProjects.tsx:453","assertEdit(req, res, ""qto_boq"")","","See /api requireAuth, public/optional estimator exceptions, and local guards","Keep route-specific site/project/record scope and business checks; section grant alone is not enough"
"GET /api/boq/projects/:id/categories","server/routes.ts:15472","","","client/src/pages/ScopeSetup.tsx:67","See handler and middleware; no recognized local assert/can guard","","See /api requireAuth, public/optional estimator exceptions, and local guards","Keep route-specific site/project/record scope and business checks; section grant alone is not enough"
"PATCH /api/boq/categories/:id","server/routes.ts:15482","","","No direct literal caller identified; inspect dynamic/shared/service caller","See handler and middleware; no recognized local assert/can guard","","See /api requireAuth, public/optional estimator exceptions, and local guards","Keep route-specific site/project/record scope and business checks; section grant alone is not enough"
"DELETE /api/boq/categories/:id","server/routes.ts:15493","qto_boq","qto_boq.delete via assertDelete @ server/routes.ts:15495","No direct literal caller identified; inspect dynamic/shared/service caller","assertDelete(req, res, ""qto_boq"")","","See /api requireAuth, public/optional estimator exceptions, and local guards","Keep route-specific site/project/record scope and business checks; section grant alone is not enough"
"GET /api/boq/projects/:id/items","server/routes.ts:15506","","","client/src/components/EarthworkArrangementDialog.tsx:695 | client/src/components/EarthworkArrangementDialog.tsx:698 | client/src/components/PlannedWorkArrangementWarning.tsx:37 | client/src/components/PlannedWorkArrangementWarning.tsx:40 | client/src/hooks/use-dpr-boq-items.ts:111 | client/src/hooks/use-dpr-boq-items.ts:152 | client/src/hooks/use-dpr-boq-items.ts:155 | client/src/hooks/use-dpr-boq-items.ts:195 | client/src/hooks/use-dpr-boq-items.ts:198 | client/src/pages/BoqItemReview.tsx:265 | client/src/pages/BoqItemReview.tsx:267 | client/src/pages/BoqProjectDetail.tsx:1859 | client/src/pages/BoqProjectDetail.tsx:1862 | client/src/pages/DprDetails.tsx:105 | client/src/pages/DprDetails.tsx:108 | client/src/pages/EarthworkControl.tsx:164 | client/src/pages/EarthworkControl.tsx:167 | client/src/pages/ExecutionArrangements.tsx:233 | client/src/pages/ExecutionArrangements.tsx:235 | client/src/pages/RoadGeometry.tsx:37 | client/src/pages/ScopeSetup.tsx:68 | client/src/pages/SiteRequirementNew.tsx:355 | client/src/pages/SiteRequirementNew.tsx:358 | client/src/pages/WorkProgramme.tsx:3467 | client/src/pages/WorkProgramme.tsx:3470","See handler and middleware; no recognized local assert/can guard","","See /api requireAuth, public/optional estimator exceptions, and local guards","Keep route-specific site/project/record scope and business checks; section grant alone is not enough"
"GET /api/boq/all-items","server/routes.ts:15516","","","No direct literal caller identified; inspect dynamic/shared/service caller","See handler and middleware; no recognized local assert/can guard","","See /api requireAuth, public/optional estimator exceptions, and local guards","Keep route-specific site/project/record scope and business checks; section grant alone is not enough"
"POST /api/boq/projects/:id/import","server/routes.ts:15533","","","client/src/components/BoqImportWizard.tsx:123 | client/src/components/BoqImportWizard.tsx:125","See handler and middleware; no recognized local assert/can guard","","See /api requireAuth, public/optional estimator exceptions, and local guards","Keep route-specific site/project/record scope and business checks; section grant alone is not enough"
"PATCH /api/boq/items/:id","server/routes.ts:15581","qto_boq","qto_boq.edit via assertEdit @ server/routes.ts:15583","client/src/pages/BoqItemRecipes.tsx:302 | client/src/pages/BoqItemRecipes.tsx:304 | client/src/pages/BoqItemReview.tsx:79 | client/src/pages/BoqItemReview.tsx:81 | client/src/pages/BoqProjectDetail.tsx:188 | client/src/pages/BoqProjectDetail.tsx:190 | client/src/pages/BoqProjectDetail.tsx:368 | client/src/pages/BoqProjectDetail.tsx:369","assertEdit(req, res, ""qto_boq"")","","See /api requireAuth, public/optional estimator exceptions, and local guards","Keep route-specific site/project/record scope and business checks; section grant alone is not enough"
"POST /api/boq/projects/:id/auto-map-all","server/routes.ts:15605","qto_boq","qto_boq.edit via assertEdit @ server/routes.ts:15607","client/src/pages/BoqItemReview.tsx:271 | client/src/pages/BoqItemReview.tsx:272","assertEdit(req, res, ""qto_boq"")","","See /api requireAuth, public/optional estimator exceptions, and local guards","Keep route-specific site/project/record scope and business checks; section grant alone is not enough"
"POST /api/boq/projects/:id/cleanup-zero-qty","server/routes.ts:15638","","","client/src/pages/BoqProjectDetail.tsx:1906 | client/src/pages/BoqProjectDetail.tsx:1908","See handler and middleware; no recognized local assert/can guard","","See /api requireAuth, public/optional estimator exceptions, and local guards","Keep route-specific site/project/record scope and business checks; section grant alone is not enough"
"PATCH /api/boq/items/:id/work-type","server/routes.ts:15648","work_programme_review","work_programme_review.edit via assertEdit @ server/routes.ts:15650","client/src/pages/BoqProjectDetail.tsx:386 | client/src/pages/BoqProjectDetail.tsx:388","assertEdit(req, res, ""work_programme_review"")","","See /api requireAuth, public/optional estimator exceptions, and local guards","Keep route-specific site/project/record scope and business checks; section grant alone is not enough"
"PATCH /api/boq/items/:id/planning-include","server/routes.ts:15664","work_programme_review","work_programme_review.edit via assertEdit @ server/routes.ts:15666","client/src/pages/BoqProjectDetail.tsx:376 | client/src/pages/BoqProjectDetail.tsx:378","assertEdit(req, res, ""work_programme_review"")","","See /api requireAuth, public/optional estimator exceptions, and local guards","Keep route-specific site/project/record scope and business checks; section grant alone is not enough"
"PATCH /api/boq/projects/:id/planning-include-bulk","server/routes.ts:15678","work_programme_review","work_programme_review.edit via assertEdit @ server/routes.ts:15680","client/src/pages/BoqProjectDetail.tsx:398 | client/src/pages/BoqProjectDetail.tsx:400","assertEdit(req, res, ""work_programme_review"")","","See /api requireAuth, public/optional estimator exceptions, and local guards","Keep route-specific site/project/record scope and business checks; section grant alone is not enough"
"DELETE /api/boq/items/:id","server/routes.ts:15692","qto_boq","qto_boq.delete via assertDelete @ server/routes.ts:15694","client/src/pages/BoqItemRecipes.tsx:302 | client/src/pages/BoqItemRecipes.tsx:304 | client/src/pages/BoqItemReview.tsx:79 | client/src/pages/BoqItemReview.tsx:81 | client/src/pages/BoqProjectDetail.tsx:188 | client/src/pages/BoqProjectDetail.tsx:190 | client/src/pages/BoqProjectDetail.tsx:368 | client/src/pages/BoqProjectDetail.tsx:369","assertDelete(req, res, ""qto_boq"")","","See /api requireAuth, public/optional estimator exceptions, and local guards","Keep route-specific site/project/record scope and business checks; section grant alone is not enough"
"GET /api/boq/projects/:id/revisions","server/routes.ts:15705","","","client/src/pages/BoqProjectDetail.tsx:652 | client/src/pages/BoqProjectDetail.tsx:654 | client/src/pages/BoqProjectDetail.tsx:1869 | client/src/pages/BoqProjectDetail.tsx:1872","See handler and middleware; no recognized local assert/can guard","","See /api requireAuth, public/optional estimator exceptions, and local guards","Keep route-specific site/project/record scope and business checks; section grant alone is not enough"
"POST /api/boq/projects/:id/revisions","server/routes.ts:15715","","","client/src/pages/BoqProjectDetail.tsx:652 | client/src/pages/BoqProjectDetail.tsx:654 | client/src/pages/BoqProjectDetail.tsx:1869 | client/src/pages/BoqProjectDetail.tsx:1872","See handler and middleware; no recognized local assert/can guard","","See /api requireAuth, public/optional estimator exceptions, and local guards","Keep route-specific site/project/record scope and business checks; section grant alone is not enough"
"PATCH /api/boq/revisions/:id/activate","server/routes.ts:15738","","","client/src/pages/BoqProjectDetail.tsx:1490 | client/src/pages/BoqProjectDetail.tsx:1492","See handler and middleware; no recognized local assert/can guard","","See /api requireAuth, public/optional estimator exceptions, and local guards","Keep route-specific site/project/record scope and business checks; section grant alone is not enough"
"DELETE /api/boq/revisions/:id","server/routes.ts:15751","qto_boq","qto_boq.delete via assertDelete @ server/routes.ts:15753","client/src/pages/BoqProjectDetail.tsx:1504 | client/src/pages/BoqProjectDetail.tsx:1505","assertDelete(req, res, ""qto_boq"")","","See /api requireAuth, public/optional estimator exceptions, and local guards","Keep route-specific site/project/record scope and business checks; section grant alone is not enough"
"GET /api/boq/projects/:id/programme","server/routes.ts:15765","work_programme; work_programme_review","work_programme.view via assertViewEither @ server/routes.ts:15767 | work_programme_review.view via assertViewEither @ server/routes.ts:15767","client/src/components/PlannedWorkArrangementWarning.tsx:53 | client/src/components/PlannedWorkArrangementWarning.tsx:56 | client/src/pages/ExecutionArrangements.tsx:175 | client/src/pages/ExecutionArrangements.tsx:177 | client/src/pages/FieldHome.tsx:914 | client/src/pages/GuidedDpr.tsx:973 | client/src/pages/GuidedDpr.tsx:976 | client/src/pages/SiteEntry.tsx:594 | client/src/pages/SiteEntry.tsx:597 | client/src/pages/SiteRequirementNew.tsx:409 | client/src/pages/SiteRequirementNew.tsx:412 | client/src/pages/WorkDemand.tsx:2714 | client/src/pages/WorkDemand.tsx:2717 | client/src/pages/WorkProgramme.tsx:2464 | client/src/pages/WorkProgramme.tsx:2466 | client/src/pages/WorkProgramme.tsx:2485 | client/src/pages/WorkProgramme.tsx:2502 | client/src/pages/WorkProgramme.tsx:3477 | client/src/pages/WorkProgramme.tsx:3480","assertViewEither(req, res, ""work_programme"", ""work_programme_review"")","","See /api requireAuth, public/optional estimator exceptions, and local guards","Keep route-specific site/project/record scope and business checks; section grant alone is not enough"
"POST /api/boq/projects/:id/programme/publish-baseline","server/routes.ts:15793","work_programme","work_programme.edit via assertEdit @ server/routes.ts:15795","client/src/pages/WorkProgramme.tsx:3450 | client/src/pages/WorkProgramme.tsx:3452","assertEdit(req, res, ""work_programme"")","","See /api requireAuth, public/optional estimator exceptions, and local guards","Keep route-specific site/project/record scope and business checks; section grant alone is not enough"
"POST /api/boq/programme/bars/:id/revision-preview","server/routes.ts:15999","work_programme","work_programme.edit via assertEdit @ server/routes.ts:16001","client/src/pages/WorkProgramme.tsx:201","assertEdit(req, res, ""work_programme"")","","See /api requireAuth, public/optional estimator exceptions, and local guards","Keep route-specific site/project/record scope and business checks; section grant alone is not enough"
"POST /api/boq/programme/bars/:id/revise-schedule","server/routes.ts:16010","work_programme","work_programme.edit via assertEdit @ server/routes.ts:16012","client/src/pages/WorkProgramme.tsx:214","assertEdit(req, res, ""work_programme"")","","See /api requireAuth, public/optional estimator exceptions, and local guards","Keep route-specific site/project/record scope and business checks; section grant alone is not enough"
"GET /api/boq/projects/:id/programme-status","server/routes.ts:16129","qto_boq; work_programme; work_programme_review","qto_boq.view via assertViewEither @ server/routes.ts:16131 | work_programme.view via assertViewEither @ server/routes.ts:16131 | work_programme_review.view via assertViewEither @ server/routes.ts:16131","client/src/pages/BoqProjectDetail.tsx:1879 | client/src/pages/BoqProjectDetail.tsx:1882","assertViewEither(req, res, ""qto_boq"", ""work_programme"", ""work_programme_review"")","","See /api requireAuth, public/optional estimator exceptions, and local guards","Keep route-specific site/project/record scope and business checks; section grant alone is not enough"
"POST /api/boq/projects/:id/programme","server/routes.ts:16260","work_programme","work_programme.edit via assertEdit @ server/routes.ts:16262","client/src/components/PlannedWorkArrangementWarning.tsx:53 | client/src/components/PlannedWorkArrangementWarning.tsx:56 | client/src/pages/ExecutionArrangements.tsx:175 | client/src/pages/ExecutionArrangements.tsx:177 | client/src/pages/FieldHome.tsx:914 | client/src/pages/GuidedDpr.tsx:973 | client/src/pages/GuidedDpr.tsx:976 | client/src/pages/SiteEntry.tsx:594 | client/src/pages/SiteEntry.tsx:597 | client/src/pages/SiteRequirementNew.tsx:409 | client/src/pages/SiteRequirementNew.tsx:412 | client/src/pages/WorkDemand.tsx:2714 | client/src/pages/WorkDemand.tsx:2717 | client/src/pages/WorkProgramme.tsx:2464 | client/src/pages/WorkProgramme.tsx:2466 | client/src/pages/WorkProgramme.tsx:2485 | client/src/pages/WorkProgramme.tsx:2502 | client/src/pages/WorkProgramme.tsx:3477 | client/src/pages/WorkProgramme.tsx:3480","assertEdit(req, res, ""work_programme"")","","See /api requireAuth, public/optional estimator exceptions, and local guards","Keep route-specific site/project/record scope and business checks; section grant alone is not enough"
"POST /api/boq/projects/:id/programme/bulk","server/routes.ts:16295","work_programme","work_programme.edit via assertEdit @ server/routes.ts:16297","client/src/pages/WorkProgramme.tsx:3526 | client/src/pages/WorkProgramme.tsx:3528","assertEdit(req, res, ""work_programme"")","","See /api requireAuth, public/optional estimator exceptions, and local guards","Keep route-specific site/project/record scope and business checks; section grant alone is not enough"
"PATCH /api/boq/programme/bars/:id","server/routes.ts:16318","work_programme","work_programme.edit via assertEdit @ server/routes.ts:16320","client/src/pages/WorkProgramme.tsx:803 | client/src/pages/WorkProgramme.tsx:805 | client/src/pages/WorkProgramme.tsx:1689 | client/src/pages/WorkProgramme.tsx:1691 | client/src/pages/WorkProgramme.tsx:2474 | client/src/pages/WorkProgramme.tsx:2475 | client/src/pages/WorkProgramme.tsx:2485 | client/src/pages/WorkProgramme.tsx:2496","assertEdit(req, res, ""work_programme"")","","See /api requireAuth, public/optional estimator exceptions, and local guards","Keep route-specific site/project/record scope and business checks; section grant alone is not enough"
"DELETE /api/boq/programme/bars/:id","server/routes.ts:16382","work_programme","work_programme.delete via assertDelete @ server/routes.ts:16384 | work_programme.delete via assertDeleteOrCancel @ server/routes.ts:16405","client/src/pages/WorkProgramme.tsx:803 | client/src/pages/WorkProgramme.tsx:805 | client/src/pages/WorkProgramme.tsx:1689 | client/src/pages/WorkProgramme.tsx:1691 | client/src/pages/WorkProgramme.tsx:2474 | client/src/pages/WorkProgramme.tsx:2475 | client/src/pages/WorkProgramme.tsx:2485 | client/src/pages/WorkProgramme.tsx:2496","assertDelete(req, res, ""work_programme"") / assertDeleteOrCancel(req, res, ""work_programme"")","","See /api requireAuth, public/optional estimator exceptions, and local guards","Keep route-specific site/project/record scope and business checks; section grant alone is not enough"
"POST /api/boq/projects/:id/programme/bulk-side","server/routes.ts:16435","work_programme","work_programme.edit via assertEdit @ server/routes.ts:16437","client/src/pages/WorkProgramme.tsx:3650 | client/src/pages/WorkProgramme.tsx:3651","assertEdit(req, res, ""work_programme"")","","See /api requireAuth, public/optional estimator exceptions, and local guards","Keep route-specific site/project/record scope and business checks; section grant alone is not enough"
"POST /api/boq/programme/bars/:id/split-by-side","server/routes.ts:16478","work_programme","work_programme.edit via assertEdit @ server/routes.ts:16480","client/src/pages/WorkProgramme.tsx:1514 | client/src/pages/WorkProgramme.tsx:1522","assertEdit(req, res, ""work_programme"")","","See /api requireAuth, public/optional estimator exceptions, and local guards","Keep route-specific site/project/record scope and business checks; section grant alone is not enough"
"POST /api/dpr/programme-bar-outcomes","server/routes.ts:16601","","","client/src/components/ArrangementOutcomeControl.tsx:73 | client/src/components/ArrangementOutcomeControl.tsx:76 | client/src/components/ArrangementOutcomeControl.tsx:82 | client/src/components/ArrangementOutcomeControl.tsx:93","assertOutcomeManagerAuthority(req, res) / assertOutcomeProjectScope(req, res, bar.boqProjectId)","","See /api requireAuth, public/optional estimator exceptions, and local guards","Keep route-specific site/project/record scope and business checks; section grant alone is not enough"
"GET /api/dpr/programme-bar-outcomes","server/routes.ts:16627","site_dprs","site_dprs.view via assertView @ server/routes.ts:16629","client/src/components/ArrangementOutcomeControl.tsx:73 | client/src/components/ArrangementOutcomeControl.tsx:76 | client/src/components/ArrangementOutcomeControl.tsx:82 | client/src/components/ArrangementOutcomeControl.tsx:93","assertView(req, res, ""site_dprs"") / assertOutcomeProjectScope(req, res, projectId)","","See /api requireAuth, public/optional estimator exceptions, and local guards","Keep route-specific site/project/record scope and business checks; section grant alone is not enough"
"GET /api/dpr/programme-bars","server/routes.ts:16650","site_dprs","site_dprs.view via assertView @ server/routes.ts:16652","client/src/components/ArrangementOutcomeControl.tsx:82 | client/src/components/ProgrammeBarOutcomeHistory.tsx:44 | client/src/components/ProgrammeBarOutcomeHistory.tsx:47 | client/src/components/ProgrammeBarPicker.tsx:127 | client/src/components/ProgrammeBarPicker.tsx:130 | client/src/components/ProgrammeBarPicker.tsx:452 | client/src/components/ProgrammeBarPicker.tsx:455 | client/src/components/ReceiptWorkContext.tsx:125 | client/src/components/ReceiptWorkContext.tsx:128","assertView(req, res, ""site_dprs"") / assertOutcomeProjectScope(req, res, boqProjectId)","","See /api requireAuth, public/optional estimator exceptions, and local guards","Keep route-specific site/project/record scope and business checks; section grant alone is not enough"
"POST /api/boq/projects/:id/programme/clean-structure-bars","server/routes.ts:16750","work_programme","work_programme.delete via assertDelete @ server/routes.ts:16752","client/src/pages/WorkProgramme.tsx:4007 | client/src/pages/WorkProgramme.tsx:4009","assertDelete(req, res, ""work_programme"")","","See /api requireAuth, public/optional estimator exceptions, and local guards","Keep route-specific site/project/record scope and business checks; section grant alone is not enough"
"GET /api/boq/projects/:id/monthly-targets","server/routes.ts:16849","work_programme; work_programme_review","work_programme.view via assertViewEither @ server/routes.ts:16851 | work_programme_review.view via assertViewEither @ server/routes.ts:16851","No direct literal caller identified; inspect dynamic/shared/service caller","assertViewEither(req, res, ""work_programme"", ""work_programme_review"")","","See /api requireAuth, public/optional estimator exceptions, and local guards","Keep route-specific site/project/record scope and business checks; section grant alone is not enough"
"GET /api/boq/projects/:id/plan-vs-actual","server/routes.ts:16860","work_programme_review","work_programme_review.view via assertView @ server/routes.ts:16863","client/src/components/PlanVsActualTable.tsx:41 | client/src/components/PlanVsActualTable.tsx:44 | client/src/pages/FieldHome.tsx:962 | client/src/pages/FieldHome.tsx:965 | client/src/pages/GuidedDpr.tsx:958 | client/src/pages/GuidedDpr.tsx:961 | client/src/pages/SiteEntry.tsx:640 | client/src/pages/SiteEntry.tsx:643 | client/src/pages/WorkDemand.tsx:2726 | client/src/pages/WorkDemand.tsx:2729","assertView(req, res, ""work_programme_review"")","","See /api requireAuth, public/optional estimator exceptions, and local guards","Keep route-specific site/project/record scope and business checks; section grant alone is not enough"
"GET /api/reports/progress","server/routes.ts:16951","site_dprs","site_dprs.view via assertView @ server/routes.ts:16954","client/src/pages/ProgressReport.tsx:106","assertView(req, res, ""site_dprs"")","","See /api requireAuth, public/optional estimator exceptions, and local guards","Account/self-service/system constraints remain separate"
"GET /api/reports/progress/export","server/routes.ts:16971","site_dprs","site_dprs.view via assertView @ server/routes.ts:16974 | site_dprs.export via assertExport @ server/routes.ts:16972","client/src/pages/ProgressReport.tsx:127","assertExport(req, res, ""site_dprs"") / assertView(req, res, ""site_dprs"")","","See /api requireAuth, public/optional estimator exceptions, and local guards","Account/self-service/system constraints remain separate"
"GET /api/boq/items/by-ids","server/routes.ts:17062","","","No direct literal caller identified; inspect dynamic/shared/service caller","assertAuthed(req, res)","","See /api requireAuth, public/optional estimator exceptions, and local guards","Keep route-specific site/project/record scope and business checks; section grant alone is not enough"
"GET /api/boq/items/:itemId/recipes","server/routes.ts:17094","","","No direct literal caller identified; inspect dynamic/shared/service caller","See handler and middleware; no recognized local assert/can guard","","See /api requireAuth, public/optional estimator exceptions, and local guards","Keep route-specific site/project/record scope and business checks; section grant alone is not enough"
"GET /api/boq/projects/:id/resource-review","server/routes.ts:17106","work_programme_review","work_programme_review.view via assertView @ server/routes.ts:17108","client/src/pages/ResourceReview.tsx:28 | client/src/pages/ResourceReview.tsx:31","assertView(req, res, ""work_programme_review"")","","See /api requireAuth, public/optional estimator exceptions, and local guards","Keep route-specific site/project/record scope and business checks; section grant alone is not enough"
"GET /api/boq/items/:itemId/equipment","server/routes.ts:17117","","","client/src/pages/BoqItemRecipes.tsx:593 | client/src/pages/BoqItemRecipes.tsx:596 | client/src/pages/BoqItemRecipes.tsx:608 | client/src/pages/BoqItemRecipes.tsx:624 | client/src/pages/BoqItemRecipes.tsx:1626 | client/src/pages/BoqItemRecipes.tsx:1628 | client/src/pages/ResourceReview.tsx:49 | client/src/pages/ResourceReview.tsx:59 | client/src/pages/WorkProgramme.tsx:3488 | client/src/pages/WorkProgramme.tsx:3494","See handler and middleware; no recognized local assert/can guard","","See /api requireAuth, public/optional estimator exceptions, and local guards","Keep route-specific site/project/record scope and business checks; section grant alone is not enough"
"PUT /api/boq/items/:itemId/equipment","server/routes.ts:17125","work_programme_review","work_programme_review.edit via assertEdit @ server/routes.ts:17127","client/src/pages/BoqItemRecipes.tsx:593 | client/src/pages/BoqItemRecipes.tsx:596 | client/src/pages/BoqItemRecipes.tsx:608 | client/src/pages/BoqItemRecipes.tsx:624 | client/src/pages/BoqItemRecipes.tsx:1626 | client/src/pages/BoqItemRecipes.tsx:1628 | client/src/pages/ResourceReview.tsx:49 | client/src/pages/ResourceReview.tsx:59 | client/src/pages/WorkProgramme.tsx:3488 | client/src/pages/WorkProgramme.tsx:3494","assertEdit(req, res, ""work_programme_review"")","","See /api requireAuth, public/optional estimator exceptions, and local guards","Keep route-specific site/project/record scope and business checks; section grant alone is not enough"
"GET /api/boq/items/:itemId/labour","server/routes.ts:17138","","","client/src/pages/BoqItemRecipes.tsx:1007 | client/src/pages/BoqItemRecipes.tsx:1009 | client/src/pages/BoqItemRecipes.tsx:1015 | client/src/pages/BoqItemRecipes.tsx:1025","See handler and middleware; no recognized local assert/can guard","","See /api requireAuth, public/optional estimator exceptions, and local guards","Keep route-specific site/project/record scope and business checks; section grant alone is not enough"
"PUT /api/boq/items/:itemId/labour","server/routes.ts:17146","work_programme_review","work_programme_review.edit via assertEdit @ server/routes.ts:17148","client/src/pages/BoqItemRecipes.tsx:1007 | client/src/pages/BoqItemRecipes.tsx:1009 | client/src/pages/BoqItemRecipes.tsx:1015 | client/src/pages/BoqItemRecipes.tsx:1025","assertEdit(req, res, ""work_programme_review"")","","See /api requireAuth, public/optional estimator exceptions, and local guards","Keep route-specific site/project/record scope and business checks; section grant alone is not enough"
"GET /api/boq/items/:itemId/materials","server/routes.ts:17159","","","client/src/pages/BoqItemRecipes.tsx:302 | client/src/pages/BoqItemRecipes.tsx:320 | client/src/pages/BoqItemRecipes.tsx:1112 | client/src/pages/BoqItemRecipes.tsx:1114 | client/src/pages/BoqItemRecipes.tsx:1125 | client/src/pages/BoqItemRecipes.tsx:1131 | client/src/pages/BoqItemRecipes.tsx:1630 | client/src/pages/BoqItemRecipes.tsx:1632","See handler and middleware; no recognized local assert/can guard","","See /api requireAuth, public/optional estimator exceptions, and local guards","Keep route-specific site/project/record scope and business checks; section grant alone is not enough"
"PUT /api/boq/items/:itemId/materials","server/routes.ts:17167","work_programme_review","work_programme_review.edit via assertEdit @ server/routes.ts:17169","client/src/pages/BoqItemRecipes.tsx:302 | client/src/pages/BoqItemRecipes.tsx:320 | client/src/pages/BoqItemRecipes.tsx:1112 | client/src/pages/BoqItemRecipes.tsx:1114 | client/src/pages/BoqItemRecipes.tsx:1125 | client/src/pages/BoqItemRecipes.tsx:1131 | client/src/pages/BoqItemRecipes.tsx:1630 | client/src/pages/BoqItemRecipes.tsx:1632","assertEdit(req, res, ""work_programme_review"")","","See /api requireAuth, public/optional estimator exceptions, and local guards","Keep route-specific site/project/record scope and business checks; section grant alone is not enough"
"GET /api/boq/projects/:id/recipe-materials-used","server/routes.ts:17180","","","client/src/pages/BoqItemRecipes.tsx:1116 | client/src/pages/BoqItemRecipes.tsx:1118","See handler and middleware; no recognized local assert/can guard","","See /api requireAuth, public/optional estimator exceptions, and local guards","Keep route-specific site/project/record scope and business checks; section grant alone is not enough"
"GET /api/boq/projects/:id/bom","server/routes.ts:17740","work_programme_review","work_programme_review.view via assertView @ server/routes.ts:17742","client/src/pages/SiteEntry.tsx:606 | client/src/pages/SiteEntry.tsx:609 | client/src/pages/WorkDemand.tsx:2648 | client/src/pages/WorkDemand.tsx:2659","assertView(req, res, ""work_programme_review"")","","See /api requireAuth, public/optional estimator exceptions, and local guards","Keep route-specific site/project/record scope and business checks; section grant alone is not enough"
"GET /api/boq/projects/:id/shortage-check","server/routes.ts:17780","work_programme_review","work_programme_review.view via assertView @ server/routes.ts:17782","client/src/pages/EarthworkControl.tsx:138 | client/src/pages/EarthworkControl.tsx:141 | client/src/pages/WorkDemand.tsx:2677 | client/src/pages/WorkDemand.tsx:2683 | client/src/pages/WorkProgramme.tsx:3156 | client/src/pages/WorkProgramme.tsx:3159","assertView(req, res, ""work_programme_review"") / cands.some(c => c.id === mat.id) / cands.push({ id: mat.id, name: mat.name, category: mat.category ?? null, defaultUom: mat.defaultUom ?? null })","","See /api requireAuth, public/optional estimator exceptions, and local guards","Keep route-specific site/project/record scope and business checks; section grant alone is not enough"
"GET /api/boq/projects/:id/earthwork-arrangements","server/routes.ts:18438","work_programme; work_programme_review","work_programme.view via assertViewEither @ server/routes.ts:18440 | work_programme_review.view via assertViewEither @ server/routes.ts:18440","client/src/components/ExecutionStateBadge.tsx:41 | client/src/components/ExecutionStateBadge.tsx:44 | client/src/pages/GuidedDpr.tsx:900 | client/src/pages/GuidedDpr.tsx:903 | client/src/pages/SiteEdit.tsx:586 | client/src/pages/SiteEdit.tsx:589 | client/src/pages/SiteEntry.tsx:567 | client/src/pages/SiteEntry.tsx:570","assertViewEither(req, res, ""work_programme"", ""work_programme_review"")","","See /api requireAuth, public/optional estimator exceptions, and local guards","Keep route-specific site/project/record scope and business checks; section grant alone is not enough"
"GET /api/boq/projects/:id/earthwork-arrangements/item/:itemId","server/routes.ts:18451","work_programme; work_programme_review","work_programme.view via assertViewEither @ server/routes.ts:18453 | work_programme_review.view via assertViewEither @ server/routes.ts:18453","client/src/components/ActivityReceiptStrip.tsx:149 | client/src/components/ActivityReceiptStrip.tsx:152 | client/src/components/BarArrangementPanel.tsx:77 | client/src/components/BarArrangementPanel.tsx:80 | client/src/components/ReceiptWorkContext.tsx:102 | client/src/components/ReceiptWorkContext.tsx:112","assertViewEither(req, res, ""work_programme"", ""work_programme_review"")","","See /api requireAuth, public/optional estimator exceptions, and local guards","Keep route-specific site/project/record scope and business checks; section grant alone is not enough"
"GET /api/boq/projects/:id/cut-fill-reconciliation","server/routes.ts:18623","","","client/src/components/CutFillOutcomeControls.tsx:74 | client/src/components/CutFillOutcomeControls.tsx:76 | client/src/pages/EarthworkControl.tsx:112 | client/src/pages/EarthworkControl.tsx:115","assertCutFillProjectAccess(req, res, projectId)","","See /api requireAuth, public/optional estimator exceptions, and local guards","Keep route-specific site/project/record scope and business checks; section grant alone is not enough"
"PUT /api/boq/projects/:id/cut-fill-reconciliation/activation","server/routes.ts:18636","","","No direct literal caller identified; inspect dynamic/shared/service caller","assertCutFillProjectAccess(req, res, projectId, true)","","See /api requireAuth, public/optional estimator exceptions, and local guards","Keep route-specific site/project/record scope and business checks; section grant alone is not enough"
"PUT /api/boq/projects/:id/cut-fill-opening-balances/:sourceBoqItemId","server/routes.ts:18649","","","No direct literal caller identified; inspect dynamic/shared/service caller","assertCutFillProjectAccess(req, res, projectId, true)","","See /api requireAuth, public/optional estimator exceptions, and local guards","Keep route-specific site/project/record scope and business checks; section grant alone is not enough"
"GET /api/boq/projects/:id/cut-fill-sources","server/routes.ts:18671","","","client/src/components/CutFillOutcomeControls.tsx:69 | client/src/components/CutFillOutcomeControls.tsx:71","assertCutFillProjectAccess(req, res, projectId)","","See /api requireAuth, public/optional estimator exceptions, and local guards","Keep route-specific site/project/record scope and business checks; section grant alone is not enough"
"POST /api/boq/projects/:id/earthwork-arrangements","server/routes.ts:18688","work_programme","work_programme.edit via assertEdit @ server/routes.ts:18691","client/src/components/ExecutionStateBadge.tsx:41 | client/src/components/ExecutionStateBadge.tsx:44 | client/src/pages/GuidedDpr.tsx:900 | client/src/pages/GuidedDpr.tsx:903 | client/src/pages/SiteEdit.tsx:586 | client/src/pages/SiteEdit.tsx:589 | client/src/pages/SiteEntry.tsx:567 | client/src/pages/SiteEntry.tsx:570","assertAuthed(req, res) / assertEdit(req, res, ""work_programme"")","","See /api requireAuth, public/optional estimator exceptions, and local guards","Keep route-specific site/project/record scope and business checks; section grant alone is not enough"
"GET /api/earthwork-arrangements/:id","server/routes.ts:19044","","","client/src/components/CutFillOutcomeControls.tsx:64 | client/src/components/CutFillOutcomeControls.tsx:66 | client/src/components/EarthworkArrangementDialog.tsx:252 | client/src/components/EarthworkArrangementDialog.tsx:254 | client/src/components/EarthworkArrangementDialog.tsx:282 | client/src/components/EarthworkArrangementDialog.tsx:284 | client/src/lib/executionArrangementApproval.ts:9 | client/src/pages/ExecutionArrangements.tsx:150 | client/src/pages/ExecutionArrangements.tsx:152","assertAuthed(req, res)","","See /api requireAuth, public/optional estimator exceptions, and local guards","Account/self-service/system constraints remain separate"
"GET /api/earthwork-arrangements/:id/execution-evidence","server/routes.ts:19063","work_programme; work_programme_review","work_programme.view via assertViewEither @ server/routes.ts:19065 | work_programme_review.view via assertViewEither @ server/routes.ts:19065","client/src/pages/ExecutionArrangements.tsx:186 | client/src/pages/ExecutionArrangements.tsx:189","assertAuthed(req, res) / assertViewEither(req, res, ""work_programme"", ""work_programme_review"") / assertOutcomeProjectScope(req, res, arrangement.boqProjectId)","","See /api requireAuth, public/optional estimator exceptions, and local guards","Account/self-service/system constraints remain separate"
"PATCH /api/earthwork-arrangements/:id","server/routes.ts:19186","work_programme","work_programme.edit via assertEdit @ server/routes.ts:19189 | work_programme.approve via assertApprove @ server/routes.ts:19472 | work_programme.approve via assertApprove @ server/routes.ts:19556","client/src/components/CutFillOutcomeControls.tsx:64 | client/src/components/CutFillOutcomeControls.tsx:66 | client/src/components/EarthworkArrangementDialog.tsx:252 | client/src/components/EarthworkArrangementDialog.tsx:254 | client/src/components/EarthworkArrangementDialog.tsx:282 | client/src/components/EarthworkArrangementDialog.tsx:284 | client/src/lib/executionArrangementApproval.ts:9 | client/src/pages/ExecutionArrangements.tsx:150 | client/src/pages/ExecutionArrangements.tsx:152","assertAuthed(req, res) / assertEdit(req, res, ""work_programme"") / assertOutcomeManagerAuthority(req, res) / assertApprove(req, res, ""work_programme"")","","See /api requireAuth, public/optional estimator exceptions, and local guards","Account/self-service/system constraints remain separate"
"DELETE /api/earthwork-arrangements/:id","server/routes.ts:19808","work_programme","work_programme.delete via assertDelete @ server/routes.ts:19811","client/src/components/CutFillOutcomeControls.tsx:64 | client/src/components/CutFillOutcomeControls.tsx:66 | client/src/components/EarthworkArrangementDialog.tsx:252 | client/src/components/EarthworkArrangementDialog.tsx:254 | client/src/components/EarthworkArrangementDialog.tsx:282 | client/src/components/EarthworkArrangementDialog.tsx:284 | client/src/lib/executionArrangementApproval.ts:9 | client/src/pages/ExecutionArrangements.tsx:150 | client/src/pages/ExecutionArrangements.tsx:152","assertAuthed(req, res) / assertDelete(req, res, ""work_programme"")","","See /api requireAuth, public/optional estimator exceptions, and local guards","Account/self-service/system constraints remain separate"
"GET /api/boq/projects/:id/arrangement-programme-allocations","server/routes.ts:19867","work_programme; work_programme_review","work_programme.view via assertViewEither @ server/routes.ts:19869 | work_programme_review.view via assertViewEither @ server/routes.ts:19869","client/src/components/ActivityReceiptStrip.tsx:157 | client/src/components/ActivityReceiptStrip.tsx:160 | client/src/components/BarArrangementPanel.tsx:87 | client/src/components/BarArrangementPanel.tsx:90 | client/src/components/ExecutionStateBadge.tsx:51 | client/src/components/ExecutionStateBadge.tsx:54 | client/src/components/ReceiptWorkContext.tsx:117 | client/src/components/ReceiptWorkContext.tsx:120","assertViewEither(req, res, ""work_programme"", ""work_programme_review"") / assertAuthed(req, res)","","See /api requireAuth, public/optional estimator exceptions, and local guards","Keep route-specific site/project/record scope and business checks; section grant alone is not enough"
"POST /api/earthwork-arrangements/:id/programme-allocations","server/routes.ts:19969","work_programme","work_programme.edit via assertEdit @ server/routes.ts:19972","client/src/components/BarArrangementPanel.tsx:129 | client/src/components/BarArrangementPanel.tsx:131","assertAuthed(req, res) / assertEdit(req, res, ""work_programme"")","","See /api requireAuth, public/optional estimator exceptions, and local guards","Account/self-service/system constraints remain separate"
"PATCH /api/earthwork-arrangements/:id/programme-allocations/:allocId","server/routes.ts:19994","work_programme","work_programme.edit via assertEdit @ server/routes.ts:19997","client/src/components/BarArrangementPanel.tsx:171 | client/src/components/BarArrangementPanel.tsx:173","assertAuthed(req, res) / assertEdit(req, res, ""work_programme"")","","See /api requireAuth, public/optional estimator exceptions, and local guards","Account/self-service/system constraints remain separate"
"DELETE /api/earthwork-arrangements/:id/programme-allocations/:allocId","server/routes.ts:20019","work_programme","work_programme.delete via assertDelete @ server/routes.ts:20022","client/src/components/BarArrangementPanel.tsx:171 | client/src/components/BarArrangementPanel.tsx:173","assertAuthed(req, res) / assertDelete(req, res, ""work_programme"")","","See /api requireAuth, public/optional estimator exceptions, and local guards","Account/self-service/system constraints remain separate"
"GET /api/earthwork-arrangements/:id/progress","server/routes.ts:20044","work_programme; work_programme_review","work_programme.view via assertViewEither @ server/routes.ts:20046 | work_programme_review.view via assertViewEither @ server/routes.ts:20046","No direct literal caller identified; inspect dynamic/shared/service caller","assertViewEither(req, res, ""work_programme"", ""work_programme_review"") / assertAuthed(req, res)","","See /api requireAuth, public/optional estimator exceptions, and local guards","Account/self-service/system constraints remain separate"
"GET /api/boq/projects/:id/earthwork-baselines/item/:itemId","server/routes.ts:20060","work_programme_review","work_programme_review.view via assertView @ server/routes.ts:20062","No direct literal caller identified; inspect dynamic/shared/service caller","assertView(req, res, ""work_programme_review"") / assertAuthed(req, res)","","See /api requireAuth, public/optional estimator exceptions, and local guards","Keep route-specific site/project/record scope and business checks; section grant alone is not enough"
"POST /api/boq/projects/:id/earthwork-baselines","server/routes.ts:20075","work_programme_review","work_programme_review.edit via assertEdit @ server/routes.ts:20078","No direct literal caller identified; inspect dynamic/shared/service caller","assertAuthed(req, res) / assertEdit(req, res, ""work_programme_review"")","","See /api requireAuth, public/optional estimator exceptions, and local guards","Keep route-specific site/project/record scope and business checks; section grant alone is not enough"
"GET /api/boq/projects/:id/earthwork-forecasts/item/:itemId","server/routes.ts:20102","work_programme_review","work_programme_review.view via assertView @ server/routes.ts:20104","No direct literal caller identified; inspect dynamic/shared/service caller","assertView(req, res, ""work_programme_review"") / assertAuthed(req, res)","","See /api requireAuth, public/optional estimator exceptions, and local guards","Keep route-specific site/project/record scope and business checks; section grant alone is not enough"
"POST /api/boq/projects/:id/earthwork-forecasts","server/routes.ts:20117","work_programme_review","work_programme_review.edit via assertEdit @ server/routes.ts:20120","No direct literal caller identified; inspect dynamic/shared/service caller","assertAuthed(req, res) / assertEdit(req, res, ""work_programme_review"")","","See /api requireAuth, public/optional estimator exceptions, and local guards","Keep route-specific site/project/record scope and business checks; section grant alone is not enough"
"PATCH /api/earthwork-forecasts/:id","server/routes.ts:20155","work_programme_review","work_programme_review.edit via assertEdit @ server/routes.ts:20158","No direct literal caller identified; inspect dynamic/shared/service caller","assertAuthed(req, res) / assertEdit(req, res, ""work_programme_review"")","","See /api requireAuth, public/optional estimator exceptions, and local guards","Account/self-service/system constraints remain separate"
"PATCH /api/boq/items/:itemId/shoulder-class","server/routes.ts:20182","work_programme_review","work_programme_review.edit via assertEdit @ server/routes.ts:20185","client/src/pages/BoqItemReview.tsx:73 | client/src/pages/BoqItemReview.tsx:75","assertAuthed(req, res) / assertEdit(req, res, ""work_programme_review"")","","See /api requireAuth, public/optional estimator exceptions, and local guards","Keep route-specific site/project/record scope and business checks; section grant alone is not enough"
"PATCH /api/boq/items/:itemId/bulk-classification","server/routes.ts:20220","work_programme_review","work_programme_review.edit via assertEdit @ server/routes.ts:20223","client/src/components/BarArrangementPanel.tsx:151 | client/src/components/BarArrangementPanel.tsx:153 | client/src/pages/EarthworkControl.tsx:53 | client/src/pages/EarthworkControl.tsx:55","assertAuthed(req, res) / assertEdit(req, res, ""work_programme_review"")","","See /api requireAuth, public/optional estimator exceptions, and local guards","Keep route-specific site/project/record scope and business checks; section grant alone is not enough"
"GET /api/boq/projects/:id/material-mappings","server/routes.ts:20256","","","client/src/pages/WorkDemand.tsx:1525","See handler and middleware; no recognized local assert/can guard","","See /api requireAuth, public/optional estimator exceptions, and local guards","Keep route-specific site/project/record scope and business checks; section grant alone is not enough"
"POST /api/boq/projects/:id/material-mappings","server/routes.ts:20269","purchase_indents_approve","purchase_indents_approve.approve via assertApprove @ server/routes.ts:20271","client/src/pages/WorkDemand.tsx:1525","assertApprove(req, res, ""purchase_indents_approve"")","","See /api requireAuth, public/optional estimator exceptions, and local guards","Keep route-specific site/project/record scope and business checks; section grant alone is not enough"
"GET /api/plant-materials/search","server/routes.ts:20346","","","client/src/pages/WorkDemand.tsx:1467 | client/src/pages/WorkDemand.tsx:1471 | client/src/pages/WorkDemand.tsx:1479 | client/src/pages/WorkDemand.tsx:1483","See handler and middleware; no recognized local assert/can guard","","See /api requireAuth, public/optional estimator exceptions, and local guards","Keep route-specific site/project/record scope and business checks; section grant alone is not enough"
"POST /api/material-requirements","server/routes.ts:20410","site_procurement","site_procurement.create via assertCreate @ server/routes.ts:20412","client/src/pages/WorkDemand.tsx:1868 | client/src/pages/WorkDemand.tsx:1890","assertCreate(req, res, ""site_procurement"")","","See /api requireAuth, public/optional estimator exceptions, and local guards","Keep route-specific site/project/record scope and business checks; section grant alone is not enough"
"GET /api/material-requirements/:id","server/routes.ts:20477","","","No direct literal caller identified; inspect dynamic/shared/service caller","See handler and middleware; no recognized local assert/can guard","","See /api requireAuth, public/optional estimator exceptions, and local guards","Keep route-specific site/project/record scope and business checks; section grant alone is not enough"
"POST /api/material-requirements/:id/allocations","server/routes.ts:20491","purchase_indents_approve; irn_approve","purchase_indents_approve.approve via assertApprove @ server/routes.ts:20506 | irn_approve.approve via assertApprove @ server/routes.ts:20508","client/src/pages/WorkDemand.tsx:1915 | client/src/pages/WorkDemand.tsx:1917","assertApprove(req, res, ""purchase_indents_approve"") / assertApprove(req, res, ""irn_approve"")","","See /api requireAuth, public/optional estimator exceptions, and local guards","Keep route-specific site/project/record scope and business checks; section grant alone is not enough"
"GET /api/material-requirements/:id/allocations","server/routes.ts:20551","","","client/src/pages/WorkDemand.tsx:1915 | client/src/pages/WorkDemand.tsx:1917","See handler and middleware; no recognized local assert/can guard","","See /api requireAuth, public/optional estimator exceptions, and local guards","Keep route-specific site/project/record scope and business checks; section grant alone is not enough"
"GET /api/planning/equipment-types","server/routes.ts:20565","planning_masters","planning_masters.view via assertView @ server/routes.ts:20567","client/src/pages/BoqItemRecipes.tsx:1521 | client/src/pages/BoqItemRecipes.tsx:1523 | client/src/pages/PlanningMasters.tsx:46 | client/src/pages/PlanningMasters.tsx:62 | client/src/pages/PlanningMasters.tsx:321 | client/src/pages/PlanningMasters.tsx:324 | client/src/pages/PlanningMasters.tsx:329 | client/src/pages/PlanningMasters.tsx:338","assertView(req, res, ""planning_masters"")","","See /api requireAuth, public/optional estimator exceptions, and local guards","Keep route-specific site/project/record scope and business checks; section grant alone is not enough"
"POST /api/boq/projects/:id/auto-sequence","server/routes.ts:20576","work_programme","work_programme.edit via assertEdit @ server/routes.ts:20578","client/src/pages/WorkProgramme.tsx:3571 | client/src/pages/WorkProgramme.tsx:3582 | client/src/pages/WorkProgramme.tsx:3915","assertEdit(req, res, ""work_programme"")","","See /api requireAuth, public/optional estimator exceptions, and local guards","Keep route-specific site/project/record scope and business checks; section grant alone is not enough"
"POST /api/boq/projects/:id/parse-structure-schedule","server/routes.ts:21302","work_programme","work_programme.edit via assertEdit @ server/routes.ts:21304","client/src/pages/WorkProgramme.tsx:1959","assertEdit(req, res, ""work_programme"")","structureUpload.single(""file"")","See /api requireAuth, public/optional estimator exceptions, and local guards","Keep route-specific site/project/record scope and business checks; section grant alone is not enough"
"POST /api/boq/projects/:id/auto-sequence-structures","server/routes.ts:21805","work_programme","work_programme.edit via assertEdit @ server/routes.ts:21807","client/src/pages/WorkProgramme.tsx:4064 | client/src/pages/WorkProgramme.tsx:4066","assertEdit(req, res, ""work_programme"")","","See /api requireAuth, public/optional estimator exceptions, and local guards","Keep route-specific site/project/record scope and business checks; section grant alone is not enough"
"POST /api/boq/projects/:id/import-structure","server/routes.ts:21834","work_programme","work_programme.edit via assertEdit @ server/routes.ts:21836","client/src/pages/WorkProgramme.tsx:1987 | client/src/pages/WorkProgramme.tsx:1989","assertEdit(req, res, ""work_programme"")","","See /api requireAuth, public/optional estimator exceptions, and local guards","Keep route-specific site/project/record scope and business checks; section grant alone is not enough"
"POST /api/boq/projects/:id/programme/restore","server/routes.ts:22145","work_programme","work_programme.edit via assertEdit @ server/routes.ts:22147","client/src/pages/WorkProgramme.tsx:3347 | client/src/pages/WorkProgramme.tsx:3349","assertEdit(req, res, ""work_programme"")","","See /api requireAuth, public/optional estimator exceptions, and local guards","Keep route-specific site/project/record scope and business checks; section grant alone is not enough"
"POST /api/boq/projects/:id/auto-build-recipes","server/routes.ts:22169","work_programme_review","work_programme_review.edit via assertEdit @ server/routes.ts:22171","client/src/pages/WorkProgramme.tsx:3540 | client/src/pages/WorkProgramme.tsx:3542","assertEdit(req, res, ""work_programme_review"")","","See /api requireAuth, public/optional estimator exceptions, and local guards","Keep route-specific site/project/record scope and business checks; section grant alone is not enough"
"POST /api/planning/equipment-types","server/routes.ts:22311","planning_masters","planning_masters.edit via assertEdit @ server/routes.ts:22313","client/src/pages/BoqItemRecipes.tsx:1521 | client/src/pages/BoqItemRecipes.tsx:1523 | client/src/pages/PlanningMasters.tsx:46 | client/src/pages/PlanningMasters.tsx:62 | client/src/pages/PlanningMasters.tsx:321 | client/src/pages/PlanningMasters.tsx:324 | client/src/pages/PlanningMasters.tsx:329 | client/src/pages/PlanningMasters.tsx:338","assertEdit(req, res, ""planning_masters"")","","See /api requireAuth, public/optional estimator exceptions, and local guards","Keep route-specific site/project/record scope and business checks; section grant alone is not enough"
"PATCH /api/planning/equipment-types/:id","server/routes.ts:22321","planning_masters","planning_masters.edit via assertEdit @ server/routes.ts:22323","client/src/pages/PlanningMasters.tsx:46 | client/src/pages/PlanningMasters.tsx:60 | client/src/pages/PlanningMasters.tsx:329 | client/src/pages/PlanningMasters.tsx:330","assertEdit(req, res, ""planning_masters"")","","See /api requireAuth, public/optional estimator exceptions, and local guards","Keep route-specific site/project/record scope and business checks; section grant alone is not enough"
"DELETE /api/planning/equipment-types/:id","server/routes.ts:22332","","","client/src/pages/PlanningMasters.tsx:46 | client/src/pages/PlanningMasters.tsx:60 | client/src/pages/PlanningMasters.tsx:329 | client/src/pages/PlanningMasters.tsx:330","assertAdmin(req, res)","","See /api requireAuth, public/optional estimator exceptions, and local guards","Keep route-specific site/project/record scope and business checks; section grant alone is not enough"
"GET /api/planning/labour-types","server/routes.ts:22343","planning_masters","planning_masters.view via assertView @ server/routes.ts:22345","client/src/pages/BoqItemRecipes.tsx:1525 | client/src/pages/BoqItemRecipes.tsx:1527 | client/src/pages/PlanningMasters.tsx:207 | client/src/pages/PlanningMasters.tsx:216 | client/src/pages/PlanningMasters.tsx:338 | client/src/pages/PlanningMasters.tsx:485 | client/src/pages/PlanningMasters.tsx:488 | client/src/pages/PlanningMasters.tsx:493","assertView(req, res, ""planning_masters"")","","See /api requireAuth, public/optional estimator exceptions, and local guards","Account/self-service/system constraints remain separate"
"POST /api/planning/labour-types","server/routes.ts:22353","planning_masters","planning_masters.edit via assertEdit @ server/routes.ts:22355","client/src/pages/BoqItemRecipes.tsx:1525 | client/src/pages/BoqItemRecipes.tsx:1527 | client/src/pages/PlanningMasters.tsx:207 | client/src/pages/PlanningMasters.tsx:216 | client/src/pages/PlanningMasters.tsx:338 | client/src/pages/PlanningMasters.tsx:485 | client/src/pages/PlanningMasters.tsx:488 | client/src/pages/PlanningMasters.tsx:493","assertEdit(req, res, ""planning_masters"")","","See /api requireAuth, public/optional estimator exceptions, and local guards","Account/self-service/system constraints remain separate"
"PATCH /api/planning/labour-types/:id","server/routes.ts:22363","planning_masters","planning_masters.edit via assertEdit @ server/routes.ts:22365","client/src/pages/PlanningMasters.tsx:207 | client/src/pages/PlanningMasters.tsx:214 | client/src/pages/PlanningMasters.tsx:493 | client/src/pages/PlanningMasters.tsx:494","assertEdit(req, res, ""planning_masters"")","","See /api requireAuth, public/optional estimator exceptions, and local guards","Account/self-service/system constraints remain separate"
"DELETE /api/planning/labour-types/:id","server/routes.ts:22374","","","client/src/pages/PlanningMasters.tsx:207 | client/src/pages/PlanningMasters.tsx:214 | client/src/pages/PlanningMasters.tsx:493 | client/src/pages/PlanningMasters.tsx:494","assertAdmin(req, res)","","See /api requireAuth, public/optional estimator exceptions, and local guards","Account/self-service/system constraints remain separate"
"POST /api/planning/seed-morth","server/routes.ts:22386","","","client/src/pages/PlanningMasters.tsx:338 | client/src/pages/PlanningMasters.tsx:340","assertAdmin(req, res)","","See /api requireAuth, public/optional estimator exceptions, and local guards","Account/self-service/system constraints remain separate"
"GET /api/planning/mix-templates","server/routes.ts:22398","planning_masters; work_programme; work_programme_review","work_programme.view via assertViewEither @ server/routes.ts:22400 | work_programme_review.view via assertViewEither @ server/routes.ts:22400 | planning_masters.view via assertViewEither @ server/routes.ts:22400","client/src/pages/BoqItemRecipes.tsx:201 | client/src/pages/BoqItemRecipes.tsx:204 | client/src/pages/BoqItemRecipes.tsx:240 | client/src/pages/BoqProgramSettings.tsx:144 | client/src/pages/BoqProgramSettings.tsx:147","assertViewEither(req, res, ""planning_masters"", ""work_programme"", ""work_programme_review"")","","See /api requireAuth, public/optional estimator exceptions, and local guards","Account/self-service/system constraints remain separate"
"GET /api/planning/mix-templates/:id/components","server/routes.ts:22408","planning_masters; work_programme; work_programme_review","work_programme.view via assertViewEither @ server/routes.ts:22410 | work_programme_review.view via assertViewEither @ server/routes.ts:22410 | planning_masters.view via assertViewEither @ server/routes.ts:22410","client/src/pages/BoqItemRecipes.tsx:240 | client/src/pages/BoqItemRecipes.tsx:243","assertViewEither(req, res, ""planning_masters"", ""work_programme"", ""work_programme_review"")","","See /api requireAuth, public/optional estimator exceptions, and local guards","Account/self-service/system constraints remain separate"
"GET /api/snl/sources","server/routes.ts:22431","qto_boq; work_programme_review; norms_library","qto_boq.view via assertViewEither @ server/routes.ts:22433 | work_programme_review.view via assertViewEither @ server/routes.ts:22433 | norms_library.view via assertViewEither @ server/routes.ts:22433","client/src/pages/NormsLibrary.tsx:330 | client/src/pages/NormsLibrary.tsx:462 | client/src/pages/NormsLibrary.tsx:466","assertViewEither(req, res, ""norms_library"", ""qto_boq"", ""work_programme_review"")","","See /api requireAuth, public/optional estimator exceptions, and local guards","Account/self-service/system constraints remain separate"
"GET /api/snl/sources/:id","server/routes.ts:22440","qto_boq; work_programme_review; norms_library","qto_boq.view via assertViewEither @ server/routes.ts:22442 | work_programme_review.view via assertViewEither @ server/routes.ts:22442 | norms_library.view via assertViewEither @ server/routes.ts:22442","No direct literal caller identified; inspect dynamic/shared/service caller","assertViewEither(req, res, ""norms_library"", ""qto_boq"", ""work_programme_review"")","","See /api requireAuth, public/optional estimator exceptions, and local guards","Account/self-service/system constraints remain separate"
"GET /api/snl/sources/:id/items","server/routes.ts:22451","qto_boq; work_programme_review; norms_library","qto_boq.view via assertViewEither @ server/routes.ts:22453 | work_programme_review.view via assertViewEither @ server/routes.ts:22453 | norms_library.view via assertViewEither @ server/routes.ts:22453","No direct literal caller identified; inspect dynamic/shared/service caller","assertViewEither(req, res, ""norms_library"", ""qto_boq"", ""work_programme_review"")","","See /api requireAuth, public/optional estimator exceptions, and local guards","Account/self-service/system constraints remain separate"
"GET /api/boq/items/:id/equipment-output-suggestion","server/routes.ts:22465","","","client/src/pages/BoqItemRecipes.tsx:922 | client/src/pages/BoqItemRecipes.tsx:926","See handler and middleware; no recognized local assert/can guard","","See /api requireAuth, public/optional estimator exceptions, and local guards","Keep route-specific site/project/record scope and business checks; section grant alone is not enough"
"GET /api/snl/items/:id","server/routes.ts:22477","qto_boq; work_programme_review; norms_library","qto_boq.view via assertViewEither @ server/routes.ts:22479 | work_programme_review.view via assertViewEither @ server/routes.ts:22479 | norms_library.view via assertViewEither @ server/routes.ts:22479","client/src/pages/NormsLibrary.tsx:160 | client/src/pages/NormsLibrary.tsx:163","assertViewEither(req, res, ""norms_library"", ""qto_boq"", ""work_programme_review"")","","See /api requireAuth, public/optional estimator exceptions, and local guards","Account/self-service/system constraints remain separate"
"GET /api/snl/search","server/routes.ts:22488","qto_boq; work_programme_review; norms_library","qto_boq.view via assertViewEither @ server/routes.ts:22490 | work_programme_review.view via assertViewEither @ server/routes.ts:22490 | norms_library.view via assertViewEither @ server/routes.ts:22490","client/src/pages/BoqItemRecipes.tsx:1290 | client/src/pages/BoqItemRecipes.tsx:1293 | client/src/pages/BoqProjectDetail.tsx:852 | client/src/pages/BoqProjectDetail.tsx:859 | client/src/pages/BoqProjectDetail.tsx:1144 | client/src/pages/BoqProjectDetail.tsx:1151 | client/src/pages/NormsLibrary.tsx:393 | client/src/pages/NormsLibrary.tsx:398","assertViewEither(req, res, ""norms_library"", ""qto_boq"", ""work_programme_review"")","","See /api requireAuth, public/optional estimator exceptions, and local guards","Account/self-service/system constraints remain separate"
"GET /api/snl/mappings/:boqItemId","server/routes.ts:22516","qto_boq; work_programme_review; norms_library","qto_boq.view via assertViewEither @ server/routes.ts:22518 | work_programme_review.view via assertViewEither @ server/routes.ts:22518 | norms_library.view via assertViewEither @ server/routes.ts:22518","client/src/pages/BoqItemRecipes.tsx:1282 | client/src/pages/BoqItemRecipes.tsx:1285 | client/src/pages/BoqItemRecipes.tsx:1323 | client/src/pages/BoqItemRecipes.tsx:1324 | client/src/pages/BoqItemRecipes.tsx:1530 | client/src/pages/BoqItemRecipes.tsx:1533","assertViewEither(req, res, ""norms_library"", ""qto_boq"", ""work_programme_review"")","","See /api requireAuth, public/optional estimator exceptions, and local guards","Keep route-specific site/project/record scope and business checks; section grant alone is not enough"
"POST /api/snl/mappings","server/routes.ts:22526","norms_library","norms_library.edit via assertEdit @ server/routes.ts:22528","client/src/pages/BoqItemRecipes.tsx:1282 | client/src/pages/BoqItemRecipes.tsx:1303 | client/src/pages/BoqItemRecipes.tsx:1323 | client/src/pages/BoqItemRecipes.tsx:1530","assertEdit(req, res, ""norms_library"")","","See /api requireAuth, public/optional estimator exceptions, and local guards","Account/self-service/system constraints remain separate"
"POST /api/snl/mappings/:boqItemId/apply","server/routes.ts:22546","norms_library","norms_library.edit via assertEdit @ server/routes.ts:22548","client/src/pages/BoqItemRecipes.tsx:1303 | client/src/pages/BoqItemRecipes.tsx:1305 | client/src/pages/BoqProjectDetail.tsx:1128 | client/src/pages/BoqProjectDetail.tsx:1130","assertEdit(req, res, ""norms_library"")","","See /api requireAuth, public/optional estimator exceptions, and local guards","Keep route-specific site/project/record scope and business checks; section grant alone is not enough"
"DELETE /api/snl/mappings/:boqItemId","server/routes.ts:22572","norms_library","norms_library.delete via assertDelete @ server/routes.ts:22574","client/src/pages/BoqItemRecipes.tsx:1282 | client/src/pages/BoqItemRecipes.tsx:1285 | client/src/pages/BoqItemRecipes.tsx:1323 | client/src/pages/BoqItemRecipes.tsx:1324 | client/src/pages/BoqItemRecipes.tsx:1530 | client/src/pages/BoqItemRecipes.tsx:1533","assertDelete(req, res, ""norms_library"")","","See /api requireAuth, public/optional estimator exceptions, and local guards","Keep route-specific site/project/record scope and business checks; section grant alone is not enough"
"POST /api/boq/projects/:id/remap","server/routes.ts:22582","","","client/src/pages/BoqProjectDetail.tsx:1095 | client/src/pages/BoqProjectDetail.tsx:1096 | client/src/pages/BoqProjectDetail.tsx:1918 | client/src/pages/BoqProjectDetail.tsx:1919","See handler and middleware; no recognized local assert/can guard","","See /api requireAuth, public/optional estimator exceptions, and local guards","Keep route-specific site/project/record scope and business checks; section grant alone is not enough"
"POST /api/boq/projects/:id/snl/auto-map-all","server/routes.ts:22593","norms_library","norms_library.edit via assertEdit @ server/routes.ts:22595","client/src/pages/BoqProjectDetail.tsx:1104 | client/src/pages/BoqProjectDetail.tsx:1106","assertEdit(req, res, ""norms_library"")","","See /api requireAuth, public/optional estimator exceptions, and local guards","Keep route-specific site/project/record scope and business checks; section grant alone is not enough"
"POST /api/boq/projects/:id/snl/confirm-review","server/routes.ts:22606","norms_library","norms_library.edit via assertEdit @ server/routes.ts:22608","client/src/pages/BoqProjectDetail.tsx:1116 | client/src/pages/BoqProjectDetail.tsx:1118","assertEdit(req, res, ""norms_library"")","","See /api requireAuth, public/optional estimator exceptions, and local guards","Keep route-specific site/project/record scope and business checks; section grant alone is not enough"
"GET /api/boq/items/:id/components","server/routes.ts:22685","","","client/src/pages/BoqProjectDetail.tsx:841 | client/src/pages/BoqProjectDetail.tsx:844","See handler and middleware; no recognized local assert/can guard","","See /api requireAuth, public/optional estimator exceptions, and local guards","Keep route-specific site/project/record scope and business checks; section grant alone is not enough"
"POST /api/boq/items/:id/components/:compId/map","server/routes.ts:22697","","","client/src/pages/BoqProjectDetail.tsx:866 | client/src/pages/BoqProjectDetail.tsx:868","See handler and middleware; no recognized local assert/can guard","","See /api requireAuth, public/optional estimator exceptions, and local guards","Keep route-specific site/project/record scope and business checks; section grant alone is not enough"
"POST /api/snl/seed","server/routes.ts:22714","","","No direct literal caller identified; inspect dynamic/shared/service caller","assertAdmin(req, res)","","See /api requireAuth, public/optional estimator exceptions, and local guards","Account/self-service/system constraints remain separate"
"POST /api/snl/import","server/routes.ts:22728","","","client/src/pages/NormsLibrary.tsx:466 | client/src/pages/NormsLibrary.tsx:470","assertAdmin(req, res)","upload.single(""file"")","See /api requireAuth, public/optional estimator exceptions, and local guards","Account/self-service/system constraints remain separate"
"GET /api/snl/import-template","server/routes.ts:22753","norms_library","norms_library.export via assertExport @ server/routes.ts:22754","No direct literal caller identified; inspect dynamic/shared/service caller","assertExport(req, res, ""norms_library"")","","See /api requireAuth, public/optional estimator exceptions, and local guards","Account/self-service/system constraints remain separate"
"POST /api/site-requirements","server/routes.ts:23281","","","client/src/components/ActivityReceiptStrip.tsx:182 | client/src/components/ActivityReceiptStrip.tsx:185 | client/src/pages/FieldHome.tsx:418 | client/src/pages/FieldHome.tsx:425 | client/src/pages/FieldHome.tsx:862 | client/src/pages/FieldHome.tsx:865 | client/src/pages/FieldHome.tsx:870 | client/src/pages/FieldHome.tsx:873 | client/src/pages/MyPlans.tsx:191 | client/src/pages/SiteMaterialTrips.tsx:185 | client/src/pages/SiteMaterialTrips.tsx:188 | client/src/pages/SiteRequirementNew.tsx:488 | client/src/pages/SiteRequirementNew.tsx:527 | client/src/pages/SiteRequirementsList.tsx:1344","See handler and middleware; no recognized local assert/can guard","requireAuth","See /api requireAuth, public/optional estimator exceptions, and local guards","Keep route-specific site/project/record scope and business checks; section grant alone is not enough"
"GET /api/site-requirements","server/routes.ts:23304","site_dprs","site_dprs.approve via direct matrix read @ server/routes.ts:23307","client/src/components/ActivityReceiptStrip.tsx:182 | client/src/components/ActivityReceiptStrip.tsx:185 | client/src/pages/FieldHome.tsx:418 | client/src/pages/FieldHome.tsx:425 | client/src/pages/FieldHome.tsx:862 | client/src/pages/FieldHome.tsx:865 | client/src/pages/FieldHome.tsx:870 | client/src/pages/FieldHome.tsx:873 | client/src/pages/MyPlans.tsx:191 | client/src/pages/SiteMaterialTrips.tsx:185 | client/src/pages/SiteMaterialTrips.tsx:188 | client/src/pages/SiteRequirementNew.tsx:488 | client/src/pages/SiteRequirementNew.tsx:527 | client/src/pages/SiteRequirementsList.tsx:1344","See handler and middleware; no recognized local assert/can guard","requireAuth","See /api requireAuth, public/optional estimator exceptions, and local guards","Keep route-specific site/project/record scope and business checks; section grant alone is not enough"
"GET /api/site-requirements/:id","server/routes.ts:23329","site_dprs","site_dprs.approve via direct matrix read @ server/routes.ts:23333","client/src/pages/SiteRequirementNew.tsx:331 | client/src/pages/SiteRequirementNew.tsx:488 | client/src/pages/SiteRequirementNew.tsx:522","See handler and middleware; no recognized local assert/can guard","requireAuth","See /api requireAuth, public/optional estimator exceptions, and local guards","Keep route-specific site/project/record scope and business checks; section grant alone is not enough"
"PATCH /api/site-requirements/:id/status","server/routes.ts:23344","site_dprs","site_dprs.approve via assertApprove @ server/routes.ts:23349","client/src/pages/SiteRequirementsList.tsx:293 | client/src/pages/SiteRequirementsList.tsx:295","assertApprove(req, res, ""site_dprs"") / requirementApprovalBlock(req.authUser, existing.submittedBy)","requireAuth","See /api requireAuth, public/optional estimator exceptions, and local guards","Keep route-specific site/project/record scope and business checks; section grant alone is not enough"
"PATCH /api/site-requirements/:id/allocation","server/routes.ts:23373","","","client/src/pages/SiteRequirementsList.tsx:330 | client/src/pages/SiteRequirementsList.tsx:332","See handler and middleware; no recognized local assert/can guard","requireAuth","See /api requireAuth, public/optional estimator exceptions, and local guards","Keep route-specific site/project/record scope and business checks; section grant alone is not enough"
"PATCH /api/site-requirements/:id/item-status","server/routes.ts:23395","plant_equipment; stores_inventory; labour_management","plant_equipment.create via direct matrix read @ server/routes.ts:23401 | stores_inventory.create via direct matrix read @ server/routes.ts:23400 | labour_management.create via direct matrix read @ server/routes.ts:23402","client/src/pages/SiteRequirementsList.tsx:342 | client/src/pages/SiteRequirementsList.tsx:344","See handler and middleware; no recognized local assert/can guard","requireAuth","See /api requireAuth, public/optional estimator exceptions, and local guards","Keep route-specific site/project/record scope and business checks; section grant alone is not enough"
"PATCH /api/site-requirements/:id/readiness","server/routes.ts:23511","","","client/src/pages/FieldHome.tsx:425 | client/src/pages/FieldHome.tsx:427","See handler and middleware; no recognized local assert/can guard","requireAuth","See /api requireAuth, public/optional estimator exceptions, and local guards","Keep route-specific site/project/record scope and business checks; section grant alone is not enough"
"GET /api/site-requirements/:id/execution-summary","server/routes.ts:23542","","","client/src/pages/SiteRequirementsList.tsx:1136","See handler and middleware; no recognized local assert/can guard","requireAuth","See /api requireAuth, public/optional estimator exceptions, and local guards","Keep route-specific site/project/record scope and business checks; section grant alone is not enough"
"POST /api/site-requirements/:id/outcome","server/routes.ts:23586","","","client/src/pages/SiteRequirementsList.tsx:1150 | client/src/pages/SiteRequirementsList.tsx:1152","See handler and middleware; no recognized local assert/can guard","requireAuth","See /api requireAuth, public/optional estimator exceptions, and local guards","Keep route-specific site/project/record scope and business checks; section grant alone is not enough"
"PUT /api/site-requirements/:id","server/routes.ts:23656","","","client/src/pages/SiteRequirementNew.tsx:331 | client/src/pages/SiteRequirementNew.tsx:488 | client/src/pages/SiteRequirementNew.tsx:522","row.submittedBy !== req.authUser.id","requireAuth","See /api requireAuth, public/optional estimator exceptions, and local guards","Keep route-specific site/project/record scope and business checks; section grant alone is not enough"
"POST /api/site-requirements/:id/revision-request","server/routes.ts:23690","","","client/src/pages/SiteRequirementsList.tsx:312 | client/src/pages/SiteRequirementsList.tsx:313","row.submittedBy !== req.authUser.id","requireAuth","See /api requireAuth, public/optional estimator exceptions, and local guards","Keep route-specific site/project/record scope and business checks; section grant alone is not enough"
"PATCH /api/site-requirements/:id/revision-approve","server/routes.ts:23711","site_dprs","site_dprs.approve via assertApprove @ server/routes.ts:23713","client/src/pages/SiteRequirementsList.tsx:318 | client/src/pages/SiteRequirementsList.tsx:319","assertApprove(req, res, ""site_dprs"") / requirementApprovalBlock(req.authUser, row.submittedBy)","requireAuth","See /api requireAuth, public/optional estimator exceptions, and local guards","Keep route-specific site/project/record scope and business checks; section grant alone is not enough"
"PATCH /api/site-requirements/:id/revision-reject","server/routes.ts:23734","site_dprs","site_dprs.approve via assertApprove @ server/routes.ts:23736","client/src/pages/SiteRequirementsList.tsx:324 | client/src/pages/SiteRequirementsList.tsx:325","assertApprove(req, res, ""site_dprs"") / requirementApprovalBlock(req.authUser, row.submittedBy)","requireAuth","See /api requireAuth, public/optional estimator exceptions, and local guards","Keep route-specific site/project/record scope and business checks; section grant alone is not enough"
"GET /api/vendor-master","server/vendor-master.ts:96","","","client/src/pages/SiteMaterialTrips.tsx:123 | client/src/pages/VendorMaster.tsx:55 | client/src/pages/VendorMaster.tsx:74","canView(req, res)","","See /api requireAuth, public/optional estimator exceptions, and local guards","Keep route-specific site/project/record scope and business checks; section grant alone is not enough"
"POST /api/vendor-master","server/vendor-master.ts:104","","","client/src/pages/SiteMaterialTrips.tsx:123 | client/src/pages/VendorMaster.tsx:55 | client/src/pages/VendorMaster.tsx:74","canManage(req, res)","","See /api requireAuth, public/optional estimator exceptions, and local guards","Keep route-specific site/project/record scope and business checks; section grant alone is not enough"
"PATCH /api/vendor-master/:id","server/vendor-master.ts:112","","","client/src/pages/VendorMaster.tsx:56 | client/src/pages/VendorMaster.tsx:74","canManage(req, res)","","See /api requireAuth, public/optional estimator exceptions, and local guards","Keep route-specific site/project/record scope and business checks; section grant alone is not enough"
"GET /api/vendor-master/review","server/vendor-master.ts:123","","","client/src/pages/VendorMaster.tsx:56","canManage(req, res)","","See /api requireAuth, public/optional estimator exceptions, and local guards","Keep route-specific site/project/record scope and business checks; section grant alone is not enough"
"POST /api/vendor-master/review/confirm","server/vendor-master.ts:152","","","client/src/pages/VendorMaster.tsx:61","canManage(req, res)","","See /api requireAuth, public/optional estimator exceptions, and local guards","Keep route-specific site/project/record scope and business checks; section grant alone is not enough"
"GET /api/vendor-master/:id/activity","server/vendor-master.ts:200","","","client/src/pages/VendorMaster.tsx:57","canView(req, res)","","See /api requireAuth, public/optional estimator exceptions, and local guards","Keep route-specific site/project/record scope and business checks; section grant alone is not enough"