hub,tile_module,function_name,route,component,source,available_operations,current_keys,frontend_checks,backend_enforcement,legacy_alternatives,current_wired_action_candidates,unavailable_standard_action_candidates,limits,conditions
"Dashboard / Account / shared","Login","Login (component name; use nested control ledger for exact displayed labels)","/login","client/src/pages/Login.tsx","client/src/App.tsx:216","POST /api/auth/login | POST /api/auth/claim-device","","{Login}","POST /api/auth/login => isBootstrapUser && user.isAdmin | POST /api/auth/claim-device => Own auth-route middleware; registered before global /api guard","","","view; create; edit; delete; view_reports; export; approve; notify","Action candidates are the union of page keys, not proof every subfunction implements each action. Bind each operational checkbox to its endpoint/control; preserve privileged, site and lifecycle checks. See Findings C and operation ledger.",""
"Estimator","EstimatorLogin","EstimatorLogin (component name; use nested control ledger for exact displayed labels)","/estimator-login","client/src/pages/EstimatorLogin.tsx","client/src/App.tsx:217","POST /api/estimator/session | GET /api/estimator/session | DELETE /api/estimator/session","","{EstimatorLogin}","POST /api/estimator/session => See /api requireAuth, public/optional estimator exceptions, and local guards | GET /api/estimator/session => See /api requireAuth, public/optional estimator exceptions, and local guards | DELETE /api/estimator/session => See /api requireAuth, public/optional estimator exceptions, and local guards","","","view; create; edit; delete; view_reports; export; approve; notify","Action candidates are the union of page keys, not proof every subfunction implements each action. Bind each operational checkbox to its endpoint/control; preserve privileged, site and lifecycle checks. See Findings C and operation ledger.",""
"Estimator","EstimatorHub","EstimatorHub (component name; use nested control ledger for exact displayed labels)","/estimator-hub","client/src/pages/EstimatorHub.tsx","client/src/App.tsx:218","","estimator_portal","{gated(EstimatorHub, ""estimator_portal"")}","","","view","create; edit; delete; view_reports; export; approve; notify","Action candidates are the union of page keys, not proof every subfunction implements each action. Bind each operational checkbox to its endpoint/control; preserve privileged, site and lifecycle checks. See Findings C and operation ledger.",""
"Estimator","ConcreteCalculator","ConcreteCalculator (component name; use nested control ledger for exact displayed labels)","/concrete-calculator","client/src/pages/ConcreteCalculator.tsx","client/src/App.tsx:219","GET /api/concrete-estimates | GET /api/concrete-estimates/:id | POST /api/concrete-estimates | PATCH /api/concrete-estimates/:id | DELETE /api/concrete-estimates/:id","concrete_calculator","{gated(ConcreteCalculator, ""concrete_calculator"")} | concrete_calculator.export via ReportExportGate @ client/src/pages/ConcreteCalculator.tsx:3871 | concrete_calculator.export via ReportExportGate @ client/src/pages/ConcreteCalculator.tsx:3972 | concrete_calculator.export via ReportExportGate @ client/src/pages/ConcreteCalculator.tsx:4116 | concrete_calculator.export via ReportExportGate @ client/src/pages/ConcreteCalculator.tsx:4281 | concrete_calculator.export via ReportExportGate @ client/src/pages/ConcreteCalculator.tsx:4387","GET /api/concrete-estimates => See /api requireAuth, public/optional estimator exceptions, and local guards | GET /api/concrete-estimates/:id => See /api requireAuth, public/optional estimator exceptions, and local guards | POST /api/concrete-estimates => admin_settings.create via assertCreateEither @ server/routes.ts:13004; concrete_estimates_manage.create via assertCreateEither @ server/routes.ts:13004 | PATCH /api/concrete-estimates/:id => admin_settings.edit via assertEditEither @ server/routes.ts:13018; concrete_estimates_manage.edit via assertEditEither @ server/routes.ts:13018 | DELETE /api/concrete-estimates/:id => assertAdmin(req, res)","client/src/App.tsx:394 gatedEither concrete_calculator OR concrete_estimates_manage OR reports OR admin_settings actions=view","view; export","create; edit; delete; view_reports; approve; notify","Action candidates are the union of page keys, not proof every subfunction implements each action. Bind each operational checkbox to its endpoint/control; preserve privileged, site and lifecycle checks. See Findings C and operation ledger.",""
"Estimator","ConcreteCalculatorV2","ConcreteCalculatorV2 (component name; use nested control ledger for exact displayed labels)","/concrete-calculator-v2","client/src/pages/ConcreteCalculatorV2.tsx","client/src/App.tsx:220","GET /api/concrete/v2/estimates | GET /api/concrete/v2/estimates/:id | POST /api/concrete/v2/estimates | PATCH /api/concrete/v2/estimates/:id | DELETE /api/concrete/v2/estimates/:id","concrete_calculator","{gated(ConcreteCalculatorV2, ""concrete_calculator"")}","GET /api/concrete/v2/estimates => See /api requireAuth, public/optional estimator exceptions, and local guards | GET /api/concrete/v2/estimates/:id => See /api requireAuth, public/optional estimator exceptions, and local guards | POST /api/concrete/v2/estimates => admin_settings.create via assertCreateEither @ server/routes.ts:13078; concrete_estimates_manage.create via assertCreateEither @ server/routes.ts:13078 | PATCH /api/concrete/v2/estimates/:id => admin_settings.edit via assertEditEither @ server/routes.ts:13092; concrete_estimates_manage.edit via assertEditEither @ server/routes.ts:13092 | DELETE /api/concrete/v2/estimates/:id => assertAdmin(req, res)","client/src/App.tsx:394 gatedEither concrete_calculator OR concrete_estimates_manage OR reports OR admin_settings actions=view","view; export","create; edit; delete; view_reports; approve; notify","Action candidates are the union of page keys, not proof every subfunction implements each action. Bind each operational checkbox to its endpoint/control; preserve privileged, site and lifecycle checks. See Findings C and operation ledger.",""
"Estimator","MixEstimates","MixEstimates (component name; use nested control ledger for exact displayed labels)","/admin/mix-estimates","client/src/pages/MixEstimates.tsx","client/src/App.tsx:221","GET /api/users/directory | GET /api/mix-estimates | GET /api/mix-estimates/:id | POST /api/mix-estimates | PUT /api/mix-estimates/:id | DELETE /api/mix-estimates/:id | PATCH /api/mix-estimates/rename-project","mix_calculator","{gated(MixEstimates, ""mix_calculator"")} | mix_calculator.create via sectionCan @ client/src/pages/MixEstimates.tsx:49","GET /api/users/directory => assertAuthed(req, res) | GET /api/mix-estimates => See /api requireAuth, public/optional estimator exceptions, and local guards | GET /api/mix-estimates/:id => See /api requireAuth, public/optional estimator exceptions, and local guards | POST /api/mix-estimates => mix_calculator.create via assertMixCalcWrite @ server/routes.ts:12834 | PUT /api/mix-estimates/:id => mix_calculator.create via assertMixCalcWrite @ server/routes.ts:12848; mix_calculator.edit via assertMixCalcWrite @ server/routes.ts:12848 | DELETE /api/mix-estimates/:id => mix_calculator.delete via assertMixCalcWrite @ server/routes.ts:12865 | PATCH /api/mix-estimates/rename-project => mix_calculator.create via assertMixCalcWrite @ server/routes.ts:12957; mix_calculator.edit via assertMixCalcWrite @ server/routes.ts:12957","","view; create; edit; delete; export","view_reports; approve; notify","Action candidates are the union of page keys, not proof every subfunction implements each action. Bind each operational checkbox to its endpoint/control; preserve privileged, site and lifecycle checks. See Findings C and operation ledger.",""
"Estimator","MixImpact","MixImpact (component name; use nested control ledger for exact displayed labels)","/admin/mix-impact","client/src/pages/MixImpact.tsx","client/src/App.tsx:222","GET /api/mix-estimates | GET /api/mix-estimates/:id | POST /api/mix-estimates | PUT /api/mix-estimates/:id | DELETE /api/mix-estimates/:id | GET /api/price-scenarios | POST /api/price-scenarios | GET /api/price-scenarios/:id | PATCH /api/price-scenarios/:id | DELETE /api/price-scenarios/:id","mix_calculator","{gated(MixImpact, ""mix_calculator"")} | mix_calculator.export via ReportExportGate @ client/src/pages/MixImpact.tsx:708 | mix_calculator.create via sectionCan @ client/src/pages/MixImpact.tsx:575 | mix_calculator.edit via sectionCan @ client/src/pages/MixImpact.tsx:575","GET /api/mix-estimates => See /api requireAuth, public/optional estimator exceptions, and local guards | GET /api/mix-estimates/:id => See /api requireAuth, public/optional estimator exceptions, and local guards | POST /api/mix-estimates => mix_calculator.create via assertMixCalcWrite @ server/routes.ts:12834 | PUT /api/mix-estimates/:id => mix_calculator.create via assertMixCalcWrite @ server/routes.ts:12848; mix_calculator.edit via assertMixCalcWrite @ server/routes.ts:12848 | DELETE /api/mix-estimates/:id => mix_calculator.delete via assertMixCalcWrite @ server/routes.ts:12865 | GET /api/price-scenarios => See /api requireAuth, public/optional estimator exceptions, and local guards | POST /api/price-scenarios => mix_calculator.create via assertMixCalcWrite @ server/routes.ts:12890 | GET /api/price-scenarios/:id => See /api requireAuth, public/optional estimator exceptions, and local guards | PATCH /api/price-scenarios/:id => mix_calculator.create via assertMixCalcWrite @ server/routes.ts:12917; mix_calculator.edit via assertMixCalcWrite @ server/routes.ts:12917 | DELETE /api/price-scenarios/:id => mix_calculator.delete via assertMixCalcWrite @ server/routes.ts:12931","","view; create; edit; delete; export","view_reports; approve; notify","Action candidates are the union of page keys, not proof every subfunction implements each action. Bind each operational checkbox to its endpoint/control; preserve privileged, site and lifecycle checks. See Findings C and operation ledger.",""
"Estimator","MixComparativeReport","MixComparativeReport (component name; use nested control ledger for exact displayed labels)","/admin/mix-comparison","client/src/pages/MixComparativeReport.tsx","client/src/App.tsx:223","GET /api/mix-estimates | POST /api/mix-estimates","mix_calculator","{gated(MixComparativeReport, ""mix_calculator"")} | mix_calculator.export via ReportExportGate @ client/src/pages/MixComparativeReport.tsx:77","GET /api/mix-estimates => See /api requireAuth, public/optional estimator exceptions, and local guards | POST /api/mix-estimates => mix_calculator.create via assertMixCalcWrite @ server/routes.ts:12834","","view; create; edit; delete; export","view_reports; approve; notify","Action candidates are the union of page keys, not proof every subfunction implements each action. Bind each operational checkbox to its endpoint/control; preserve privileged, site and lifecycle checks. See Findings C and operation ledger.",""
"Estimator","ScenarioComparison","ScenarioComparison (component name; use nested control ledger for exact displayed labels)","/admin/scenario-comparison","client/src/pages/ScenarioComparison.tsx","client/src/App.tsx:224","GET /api/mix-estimates | POST /api/mix-estimates | GET /api/price-scenarios | POST /api/price-scenarios","mix_calculator","{gated(ScenarioComparison, ""mix_calculator"")} | mix_calculator.export via ReportExportGate @ client/src/pages/ScenarioComparison.tsx:176 | mix_calculator.create via sectionCan @ client/src/pages/ScenarioComparison.tsx:40 | mix_calculator.edit via sectionCan @ client/src/pages/ScenarioComparison.tsx:40","GET /api/mix-estimates => See /api requireAuth, public/optional estimator exceptions, and local guards | POST /api/mix-estimates => mix_calculator.create via assertMixCalcWrite @ server/routes.ts:12834 | GET /api/price-scenarios => See /api requireAuth, public/optional estimator exceptions, and local guards | POST /api/price-scenarios => mix_calculator.create via assertMixCalcWrite @ server/routes.ts:12890","","view; create; edit; delete; export","view_reports; approve; notify","Action candidates are the union of page keys, not proof every subfunction implements each action. Bind each operational checkbox to its endpoint/control; preserve privileged, site and lifecycle checks. See Findings C and operation ledger.",""
"Dashboard / Account / shared","Home","Home (component name; use nested control ledger for exact displayed labels)","/","client/src/pages/Home.tsx","client/src/App.tsx:227","GET /api/dprs/with-details | GET /api/sites | POST /api/sites | DELETE /api/dprs/:id | GET /api/plant-module/dispatches | POST /api/plant-module/dispatches | GET /api/purchase-indents | POST /api/purchase-indents | GET /api/irn | POST /api/irn | GET /api/diesel-requirements | POST /api/diesel-requirements | GET /api/admin/site-backfill/unassigned","dashboard","<Route path=""/""> <RequireAuth section=""dashboard""> <Home /> </RequireAuth> </Route> | site_dprs.view via sectionVisible @ client/src/pages/Home.tsx:98 | site_dprs.view via sectionVisible @ client/src/pages/Home.tsx:199 | site_materials.view via sectionVisible @ client/src/pages/Home.tsx:199 | site_procurement.view via sectionVisible @ client/src/pages/Home.tsx:197 | purchase_indents_view.view via sectionVisible @ client/src/pages/Home.tsx:197 | purchase_indents_raise.view via sectionVisible @ client/src/pages/Home.tsx:197 | diesel_req_view.view via sectionVisible @ client/src/pages/Home.tsx:198 | site_diesel.view via sectionVisible @ client/src/pages/Home.tsx:198 | diesel_req_raise.view via sectionVisible @ client/src/pages/Home.tsx:198 | irn_view.view via sectionVisible @ client/src/pages/Home.tsx:139 | irn_raise.view via sectionVisible @ client/src/pages/Home.tsx:139 | diesel_req_approve.view via sectionVisible @ client/src/pages/Home.tsx:198 | purchase_indents_approve.view via sectionVisible @ client/src/pages/Home.tsx:197","GET /api/dprs/with-details => See /api requireAuth, public/optional estimator exceptions, and local guards | GET /api/sites => req.authUser && !req.authUser.isAdmin | POST /api/sites => sites_plants_manage.create via assertCreateEither @ server/routes.ts:1221; admin_settings.create via assertCreateEither @ server/routes.ts:1221 | DELETE /api/dprs/:id => site_dprs.notify via sendPushToSection @ server/routes.ts:3806 | GET /api/plant-module/dispatches => See /api requireAuth, public/optional estimator exceptions, and local guards | POST /api/plant-module/dispatches => plant_production.create via assertCreate @ server/routes.ts:5294; plant_production.notify via sendPushToSection @ server/routes.ts:5303 | GET /api/purchase-indents => site_procurement.view via assertPiRaiserRead -> server/routes.ts:9056 @ server/routes.ts:9072; purchase_indents_view.view via assertPiRaiserRead -> server/routes.ts:9056 @ server/routes.ts:9072; purchase_indents_raise.view via assertPiRaiserRead -> server/routes.ts:9056 @ server/routes.ts:9072; site_procurement.create via assertPiRaiserRead -> server/routes.ts:9056 @ server/routes.ts:9072; purchase_indents_raise.create via assertPiRaiserRead -> server/routes.ts:9056 @ server/routes.ts:9072; site_procurement.edit via assertPiRaiserRead -> server/routes.ts:9056 @ server/routes.ts:9072; purchase_indents_raise.edit via assertPiRaiserRead -> server/routes.ts:9056 @ server/routes.ts:9072 | POST /api/purchase-indents => site_procurement.create via assertCreateEither @ server/routes.ts:9476; purchase_indents_raise.create via assertCreateEither @ server/routes.ts:9476; purchase_indents_view.notify via sendPushToSection @ server/routes.ts:9479 | GET /api/irn => assertAuthed(req, res) | POST /api/irn => irn_raise.create via assertCreate @ server/routes.ts:9852; irn_view.notify via sendPushToSection @ server/routes.ts:9856 | GET /api/diesel-requirements => stores_inventory.view via assertDieselOrStoresView -> server/routes.ts:232 @ server/routes.ts:10826; site_diesel.view via assertDieselOrStoresView -> server/routes.ts:232 @ server/routes.ts:10826; diesel_req_raise.view via assertDieselOrStoresView -> server/routes.ts:232 @ server/routes.ts:10826; site_diesel.edit via assertDieselOrStoresView -> server/routes.ts:232 @ server/routes.ts:10826; diesel_req_raise.edit via assertDieselOrStoresView -> server/routes.ts:232 @ server/routes.ts:10826; site_diesel.create via assertDieselOrStoresView -> server/routes.ts:232 @ server/routes.ts:10826; diesel_req_raise.create via assertDieselOrStoresView -> server/routes.ts:232 @ server/routes.ts:10826 | POST /api/diesel-requirements => site_diesel.create via assertCreateEither @ server/routes.ts:11025; diesel_req_raise.create via assertCreateEither @ server/routes.ts:11025; diesel_req_approve.notify via sendPushToSection @ server/routes.ts:11028 | GET /api/admin/site-backfill/unassigned => assertAdmin(req, res)","","view; edit; delete","create; view_reports; export; approve; notify","Action candidates are the union of page keys, not proof every subfunction implements each action. Bind each operational checkbox to its endpoint/control; preserve privileged, site and lifecycle checks. See Findings C and operation ledger.",""
"HMP","HmpHub","HmpHub (component name; use nested control ledger for exact displayed labels)","/plant/hub","client/src/pages/HmpHub.tsx","client/src/App.tsx:232","GET /api/plant-module/dispatches | POST /api/plant-module/dispatches | GET /api/plant-module/equipment-usage | POST /api/plant-module/equipment-usage | GET /api/plant-module/shift-logs | POST /api/plant-module/shift-logs","hmp_hub","<Route path=""/plant/hub""> <RequireAuth section=""hmp_hub""> <HmpHub /> </RequireAuth> </Route> | plant_equipment.view via sectionVisible @ client/src/pages/HmpHub.tsx:68 | site_procurement.view via sectionVisible @ client/src/pages/HmpHub.tsx:63 | plant_production.view via sectionVisible @ client/src/pages/HmpHub.tsx:59 | plant_stock.view via sectionVisible @ client/src/pages/HmpHub.tsx:60 | plant_bitumen.view via sectionVisible @ client/src/pages/HmpHub.tsx:61 | plant_ldo.view via sectionVisible @ client/src/pages/HmpHub.tsx:62 | plant_shift_logs.view via sectionVisible @ client/src/pages/HmpHub.tsx:57 | plant_heating.view via sectionVisible @ client/src/pages/HmpHub.tsx:58 | purchase_indents_view.view via sectionVisible @ client/src/pages/HmpHub.tsx:63 | purchase_indents_raise.view via sectionVisible @ client/src/pages/HmpHub.tsx:63 | diesel_req_view.view via sectionVisible @ client/src/pages/HmpHub.tsx:64 | site_diesel.view via sectionVisible @ client/src/pages/HmpHub.tsx:64 | diesel_req_raise.view via sectionVisible @ client/src/pages/HmpHub.tsx:64 | diesel_req_approve.view via sectionVisible @ client/src/pages/HmpHub.tsx:64 | purchase_indents_approve.view via sectionVisible @ client/src/pages/HmpHub.tsx:63","GET /api/plant-module/dispatches => See /api requireAuth, public/optional estimator exceptions, and local guards | POST /api/plant-module/dispatches => plant_production.create via assertCreate @ server/routes.ts:5294; plant_production.notify via sendPushToSection @ server/routes.ts:5303 | GET /api/plant-module/equipment-usage => See /api requireAuth, public/optional estimator exceptions, and local guards | POST /api/plant-module/equipment-usage => plant_equipment.create via assertCreate @ server/routes.ts:6030; plant_equipment.notify via sendPushToSection @ server/routes.ts:6035 | GET /api/plant-module/shift-logs => See /api requireAuth, public/optional estimator exceptions, and local guards | POST /api/plant-module/shift-logs => plant_shift_logs.edit via assertEdit @ server/routes.ts:7734; plant_shift_logs.create via assertCreate @ server/routes.ts:7736; plant_shift_logs.notify via sendPushToSection @ server/routes.ts:7746; plant_shift_logs.notify via sendPushToSection @ server/routes.ts:7756","","view","create; edit; delete; view_reports; export; approve; notify","Action candidates are the union of page keys, not proof every subfunction implements each action. Bind each operational checkbox to its endpoint/control; preserve privileged, site and lifecycle checks. See Findings C and operation ledger.",""
"Equipment & Fleet","EquipmentHub","EquipmentHub (component name; use nested control ledger for exact displayed labels)","/equipment/hub","client/src/pages/EquipmentHub.tsx","client/src/App.tsx:237","GET /api/dprs/with-details | DELETE /api/dprs/:id | GET /api/plant/:id | PATCH /api/plant/:id | DELETE /api/plant/:id | GET /api/plant/equipment-usage","equipment_hub; plant_equipment; equipment_performance_report","{gatedEither(EquipmentHub, ""equipment_hub"", ""equipment_performance_report"", ""plant_equipment"")} | equipment_hub.view via sectionVisible @ client/src/pages/EquipmentHub.tsx:32 | equipment_performance_report.view via sectionVisible @ client/src/pages/EquipmentHub.tsx:32 | equipment_performance_report.view via sectionVisible @ client/src/pages/EquipmentHub.tsx:33 | plant_equipment.view via sectionVisible @ client/src/pages/EquipmentHub.tsx:32 | plant_equipment.view via sectionVisible @ client/src/pages/EquipmentHub.tsx:33 | site_procurement.view via sectionVisible @ client/src/pages/EquipmentHub.tsx:198 | purchase_indents_view.view via sectionVisible @ client/src/pages/EquipmentHub.tsx:199 | purchase_indents_raise.view via sectionVisible @ client/src/pages/EquipmentHub.tsx:200 | diesel_req_view.view via sectionVisible @ client/src/pages/EquipmentHub.tsx:185 | site_diesel.view via sectionVisible @ client/src/pages/EquipmentHub.tsx:184 | diesel_req_raise.view via sectionVisible @ client/src/pages/EquipmentHub.tsx:186 | irn_raise.view via sectionVisible @ client/src/pages/EquipmentHub.tsx:211 | diesel_req_approve.view via sectionVisible @ client/src/pages/EquipmentHub.tsx:187 | purchase_indents_approve.view via sectionVisible @ client/src/pages/EquipmentHub.tsx:201","GET /api/dprs/with-details => See /api requireAuth, public/optional estimator exceptions, and local guards | DELETE /api/dprs/:id => site_dprs.notify via sendPushToSection @ server/routes.ts:3806 | GET /api/plant/:id => See /api requireAuth, public/optional estimator exceptions, and local guards | PATCH /api/plant/:id => admin_settings.edit via assertEditEither @ server/routes.ts:3919; sites_plants_manage.edit via assertEditEither @ server/routes.ts:3919; plant_daily_reports.notify via sendPushToSection @ server/routes.ts:3926 | DELETE /api/plant/:id => plant_daily_reports.notify via sendPushToSection @ server/routes.ts:3947 | GET /api/plant/equipment-usage => See /api requireAuth, public/optional estimator exceptions, and local guards","client/src/App.tsx:237 gatedEither equipment_hub OR equipment_performance_report OR plant_equipment actions=view | client/src/App.tsx:277 gatedEither equipment_performance_report OR plant_equipment actions=view | client/src/App.tsx:278 gatedEither equipment_hub OR plant_equipment OR equipment_performance_report actions=view | client/src/App.tsx:296 gatedEither site_dprs OR stores_inventory OR plant_equipment OR labour_management actions=view | client/src/App.tsx:308 gatedEither plant_generator_logs OR plant_equipment actions=view | client/src/App.tsx:309 gatedEither plant_maintenance OR plant_equipment actions=view | server/routes.ts:5524 assertViewEither equipment_performance_report OR plant_equipment actions=view","view; create; edit; delete; export; notify","view_reports; approve","Action candidates are the union of page keys, not proof every subfunction implements each action. Bind each operational checkbox to its endpoint/control; preserve privileged, site and lifecycle checks. See Findings C and operation ledger.",""
"Reports / originating domain","ReportsHub","ReportsHub (component name; use nested control ledger for exact displayed labels)","/reports/hub","client/src/pages/ReportsHub.tsx","client/src/App.tsx:238","","reports_hub","{gated(ReportsHub, ""reports_hub"")} | equipment_performance_report.view via sectionVisible @ client/src/pages/ReportsHub.tsx:40 | plant_equipment.view via sectionVisible @ client/src/pages/ReportsHub.tsx:40 | site_dprs.view via sectionVisible @ client/src/pages/ReportsHub.tsx:27 | site_materials.view via sectionVisible @ client/src/pages/ReportsHub.tsx:32 | site_procurement.view via sectionVisible @ client/src/pages/ReportsHub.tsx:33 | plant_materials.view via sectionVisible @ client/src/pages/ReportsHub.tsx:34 | plant_production.view via sectionVisible @ client/src/pages/ReportsHub.tsx:29 | plant_daily_reports.view via sectionVisible @ client/src/pages/ReportsHub.tsx:26 | plant_stock.view via sectionVisible @ client/src/pages/ReportsHub.tsx:35 | plant_variance.view via sectionVisible @ client/src/pages/ReportsHub.tsx:36 | plant_audit.view via sectionVisible @ client/src/pages/ReportsHub.tsx:37 | plant_diesel_proc.view via sectionVisible @ client/src/pages/ReportsHub.tsx:30 | plant_shift_logs.view via sectionVisible @ client/src/pages/ReportsHub.tsx:31 | plant_heating.view via sectionVisible @ client/src/pages/ReportsHub.tsx:28 | purchase_indents_view.view via sectionVisible @ client/src/pages/ReportsHub.tsx:33 | purchase_indents_raise.view via sectionVisible @ client/src/pages/ReportsHub.tsx:33 | diesel_req_view.view via sectionVisible @ client/src/pages/ReportsHub.tsx:38 | site_diesel.view via sectionVisible @ client/src/pages/ReportsHub.tsx:38 | diesel_req_raise.view via sectionVisible @ client/src/pages/ReportsHub.tsx:38 | vendor_bills_view.view via sectionVisible @ client/src/pages/ReportsHub.tsx:39 | vendor_bills.view via sectionVisible @ client/src/pages/ReportsHub.tsx:39 | reports.view via sectionVisible @ client/src/pages/ReportsHub.tsx:25 | diesel_req_approve.view via sectionVisible @ client/src/pages/ReportsHub.tsx:38 | purchase_indents_approve.view via sectionVisible @ client/src/pages/ReportsHub.tsx:33 | vendor_bills_raise.view via sectionVisible @ client/src/pages/ReportsHub.tsx:39 | vendor_bills_verify.view via sectionVisible @ client/src/pages/ReportsHub.tsx:39 | vendor_bills_approve.view via sectionVisible @ client/src/pages/ReportsHub.tsx:39","","","view","create; edit; delete; view_reports; export; approve; notify","Action candidates are the union of page keys, not proof every subfunction implements each action. Bind each operational checkbox to its endpoint/control; preserve privileged, site and lifecycle checks. See Findings C and operation ledger.",""
"Site Operations","SiteHub","SiteHub (component name; use nested control ledger for exact displayed labels)","/site/hub","client/src/pages/SiteHub.tsx","client/src/App.tsx:239","GET /api/dprs/with-details | DELETE /api/dprs/:id","site_hub","{gated(SiteHub, ""site_hub"")} | plant_equipment.view via sectionVisible @ client/src/pages/SiteHub.tsx:228 | stores_inventory.view via sectionVisible @ client/src/pages/SiteHub.tsx:227 | site_dprs.view via sectionVisible @ client/src/pages/SiteHub.tsx:54 | site_dprs.view via sectionVisible @ client/src/pages/SiteHub.tsx:76 | site_dprs.view via sectionVisible @ client/src/pages/SiteHub.tsx:81 | site_dprs.view via sectionVisible @ client/src/pages/SiteHub.tsx:87 | site_dprs.view via sectionVisible @ client/src/pages/SiteHub.tsx:111 | site_dprs.view via sectionVisible @ client/src/pages/SiteHub.tsx:112 | site_dprs.view via sectionVisible @ client/src/pages/SiteHub.tsx:121 | site_dprs.view via sectionVisible @ client/src/pages/SiteHub.tsx:130 | site_dprs.view via sectionVisible @ client/src/pages/SiteHub.tsx:227 | site_materials.view via sectionVisible @ client/src/pages/SiteHub.tsx:139 | site_materials.view via sectionVisible @ client/src/pages/SiteHub.tsx:148 | site_materials.view via sectionVisible @ client/src/pages/SiteHub.tsx:157 | site_procurement.view via sectionVisible @ client/src/pages/SiteHub.tsx:167 | site_procurement.view via sectionVisible @ client/src/pages/SiteHub.tsx:181 | labour_management.view via sectionVisible @ client/src/pages/SiteHub.tsx:228 | purchase_indents_view.view via sectionVisible @ client/src/pages/SiteHub.tsx:168 | purchase_indents_view.view via sectionVisible @ client/src/pages/SiteHub.tsx:182 | purchase_indents_raise.view via sectionVisible @ client/src/pages/SiteHub.tsx:169 | purchase_indents_raise.view via sectionVisible @ client/src/pages/SiteHub.tsx:183 | diesel_req_view.view via sectionVisible @ client/src/pages/SiteHub.tsx:196 | site_diesel.view via sectionVisible @ client/src/pages/SiteHub.tsx:195 | diesel_req_raise.view via sectionVisible @ client/src/pages/SiteHub.tsx:197 | irn_raise.view via sectionVisible @ client/src/pages/SiteHub.tsx:208 | diesel_req_approve.view via sectionVisible @ client/src/pages/SiteHub.tsx:198 | purchase_indents_approve.view via sectionVisible @ client/src/pages/SiteHub.tsx:170 | purchase_indents_approve.view via sectionVisible @ client/src/pages/SiteHub.tsx:184","GET /api/dprs/with-details => See /api requireAuth, public/optional estimator exceptions, and local guards | DELETE /api/dprs/:id => site_dprs.notify via sendPushToSection @ server/routes.ts:3806","","view","create; edit; delete; view_reports; export; approve; notify","Action candidates are the union of page keys, not proof every subfunction implements each action. Bind each operational checkbox to its endpoint/control; preserve privileged, site and lifecycle checks. See Findings C and operation ledger.",""
"Administration","MastersHub","MastersHub (component name; use nested control ledger for exact displayed labels)","/admin/hub","client/src/pages/MastersHub.tsx","client/src/App.tsx:240","GET /api/admin/site-backfill/unassigned","admin_hub","<Route path=""/admin/hub""> <RequireAuth section=""admin_hub""> <MastersHub /> </RequireAuth> </Route> | admin_hub.view via sectionVisible @ client/src/pages/MastersHub.tsx:28","GET /api/admin/site-backfill/unassigned => assertAdmin(req, res)","","view","create; edit; delete; view_reports; export; approve; notify","Action candidates are the union of page keys, not proof every subfunction implements each action. Bind each operational checkbox to its endpoint/control; preserve privileged, site and lifecycle checks. See Findings C and operation ledger.",""
"Masters","AdminMastersHub","AdminMastersHub (component name; use nested control ledger for exact displayed labels)","/masters/hub","client/src/pages/AdminMastersHub.tsx","client/src/App.tsx:245","","masters_hub","<Route path=""/masters/hub""> <RequireAuth section=""masters_hub""> <AdminMastersHub /> </RequireAuth> </Route> | sites_plants_manage.view via sectionVisible @ client/src/pages/AdminMastersHub.tsx:43 | admin_settings.view via sectionVisible @ client/src/pages/AdminMastersHub.tsx:43 | master_parties.view via sectionVisible @ client/src/pages/AdminMastersHub.tsx:34 | master_parties.view via sectionVisible @ client/src/pages/AdminMastersHub.tsx:43 | master_parties.view via sectionVisible @ client/src/pages/AdminMastersHub.tsx:52 | master_materials.view via sectionVisible @ client/src/pages/AdminMastersHub.tsx:69 | master_materials.view via sectionVisible @ client/src/pages/AdminMastersHub.tsx:78 | master_equipment.view via sectionVisible @ client/src/pages/AdminMastersHub.tsx:95 | master_personnel.view via sectionVisible @ client/src/pages/AdminMastersHub.tsx:104","","","view","create; edit; delete; view_reports; export; approve; notify","Action candidates are the union of page keys, not proof every subfunction implements each action. Bind each operational checkbox to its endpoint/control; preserve privileged, site and lifecycle checks. See Findings C and operation ledger.",""
"Stores & Inventory","StoresHub","StoresHub (component name; use nested control ledger for exact displayed labels)","/stores/hub","client/src/pages/StoresHub.tsx","client/src/App.tsx:250","GET /api/purchase-indents | POST /api/purchase-indents | GET /api/irn | POST /api/irn | GET /api/pending-plant-receipts/count | PATCH /api/pending-plant-receipts/:id | GET /api/stores/grns/pending-receipt-count | GET /api/stores/grns/:id | PATCH /api/stores/grns/:id | PUT /api/stores/grns/:id | GET /api/stores/stock-summary","stores_hub; stores_inventory","{gatedEither(StoresHub, ""stores_hub"", ""stores_inventory"")} | stores_inventory.view via sectionVisible @ client/src/pages/StoresHub.tsx:33 | site_procurement.view via sectionVisible @ client/src/pages/StoresHub.tsx:36 | plant_materials.view via sectionVisible @ client/src/pages/StoresHub.tsx:34 | purchase_indents_view.view via sectionVisible @ client/src/pages/StoresHub.tsx:36 | purchase_indents_raise.view via sectionVisible @ client/src/pages/StoresHub.tsx:36 | diesel_req_view.view via sectionVisible @ client/src/pages/StoresHub.tsx:37 | site_diesel.view via sectionVisible @ client/src/pages/StoresHub.tsx:37 | irn_view.view via sectionVisible @ client/src/pages/StoresHub.tsx:35 | irn_view.view via sectionVisible @ client/src/pages/StoresHub.tsx:206 | irn_raise.view via sectionVisible @ client/src/pages/StoresHub.tsx:35 | irn_raise.view via sectionVisible @ client/src/pages/StoresHub.tsx:196","GET /api/purchase-indents => site_procurement.view via assertPiRaiserRead -> server/routes.ts:9056 @ server/routes.ts:9072; purchase_indents_view.view via assertPiRaiserRead -> server/routes.ts:9056 @ server/routes.ts:9072; purchase_indents_raise.view via assertPiRaiserRead -> server/routes.ts:9056 @ server/routes.ts:9072; site_procurement.create via assertPiRaiserRead -> server/routes.ts:9056 @ server/routes.ts:9072; purchase_indents_raise.create via assertPiRaiserRead -> server/routes.ts:9056 @ server/routes.ts:9072; site_procurement.edit via assertPiRaiserRead -> server/routes.ts:9056 @ server/routes.ts:9072; purchase_indents_raise.edit via assertPiRaiserRead -> server/routes.ts:9056 @ server/routes.ts:9072 | POST /api/purchase-indents => site_procurement.create via assertCreateEither @ server/routes.ts:9476; purchase_indents_raise.create via assertCreateEither @ server/routes.ts:9476; purchase_indents_view.notify via sendPushToSection @ server/routes.ts:9479 | GET /api/irn => assertAuthed(req, res) | POST /api/irn => irn_raise.create via assertCreate @ server/routes.ts:9852; irn_view.notify via sendPushToSection @ server/routes.ts:9856 | GET /api/pending-plant-receipts/count => plant_materials.view via assertView @ server/routes.ts:10760 | PATCH /api/pending-plant-receipts/:id => plant_materials.view via assertView @ server/routes.ts:10787 | GET /api/stores/grns/pending-receipt-count => stores_inventory.view via assertView @ server/routes.ts:13188 | GET /api/stores/grns/:id => stores_inventory.view via assertView @ server/routes.ts:13298 | PATCH /api/stores/grns/:id => stores_inventory.edit via assertEdit @ server/routes.ts:13361 | PUT /api/stores/grns/:id => stores_inventory.edit via assertEdit @ server/routes.ts:13445 | GET /api/stores/stock-summary => stores_inventory.view via assertView @ server/routes.ts:13614","client/src/App.tsx:250 gatedEither stores_hub OR stores_inventory actions=view | client/src/App.tsx:296 gatedEither site_dprs OR stores_inventory OR plant_equipment OR labour_management actions=view | client/src/App.tsx:384 gatedEither diesel_req_view OR site_diesel OR stores_inventory actions=view | server/routes.ts:1441 assertDieselOrStoresView site_diesel OR stores_inventory OR diesel_req_raise actions=view/create/edit | server/routes.ts:1469 assertDieselOrStoresView site_diesel OR stores_inventory OR diesel_req_raise actions=view/create/edit | server/routes.ts:10826 assertDieselOrStoresView site_diesel OR stores_inventory OR diesel_req_raise actions=view/create/edit | server/routes.ts:10842 assertDieselOrStoresView site_diesel OR stores_inventory OR diesel_req_raise actions=view/create/edit | server/routes.ts:10859 assertDieselOrStoresView site_diesel OR stores_inventory OR diesel_req_raise actions=view/create/edit | server/routes.ts:10880 assertDieselOrStoresView site_diesel OR stores_inventory OR diesel_req_raise actions=view/create/edit | server/routes.ts:10911 assertDieselOrStoresView site_diesel OR stores_inventory OR diesel_req_raise actions=view/create/edit | server/routes.ts:10929 assertDieselOrStoresView site_diesel OR stores_inventory OR diesel_req_raise actions=view/create/edit | server/routes.ts:11010 assertDieselOrStoresView site_diesel OR stores_inventory OR diesel_req_raise actions=view/create/edit","view; create; edit; delete; notify","view_reports; export; approve","Action candidates are the union of page keys, not proof every subfunction implements each action. Bind each operational checkbox to its endpoint/control; preserve privileged, site and lifecycle checks. See Findings C and operation ledger.",""
"Procurement & Billing","FinanceHub","FinanceHub (component name; use nested control ledger for exact displayed labels)","/finance/hub","client/src/pages/FinanceHub.tsx","client/src/App.tsx:251","GET /api/purchase-indents | POST /api/purchase-indents | GET /api/irn | POST /api/irn","finance_hub","{gated(FinanceHub, ""finance_hub"")} | site_procurement.view via sectionVisible @ client/src/pages/FinanceHub.tsx:30 | admin_settings.view via sectionVisible @ client/src/pages/FinanceHub.tsx:172 | purchase_indents_view.view via sectionVisible @ client/src/pages/FinanceHub.tsx:30 | purchase_indents_raise.view via sectionVisible @ client/src/pages/FinanceHub.tsx:30 | diesel_req_view.view via sectionVisible @ client/src/pages/FinanceHub.tsx:31 | site_diesel.view via sectionVisible @ client/src/pages/FinanceHub.tsx:31 | diesel_req_raise.view via sectionVisible @ client/src/pages/FinanceHub.tsx:31 | vendor_bills_view.view via sectionVisible @ client/src/pages/FinanceHub.tsx:163 | vendor_bills.view via sectionVisible @ client/src/pages/FinanceHub.tsx:163 | vendor_masters_manage.view via sectionVisible @ client/src/pages/FinanceHub.tsx:172 | irn_view.view via sectionVisible @ client/src/pages/FinanceHub.tsx:50 | irn_view.view via sectionVisible @ client/src/pages/FinanceHub.tsx:81 | irn_view.view via sectionVisible @ client/src/pages/FinanceHub.tsx:121 | irn_view.view via sectionVisible @ client/src/pages/FinanceHub.tsx:144 | irn_raise.view via sectionVisible @ client/src/pages/FinanceHub.tsx:50 | irn_raise.view via sectionVisible @ client/src/pages/FinanceHub.tsx:81 | irn_raise.view via sectionVisible @ client/src/pages/FinanceHub.tsx:121 | irn_raise.view via sectionVisible @ client/src/pages/FinanceHub.tsx:134 | diesel_req_approve.view via sectionVisible @ client/src/pages/FinanceHub.tsx:31 | purchase_indents_approve.view via sectionVisible @ client/src/pages/FinanceHub.tsx:30 | vendor_bills_raise.view via sectionVisible @ client/src/pages/FinanceHub.tsx:163 | vendor_bills_verify.view via sectionVisible @ client/src/pages/FinanceHub.tsx:163 | vendor_bills_approve.view via sectionVisible @ client/src/pages/FinanceHub.tsx:163","GET /api/purchase-indents => site_procurement.view via assertPiRaiserRead -> server/routes.ts:9056 @ server/routes.ts:9072; purchase_indents_view.view via assertPiRaiserRead -> server/routes.ts:9056 @ server/routes.ts:9072; purchase_indents_raise.view via assertPiRaiserRead -> server/routes.ts:9056 @ server/routes.ts:9072; site_procurement.create via assertPiRaiserRead -> server/routes.ts:9056 @ server/routes.ts:9072; purchase_indents_raise.create via assertPiRaiserRead -> server/routes.ts:9056 @ server/routes.ts:9072; site_procurement.edit via assertPiRaiserRead -> server/routes.ts:9056 @ server/routes.ts:9072; purchase_indents_raise.edit via assertPiRaiserRead -> server/routes.ts:9056 @ server/routes.ts:9072 | POST /api/purchase-indents => site_procurement.create via assertCreateEither @ server/routes.ts:9476; purchase_indents_raise.create via assertCreateEither @ server/routes.ts:9476; purchase_indents_view.notify via sendPushToSection @ server/routes.ts:9479 | GET /api/irn => assertAuthed(req, res) | POST /api/irn => irn_raise.create via assertCreate @ server/routes.ts:9852; irn_view.notify via sendPushToSection @ server/routes.ts:9856","","view","create; edit; delete; view_reports; export; approve; notify","Action candidates are the union of page keys, not proof every subfunction implements each action. Bind each operational checkbox to its endpoint/control; preserve privileged, site and lifecycle checks. See Findings C and operation ledger.",""
"RMC","RmcHub","RmcHub (component name; use nested control ledger for exact displayed labels)","/rmc/hub","client/src/pages/RmcHub.tsx","client/src/App.tsx:252","GET /api/rmc/today-summary | GET /api/rmc/summary-range | GET /api/rmc/cube-tests | POST /api/rmc/cube-tests","rmc_hub","<Route path=""/rmc/hub""> <RequireAuth section=""rmc_hub""> <RmcHub /> </RequireAuth> </Route> | site_procurement.view via sectionVisible @ client/src/pages/RmcHub.tsx:79 | plant_production.view via sectionVisible @ client/src/pages/RmcHub.tsx:77 | plant_daily_reports.view via sectionVisible @ client/src/pages/RmcHub.tsx:78 | purchase_indents_view.view via sectionVisible @ client/src/pages/RmcHub.tsx:79 | purchase_indents_raise.view via sectionVisible @ client/src/pages/RmcHub.tsx:79 | diesel_req_view.view via sectionVisible @ client/src/pages/RmcHub.tsx:80 | site_diesel.view via sectionVisible @ client/src/pages/RmcHub.tsx:80 | diesel_req_raise.view via sectionVisible @ client/src/pages/RmcHub.tsx:80 | diesel_req_approve.view via sectionVisible @ client/src/pages/RmcHub.tsx:80 | purchase_indents_approve.view via sectionVisible @ client/src/pages/RmcHub.tsx:79","GET /api/rmc/today-summary => plant_production.view via assertView @ server/routes.ts:14116 | GET /api/rmc/summary-range => plant_production.view via assertView @ server/routes.ts:14126 | GET /api/rmc/cube-tests => plant_production.view via assertView @ server/routes.ts:14324 | POST /api/rmc/cube-tests => plant_production.create via assertCreate @ server/routes.ts:14338","","view","create; edit; delete; view_reports; export; approve; notify","Action candidates are the union of page keys, not proof every subfunction implements each action. Bind each operational checkbox to its endpoint/control; preserve privileged, site and lifecycle checks. See Findings C and operation ledger.",""
"Equipment & Fleet","Equipment Performance / Equipment Performance","Equipment Performance / Equipment Performance","/reports/equipment-performance","client/src/pages/EquipmentPerformanceReport.tsx","client/src/App.tsx:277","GET /api/reports/equipment-performance","plant_equipment; equipment_performance_report","{gatedEither(EquipmentPerformanceReport, ""equipment_performance_report"", ""plant_equipment"")}","GET /api/reports/equipment-performance => equipment_performance_report.view via assertViewEither @ server/routes.ts:5524; plant_equipment.view via assertViewEither @ server/routes.ts:5524","client/src/App.tsx:237 gatedEither equipment_hub OR equipment_performance_report OR plant_equipment actions=view | client/src/App.tsx:277 gatedEither equipment_performance_report OR plant_equipment actions=view | client/src/App.tsx:278 gatedEither equipment_hub OR plant_equipment OR equipment_performance_report actions=view | client/src/App.tsx:296 gatedEither site_dprs OR stores_inventory OR plant_equipment OR labour_management actions=view | client/src/App.tsx:308 gatedEither plant_generator_logs OR plant_equipment actions=view | client/src/App.tsx:309 gatedEither plant_maintenance OR plant_equipment actions=view | server/routes.ts:5524 assertViewEither equipment_performance_report OR plant_equipment actions=view","view; create; edit; delete; export; notify","view_reports; approve","Action candidates are the union of page keys, not proof every subfunction implements each action. Bind each operational checkbox to its endpoint/control; preserve privileged, site and lifecycle checks. See Findings C and operation ledger.",""
"Equipment & Fleet","Fleet / Equipment Status","Fleet / Equipment Status","/equipment/status","client/src/pages/EquipmentStatus.tsx","client/src/App.tsx:278","GET /api/reports/equipment-status","equipment_hub; plant_equipment; equipment_performance_report","{gatedEither(EquipmentStatus, ""equipment_hub"", ""plant_equipment"", ""equipment_performance_report"")}","GET /api/reports/equipment-status => equipment_hub.view via direct matrix read @ server/routes.ts:5563; equipment_performance_report.view via direct matrix read @ server/routes.ts:5565; plant_equipment.view via direct matrix read @ server/routes.ts:5564","client/src/App.tsx:237 gatedEither equipment_hub OR equipment_performance_report OR plant_equipment actions=view | client/src/App.tsx:277 gatedEither equipment_performance_report OR plant_equipment actions=view | client/src/App.tsx:278 gatedEither equipment_hub OR plant_equipment OR equipment_performance_report actions=view | client/src/App.tsx:296 gatedEither site_dprs OR stores_inventory OR plant_equipment OR labour_management actions=view | client/src/App.tsx:308 gatedEither plant_generator_logs OR plant_equipment actions=view | client/src/App.tsx:309 gatedEither plant_maintenance OR plant_equipment actions=view | server/routes.ts:5524 assertViewEither equipment_performance_report OR plant_equipment actions=view","view; create; edit; delete; export; notify","view_reports; approve","Action candidates are the union of page keys, not proof every subfunction implements each action. Bind each operational checkbox to its endpoint/control; preserve privileged, site and lifecycle checks. See Findings C and operation ledger.",""
"Site Operations","SiteHome","SiteHome (component name; use nested control ledger for exact displayed labels)","/site","client/src/pages/SiteHome.tsx","client/src/App.tsx:280","GET /api/dprs/with-details | DELETE /api/dprs/:id | GET /api/purchase-indents | POST /api/purchase-indents | GET /api/diesel-requirements | POST /api/diesel-requirements","site_hub","{gated(SiteHome, ""site_hub"")} | site_dprs.view via sectionVisible @ client/src/pages/SiteHome.tsx:42 | site_materials.view via sectionVisible @ client/src/pages/SiteHome.tsx:43 | site_procurement.view via sectionVisible @ client/src/pages/SiteHome.tsx:44 | purchase_indents_view.view via sectionVisible @ client/src/pages/SiteHome.tsx:44 | purchase_indents_raise.view via sectionVisible @ client/src/pages/SiteHome.tsx:44 | diesel_req_view.view via sectionVisible @ client/src/pages/SiteHome.tsx:45 | site_diesel.view via sectionVisible @ client/src/pages/SiteHome.tsx:45 | diesel_req_raise.view via sectionVisible @ client/src/pages/SiteHome.tsx:45 | diesel_req_approve.view via sectionVisible @ client/src/pages/SiteHome.tsx:45 | purchase_indents_approve.view via sectionVisible @ client/src/pages/SiteHome.tsx:44","GET /api/dprs/with-details => See /api requireAuth, public/optional estimator exceptions, and local guards | DELETE /api/dprs/:id => site_dprs.notify via sendPushToSection @ server/routes.ts:3806 | GET /api/purchase-indents => site_procurement.view via assertPiRaiserRead -> server/routes.ts:9056 @ server/routes.ts:9072; purchase_indents_view.view via assertPiRaiserRead -> server/routes.ts:9056 @ server/routes.ts:9072; purchase_indents_raise.view via assertPiRaiserRead -> server/routes.ts:9056 @ server/routes.ts:9072; site_procurement.create via assertPiRaiserRead -> server/routes.ts:9056 @ server/routes.ts:9072; purchase_indents_raise.create via assertPiRaiserRead -> server/routes.ts:9056 @ server/routes.ts:9072; site_procurement.edit via assertPiRaiserRead -> server/routes.ts:9056 @ server/routes.ts:9072; purchase_indents_raise.edit via assertPiRaiserRead -> server/routes.ts:9056 @ server/routes.ts:9072 | POST /api/purchase-indents => site_procurement.create via assertCreateEither @ server/routes.ts:9476; purchase_indents_raise.create via assertCreateEither @ server/routes.ts:9476; purchase_indents_view.notify via sendPushToSection @ server/routes.ts:9479 | GET /api/diesel-requirements => stores_inventory.view via assertDieselOrStoresView -> server/routes.ts:232 @ server/routes.ts:10826; site_diesel.view via assertDieselOrStoresView -> server/routes.ts:232 @ server/routes.ts:10826; diesel_req_raise.view via assertDieselOrStoresView -> server/routes.ts:232 @ server/routes.ts:10826; site_diesel.edit via assertDieselOrStoresView -> server/routes.ts:232 @ server/routes.ts:10826; diesel_req_raise.edit via assertDieselOrStoresView -> server/routes.ts:232 @ server/routes.ts:10826; site_diesel.create via assertDieselOrStoresView -> server/routes.ts:232 @ server/routes.ts:10826; diesel_req_raise.create via assertDieselOrStoresView -> server/routes.ts:232 @ server/routes.ts:10826 | POST /api/diesel-requirements => site_diesel.create via assertCreateEither @ server/routes.ts:11025; diesel_req_raise.create via assertCreateEither @ server/routes.ts:11025; diesel_req_approve.notify via sendPushToSection @ server/routes.ts:11028","","view","create; edit; delete; view_reports; export; approve; notify","Action candidates are the union of page keys, not proof every subfunction implements each action. Bind each operational checkbox to its endpoint/control; preserve privileged, site and lifecycle checks. See Findings C and operation ledger.",""
"Site Operations","Daily DPR / DPR History","Daily DPR / DPR History","/site/dashboard","client/src/pages/SiteDashboard.tsx","client/src/App.tsx:281","GET /api/dprs/with-details | GET /api/materials/suppliers | GET /api/attachments/counts | DELETE /api/attachments/:id | DELETE /api/dprs/:id | GET /api/plant-module/equipment | POST /api/plant-module/equipment","site_dprs","{gated(SiteDashboard, ""site_dprs"")} | site_dprs.edit via sectionCan @ client/src/pages/SiteDashboard.tsx:83 | site_dprs.export via sectionCan @ client/src/pages/SiteDashboard.tsx:84 | site_dprs.create via sectionCan @ client/src/pages/SiteDashboard.tsx:82","GET /api/dprs/with-details => See /api requireAuth, public/optional estimator exceptions, and local guards | GET /api/materials/suppliers => See /api requireAuth, public/optional estimator exceptions, and local guards | GET /api/attachments/counts => stores_inventory.view via assertDieselOrStoresView -> server/routes.ts:232 @ server/routes.ts:1469; site_diesel.view via assertDieselOrStoresView -> server/routes.ts:232 @ server/routes.ts:1469; diesel_req_raise.view via assertDieselOrStoresView -> server/routes.ts:232 @ server/routes.ts:1469; site_diesel.edit via assertDieselOrStoresView -> server/routes.ts:232 @ server/routes.ts:1469; diesel_req_raise.edit via assertDieselOrStoresView -> server/routes.ts:232 @ server/routes.ts:1469; site_diesel.create via assertDieselOrStoresView -> server/routes.ts:232 @ server/routes.ts:1469; diesel_req_raise.create via assertDieselOrStoresView -> server/routes.ts:232 @ server/routes.ts:1469 | DELETE /api/attachments/:id => site_diesel.delete via assertDeleteEither @ server/routes.ts:1543; diesel_req_raise.delete via assertDeleteEither @ server/routes.ts:1543; site_dprs.delete via assertDelete @ server/routes.ts:1544; plant_materials.delete via assertDelete @ server/routes.ts:1545; site_materials.delete via assertDelete @ server/routes.ts:1546; irn_raise.delete via assertDelete @ server/routes.ts:1547; purchase_indents_raise.delete via assertDelete @ server/routes.ts:1548; stores_inventory.delete via assertDelete @ server/routes.ts:1549; vendor_bills_raise.delete via assertDelete @ server/routes.ts:1550; plant_production.delete via assertDelete @ server/routes.ts:1551; plant_equipment.delete via assertDelete @ server/routes.ts:1553; rmc_cube_tests.delete via assertDelete @ server/routes.ts:1554 | DELETE /api/dprs/:id => site_dprs.notify via sendPushToSection @ server/routes.ts:3806 | GET /api/plant-module/equipment => See /api requireAuth, public/optional estimator exceptions, and local guards | POST /api/plant-module/equipment => master_equipment.create via assertCreate @ server/routes.ts:4509","client/src/App.tsx:296 gatedEither site_dprs OR stores_inventory OR plant_equipment OR labour_management actions=view","view; create; edit; delete; export; approve; notify","view_reports","Action candidates are the union of page keys, not proof every subfunction implements each action. Bind each operational checkbox to its endpoint/control; preserve privileged, site and lifecycle checks. See Findings C and operation ledger.",""
"Site Operations","Structure DPR","Structure DPR","/site/new","client/src/pages/DprSections.tsx","client/src/App.tsx:282","GET /api/sites | POST /api/sites","site_dprs","{gated(DprSections, ""site_dprs"")}","GET /api/sites => req.authUser && !req.authUser.isAdmin | POST /api/sites => sites_plants_manage.create via assertCreateEither @ server/routes.ts:1221; admin_settings.create via assertCreateEither @ server/routes.ts:1221","client/src/App.tsx:296 gatedEither site_dprs OR stores_inventory OR plant_equipment OR labour_management actions=view","view; create; edit; delete; export; approve; notify","view_reports","Action candidates are the union of page keys, not proof every subfunction implements each action. Bind each operational checkbox to its endpoint/control; preserve privileged, site and lifecycle checks. See Findings C and operation ledger.",""
"Site Operations","DprSections","DprSections (component name; use nested control ledger for exact displayed labels)","/site/guided","client/src/pages/DprSections.tsx","client/src/App.tsx:283","GET /api/sites | POST /api/sites","site_dprs","{gated(DprSections, ""site_dprs"")}","GET /api/sites => req.authUser && !req.authUser.isAdmin | POST /api/sites => sites_plants_manage.create via assertCreateEither @ server/routes.ts:1221; admin_settings.create via assertCreateEither @ server/routes.ts:1221","client/src/App.tsx:296 gatedEither site_dprs OR stores_inventory OR plant_equipment OR labour_management actions=view","view; create; edit; delete; export; approve; notify","view_reports","Action candidates are the union of page keys, not proof every subfunction implements each action. Bind each operational checkbox to its endpoint/control; preserve privileged, site and lifecycle checks. See Findings C and operation ledger.",""
"Site Operations","SiteEntry","SiteEntry (component name; use nested control ledger for exact displayed labels)","/site/combined","client/src/pages/SiteEntry.tsx","client/src/App.tsx:284","GET /api/dprs/with-details | GET /api/sites | POST /api/sites | GET /api/attachments | POST /api/attachments | GET /api/personnel | POST /api/personnel | GET /api/site-purchases | DELETE /api/dprs/:id | GET /api/plant-module/equipment | POST /api/plant-module/equipment | GET /api/plant-module/equipment-usage/open-today | PUT /api/plant-module/equipment-usage/:id | DELETE /api/plant-module/equipment-usage/:id | GET /api/plant-module/stock-balances | GET /api/plant-module/stock-ledger | GET /api/boq/projects | POST /api/boq/projects | GET /api/boq/projects/:id/programme | POST /api/boq/projects/:id/programme | GET /api/boq/projects/:id/plan-vs-actual | GET /api/boq/projects/:id/bom | GET /api/boq/projects/:id/earthwork-arrangements | POST /api/boq/projects/:id/earthwork-arrangements","site_dprs","{gated(SiteEntry, ""site_dprs"")}","GET /api/dprs/with-details => See /api requireAuth, public/optional estimator exceptions, and local guards | GET /api/sites => req.authUser && !req.authUser.isAdmin | POST /api/sites => sites_plants_manage.create via assertCreateEither @ server/routes.ts:1221; admin_settings.create via assertCreateEither @ server/routes.ts:1221 | GET /api/attachments => stores_inventory.view via assertDieselOrStoresView -> server/routes.ts:232 @ server/routes.ts:1441; site_diesel.view via assertDieselOrStoresView -> server/routes.ts:232 @ server/routes.ts:1441; diesel_req_raise.view via assertDieselOrStoresView -> server/routes.ts:232 @ server/routes.ts:1441; site_diesel.edit via assertDieselOrStoresView -> server/routes.ts:232 @ server/routes.ts:1441; diesel_req_raise.edit via assertDieselOrStoresView -> server/routes.ts:232 @ server/routes.ts:1441; site_diesel.create via assertDieselOrStoresView -> server/routes.ts:232 @ server/routes.ts:1441; diesel_req_raise.create via assertDieselOrStoresView -> server/routes.ts:232 @ server/routes.ts:1441 | POST /api/attachments => site_diesel.edit via assertEditEither @ server/routes.ts:1492; diesel_req_raise.edit via assertEditEither @ server/routes.ts:1492; plant_equipment.create via assertCreateOrEdit @ server/routes.ts:1494; plant_equipment.edit via assertCreateOrEdit @ server/routes.ts:1494 | GET /api/personnel => See /api requireAuth, public/optional estimator exceptions, and local guards | POST /api/personnel => master_personnel.create via direct matrix read @ server/routes.ts:1594; site_dprs.create via direct matrix read @ server/routes.ts:1595 | GET /api/site-purchases => See /api requireAuth, public/optional estimator exceptions, and local guards | DELETE /api/dprs/:id => site_dprs.notify via sendPushToSection @ server/routes.ts:3806 | GET /api/plant-module/equipment => See /api requireAuth, public/optional estimator exceptions, and local guards | POST /api/plant-module/equipment => master_equipment.create via assertCreate @ server/routes.ts:4509 | GET /api/plant-module/equipment-usage/open-today => See /api requireAuth, public/optional estimator exceptions, and local guards | PUT /api/plant-module/equipment-usage/:id => plant_equipment.edit via assertEdit @ server/routes.ts:6055; plant_equipment.notify via sendPushToSection @ server/routes.ts:6065 | DELETE /api/plant-module/equipment-usage/:id => plant_equipment.notify via sendPushToSection @ server/routes.ts:6094 | GET /api/plant-module/stock-balances => See /api requireAuth, public/optional estimator exceptions, and local guards | GET /api/plant-module/stock-ledger => See /api requireAuth, public/optional estimator exceptions, and local guards | GET /api/boq/projects => See /api requireAuth, public/optional estimator exceptions, and local guards | POST /api/boq/projects => See /api requireAuth, public/optional estimator exceptions, and local guards | GET /api/boq/projects/:id/programme => work_programme.view via assertViewEither @ server/routes.ts:15767; work_programme_review.view via assertViewEither @ server/routes.ts:15767 | POST /api/boq/projects/:id/programme => work_programme.edit via assertEdit @ server/routes.ts:16262 | GET /api/boq/projects/:id/plan-vs-actual => work_programme_review.view via assertView @ server/routes.ts:16863 | GET /api/boq/projects/:id/bom => work_programme_review.view via assertView @ server/routes.ts:17742 | GET /api/boq/projects/:id/earthwork-arrangements => work_programme.view via assertViewEither @ server/routes.ts:18440; work_programme_review.view via assertViewEither @ server/routes.ts:18440 | POST /api/boq/projects/:id/earthwork-arrangements => work_programme.edit via assertEdit @ server/routes.ts:18691","client/src/App.tsx:296 gatedEither site_dprs OR stores_inventory OR plant_equipment OR labour_management actions=view","view; create; edit; delete; export; approve; notify","view_reports","Action candidates are the union of page keys, not proof every subfunction implements each action. Bind each operational checkbox to its endpoint/control; preserve privileged, site and lifecycle checks. See Findings C and operation ledger.",""
"Site Operations","GuidedDpr","GuidedDpr (component name; use nested control ledger for exact displayed labels)","/site/guided/combined","client/src/pages/GuidedDpr.tsx","client/src/App.tsx:285","GET /api/dprs/with-details | GET /api/sites | POST /api/sites | GET /api/attachments | POST /api/attachments | GET /api/personnel | POST /api/personnel | PATCH /api/dprs/:id/draft | DELETE /api/dprs/:id | GET /api/plant-module/equipment | POST /api/plant-module/equipment | GET /api/plant-module/equipment-usage/open-today | PUT /api/plant-module/equipment-usage/:id | DELETE /api/plant-module/equipment-usage/:id | GET /api/boq/projects | POST /api/boq/projects | GET /api/boq/projects/:id/programme | POST /api/boq/projects/:id/programme | GET /api/boq/projects/:id/plan-vs-actual | GET /api/boq/projects/:id/earthwork-arrangements | POST /api/boq/projects/:id/earthwork-arrangements","site_dprs","{gated(GuidedDpr, ""site_dprs"")}","GET /api/dprs/with-details => See /api requireAuth, public/optional estimator exceptions, and local guards | GET /api/sites => req.authUser && !req.authUser.isAdmin | POST /api/sites => sites_plants_manage.create via assertCreateEither @ server/routes.ts:1221; admin_settings.create via assertCreateEither @ server/routes.ts:1221 | GET /api/attachments => stores_inventory.view via assertDieselOrStoresView -> server/routes.ts:232 @ server/routes.ts:1441; site_diesel.view via assertDieselOrStoresView -> server/routes.ts:232 @ server/routes.ts:1441; diesel_req_raise.view via assertDieselOrStoresView -> server/routes.ts:232 @ server/routes.ts:1441; site_diesel.edit via assertDieselOrStoresView -> server/routes.ts:232 @ server/routes.ts:1441; diesel_req_raise.edit via assertDieselOrStoresView -> server/routes.ts:232 @ server/routes.ts:1441; site_diesel.create via assertDieselOrStoresView -> server/routes.ts:232 @ server/routes.ts:1441; diesel_req_raise.create via assertDieselOrStoresView -> server/routes.ts:232 @ server/routes.ts:1441 | POST /api/attachments => site_diesel.edit via assertEditEither @ server/routes.ts:1492; diesel_req_raise.edit via assertEditEither @ server/routes.ts:1492; plant_equipment.create via assertCreateOrEdit @ server/routes.ts:1494; plant_equipment.edit via assertCreateOrEdit @ server/routes.ts:1494 | GET /api/personnel => See /api requireAuth, public/optional estimator exceptions, and local guards | POST /api/personnel => master_personnel.create via direct matrix read @ server/routes.ts:1594; site_dprs.create via direct matrix read @ server/routes.ts:1595 | PATCH /api/dprs/:id/draft => site_dprs.create via assertCreate @ server/routes.ts:2784 | DELETE /api/dprs/:id => site_dprs.notify via sendPushToSection @ server/routes.ts:3806 | GET /api/plant-module/equipment => See /api requireAuth, public/optional estimator exceptions, and local guards | POST /api/plant-module/equipment => master_equipment.create via assertCreate @ server/routes.ts:4509 | GET /api/plant-module/equipment-usage/open-today => See /api requireAuth, public/optional estimator exceptions, and local guards | PUT /api/plant-module/equipment-usage/:id => plant_equipment.edit via assertEdit @ server/routes.ts:6055; plant_equipment.notify via sendPushToSection @ server/routes.ts:6065 | DELETE /api/plant-module/equipment-usage/:id => plant_equipment.notify via sendPushToSection @ server/routes.ts:6094 | GET /api/boq/projects => See /api requireAuth, public/optional estimator exceptions, and local guards | POST /api/boq/projects => See /api requireAuth, public/optional estimator exceptions, and local guards | GET /api/boq/projects/:id/programme => work_programme.view via assertViewEither @ server/routes.ts:15767; work_programme_review.view via assertViewEither @ server/routes.ts:15767 | POST /api/boq/projects/:id/programme => work_programme.edit via assertEdit @ server/routes.ts:16262 | GET /api/boq/projects/:id/plan-vs-actual => work_programme_review.view via assertView @ server/routes.ts:16863 | GET /api/boq/projects/:id/earthwork-arrangements => work_programme.view via assertViewEither @ server/routes.ts:18440; work_programme_review.view via assertViewEither @ server/routes.ts:18440 | POST /api/boq/projects/:id/earthwork-arrangements => work_programme.edit via assertEdit @ server/routes.ts:18691","client/src/App.tsx:296 gatedEither site_dprs OR stores_inventory OR plant_equipment OR labour_management actions=view","view; create; edit; delete; export; approve; notify","view_reports","Action candidates are the union of page keys, not proof every subfunction implements each action. Bind each operational checkbox to its endpoint/control; preserve privileged, site and lifecycle checks. See Findings C and operation ledger.",""
"Site Operations","DprSections","DprSections (component name; use nested control ledger for exact displayed labels)","/site/work/:id","client/src/pages/DprSections.tsx","client/src/App.tsx:286","GET /api/sites | POST /api/sites","site_dprs","{gated(DprWorkEntry, ""site_dprs"")}","GET /api/sites => req.authUser && !req.authUser.isAdmin | POST /api/sites => sites_plants_manage.create via assertCreateEither @ server/routes.ts:1221; admin_settings.create via assertCreateEither @ server/routes.ts:1221","client/src/App.tsx:296 gatedEither site_dprs OR stores_inventory OR plant_equipment OR labour_management actions=view","view; create; edit; delete; export; approve; notify","view_reports","Action candidates are the union of page keys, not proof every subfunction implements each action. Bind each operational checkbox to its endpoint/control; preserve privileged, site and lifecycle checks. See Findings C and operation ledger.",""
"Site Operations","DprSections","DprSections (component name; use nested control ledger for exact displayed labels)","/site/edit/:id","client/src/pages/DprSections.tsx","client/src/App.tsx:287","GET /api/sites | POST /api/sites","site_dprs","{gated(DprEditEntry, ""site_dprs"")}","GET /api/sites => req.authUser && !req.authUser.isAdmin | POST /api/sites => sites_plants_manage.create via assertCreateEither @ server/routes.ts:1221; admin_settings.create via assertCreateEither @ server/routes.ts:1221","client/src/App.tsx:296 gatedEither site_dprs OR stores_inventory OR plant_equipment OR labour_management actions=view","view; create; edit; delete; export; approve; notify","view_reports","Action candidates are the union of page keys, not proof every subfunction implements each action. Bind each operational checkbox to its endpoint/control; preserve privileged, site and lifecycle checks. See Findings C and operation ledger.",""
"Site Operations","SiteSuccess","SiteSuccess (component name; use nested control ledger for exact displayed labels)","/site/success/:id","client/src/pages/SiteSuccess.tsx","client/src/App.tsx:288","","site_dprs","{gated(SiteSuccess, ""site_dprs"")}","","client/src/App.tsx:296 gatedEither site_dprs OR stores_inventory OR plant_equipment OR labour_management actions=view","view; create; edit; delete; export; approve; notify","view_reports","Action candidates are the union of page keys, not proof every subfunction implements each action. Bind each operational checkbox to its endpoint/control; preserve privileged, site and lifecycle checks. See Findings C and operation ledger.",""
"Reports / originating domain","SiteReport","SiteReport (component name; use nested control ledger for exact displayed labels)","/site/report/:id","client/src/pages/SiteReport.tsx","client/src/App.tsx:289","GET /api/sites | POST /api/sites | GET /api/personnel | POST /api/personnel | GET /api/site-purchases | DELETE /api/dprs/:id | GET /api/plant-module/equipment | POST /api/plant-module/equipment | POST /api/equipment-usage/:id/move | GET /api/equipment-usage/lifecycle | GET /api/plant-module/stock-balances | GET /api/plant-module/stock-ledger | GET /api/maintenance/logs | POST /api/maintenance/logs","site_dprs","{gated(SiteReport, ""site_dprs"")} | equipment_performance_report.view via sectionCan @ client/src/pages/SiteReport.tsx:43 | plant_equipment.view via sectionCan @ client/src/pages/SiteReport.tsx:43 | site_dprs.delete via sectionCan @ client/src/pages/SiteReport.tsx:236 | site_dprs.edit via sectionCan @ client/src/pages/SiteReport.tsx:41 | site_dprs.edit via EditPermissionButton mapped record type @ client/src/pages/SiteReport.tsx:175 | site_dprs.export via sectionCan @ client/src/pages/SiteReport.tsx:171","GET /api/sites => req.authUser && !req.authUser.isAdmin | POST /api/sites => sites_plants_manage.create via assertCreateEither @ server/routes.ts:1221; admin_settings.create via assertCreateEither @ server/routes.ts:1221 | GET /api/personnel => See /api requireAuth, public/optional estimator exceptions, and local guards | POST /api/personnel => master_personnel.create via direct matrix read @ server/routes.ts:1594; site_dprs.create via direct matrix read @ server/routes.ts:1595 | GET /api/site-purchases => See /api requireAuth, public/optional estimator exceptions, and local guards | DELETE /api/dprs/:id => site_dprs.notify via sendPushToSection @ server/routes.ts:3806 | GET /api/plant-module/equipment => See /api requireAuth, public/optional estimator exceptions, and local guards | POST /api/plant-module/equipment => master_equipment.create via assertCreate @ server/routes.ts:4509 | POST /api/equipment-usage/:id/move => site_dprs.edit via assertEdit @ server/routes.ts:5908 | GET /api/equipment-usage/lifecycle => site_dprs.view via assertView @ server/routes.ts:5946 | GET /api/plant-module/stock-balances => See /api requireAuth, public/optional estimator exceptions, and local guards | GET /api/plant-module/stock-ledger => See /api requireAuth, public/optional estimator exceptions, and local guards | GET /api/maintenance/logs => plant_equipment.view via assertView @ server/routes.ts:13817 | POST /api/maintenance/logs => plant_equipment.create via assertCreate @ server/routes.ts:13862","client/src/App.tsx:296 gatedEither site_dprs OR stores_inventory OR plant_equipment OR labour_management actions=view","view; create; edit; delete; export; approve; notify","view_reports","Action candidates are the union of page keys, not proof every subfunction implements each action. Bind each operational checkbox to its endpoint/control; preserve privileged, site and lifecycle checks. See Findings C and operation ledger.",""
"Reports / originating domain","Progress Report","Progress Report","/reports/progress","client/src/pages/ProgressReport.tsx","client/src/App.tsx:290","PATCH /api/progress-entries/:id/overlap-resolution | GET /api/boq/projects | POST /api/boq/projects | GET /api/reports/progress | GET /api/reports/progress/export","site_dprs","{gated(ProgressReport, ""site_dprs"")} | site_dprs.export via ReportExportGate @ client/src/pages/ProgressReport.tsx:182","PATCH /api/progress-entries/:id/overlap-resolution => site_dprs.edit via assertEdit @ server/routes.ts:2279 | GET /api/boq/projects => See /api requireAuth, public/optional estimator exceptions, and local guards | POST /api/boq/projects => See /api requireAuth, public/optional estimator exceptions, and local guards | GET /api/reports/progress => site_dprs.view via assertView @ server/routes.ts:16954 | GET /api/reports/progress/export => site_dprs.view via assertView @ server/routes.ts:16974; site_dprs.export via assertExport @ server/routes.ts:16972","client/src/App.tsx:296 gatedEither site_dprs OR stores_inventory OR plant_equipment OR labour_management actions=view","view; create; edit; delete; export; approve; notify","view_reports","Action candidates are the union of page keys, not proof every subfunction implements each action. Bind each operational checkbox to its endpoint/control; preserve privileged, site and lifecycle checks. See Findings C and operation ledger.",""
"Site Operations","Material Entry","Material Entry","/site/material-trips","client/src/pages/SiteMaterialTrips.tsx","client/src/App.tsx:291","GET /api/materials-received | GET /api/site-material-trips | POST /api/site-material-trips/material-source/bulk | GET /api/site-material-trips/vendor-options | POST /api/site-material-trips | PATCH /api/site-material-trips/:id | DELETE /api/site-material-trips/:id | GET /api/sites | POST /api/sites | GET /api/attachments | POST /api/attachments | GET /api/plant-module/equipment | POST /api/plant-module/equipment | GET /api/purchase-indents | POST /api/purchase-indents | POST /api/site-requirements | GET /api/site-requirements | GET /api/vendor-master | POST /api/vendor-master","site_materials","{gated(SiteMaterialTrips, ""site_materials"")} | site_materials.delete via sectionCan @ client/src/pages/SiteMaterialTrips.tsx:1059 | site_materials.edit via sectionCan @ client/src/pages/SiteMaterialTrips.tsx:50","GET /api/materials-received => See /api requireAuth, public/optional estimator exceptions, and local guards | GET /api/site-material-trips => See /api requireAuth, public/optional estimator exceptions, and local guards | POST /api/site-material-trips/material-source/bulk => site_materials.edit via assertEdit @ server/routes.ts:852 | GET /api/site-material-trips/vendor-options => site_materials.edit via assertEdit @ server/routes.ts:899 | POST /api/site-material-trips => site_materials.create via assertCreate @ server/routes.ts:1045; site_materials.notify via sendPushToSection @ server/routes.ts:1067 | PATCH /api/site-material-trips/:id => site_materials.edit via assertEdit @ server/routes.ts:1078; site_materials.notify via sendPushToSection @ server/routes.ts:1123 | DELETE /api/site-material-trips/:id => assertAdmin(req, res) | GET /api/sites => req.authUser && !req.authUser.isAdmin | POST /api/sites => sites_plants_manage.create via assertCreateEither @ server/routes.ts:1221; admin_settings.create via assertCreateEither @ server/routes.ts:1221 | GET /api/attachments => stores_inventory.view via assertDieselOrStoresView -> server/routes.ts:232 @ server/routes.ts:1441; site_diesel.view via assertDieselOrStoresView -> server/routes.ts:232 @ server/routes.ts:1441; diesel_req_raise.view via assertDieselOrStoresView -> server/routes.ts:232 @ server/routes.ts:1441; site_diesel.edit via assertDieselOrStoresView -> server/routes.ts:232 @ server/routes.ts:1441; diesel_req_raise.edit via assertDieselOrStoresView -> server/routes.ts:232 @ server/routes.ts:1441; site_diesel.create via assertDieselOrStoresView -> server/routes.ts:232 @ server/routes.ts:1441; diesel_req_raise.create via assertDieselOrStoresView -> server/routes.ts:232 @ server/routes.ts:1441 | POST /api/attachments => site_diesel.edit via assertEditEither @ server/routes.ts:1492; diesel_req_raise.edit via assertEditEither @ server/routes.ts:1492; plant_equipment.create via assertCreateOrEdit @ server/routes.ts:1494; plant_equipment.edit via assertCreateOrEdit @ server/routes.ts:1494 | GET /api/plant-module/equipment => See /api requireAuth, public/optional estimator exceptions, and local guards | POST /api/plant-module/equipment => master_equipment.create via assertCreate @ server/routes.ts:4509 | GET /api/purchase-indents => site_procurement.view via assertPiRaiserRead -> server/routes.ts:9056 @ server/routes.ts:9072; purchase_indents_view.view via assertPiRaiserRead -> server/routes.ts:9056 @ server/routes.ts:9072; purchase_indents_raise.view via assertPiRaiserRead -> server/routes.ts:9056 @ server/routes.ts:9072; site_procurement.create via assertPiRaiserRead -> server/routes.ts:9056 @ server/routes.ts:9072; purchase_indents_raise.create via assertPiRaiserRead -> server/routes.ts:9056 @ server/routes.ts:9072; site_procurement.edit via assertPiRaiserRead -> server/routes.ts:9056 @ server/routes.ts:9072; purchase_indents_raise.edit via assertPiRaiserRead -> server/routes.ts:9056 @ server/routes.ts:9072 | POST /api/purchase-indents => site_procurement.create via assertCreateEither @ server/routes.ts:9476; purchase_indents_raise.create via assertCreateEither @ server/routes.ts:9476; purchase_indents_view.notify via sendPushToSection @ server/routes.ts:9479 | POST /api/site-requirements => See /api requireAuth, public/optional estimator exceptions, and local guards | GET /api/site-requirements => site_dprs.approve via direct matrix read @ server/routes.ts:23307 | GET /api/vendor-master => canView(req, res) | POST /api/vendor-master => canManage(req, res)","","view; create; edit; delete; notify","view_reports; export; approve","Action candidates are the union of page keys, not proof every subfunction implements each action. Bind each operational checkbox to its endpoint/control; preserve privileged, site and lifecycle checks. See Findings C and operation ledger.",""
"Site Operations","Materials Received / Materials Received Report","Materials Received / Materials Received Report","/site/materials-received","client/src/pages/SiteMaterialsReceived.tsx","client/src/App.tsx:292","GET /api/materials/suppliers | GET /api/materials-received | GET /api/site-material-trips | POST /api/site-material-trips | PATCH /api/site-material-trips/:id | DELETE /api/site-material-trips/:id | GET /api/sites | POST /api/sites","site_materials","{gated(SiteMaterialsReceived, ""site_materials"")} | site_materials.edit via EditPermissionButton mapped record type @ client/src/pages/SiteMaterialsReceived.tsx:506","GET /api/materials/suppliers => See /api requireAuth, public/optional estimator exceptions, and local guards | GET /api/materials-received => See /api requireAuth, public/optional estimator exceptions, and local guards | GET /api/site-material-trips => See /api requireAuth, public/optional estimator exceptions, and local guards | POST /api/site-material-trips => site_materials.create via assertCreate @ server/routes.ts:1045; site_materials.notify via sendPushToSection @ server/routes.ts:1067 | PATCH /api/site-material-trips/:id => site_materials.edit via assertEdit @ server/routes.ts:1078; site_materials.notify via sendPushToSection @ server/routes.ts:1123 | DELETE /api/site-material-trips/:id => assertAdmin(req, res) | GET /api/sites => req.authUser && !req.authUser.isAdmin | POST /api/sites => sites_plants_manage.create via assertCreateEither @ server/routes.ts:1221; admin_settings.create via assertCreateEither @ server/routes.ts:1221","","view; create; edit; delete; notify","view_reports; export; approve","Action candidates are the union of page keys, not proof every subfunction implements each action. Bind each operational checkbox to its endpoint/control; preserve privileged, site and lifecycle checks. See Findings C and operation ledger.",""
"Site Operations","Site Material Stock","Site Material Stock","/site/material-stock","client/src/pages/SiteMaterialStock.tsx","client/src/App.tsx:293","GET /api/site-material-stock","site_materials","{gated(SiteMaterialStock, ""site_materials"")}","GET /api/site-material-stock => See /api requireAuth, public/optional estimator exceptions, and local guards","","view; create; edit; delete; notify","view_reports; export; approve","Action candidates are the union of page keys, not proof every subfunction implements each action. Bind each operational checkbox to its endpoint/control; preserve privileged, site and lifecycle checks. See Findings C and operation ledger.",""
"Site Operations","Site Purchases Report / Site Purchases Report","Site Purchases Report / Site Purchases Report","/site/purchases","client/src/pages/SitePurchasesReport.tsx","client/src/App.tsx:294","GET /api/site-purchases | PUT /api/site-purchases/:id | POST /api/site-purchases/:id/final-submit","site_procurement; report_site_purchases","{gatedEither(SitePurchasesReport, ""report_site_purchases"", ""site_procurement"")} | site_materials.delete via sectionCan @ client/src/pages/SitePurchasesReport.tsx:383","GET /api/site-purchases => See /api requireAuth, public/optional estimator exceptions, and local guards | PUT /api/site-purchases/:id => site_materials.notify via sendPushToSection @ server/routes.ts:1722; report_site_purchases.edit via assertEdit @ server/routes.ts:1685 | POST /api/site-purchases/:id/final-submit => site_materials.edit via assertEdit @ server/routes.ts:1764; site_materials.notify via sendPushToSection @ server/routes.ts:1789","client/src/App.tsx:294 gatedEither report_site_purchases OR site_procurement actions=view | client/src/App.tsx:345 gatedEither purchase_indents_view OR site_procurement OR purchase_indents_raise actions=view | server/routes.ts:9164 assertEditEither site_procurement OR purchase_indents_raise actions=edit | server/routes.ts:9215 assertEditEither site_procurement OR purchase_indents_raise actions=edit | server/routes.ts:9348 assertCreateEither site_procurement OR purchase_indents_raise actions=create | server/routes.ts:9394 assertCreateEither site_procurement OR purchase_indents_raise actions=create | server/routes.ts:9418 assertCreateEither site_procurement OR purchase_indents_raise actions=create | server/routes.ts:9476 assertCreateEither site_procurement OR purchase_indents_raise actions=create | server/routes.ts:9616 assertCreateEither site_procurement OR purchase_indents_raise actions=create | server/routes.ts:9632 assertCreateEither site_procurement OR purchase_indents_raise actions=create | server/routes.ts:9768 assertCreateEither site_procurement OR purchase_indents_raise actions=create | server/routes.ts:10322 assertEditEither site_procurement OR purchase_indents_raise actions=edit | server/routes.ts:10352 assertEditEither site_procurement OR purchase_indents_raise actions=edit | server/routes.ts:10402 assertEditEither site_procurement OR purchase_indents_raise actions=edit | server/routes.ts:10464 assertEditEither site_procurement OR purchase_indents_raise actions=edit | server/routes.ts:10511 assertEditEither site_procurement OR purchase_indents_raise actions=edit | server/routes.ts:10568 assertEditEither site_procurement OR purchase_indents_raise actions=edit | server/routes.ts:10619 assertEditEither site_procurement OR purchase_indents_raise actions=edit | server/routes.ts:10736 assertEditEither site_procurement OR purchase_indents_raise actions=edit | server/routes.ts:9072 assertPiRaiserRead purchase_indents_view OR site_procurement OR purchase_indents_raise actions=view/create/edit | server/routes.ts:9151 assertPiRaiserRead purchase_indents_view OR site_procurement OR purchase_indents_raise actions=view/create/edit | server/routes.ts:9163 assertPiRaiserRead purchase_indents_view OR site_procurement OR purchase_indents_raise actions=view/create/edit | server/routes.ts:9228 assertPiRaiserRead purchase_indents_view OR site_procurement OR purchase_indents_raise actions=view/create/edit | server/routes.ts:9323 assertPiRaiserRead purchase_indents_view OR site_procurement OR purchase_indents_raise actions=view/create/edit | server/routes.ts:9457 assertPiRaiserRead purchase_indents_view OR site_procurement OR purchase_indents_raise actions=view/create/edit | server/routes.ts:10390 assertPiRaiserRead purchase_indents_view OR site_procurement OR purchase_indents_raise actions=view/create/edit","view; create; edit","delete; view_reports; export; approve; notify","Action candidates are the union of page keys, not proof every subfunction implements each action. Bind each operational checkbox to its endpoint/control; preserve privileged, site and lifecycle checks. See Findings C and operation ledger.",""
"Site Operations","SiteRequirementNew","SiteRequirementNew (component name; use nested control ledger for exact displayed labels)","/site/requirements/new","client/src/pages/SiteRequirementNew.tsx","client/src/App.tsx:295","GET /api/sites | POST /api/sites | GET /api/boq/projects | POST /api/boq/projects | GET /api/boq/projects/:id/items | GET /api/boq/projects/:id/programme | POST /api/boq/projects/:id/programme | POST /api/site-requirements | GET /api/site-requirements | GET /api/site-requirements/:id | PUT /api/site-requirements/:id","site_dprs","{gated(SiteRequirementNew, ""site_dprs"")}","GET /api/sites => req.authUser && !req.authUser.isAdmin | POST /api/sites => sites_plants_manage.create via assertCreateEither @ server/routes.ts:1221; admin_settings.create via assertCreateEither @ server/routes.ts:1221 | GET /api/boq/projects => See /api requireAuth, public/optional estimator exceptions, and local guards | POST /api/boq/projects => See /api requireAuth, public/optional estimator exceptions, and local guards | GET /api/boq/projects/:id/items => See /api requireAuth, public/optional estimator exceptions, and local guards | GET /api/boq/projects/:id/programme => work_programme.view via assertViewEither @ server/routes.ts:15767; work_programme_review.view via assertViewEither @ server/routes.ts:15767 | POST /api/boq/projects/:id/programme => work_programme.edit via assertEdit @ server/routes.ts:16262 | POST /api/site-requirements => See /api requireAuth, public/optional estimator exceptions, and local guards | GET /api/site-requirements => site_dprs.approve via direct matrix read @ server/routes.ts:23307 | GET /api/site-requirements/:id => site_dprs.approve via direct matrix read @ server/routes.ts:23333 | PUT /api/site-requirements/:id => row.submittedBy !== req.authUser.id","client/src/App.tsx:296 gatedEither site_dprs OR stores_inventory OR plant_equipment OR labour_management actions=view","view; create; edit; delete; export; approve; notify","view_reports","Action candidates are the union of page keys, not proof every subfunction implements each action. Bind each operational checkbox to its endpoint/control; preserve privileged, site and lifecycle checks. See Findings C and operation ledger.",""
"Site Operations","Site Requirements Queue / Site Requirements Queue / Site Requirements Queue","Site Requirements Queue / Site Requirements Queue / Site Requirements Queue","/site/requirements","client/src/pages/SiteRequirementsList.tsx","client/src/App.tsx:296","POST /api/site-requirements | GET /api/site-requirements | PATCH /api/site-requirements/:id/status | PATCH /api/site-requirements/:id/allocation | PATCH /api/site-requirements/:id/item-status | GET /api/site-requirements/:id/execution-summary | POST /api/site-requirements/:id/outcome | POST /api/site-requirements/:id/revision-request | PATCH /api/site-requirements/:id/revision-approve | PATCH /api/site-requirements/:id/revision-reject","site_dprs; plant_equipment; stores_inventory; labour_management","{gatedEither(SiteRequirementsList, ""site_dprs"", ""stores_inventory"", ""plant_equipment"", ""labour_management"")} | plant_equipment.view via sectionVisible @ client/src/pages/SiteRequirementsList.tsx:1415 | plant_equipment.view via sectionVisible @ client/src/pages/SiteRequirementsList.tsx:1417 | stores_inventory.view via sectionVisible @ client/src/pages/SiteRequirementsList.tsx:1414 | stores_inventory.view via sectionVisible @ client/src/pages/SiteRequirementsList.tsx:1417 | labour_management.view via sectionVisible @ client/src/pages/SiteRequirementsList.tsx:1416 | site_dprs.approve via canApprove @ client/src/pages/SiteRequirementsList.tsx:1549","POST /api/site-requirements => See /api requireAuth, public/optional estimator exceptions, and local guards | GET /api/site-requirements => site_dprs.approve via direct matrix read @ server/routes.ts:23307 | PATCH /api/site-requirements/:id/status => site_dprs.approve via assertApprove @ server/routes.ts:23349 | PATCH /api/site-requirements/:id/allocation => See /api requireAuth, public/optional estimator exceptions, and local guards | PATCH /api/site-requirements/:id/item-status => plant_equipment.create via direct matrix read @ server/routes.ts:23401; stores_inventory.create via direct matrix read @ server/routes.ts:23400; labour_management.create via direct matrix read @ server/routes.ts:23402 | GET /api/site-requirements/:id/execution-summary => See /api requireAuth, public/optional estimator exceptions, and local guards | POST /api/site-requirements/:id/outcome => See /api requireAuth, public/optional estimator exceptions, and local guards | POST /api/site-requirements/:id/revision-request => row.submittedBy !== req.authUser.id | PATCH /api/site-requirements/:id/revision-approve => site_dprs.approve via assertApprove @ server/routes.ts:23713 | PATCH /api/site-requirements/:id/revision-reject => site_dprs.approve via assertApprove @ server/routes.ts:23736","client/src/App.tsx:237 gatedEither equipment_hub OR equipment_performance_report OR plant_equipment actions=view | client/src/App.tsx:250 gatedEither stores_hub OR stores_inventory actions=view | client/src/App.tsx:277 gatedEither equipment_performance_report OR plant_equipment actions=view | client/src/App.tsx:278 gatedEither equipment_hub OR plant_equipment OR equipment_performance_report actions=view | client/src/App.tsx:296 gatedEither site_dprs OR stores_inventory OR plant_equipment OR labour_management actions=view | client/src/App.tsx:308 gatedEither plant_generator_logs OR plant_equipment actions=view | client/src/App.tsx:309 gatedEither plant_maintenance OR plant_equipment actions=view | client/src/App.tsx:384 gatedEither diesel_req_view OR site_diesel OR stores_inventory actions=view | server/routes.ts:5524 assertViewEither equipment_performance_report OR plant_equipment actions=view | server/routes.ts:1441 assertDieselOrStoresView site_diesel OR stores_inventory OR diesel_req_raise actions=view/create/edit | server/routes.ts:1469 assertDieselOrStoresView site_diesel OR stores_inventory OR diesel_req_raise actions=view/create/edit | server/routes.ts:10826 assertDieselOrStoresView site_diesel OR stores_inventory OR diesel_req_raise actions=view/create/edit | server/routes.ts:10842 assertDieselOrStoresView site_diesel OR stores_inventory OR diesel_req_raise actions=view/create/edit | server/routes.ts:10859 assertDieselOrStoresView site_diesel OR stores_inventory OR diesel_req_raise actions=view/create/edit | server/routes.ts:10880 assertDieselOrStoresView site_diesel OR stores_inventory OR diesel_req_raise actions=view/create/edit | server/routes.ts:10911 assertDieselOrStoresView site_diesel OR stores_inventory OR diesel_req_raise actions=view/create/edit | server/routes.ts:10929 assertDieselOrStoresView site_diesel OR stores_inventory OR diesel_req_raise actions=view/create/edit | server/routes.ts:11010 assertDieselOrStoresView site_diesel OR stores_inventory OR diesel_req_raise actions=view/create/edit","view; create; edit; delete; export; approve; notify","view_reports","Action candidates are the union of page keys, not proof every subfunction implements each action. Bind each operational checkbox to its endpoint/control; preserve privileged, site and lifecycle checks. See Findings C and operation ledger.",""
"Site Operations","MyPlans","MyPlans (component name; use nested control ledger for exact displayed labels)","/my-plans","client/src/pages/MyPlans.tsx","client/src/App.tsx:297","POST /api/site-requirements | GET /api/site-requirements","site_dprs","{gated(MyPlans, ""site_dprs"")}","POST /api/site-requirements => See /api requireAuth, public/optional estimator exceptions, and local guards | GET /api/site-requirements => site_dprs.approve via direct matrix read @ server/routes.ts:23307","client/src/App.tsx:296 gatedEither site_dprs OR stores_inventory OR plant_equipment OR labour_management actions=view","view; create; edit; delete; export; approve; notify","view_reports","Action candidates are the union of page keys, not proof every subfunction implements each action. Bind each operational checkbox to its endpoint/control; preserve privileged, site and lifecycle checks. See Findings C and operation ledger.",""
"HMP","PlantHome","PlantHome (component name; use nested control ledger for exact displayed labels)","/plant","client/src/pages/PlantHome.tsx","client/src/App.tsx:300","","hmp_hub","{gated(PlantHome, ""hmp_hub"")} | plant_equipment.view via sectionVisible @ client/src/pages/PlantHome.tsx:14 | plant_materials.view via sectionVisible @ client/src/pages/PlantHome.tsx:11 | plant_production.view via sectionVisible @ client/src/pages/PlantHome.tsx:13 | plant_daily_reports.view via sectionVisible @ client/src/pages/PlantHome.tsx:16 | plant_stock.view via sectionVisible @ client/src/pages/PlantHome.tsx:12 | plant_shift_logs.view via sectionVisible @ client/src/pages/PlantHome.tsx:15 | plant_heating.view via sectionVisible @ client/src/pages/PlantHome.tsx:17 | vendor_bills_view.view via sectionVisible @ client/src/pages/PlantHome.tsx:19 | vendor_bills.view via sectionVisible @ client/src/pages/PlantHome.tsx:18 | vendor_bills_raise.view via sectionVisible @ client/src/pages/PlantHome.tsx:20 | vendor_bills_verify.view via sectionVisible @ client/src/pages/PlantHome.tsx:21 | vendor_bills_approve.view via sectionVisible @ client/src/pages/PlantHome.tsx:22","","","view","create; edit; delete; view_reports; export; approve; notify","Action candidates are the union of page keys, not proof every subfunction implements each action. Bind each operational checkbox to its endpoint/control; preserve privileged, site and lifecycle checks. See Findings C and operation ledger.",""
"HMP","Plant","Plant (component name; use nested control ledger for exact displayed labels)","/plant/dashboard","client/src/pages/Plant.tsx","client/src/App.tsx:301","GET /api/sites | POST /api/sites | PATCH /api/sites/:id | DELETE /api/sites/:id | GET /api/personnel | POST /api/personnel | PATCH /api/personnel/:id | PATCH /api/personnel/:id/toggle-active | DELETE /api/personnel/:id | GET /api/plant-module/parties | POST /api/plant-module/parties | PATCH /api/plant-module/parties/:id | DELETE /api/plant-module/parties/:id | GET /api/plant-module/materials | POST /api/plant-module/materials | PATCH /api/plant-module/materials/:id | DELETE /api/plant-module/materials/:id | GET /api/plant-materials/:id/uom-conversions | POST /api/plant-materials/:id/uom-conversions | PATCH /api/plant-materials/:id/uom-conversions/:convId | GET /api/plant-module/mix-types | POST /api/plant-module/mix-types | GET /api/plant-module/mix-templates | GET /api/plant-module/mix-template-components | GET /api/plant-module/mix-templates/:id | POST /api/plant-module/mix-templates | PATCH /api/plant-module/mix-templates/:id | DELETE /api/plant-module/mix-templates/:id | GET /api/plant-module/equipment | POST /api/plant-module/equipment | PATCH /api/plant-module/equipment/:id | DELETE /api/plant-module/equipment/:id | PATCH /api/plant-module/equipment/:id/toggle-active | GET /api/plant-module/opening-stocks | GET /api/plant-module/opening-stocks/:id | POST /api/plant-module/opening-stocks | PUT /api/plant-module/opening-stocks/:id | DELETE /api/plant-module/opening-stocks/:id | GET /api/reports/equipment-performance | POST /api/reports/equipment-performance/logs/:id/confirm | GET /api/plant-module/stock-balances | POST /api/plant-module/stock-correction | GET /api/plant-module/stock-ledger | GET /api/plant-module/ldo-flow-readings | POST /api/plant-module/ldo-flow-readings | POST /api/admin/backfill-dispatch-notes | GET /api/plant-module/plant-settings | GET /api/plant-module/plant-settings/:plantName | PUT /api/plant-module/plant-settings/:plantName | DELETE /api/plant-module/plant-settings/:plantName | POST /api/plant-module/plant-settings/:plantName/rename | GET /api/maintenance/open-count | GET /api/rmc/today-summary | GET /api/rmc/cube-tests/stats | PATCH /api/rmc/cube-tests/:id | DELETE /api/rmc/cube-tests/:id","hmp_hub","{gated(Plant, ""hmp_hub"")} | plant_equipment.view via sectionVisible @ client/src/pages/Plant.tsx:163 | plant_equipment.view via sectionVisible @ client/src/pages/Plant.tsx:178 | plant_equipment.view via sectionVisible @ client/src/pages/Plant.tsx:401 | plant_equipment.view via sectionVisible @ client/src/pages/Plant.tsx:408 | plant_equipment.view via sectionVisible @ client/src/pages/Plant.tsx:425 | plant_equipment.view via sectionVisible @ client/src/pages/Plant.tsx:490 | plant_equipment.view via sectionVisible @ client/src/pages/Plant.tsx:544 | plant_equipment.view via sectionVisible @ client/src/pages/Plant.tsx:562 | site_procurement.view via sectionVisible @ client/src/pages/Plant.tsx:175 | site_procurement.view via sectionVisible @ client/src/pages/Plant.tsx:357 | site_procurement.view via sectionVisible @ client/src/pages/Plant.tsx:587 | sites_plants_manage.view via sectionVisible @ client/src/pages/Plant.tsx:2139 | admin_settings.view via sectionVisible @ client/src/pages/Plant.tsx:2139 | plant_materials.view via sectionVisible @ client/src/pages/Plant.tsx:737 | plant_production.view via sectionVisible @ client/src/pages/Plant.tsx:172 | plant_production.view via sectionVisible @ client/src/pages/Plant.tsx:306 | plant_production.view via sectionVisible @ client/src/pages/Plant.tsx:499 | plant_production.view via sectionVisible @ client/src/pages/Plant.tsx:519 | plant_production.view via sectionVisible @ client/src/pages/Plant.tsx:526 | plant_production.view via sectionVisible @ client/src/pages/Plant.tsx:658 | plant_production.view via sectionVisible @ client/src/pages/Plant.tsx:704 | plant_production.view via sectionVisible @ client/src/pages/Plant.tsx:720 | plant_production.view via sectionVisible @ client/src/pages/Plant.tsx:754 | plant_production.view via sectionVisible @ client/src/pages/Plant.tsx:778 | plant_daily_reports.view via sectionVisible @ client/src/pages/Plant.tsx:180 | plant_daily_reports.view via sectionVisible @ client/src/pages/Plant.tsx:813 | plant_daily_reports.view via sectionVisible @ client/src/pages/Plant.tsx:829 | plant_daily_reports.view via sectionVisible @ client/src/pages/Plant.tsx:861 | plant_stock.view via sectionVisible @ client/src/pages/Plant.tsx:182 | plant_stock.view via sectionVisible @ client/src/pages/Plant.tsx:1006 | plant_variance.view via sectionVisible @ client/src/pages/Plant.tsx:183 | plant_variance.view via sectionVisible @ client/src/pages/Plant.tsx:1023 | plant_audit.view via sectionVisible @ client/src/pages/Plant.tsx:184 | plant_audit.view via sectionVisible @ client/src/pages/Plant.tsx:1040 | plant_diesel_proc.view via sectionVisible @ client/src/pages/Plant.tsx:185 | plant_diesel_proc.view via sectionVisible @ client/src/pages/Plant.tsx:1057 | plant_bitumen.view via sectionVisible @ client/src/pages/Plant.tsx:186 | plant_bitumen.view via sectionVisible @ client/src/pages/Plant.tsx:1074 | plant_ldo.view via sectionVisible @ client/src/pages/Plant.tsx:187 | plant_ldo.view via sectionVisible @ client/src/pages/Plant.tsx:1091 | plant_shift_logs.view via sectionVisible @ client/src/pages/Plant.tsx:173 | plant_shift_logs.view via sectionVisible @ client/src/pages/Plant.tsx:323 | plant_shift_logs.view via sectionVisible @ client/src/pages/Plant.tsx:605 | plant_heating.view via sectionVisible @ client/src/pages/Plant.tsx:174 | plant_heating.view via sectionVisible @ client/src/pages/Plant.tsx:181 | plant_heating.view via sectionVisible @ client/src/pages/Plant.tsx:340 | plant_heating.view via sectionVisible @ client/src/pages/Plant.tsx:623 | plant_heating.view via sectionVisible @ client/src/pages/Plant.tsx:845 | purchase_indents_view.view via sectionVisible @ client/src/pages/Plant.tsx:175 | purchase_indents_view.view via sectionVisible @ client/src/pages/Plant.tsx:357 | purchase_indents_view.view via sectionVisible @ client/src/pages/Plant.tsx:587 | purchase_indents_raise.view via sectionVisible @ client/src/pages/Plant.tsx:175 | purchase_indents_raise.view via sectionVisible @ client/src/pages/Plant.tsx:357 | purchase_indents_raise.view via sectionVisible @ client/src/pages/Plant.tsx:587 | diesel_req_view.view via sectionVisible @ client/src/pages/Plant.tsx:176 | diesel_req_view.view via sectionVisible @ client/src/pages/Plant.tsx:178 | diesel_req_view.view via sectionVisible @ client/src/pages/Plant.tsx:374 | diesel_req_view.view via sectionVisible @ client/src/pages/Plant.tsx:449 | diesel_req_view.view via sectionVisible @ client/src/pages/Plant.tsx:641 | site_diesel.view via sectionVisible @ client/src/pages/Plant.tsx:176 | site_diesel.view via sectionVisible @ client/src/pages/Plant.tsx:178 | site_diesel.view via sectionVisible @ client/src/pages/Plant.tsx:374 | site_diesel.view via sectionVisible @ client/src/pages/Plant.tsx:449 | site_diesel.view via sectionVisible @ client/src/pages/Plant.tsx:641 | diesel_req_raise.view via sectionVisible @ client/src/pages/Plant.tsx:176 | diesel_req_raise.view via sectionVisible @ client/src/pages/Plant.tsx:178 | diesel_req_raise.view via sectionVisible @ client/src/pages/Plant.tsx:374 | diesel_req_raise.view via sectionVisible @ client/src/pages/Plant.tsx:449 | diesel_req_raise.view via sectionVisible @ client/src/pages/Plant.tsx:641 | vendor_bills_view.view via sectionVisible @ client/src/pages/Plant.tsx:189 | vendor_bills_view.view via sectionVisible @ client/src/pages/Plant.tsx:1268 | vendor_bills.view via sectionVisible @ client/src/pages/Plant.tsx:188 | vendor_bills.view via sectionVisible @ client/src/pages/Plant.tsx:1268 | master_parties.view via sectionVisible @ client/src/pages/Plant.tsx:194 | master_parties.view via sectionVisible @ client/src/pages/Plant.tsx:2138 | master_parties.view via sectionVisible @ client/src/pages/Plant.tsx:2139 | master_materials.view via sectionVisible @ client/src/pages/Plant.tsx:195 | master_materials.view via sectionVisible @ client/src/pages/Plant.tsx:2140 | master_materials.view via sectionVisible @ client/src/pages/Plant.tsx:2141 | master_equipment.view via sectionVisible @ client/src/pages/Plant.tsx:196 | master_equipment.view via sectionVisible @ client/src/pages/Plant.tsx:2142 | master_personnel.view via sectionVisible @ client/src/pages/Plant.tsx:197 | master_personnel.view via sectionVisible @ client/src/pages/Plant.tsx:2143 | admin_settings.edit via sectionCan @ client/src/pages/Plant.tsx:2151 | diesel_req_approve.view via sectionVisible @ client/src/pages/Plant.tsx:176 | diesel_req_approve.view via sectionVisible @ client/src/pages/Plant.tsx:178 | diesel_req_approve.view via sectionVisible @ client/src/pages/Plant.tsx:374 | diesel_req_approve.view via sectionVisible @ client/src/pages/Plant.tsx:449 | diesel_req_approve.view via sectionVisible @ client/src/pages/Plant.tsx:641 | purchase_indents_approve.view via sectionVisible @ client/src/pages/Plant.tsx:175 | purchase_indents_approve.view via sectionVisible @ client/src/pages/Plant.tsx:357 | purchase_indents_approve.view via sectionVisible @ client/src/pages/Plant.tsx:587 | vendor_bills_raise.view via sectionVisible @ client/src/pages/Plant.tsx:190 | vendor_bills_raise.view via sectionVisible @ client/src/pages/Plant.tsx:1268 | vendor_bills_verify.view via sectionVisible @ client/src/pages/Plant.tsx:191 | vendor_bills_verify.view via sectionVisible @ client/src/pages/Plant.tsx:1268 | vendor_bills_approve.view via sectionVisible @ client/src/pages/Plant.tsx:192 | vendor_bills_approve.view via sectionVisible @ client/src/pages/Plant.tsx:1268 | admin_settings.export via sectionCan @ client/src/pages/Plant.tsx:110 | master_parties.edit via sectionCan @ client/src/pages/Plant.tsx:2151 | master_parties.edit via sectionCan @ client/src/pages/Plant.tsx:2449 | sites_plants_manage.edit via sectionCan @ client/src/pages/Plant.tsx:2151 | master_parties.create via sectionCan @ client/src/pages/Plant.tsx:2152 | master_parties.create via sectionCan @ client/src/pages/Plant.tsx:2450 | sites_plants_manage.create via sectionCan @ client/src/pages/Plant.tsx:2152 | admin_settings.create via sectionCan @ client/src/pages/Plant.tsx:2152 | master_parties.export via sectionCan @ client/src/pages/Plant.tsx:2452 | master_materials.edit via sectionCan @ client/src/pages/Plant.tsx:2646 | master_materials.edit via sectionCan @ client/src/pages/Plant.tsx:3375 | master_materials.create via sectionCan @ client/src/pages/Plant.tsx:2647 | master_materials.create via sectionCan @ client/src/pages/Plant.tsx:3376 | master_materials.export via sectionCan @ client/src/pages/Plant.tsx:2649 | master_materials.export via sectionCan @ client/src/pages/Plant.tsx:3378 | master_equipment.edit via sectionCan @ client/src/pages/Plant.tsx:4285 | master_equipment.create via sectionCan @ client/src/pages/Plant.tsx:4286 | master_equipment.export via sectionCan @ client/src/pages/Plant.tsx:4288 | master_personnel.edit via sectionCan @ client/src/pages/Plant.tsx:4814 | master_personnel.create via sectionCan @ client/src/pages/Plant.tsx:4815","GET /api/sites => req.authUser && !req.authUser.isAdmin | POST /api/sites => sites_plants_manage.create via assertCreateEither @ server/routes.ts:1221; admin_settings.create via assertCreateEither @ server/routes.ts:1221 | PATCH /api/sites/:id => admin_settings.edit via assertEditEither @ server/routes.ts:1235; sites_plants_manage.edit via assertEditEither @ server/routes.ts:1235 | DELETE /api/sites/:id => assertAdmin(req, res) | GET /api/personnel => See /api requireAuth, public/optional estimator exceptions, and local guards | POST /api/personnel => master_personnel.create via direct matrix read @ server/routes.ts:1594; site_dprs.create via direct matrix read @ server/routes.ts:1595 | PATCH /api/personnel/:id => master_personnel.edit via assertEdit @ server/routes.ts:1623 | PATCH /api/personnel/:id/toggle-active => master_personnel.edit via assertEdit @ server/routes.ts:1636 | DELETE /api/personnel/:id => assertAdmin(req, res) | GET /api/plant-module/parties => See /api requireAuth, public/optional estimator exceptions, and local guards | POST /api/plant-module/parties => master_parties.create via assertCreate @ server/routes.ts:3976 | PATCH /api/plant-module/parties/:id => master_parties.edit via assertEdit @ server/routes.ts:3986 | DELETE /api/plant-module/parties/:id => assertAdmin(req, res) | GET /api/plant-module/materials => See /api requireAuth, public/optional estimator exceptions, and local guards | POST /api/plant-module/materials => master_materials.create via assertCreate @ server/routes.ts:4018 | PATCH /api/plant-module/materials/:id => master_materials.edit via assertEdit @ server/routes.ts:4028 | DELETE /api/plant-module/materials/:id => assertAdmin(req, res) | GET /api/plant-materials/:id/uom-conversions => See /api requireAuth, public/optional estimator exceptions, and local guards | POST /api/plant-materials/:id/uom-conversions => master_materials.edit via assertEdit @ server/routes.ts:4063 | PATCH /api/plant-materials/:id/uom-conversions/:convId => master_materials.edit via assertEdit @ server/routes.ts:4092 | GET /api/plant-module/mix-types => See /api requireAuth, public/optional estimator exceptions, and local guards | POST /api/plant-module/mix-types => master_materials.create via assertCreate @ server/routes.ts:4126 | GET /api/plant-module/mix-templates => See /api requireAuth, public/optional estimator exceptions, and local guards | GET /api/plant-module/mix-template-components => See /api requireAuth, public/optional estimator exceptions, and local guards | GET /api/plant-module/mix-templates/:id => See /api requireAuth, public/optional estimator exceptions, and local guards | POST /api/plant-module/mix-templates => master_materials.create via assertCreate @ server/routes.ts:4204 | PATCH /api/plant-module/mix-templates/:id => master_materials.edit via assertEdit @ server/routes.ts:4217 | DELETE /api/plant-module/mix-templates/:id => assertAdmin(req, res) | GET /api/plant-module/equipment => See /api requireAuth, public/optional estimator exceptions, and local guards | POST /api/plant-module/equipment => master_equipment.create via assertCreate @ server/routes.ts:4509 | PATCH /api/plant-module/equipment/:id => master_equipment.edit via assertEdit @ server/routes.ts:4519 | DELETE /api/plant-module/equipment/:id => assertAdmin(req, res) | PATCH /api/plant-module/equipment/:id/toggle-active => master_equipment.edit via assertEdit @ server/routes.ts:4546 | GET /api/plant-module/opening-stocks => See /api requireAuth, public/optional estimator exceptions, and local guards | GET /api/plant-module/opening-stocks/:id => See /api requireAuth, public/optional estimator exceptions, and local guards | POST /api/plant-module/opening-stocks => plant_stock.create via assertCreate @ server/routes.ts:5234; plant_stock.notify via sendPushToSection @ server/routes.ts:5237 | PUT /api/plant-module/opening-stocks/:id => plant_stock.edit via assertEdit @ server/routes.ts:5249; plant_stock.notify via sendPushToSection @ server/routes.ts:5253 | DELETE /api/plant-module/opening-stocks/:id => plant_stock.notify via sendPushToSection @ server/routes.ts:5269 | GET /api/reports/equipment-performance => equipment_performance_report.view via assertViewEither @ server/routes.ts:5524; plant_equipment.view via assertViewEither @ server/routes.ts:5524 | POST /api/reports/equipment-performance/logs/:id/confirm => assertAdmin(req, res) / assertTripSiteAccess(req, res, context.site) | GET /api/plant-module/stock-balances => See /api requireAuth, public/optional estimator exceptions, and local guards | POST /api/plant-module/stock-correction => assertAdmin(req, res) / assertValidDieselPhysicalStock(correctionMaterial.name, numericPhysicalQty) | GET /api/plant-module/stock-ledger => See /api requireAuth, public/optional estimator exceptions, and local guards | GET /api/plant-module/ldo-flow-readings => plant_ldo.view via assertView @ server/routes.ts:7212 | POST /api/plant-module/ldo-flow-readings => plant_ldo.create via assertCreate @ server/routes.ts:7236; plant_ldo.notify via sendPushToSection @ server/routes.ts:7239 | POST /api/admin/backfill-dispatch-notes => assertAdmin(req, res) | GET /api/plant-module/plant-settings => See /api requireAuth, public/optional estimator exceptions, and local guards | GET /api/plant-module/plant-settings/:plantName => See /api requireAuth, public/optional estimator exceptions, and local guards | PUT /api/plant-module/plant-settings/:plantName => assertAdmin(req, res) | DELETE /api/plant-module/plant-settings/:plantName => assertAdmin(req, res) | POST /api/plant-module/plant-settings/:plantName/rename => assertAdmin(req, res) | GET /api/maintenance/open-count => plant_equipment.view via assertView @ server/routes.ts:14040 | GET /api/rmc/today-summary => plant_production.view via assertView @ server/routes.ts:14116 | GET /api/rmc/cube-tests/stats => plant_production.view via assertView @ server/routes.ts:14315 | PATCH /api/rmc/cube-tests/:id => plant_production.edit via assertEdit @ server/routes.ts:14360 | DELETE /api/rmc/cube-tests/:id => assertAdmin(req, res)","","view","create; edit; delete; view_reports; export; approve; notify","Action candidates are the union of page keys, not proof every subfunction implements each action. Bind each operational checkbox to its endpoint/control; preserve privileged, site and lifecycle checks. See Findings C and operation ledger.",""
"HMP","PlantNew","PlantNew (component name; use nested control ledger for exact displayed labels)","/plant/new","client/src/pages/PlantNew.tsx","client/src/App.tsx:302","GET /api/plant | POST /api/plant","admin_settings; site_management; sites_plants_manage","{gatedEither(PlantNew, ""site_management"", ""sites_plants_manage"", ""admin_settings"")}","GET /api/plant => See /api requireAuth, public/optional estimator exceptions, and local guards | POST /api/plant => sites_plants_manage.create via assertCreateEither @ server/routes.ts:3872; admin_settings.create via assertCreateEither @ server/routes.ts:3872; plant_daily_reports.notify via sendPushToSection @ server/routes.ts:3875","client/src/App.tsx:302 gatedEither site_management OR sites_plants_manage OR admin_settings actions=view | client/src/App.tsx:324 gatedEither admin_ldo_tools OR admin_settings actions=view | client/src/App.tsx:325 gatedEither admin_ldo_tools OR admin_settings actions=view | client/src/App.tsx:349 gatedEither rate_cards OR vendor_masters_manage OR admin_settings actions=view | client/src/App.tsx:351 gatedEither data_sync OR admin_settings actions=view | client/src/App.tsx:352 gatedEither site_management OR sites_plants_manage OR admin_settings actions=view | client/src/App.tsx:387 gatedEither site_management OR admin_settings actions=view | client/src/App.tsx:393 gatedEither report_management OR reports OR admin_settings actions=view | client/src/App.tsx:394 gatedEither concrete_calculator OR concrete_estimates_manage OR reports OR admin_settings actions=view | client/src/App.tsx:398 gatedEither master_parties OR master_materials OR master_equipment OR master_personnel OR sites_plants_manage OR admin_settings actions=view | client/src/pages/ManagementReport.tsx:382 ReportExportGate report_management OR reports OR admin_settings actions=export | server/routes.ts:1221 assertCreateEither sites_plants_manage OR admin_settings actions=create | server/routes.ts:1235 assertEditEither sites_plants_manage OR admin_settings actions=edit | server/routes.ts:1259 assertCreateEither sites_plants_manage OR admin_settings actions=create | server/routes.ts:1821 assertCreateEither admin_notifications_manage OR admin_settings actions=create | server/routes.ts:3872 assertCreateEither sites_plants_manage OR admin_settings actions=create | server/routes.ts:3919 assertEditEither sites_plants_manage OR admin_settings actions=edit | server/routes.ts:11690 assertCreateEither vendor_masters_manage OR admin_settings actions=create | server/routes.ts:12560 assertCreateEither vendor_masters_manage OR admin_settings actions=create | server/routes.ts:12572 assertCreateEither vendor_masters_manage OR admin_settings actions=create | server/routes.ts:12596 assertCreateEither vendor_masters_manage OR admin_settings actions=create | server/routes.ts:13004 assertCreateEither concrete_estimates_manage OR admin_settings actions=create | server/routes.ts:13018 assertEditEither concrete_estimates_manage OR admin_settings actions=edit | server/routes.ts:13078 assertCreateEither concrete_estimates_manage OR admin_settings actions=create | server/routes.ts:13092 assertEditEither concrete_estimates_manage OR admin_settings actions=edit | server/management-report.ts:138 assertViewReportOrAdmin report_management OR reports OR admin_settings actions=view | server/management-report.ts:271 assertViewReportOrAdmin report_management OR reports OR admin_settings actions=view | server/management-report.ts:343 assertViewReportOrAdmin report_management OR reports OR admin_settings actions=view | server/management-report.ts:453 assertViewReportOrAdmin report_management OR reports OR admin_settings actions=view | server/management-report.ts:498 assertViewReportOrAdmin report_management OR reports OR admin_settings actions=view","view; create; edit; export","delete; view_reports; approve; notify","Action candidates are the union of page keys, not proof every subfunction implements each action. Bind each operational checkbox to its endpoint/control; preserve privileged, site and lifecycle checks. See Findings C and operation ledger.",""
"HMP","Material Receipts","Material Receipts","/plant/material-receipts","client/src/pages/PlantMaterialReceipts.tsx","client/src/App.tsx:303","GET /api/attachments | POST /api/attachments | GET /api/plant-module/parties | POST /api/plant-module/parties | GET /api/plant-module/materials | POST /api/plant-module/materials | GET /api/plant-module/material-receipts | POST /api/plant-module/material-receipts | PUT /api/plant-module/material-receipts/:id | POST /api/plant-module/material-receipts/:id/final-submit | DELETE /api/plant-module/material-receipts/:id | GET /api/plant-module/next-receipt-number | GET /api/plant-module/stock-balances | GET /api/plant-module/stock-ledger | GET /api/purchase-indents | GET /api/purchase-indents/for-material | GET /api/purchase-indents/:id | POST /api/purchase-indents | GET /api/purchase-indents/pending-for-material/:materialId | PATCH /api/purchase-indents/items/:itemId/link-receipt | PUT /api/purchase-indents/:id | DELETE /api/purchase-indents/:id | GET /api/diesel-requirements | GET /api/diesel-requirements/receipt-status | GET /api/diesel-requirements/:id | POST /api/diesel-requirements | PUT /api/diesel-requirements/:id | DELETE /api/diesel-requirements/:id","plant_materials","{gated(PlantMaterialReceipts, ""plant_materials"")} | plant_materials.delete via sectionCan @ client/src/pages/PlantMaterialReceipts.tsx:1906 | plant_materials.delete via sectionCan @ client/src/pages/PlantMaterialReceipts.tsx:1915 | site_diesel.edit via sectionCan @ client/src/pages/PlantMaterialReceipts.tsx:419 | diesel_req_raise.edit via sectionCan @ client/src/pages/PlantMaterialReceipts.tsx:419 | plant_stock.create via sectionCan @ client/src/pages/PlantMaterialReceipts.tsx:55 | plant_stock.edit via sectionCan @ client/src/pages/PlantMaterialReceipts.tsx:56 | plant_materials.export via sectionCan @ client/src/pages/PlantMaterialReceipts.tsx:58 | plant_materials.edit via sectionCan @ client/src/pages/PlantMaterialReceipts.tsx:57 | plant_materials.edit via EditPermissionButton mapped record type @ client/src/pages/PlantMaterialReceipts.tsx:1898","GET /api/attachments => stores_inventory.view via assertDieselOrStoresView -> server/routes.ts:232 @ server/routes.ts:1441; site_diesel.view via assertDieselOrStoresView -> server/routes.ts:232 @ server/routes.ts:1441; diesel_req_raise.view via assertDieselOrStoresView -> server/routes.ts:232 @ server/routes.ts:1441; site_diesel.edit via assertDieselOrStoresView -> server/routes.ts:232 @ server/routes.ts:1441; diesel_req_raise.edit via assertDieselOrStoresView -> server/routes.ts:232 @ server/routes.ts:1441; site_diesel.create via assertDieselOrStoresView -> server/routes.ts:232 @ server/routes.ts:1441; diesel_req_raise.create via assertDieselOrStoresView -> server/routes.ts:232 @ server/routes.ts:1441 | POST /api/attachments => site_diesel.edit via assertEditEither @ server/routes.ts:1492; diesel_req_raise.edit via assertEditEither @ server/routes.ts:1492; plant_equipment.create via assertCreateOrEdit @ server/routes.ts:1494; plant_equipment.edit via assertCreateOrEdit @ server/routes.ts:1494 | GET /api/plant-module/parties => See /api requireAuth, public/optional estimator exceptions, and local guards | POST /api/plant-module/parties => master_parties.create via assertCreate @ server/routes.ts:3976 | GET /api/plant-module/materials => See /api requireAuth, public/optional estimator exceptions, and local guards | POST /api/plant-module/materials => master_materials.create via assertCreate @ server/routes.ts:4018 | GET /api/plant-module/material-receipts => See /api requireAuth, public/optional estimator exceptions, and local guards | POST /api/plant-module/material-receipts => plant_materials.create via assertCreate @ server/routes.ts:4713; plant_materials.notify via sendPushToSection @ server/routes.ts:4781; site_diesel.notify via sendPushToSection @ server/routes.ts:4794 | PUT /api/plant-module/material-receipts/:id => plant_materials.edit via direct matrix read @ server/routes.ts:4822; plant_materials.edit via assertEdit @ server/routes.ts:4851; plant_materials.notify via sendPushToSection @ server/routes.ts:4910 | POST /api/plant-module/material-receipts/:id/final-submit => plant_materials.edit via assertEdit @ server/routes.ts:4927 | DELETE /api/plant-module/material-receipts/:id => plant_materials.notify via sendPushToSection @ server/routes.ts:4978 | GET /api/plant-module/next-receipt-number => See /api requireAuth, public/optional estimator exceptions, and local guards | GET /api/plant-module/stock-balances => See /api requireAuth, public/optional estimator exceptions, and local guards | GET /api/plant-module/stock-ledger => See /api requireAuth, public/optional estimator exceptions, and local guards | GET /api/purchase-indents => site_procurement.view via assertPiRaiserRead -> server/routes.ts:9056 @ server/routes.ts:9072; purchase_indents_view.view via assertPiRaiserRead -> server/routes.ts:9056 @ server/routes.ts:9072; purchase_indents_raise.view via assertPiRaiserRead -> server/routes.ts:9056 @ server/routes.ts:9072; site_procurement.create via assertPiRaiserRead -> server/routes.ts:9056 @ server/routes.ts:9072; purchase_indents_raise.create via assertPiRaiserRead -> server/routes.ts:9056 @ server/routes.ts:9072; site_procurement.edit via assertPiRaiserRead -> server/routes.ts:9056 @ server/routes.ts:9072; purchase_indents_raise.edit via assertPiRaiserRead -> server/routes.ts:9056 @ server/routes.ts:9072 | GET /api/purchase-indents/for-material => See /api requireAuth, public/optional estimator exceptions, and local guards | GET /api/purchase-indents/:id => site_procurement.view via assertPiRaiserRead -> server/routes.ts:9056 @ server/routes.ts:9228; purchase_indents_view.view via assertPiRaiserRead -> server/routes.ts:9056 @ server/routes.ts:9228; purchase_indents_raise.view via assertPiRaiserRead -> server/routes.ts:9056 @ server/routes.ts:9228; site_procurement.create via assertPiRaiserRead -> server/routes.ts:9056 @ server/routes.ts:9228; purchase_indents_raise.create via assertPiRaiserRead -> server/routes.ts:9056 @ server/routes.ts:9228; site_procurement.edit via assertPiRaiserRead -> server/routes.ts:9056 @ server/routes.ts:9228; purchase_indents_raise.edit via assertPiRaiserRead -> server/routes.ts:9056 @ server/routes.ts:9228 | POST /api/purchase-indents => site_procurement.create via assertCreateEither @ server/routes.ts:9476; purchase_indents_raise.create via assertCreateEither @ server/routes.ts:9476; purchase_indents_view.notify via sendPushToSection @ server/routes.ts:9479 | GET /api/purchase-indents/pending-for-material/:materialId => assertAuthed(req, res) | PATCH /api/purchase-indents/items/:itemId/link-receipt => plant_stock.create via direct matrix read @ server/routes.ts:9667; site_procurement.create via direct matrix read @ server/routes.ts:9668; purchase_indents_raise.create via direct matrix read @ server/routes.ts:9669 | PUT /api/purchase-indents/:id => site_procurement.edit via assertEditEither @ server/routes.ts:10511; purchase_indents_raise.edit via assertEditEither @ server/routes.ts:10511 | DELETE /api/purchase-indents/:id => assertAdmin(req, res) | GET /api/diesel-requirements => stores_inventory.view via assertDieselOrStoresView -> server/routes.ts:232 @ server/routes.ts:10826; site_diesel.view via assertDieselOrStoresView -> server/routes.ts:232 @ server/routes.ts:10826; diesel_req_raise.view via assertDieselOrStoresView -> server/routes.ts:232 @ server/routes.ts:10826; site_diesel.edit via assertDieselOrStoresView -> server/routes.ts:232 @ server/routes.ts:10826; diesel_req_raise.edit via assertDieselOrStoresView -> server/routes.ts:232 @ server/routes.ts:10826; site_diesel.create via assertDieselOrStoresView -> server/routes.ts:232 @ server/routes.ts:10826; diesel_req_raise.create via assertDieselOrStoresView -> server/routes.ts:232 @ server/routes.ts:10826 | GET /api/diesel-requirements/receipt-status => stores_inventory.view via assertDieselOrStoresView -> server/routes.ts:232 @ server/routes.ts:10929; site_diesel.view via assertDieselOrStoresView -> server/routes.ts:232 @ server/routes.ts:10929; diesel_req_raise.view via assertDieselOrStoresView -> server/routes.ts:232 @ server/routes.ts:10929; site_diesel.edit via assertDieselOrStoresView -> server/routes.ts:232 @ server/routes.ts:10929; diesel_req_raise.edit via assertDieselOrStoresView -> server/routes.ts:232 @ server/routes.ts:10929; site_diesel.create via assertDieselOrStoresView -> server/routes.ts:232 @ server/routes.ts:10929; diesel_req_raise.create via assertDieselOrStoresView -> server/routes.ts:232 @ server/routes.ts:10929 | GET /api/diesel-requirements/:id => stores_inventory.view via assertDieselOrStoresView -> server/routes.ts:232 @ server/routes.ts:11010; site_diesel.view via assertDieselOrStoresView -> server/routes.ts:232 @ server/routes.ts:11010; diesel_req_raise.view via assertDieselOrStoresView -> server/routes.ts:232 @ server/routes.ts:11010; site_diesel.edit via assertDieselOrStoresView -> server/routes.ts:232 @ server/routes.ts:11010; diesel_req_raise.edit via assertDieselOrStoresView -> server/routes.ts:232 @ server/routes.ts:11010; site_diesel.create via assertDieselOrStoresView -> server/routes.ts:232 @ server/routes.ts:11010; diesel_req_raise.create via assertDieselOrStoresView -> server/routes.ts:232 @ server/routes.ts:11010 | POST /api/diesel-requirements => site_diesel.create via assertCreateEither @ server/routes.ts:11025; diesel_req_raise.create via assertCreateEither @ server/routes.ts:11025; diesel_req_approve.notify via sendPushToSection @ server/routes.ts:11028 | PUT /api/diesel-requirements/:id => site_diesel.edit via assertEditEither @ server/routes.ts:11228; diesel_req_raise.edit via assertEditEither @ server/routes.ts:11228 | DELETE /api/diesel-requirements/:id => assertAdmin(req, res)","client/src/App.tsx:313 gatedEither rmc_raw_materials OR rmc_operations OR plant_materials actions=view | client/src/App.tsx:317 gatedEither plant_stock OR plant_materials actions=view","view; create; edit; delete; export; notify","view_reports; approve","Action candidates are the union of page keys, not proof every subfunction implements each action. Bind each operational checkbox to its endpoint/control; preserve privileged, site and lifecycle checks. See Findings C and operation ledger.",""
"HMP","Material Issues","Material Issues","/plant/material-issues","client/src/pages/PlantMaterialIssues.tsx","client/src/App.tsx:304","GET /api/admin/ldo-received-by | POST /api/admin/ldo-received-by | GET /api/plant-module/parties | POST /api/plant-module/parties | GET /api/plant-module/materials | POST /api/plant-module/materials | GET /api/plant-module/material-issues | POST /api/plant-module/material-issues | PUT /api/plant-module/material-issues/:id | DELETE /api/plant-module/material-issues/:id","plant_materials","{gated(PlantMaterialIssues, ""plant_materials"")} | plant_stock.create via sectionCan @ client/src/pages/PlantMaterialIssues.tsx:38 | plant_stock.edit via sectionCan @ client/src/pages/PlantMaterialIssues.tsx:39 | plant_materials.export via sectionCan @ client/src/pages/PlantMaterialIssues.tsx:41","GET /api/admin/ldo-received-by => assertAuthed(req, res) | POST /api/admin/ldo-received-by => assertAdmin(req, res) | GET /api/plant-module/parties => See /api requireAuth, public/optional estimator exceptions, and local guards | POST /api/plant-module/parties => master_parties.create via assertCreate @ server/routes.ts:3976 | GET /api/plant-module/materials => See /api requireAuth, public/optional estimator exceptions, and local guards | POST /api/plant-module/materials => master_materials.create via assertCreate @ server/routes.ts:4018 | GET /api/plant-module/material-issues => See /api requireAuth, public/optional estimator exceptions, and local guards | POST /api/plant-module/material-issues => plant_materials.create via assertCreate @ server/routes.ts:5064; plant_materials.notify via sendPushToSection @ server/routes.ts:5074 | PUT /api/plant-module/material-issues/:id => plant_materials.edit via assertEdit @ server/routes.ts:5088; plant_materials.notify via sendPushToSection @ server/routes.ts:5092 | DELETE /api/plant-module/material-issues/:id => plant_materials.notify via sendPushToSection @ server/routes.ts:5108","client/src/App.tsx:313 gatedEither rmc_raw_materials OR rmc_operations OR plant_materials actions=view | client/src/App.tsx:317 gatedEither plant_stock OR plant_materials actions=view","view; create; edit; delete; export; notify","view_reports; approve","Action candidates are the union of page keys, not proof every subfunction implements each action. Bind each operational checkbox to its endpoint/control; preserve privileged, site and lifecycle checks. See Findings C and operation ledger.",""
"HMP","PlantMaterialReturns","PlantMaterialReturns (component name; use nested control ledger for exact displayed labels)","/plant/material-returns","client/src/pages/PlantMaterialReturns.tsx","client/src/App.tsx:305","GET /api/sites | POST /api/sites | GET /api/plant-module/parties | POST /api/plant-module/parties | GET /api/plant-module/materials | POST /api/plant-module/materials | GET /api/plant-module/material-issues | POST /api/plant-module/material-issues | GET /api/plant-module/material-returns | POST /api/plant-module/material-returns | PUT /api/plant-module/material-returns/:id | DELETE /api/plant-module/material-returns/:id","plant_materials","{gated(PlantMaterialReturns, ""plant_materials"")} | plant_stock.create via sectionCan @ client/src/pages/PlantMaterialReturns.tsx:28 | plant_stock.edit via sectionCan @ client/src/pages/PlantMaterialReturns.tsx:29 | plant_materials.export via sectionCan @ client/src/pages/PlantMaterialReturns.tsx:30","GET /api/sites => req.authUser && !req.authUser.isAdmin | POST /api/sites => sites_plants_manage.create via assertCreateEither @ server/routes.ts:1221; admin_settings.create via assertCreateEither @ server/routes.ts:1221 | GET /api/plant-module/parties => See /api requireAuth, public/optional estimator exceptions, and local guards | POST /api/plant-module/parties => master_parties.create via assertCreate @ server/routes.ts:3976 | GET /api/plant-module/materials => See /api requireAuth, public/optional estimator exceptions, and local guards | POST /api/plant-module/materials => master_materials.create via assertCreate @ server/routes.ts:4018 | GET /api/plant-module/material-issues => See /api requireAuth, public/optional estimator exceptions, and local guards | POST /api/plant-module/material-issues => plant_materials.create via assertCreate @ server/routes.ts:5064; plant_materials.notify via sendPushToSection @ server/routes.ts:5074 | GET /api/plant-module/material-returns => See /api requireAuth, public/optional estimator exceptions, and local guards | POST /api/plant-module/material-returns => plant_materials.create via assertCreate @ server/routes.ts:5142; plant_materials.notify via sendPushToSection @ server/routes.ts:5152 | PUT /api/plant-module/material-returns/:id => plant_materials.edit via assertEdit @ server/routes.ts:5171; plant_materials.notify via sendPushToSection @ server/routes.ts:5175 | DELETE /api/plant-module/material-returns/:id => plant_materials.notify via sendPushToSection @ server/routes.ts:5197","client/src/App.tsx:313 gatedEither rmc_raw_materials OR rmc_operations OR plant_materials actions=view | client/src/App.tsx:317 gatedEither plant_stock OR plant_materials actions=view","view; create; edit; delete; export; notify","view_reports; approve","Action candidates are the union of page keys, not proof every subfunction implements each action. Bind each operational checkbox to its endpoint/control; preserve privileged, site and lifecycle checks. See Findings C and operation ledger.",""
"HMP","Production & Dispatches / Dispatch Log","Production & Dispatches / Dispatch Log","/plant/dispatches","client/src/pages/PlantDispatches.tsx","client/src/App.tsx:306","GET /api/sites | POST /api/sites | GET /api/plant-module/parties | POST /api/plant-module/parties | GET /api/plant-module/mix-types | POST /api/plant-module/mix-types | GET /api/plant-module/mix-templates | POST /api/plant-module/mix-templates | GET /api/plant-module/equipment | POST /api/plant-module/equipment | GET /api/plant-module/dispatches | POST /api/plant-module/dispatches | PUT /api/plant-module/dispatches/:id | DELETE /api/plant-module/dispatches/:id | GET /api/plant-module/stock-balances | GET /api/plant-module/stock-ledger | GET /api/plant-module/bitumen-tank-balances | GET /api/plant-module/plant-settings","plant_production","{gated(PlantDispatches, ""plant_production"")} | plant_production.create via sectionCan @ client/src/pages/PlantDispatches.tsx:37 | plant_production.edit via sectionCan @ client/src/pages/PlantDispatches.tsx:38 | plant_production.edit via EditPermissionButton mapped record type @ client/src/pages/PlantDispatches.tsx:1533 | plant_production.export via sectionCan @ client/src/pages/PlantDispatches.tsx:39","GET /api/sites => req.authUser && !req.authUser.isAdmin | POST /api/sites => sites_plants_manage.create via assertCreateEither @ server/routes.ts:1221; admin_settings.create via assertCreateEither @ server/routes.ts:1221 | GET /api/plant-module/parties => See /api requireAuth, public/optional estimator exceptions, and local guards | POST /api/plant-module/parties => master_parties.create via assertCreate @ server/routes.ts:3976 | GET /api/plant-module/mix-types => See /api requireAuth, public/optional estimator exceptions, and local guards | POST /api/plant-module/mix-types => master_materials.create via assertCreate @ server/routes.ts:4126 | GET /api/plant-module/mix-templates => See /api requireAuth, public/optional estimator exceptions, and local guards | POST /api/plant-module/mix-templates => master_materials.create via assertCreate @ server/routes.ts:4204 | GET /api/plant-module/equipment => See /api requireAuth, public/optional estimator exceptions, and local guards | POST /api/plant-module/equipment => master_equipment.create via assertCreate @ server/routes.ts:4509 | GET /api/plant-module/dispatches => See /api requireAuth, public/optional estimator exceptions, and local guards | POST /api/plant-module/dispatches => plant_production.create via assertCreate @ server/routes.ts:5294; plant_production.notify via sendPushToSection @ server/routes.ts:5303 | PUT /api/plant-module/dispatches/:id => plant_production.edit via assertEdit @ server/routes.ts:5320; plant_production.notify via sendPushToSection @ server/routes.ts:5434 | DELETE /api/plant-module/dispatches/:id => plant_production.notify via sendPushToSection @ server/routes.ts:5451 | GET /api/plant-module/stock-balances => See /api requireAuth, public/optional estimator exceptions, and local guards | GET /api/plant-module/stock-ledger => See /api requireAuth, public/optional estimator exceptions, and local guards | GET /api/plant-module/bitumen-tank-balances => See /api requireAuth, public/optional estimator exceptions, and local guards | GET /api/plant-module/plant-settings => See /api requireAuth, public/optional estimator exceptions, and local guards","client/src/App.tsx:310 gatedEither rmc_operations OR rmc_batch_records OR plant_production actions=view | client/src/App.tsx:311 gatedEither rmc_mix_designs OR rmc_operations OR plant_production actions=view | client/src/App.tsx:312 gatedEither rmc_batch_records OR rmc_operations OR plant_production actions=view | client/src/App.tsx:314 gatedEither rmc_cube_tests OR rmc_operations OR plant_production actions=view | client/src/App.tsx:316 gatedEither rmc_delivery_challans OR rmc_operations OR plant_production actions=view | client/src/App.tsx:339 gatedEither plant_daily_reports OR plant_production actions=view | client/src/pages/PlantProjectReport.tsx:261 ReportExportGate plant_daily_reports OR plant_production actions=export | client/src/pages/RmcBatchRecords.tsx:42 ReportExportGate rmc_batch_records OR rmc_operations OR plant_production actions=export | client/src/pages/RmcBatchRecords.tsx:378 ReportExportGate rmc_batch_records OR rmc_operations OR plant_production actions=export | client/src/pages/RmcCubeTests.tsx:194 ReportExportGate rmc_cube_tests OR rmc_operations OR plant_production actions=export | client/src/pages/RmcDeliveryChallans.tsx:22 ReportExportGate rmc_delivery_challans OR rmc_operations OR plant_production actions=export | client/src/pages/RmcDeliveryChallans.tsx:189 ReportExportGate rmc_delivery_challans OR rmc_operations OR plant_production actions=export","view; create; edit; delete; export; notify","view_reports; approve","Action candidates are the union of page keys, not proof every subfunction implements each action. Bind each operational checkbox to its endpoint/control; preserve privileged, site and lifecycle checks. See Findings C and operation ledger.",""
"Equipment & Fleet","Equipment Usage Log","Equipment Usage Log","/plant/equipment-usage","client/src/pages/PlantEquipmentUsage.tsx","client/src/App.tsx:307","GET /api/sites | POST /api/sites | GET /api/attachments | POST /api/attachments | GET /api/plant-module/equipment | POST /api/plant-module/equipment | GET /api/plant-module/equipment-usage | GET /api/plant-module/equipment-usage/previous-balance/:equipmentId | GET /api/plant-module/equipment-usage/incoming | POST /api/plant-module/equipment-usage/:id/complete-incoming | POST /api/plant-module/equipment-usage | PUT /api/plant-module/equipment-usage/:id | DELETE /api/plant-module/equipment-usage/:id | GET /api/maintenance/logs | GET /api/maintenance/logs/:id | POST /api/maintenance/logs | PATCH /api/maintenance/logs/:id | DELETE /api/maintenance/logs/:id | POST /api/maintenance/logs/:id/cancel","plant_equipment","{gated(PlantEquipmentUsage, ""plant_equipment"")} | master_equipment.create via sectionCan @ client/src/pages/PlantEquipmentUsage.tsx:61 | plant_equipment.create via sectionCan @ client/src/pages/PlantEquipmentUsage.tsx:60 | plant_equipment.edit via sectionCan @ client/src/pages/PlantEquipmentUsage.tsx:62 | plant_equipment.edit via EditPermissionButton mapped record type @ client/src/pages/PlantEquipmentUsage.tsx:2156 | plant_equipment.export via sectionCan @ client/src/pages/PlantEquipmentUsage.tsx:64","GET /api/sites => req.authUser && !req.authUser.isAdmin | POST /api/sites => sites_plants_manage.create via assertCreateEither @ server/routes.ts:1221; admin_settings.create via assertCreateEither @ server/routes.ts:1221 | GET /api/attachments => stores_inventory.view via assertDieselOrStoresView -> server/routes.ts:232 @ server/routes.ts:1441; site_diesel.view via assertDieselOrStoresView -> server/routes.ts:232 @ server/routes.ts:1441; diesel_req_raise.view via assertDieselOrStoresView -> server/routes.ts:232 @ server/routes.ts:1441; site_diesel.edit via assertDieselOrStoresView -> server/routes.ts:232 @ server/routes.ts:1441; diesel_req_raise.edit via assertDieselOrStoresView -> server/routes.ts:232 @ server/routes.ts:1441; site_diesel.create via assertDieselOrStoresView -> server/routes.ts:232 @ server/routes.ts:1441; diesel_req_raise.create via assertDieselOrStoresView -> server/routes.ts:232 @ server/routes.ts:1441 | POST /api/attachments => site_diesel.edit via assertEditEither @ server/routes.ts:1492; diesel_req_raise.edit via assertEditEither @ server/routes.ts:1492; plant_equipment.create via assertCreateOrEdit @ server/routes.ts:1494; plant_equipment.edit via assertCreateOrEdit @ server/routes.ts:1494 | GET /api/plant-module/equipment => See /api requireAuth, public/optional estimator exceptions, and local guards | POST /api/plant-module/equipment => master_equipment.create via assertCreate @ server/routes.ts:4509 | GET /api/plant-module/equipment-usage => See /api requireAuth, public/optional estimator exceptions, and local guards | GET /api/plant-module/equipment-usage/previous-balance/:equipmentId => See /api requireAuth, public/optional estimator exceptions, and local guards | GET /api/plant-module/equipment-usage/incoming => plant_equipment.view via assertView @ server/routes.ts:5977 | POST /api/plant-module/equipment-usage/:id/complete-incoming => plant_equipment.edit via assertEdit @ server/routes.ts:5992 | POST /api/plant-module/equipment-usage => plant_equipment.create via assertCreate @ server/routes.ts:6030; plant_equipment.notify via sendPushToSection @ server/routes.ts:6035 | PUT /api/plant-module/equipment-usage/:id => plant_equipment.edit via assertEdit @ server/routes.ts:6055; plant_equipment.notify via sendPushToSection @ server/routes.ts:6065 | DELETE /api/plant-module/equipment-usage/:id => plant_equipment.notify via sendPushToSection @ server/routes.ts:6094 | GET /api/maintenance/logs => plant_equipment.view via assertView @ server/routes.ts:13817 | GET /api/maintenance/logs/:id => plant_equipment.view via assertView @ server/routes.ts:13849 | POST /api/maintenance/logs => plant_equipment.create via assertCreate @ server/routes.ts:13862 | PATCH /api/maintenance/logs/:id => plant_equipment.edit via assertEdit @ server/routes.ts:13877 | DELETE /api/maintenance/logs/:id => assertAdmin(req, res) / assertMaintenanceSourceAccess(req, res, before) | POST /api/maintenance/logs/:id/cancel => plant_equipment.delete via assertDeleteOrCancel @ server/routes.ts:13935","client/src/App.tsx:237 gatedEither equipment_hub OR equipment_performance_report OR plant_equipment actions=view | client/src/App.tsx:277 gatedEither equipment_performance_report OR plant_equipment actions=view | client/src/App.tsx:278 gatedEither equipment_hub OR plant_equipment OR equipment_performance_report actions=view | client/src/App.tsx:296 gatedEither site_dprs OR stores_inventory OR plant_equipment OR labour_management actions=view | client/src/App.tsx:308 gatedEither plant_generator_logs OR plant_equipment actions=view | client/src/App.tsx:309 gatedEither plant_maintenance OR plant_equipment actions=view | server/routes.ts:5524 assertViewEither equipment_performance_report OR plant_equipment actions=view","view; create; edit; delete; export; notify","view_reports; approve","Action candidates are the union of page keys, not proof every subfunction implements each action. Bind each operational checkbox to its endpoint/control; preserve privileged, site and lifecycle checks. See Findings C and operation ledger.",""
"Equipment & Fleet","Generator / DG Logs","Generator / DG Logs","/plant/generator-logs","client/src/pages/PlantGeneratorLogs.tsx","client/src/App.tsx:308","GET /api/plant-module/generator-logs | POST /api/plant-module/generator-logs","plant_equipment; plant_generator_logs","{gatedEither(PlantGeneratorLogs, ""plant_generator_logs"", ""plant_equipment"")} | plant_equipment.create via sectionCan @ client/src/pages/PlantGeneratorLogs.tsx:27 | plant_equipment.export via sectionCan @ client/src/pages/PlantGeneratorLogs.tsx:28","GET /api/plant-module/generator-logs => See /api requireAuth, public/optional estimator exceptions, and local guards | POST /api/plant-module/generator-logs => plant_equipment.create via assertCreate @ server/routes.ts:6149; plant_generator_logs.notify via sendPushToSection @ server/routes.ts:6151","client/src/App.tsx:237 gatedEither equipment_hub OR equipment_performance_report OR plant_equipment actions=view | client/src/App.tsx:277 gatedEither equipment_performance_report OR plant_equipment actions=view | client/src/App.tsx:278 gatedEither equipment_hub OR plant_equipment OR equipment_performance_report actions=view | client/src/App.tsx:296 gatedEither site_dprs OR stores_inventory OR plant_equipment OR labour_management actions=view | client/src/App.tsx:308 gatedEither plant_generator_logs OR plant_equipment actions=view | client/src/App.tsx:309 gatedEither plant_maintenance OR plant_equipment actions=view | server/routes.ts:5524 assertViewEither equipment_performance_report OR plant_equipment actions=view","view; create; edit; delete; export; notify","view_reports; approve","Action candidates are the union of page keys, not proof every subfunction implements each action. Bind each operational checkbox to its endpoint/control; preserve privileged, site and lifecycle checks. See Findings C and operation ledger.",""
"Equipment & Fleet","Maintenance & Breakdowns","Maintenance & Breakdowns","/plant/maintenance","client/src/pages/PlantMaintenance.tsx","client/src/App.tsx:309","GET /api/attachments | POST /api/attachments | GET /api/plant-module/equipment | POST /api/plant-module/equipment | GET /api/stores/items | POST /api/stores/items | GET /api/stores/stock-summary | GET /api/maintenance/logs | GET /api/maintenance/logs/:id | POST /api/maintenance/logs | PATCH /api/maintenance/logs/:id | DELETE /api/maintenance/logs/:id | POST /api/maintenance/logs/:id/parts | DELETE /api/maintenance/parts/:partId | GET /api/maintenance/health-summary | GET /api/maintenance/open-count","plant_equipment; plant_maintenance","{gatedEither(PlantMaintenance, ""plant_maintenance"", ""plant_equipment"")} | plant_equipment.view via sectionVisible @ client/src/pages/PlantMaintenance.tsx:966 | plant_equipment.delete via DeleteGate @ client/src/pages/PlantMaintenance.tsx:724 | plant_equipment.delete via DeleteGate @ client/src/pages/PlantMaintenance.tsx:749 | plant_equipment.create via sectionCan @ client/src/pages/PlantMaintenance.tsx:987 | plant_equipment.create via sectionCan @ client/src/pages/PlantMaintenance.tsx:1043 | plant_equipment.edit via sectionCan @ client/src/pages/PlantMaintenance.tsx:1055","GET /api/attachments => stores_inventory.view via assertDieselOrStoresView -> server/routes.ts:232 @ server/routes.ts:1441; site_diesel.view via assertDieselOrStoresView -> server/routes.ts:232 @ server/routes.ts:1441; diesel_req_raise.view via assertDieselOrStoresView -> server/routes.ts:232 @ server/routes.ts:1441; site_diesel.edit via assertDieselOrStoresView -> server/routes.ts:232 @ server/routes.ts:1441; diesel_req_raise.edit via assertDieselOrStoresView -> server/routes.ts:232 @ server/routes.ts:1441; site_diesel.create via assertDieselOrStoresView -> server/routes.ts:232 @ server/routes.ts:1441; diesel_req_raise.create via assertDieselOrStoresView -> server/routes.ts:232 @ server/routes.ts:1441 | POST /api/attachments => site_diesel.edit via assertEditEither @ server/routes.ts:1492; diesel_req_raise.edit via assertEditEither @ server/routes.ts:1492; plant_equipment.create via assertCreateOrEdit @ server/routes.ts:1494; plant_equipment.edit via assertCreateOrEdit @ server/routes.ts:1494 | GET /api/plant-module/equipment => See /api requireAuth, public/optional estimator exceptions, and local guards | POST /api/plant-module/equipment => master_equipment.create via assertCreate @ server/routes.ts:4509 | GET /api/stores/items => stores_inventory.view via assertView @ server/routes.ts:13129 | POST /api/stores/items => stores_inventory.create via assertCreate @ server/routes.ts:13152 | GET /api/stores/stock-summary => stores_inventory.view via assertView @ server/routes.ts:13614 | GET /api/maintenance/logs => plant_equipment.view via assertView @ server/routes.ts:13817 | GET /api/maintenance/logs/:id => plant_equipment.view via assertView @ server/routes.ts:13849 | POST /api/maintenance/logs => plant_equipment.create via assertCreate @ server/routes.ts:13862 | PATCH /api/maintenance/logs/:id => plant_equipment.edit via assertEdit @ server/routes.ts:13877 | DELETE /api/maintenance/logs/:id => assertAdmin(req, res) / assertMaintenanceSourceAccess(req, res, before) | POST /api/maintenance/logs/:id/parts => plant_equipment.create via assertCreate @ server/routes.ts:13993 | DELETE /api/maintenance/parts/:partId => plant_equipment.delete via assertDelete @ server/routes.ts:14011 | GET /api/maintenance/health-summary => plant_equipment.view via assertView @ server/routes.ts:14029 | GET /api/maintenance/open-count => plant_equipment.view via assertView @ server/routes.ts:14040","client/src/App.tsx:237 gatedEither equipment_hub OR equipment_performance_report OR plant_equipment actions=view | client/src/App.tsx:277 gatedEither equipment_performance_report OR plant_equipment actions=view | client/src/App.tsx:278 gatedEither equipment_hub OR plant_equipment OR equipment_performance_report actions=view | client/src/App.tsx:296 gatedEither site_dprs OR stores_inventory OR plant_equipment OR labour_management actions=view | client/src/App.tsx:308 gatedEither plant_generator_logs OR plant_equipment actions=view | client/src/App.tsx:309 gatedEither plant_maintenance OR plant_equipment actions=view | server/routes.ts:5524 assertViewEither equipment_performance_report OR plant_equipment actions=view","view; create; edit; delete; export; notify","view_reports; approve","Action candidates are the union of page keys, not proof every subfunction implements each action. Bind each operational checkbox to its endpoint/control; preserve privileged, site and lifecycle checks. See Findings C and operation ledger.",""
"RMC","RmcHub","RmcHub (component name; use nested control ledger for exact displayed labels)","/plant/rmc","client/src/pages/RmcHub.tsx","client/src/App.tsx:310","GET /api/rmc/today-summary | GET /api/rmc/summary-range | GET /api/rmc/cube-tests | POST /api/rmc/cube-tests","plant_production; rmc_operations; rmc_batch_records","{gatedEither(RmcHub, ""rmc_operations"", ""rmc_batch_records"", ""plant_production"")} | site_procurement.view via sectionVisible @ client/src/pages/RmcHub.tsx:79 | plant_production.view via sectionVisible @ client/src/pages/RmcHub.tsx:77 | plant_daily_reports.view via sectionVisible @ client/src/pages/RmcHub.tsx:78 | purchase_indents_view.view via sectionVisible @ client/src/pages/RmcHub.tsx:79 | purchase_indents_raise.view via sectionVisible @ client/src/pages/RmcHub.tsx:79 | diesel_req_view.view via sectionVisible @ client/src/pages/RmcHub.tsx:80 | site_diesel.view via sectionVisible @ client/src/pages/RmcHub.tsx:80 | diesel_req_raise.view via sectionVisible @ client/src/pages/RmcHub.tsx:80 | diesel_req_approve.view via sectionVisible @ client/src/pages/RmcHub.tsx:80 | purchase_indents_approve.view via sectionVisible @ client/src/pages/RmcHub.tsx:79","GET /api/rmc/today-summary => plant_production.view via assertView @ server/routes.ts:14116 | GET /api/rmc/summary-range => plant_production.view via assertView @ server/routes.ts:14126 | GET /api/rmc/cube-tests => plant_production.view via assertView @ server/routes.ts:14324 | POST /api/rmc/cube-tests => plant_production.create via assertCreate @ server/routes.ts:14338","client/src/App.tsx:310 gatedEither rmc_operations OR rmc_batch_records OR plant_production actions=view | client/src/App.tsx:311 gatedEither rmc_mix_designs OR rmc_operations OR plant_production actions=view | client/src/App.tsx:312 gatedEither rmc_batch_records OR rmc_operations OR plant_production actions=view | client/src/App.tsx:313 gatedEither rmc_raw_materials OR rmc_operations OR plant_materials actions=view | client/src/App.tsx:314 gatedEither rmc_cube_tests OR rmc_operations OR plant_production actions=view | client/src/App.tsx:316 gatedEither rmc_delivery_challans OR rmc_operations OR plant_production actions=view | client/src/App.tsx:339 gatedEither plant_daily_reports OR plant_production actions=view | client/src/pages/PlantProjectReport.tsx:261 ReportExportGate plant_daily_reports OR plant_production actions=export | client/src/pages/RmcBatchRecords.tsx:42 ReportExportGate rmc_batch_records OR rmc_operations OR plant_production actions=export | client/src/pages/RmcBatchRecords.tsx:378 ReportExportGate rmc_batch_records OR rmc_operations OR plant_production actions=export | client/src/pages/RmcCubeTests.tsx:194 ReportExportGate rmc_cube_tests OR rmc_operations OR plant_production actions=export | client/src/pages/RmcDeliveryChallans.tsx:22 ReportExportGate rmc_delivery_challans OR rmc_operations OR plant_production actions=export | client/src/pages/RmcDeliveryChallans.tsx:189 ReportExportGate rmc_delivery_challans OR rmc_operations OR plant_production actions=export","view; create; edit; delete; export; notify","view_reports; approve","Action candidates are the union of page keys, not proof every subfunction implements each action. Bind each operational checkbox to its endpoint/control; preserve privileged, site and lifecycle checks. See Findings C and operation ledger.","rmcEnabled"
"RMC","Mix Designs","Mix Designs","/plant/rmc/mix-designs","client/src/pages/RmcMixDesigns.tsx","client/src/App.tsx:311","GET /api/rmc/mix-designs | GET /api/rmc/mix-designs/:id | POST /api/rmc/mix-designs | PATCH /api/rmc/mix-designs/:id | DELETE /api/rmc/mix-designs/:id","plant_production; rmc_operations; rmc_mix_designs","{gatedEither(RmcMixDesigns, ""rmc_mix_designs"", ""rmc_operations"", ""plant_production"")} | plant_production.create via sectionCan @ client/src/pages/RmcMixDesigns.tsx:40 | plant_production.edit via sectionCan @ client/src/pages/RmcMixDesigns.tsx:41","GET /api/rmc/mix-designs => plant_production.view via assertView @ server/routes.ts:14063 | GET /api/rmc/mix-designs/:id => plant_production.view via assertView @ server/routes.ts:14072 | POST /api/rmc/mix-designs => plant_production.create via assertCreate @ server/routes.ts:14081 | PATCH /api/rmc/mix-designs/:id => plant_production.edit via assertEdit @ server/routes.ts:14093 | DELETE /api/rmc/mix-designs/:id => assertAdmin(req, res)","client/src/App.tsx:310 gatedEither rmc_operations OR rmc_batch_records OR plant_production actions=view | client/src/App.tsx:311 gatedEither rmc_mix_designs OR rmc_operations OR plant_production actions=view | client/src/App.tsx:312 gatedEither rmc_batch_records OR rmc_operations OR plant_production actions=view | client/src/App.tsx:313 gatedEither rmc_raw_materials OR rmc_operations OR plant_materials actions=view | client/src/App.tsx:314 gatedEither rmc_cube_tests OR rmc_operations OR plant_production actions=view | client/src/App.tsx:316 gatedEither rmc_delivery_challans OR rmc_operations OR plant_production actions=view | client/src/App.tsx:339 gatedEither plant_daily_reports OR plant_production actions=view | client/src/pages/PlantProjectReport.tsx:261 ReportExportGate plant_daily_reports OR plant_production actions=export | client/src/pages/RmcBatchRecords.tsx:42 ReportExportGate rmc_batch_records OR rmc_operations OR plant_production actions=export | client/src/pages/RmcBatchRecords.tsx:378 ReportExportGate rmc_batch_records OR rmc_operations OR plant_production actions=export | client/src/pages/RmcCubeTests.tsx:194 ReportExportGate rmc_cube_tests OR rmc_operations OR plant_production actions=export | client/src/pages/RmcDeliveryChallans.tsx:22 ReportExportGate rmc_delivery_challans OR rmc_operations OR plant_production actions=export | client/src/pages/RmcDeliveryChallans.tsx:189 ReportExportGate rmc_delivery_challans OR rmc_operations OR plant_production actions=export","view; create; edit; delete; export; notify","view_reports; approve","Action candidates are the union of page keys, not proof every subfunction implements each action. Bind each operational checkbox to its endpoint/control; preserve privileged, site and lifecycle checks. See Findings C and operation ledger.","rmcEnabled"
"RMC","RMC Batch Records / Batch Records","RMC Batch Records / Batch Records","/plant/rmc/batch-records","client/src/pages/RmcBatchRecords.tsx","client/src/App.tsx:312","GET /api/rmc/mix-designs | POST /api/rmc/mix-designs | GET /api/rmc/batch-records | GET /api/rmc/batch-records/:id | POST /api/rmc/batch-records | PATCH /api/rmc/batch-records/:id | POST /api/rmc/batch-records/reprocess-missed-deductions | DELETE /api/rmc/batch-records/:id | GET /api/rmc/plants","plant_production; rmc_operations; rmc_batch_records","{gatedEither(RmcBatchRecords, ""rmc_batch_records"", ""rmc_operations"", ""plant_production"")} | plant_production.create via sectionCan @ client/src/pages/RmcBatchRecords.tsx:119 | plant_production.edit via sectionCan @ client/src/pages/RmcBatchRecords.tsx:120 | plant_production.export via ReportExportGate @ client/src/pages/RmcBatchRecords.tsx:42 | plant_production.export via ReportExportGate @ client/src/pages/RmcBatchRecords.tsx:378 | rmc_batch_records.export via ReportExportGate @ client/src/pages/RmcBatchRecords.tsx:42 | rmc_batch_records.export via ReportExportGate @ client/src/pages/RmcBatchRecords.tsx:378 | rmc_operations.export via ReportExportGate @ client/src/pages/RmcBatchRecords.tsx:42 | rmc_operations.export via ReportExportGate @ client/src/pages/RmcBatchRecords.tsx:378","GET /api/rmc/mix-designs => plant_production.view via assertView @ server/routes.ts:14063 | POST /api/rmc/mix-designs => plant_production.create via assertCreate @ server/routes.ts:14081 | GET /api/rmc/batch-records => plant_production.view via assertView @ server/routes.ts:14138 | GET /api/rmc/batch-records/:id => plant_production.view via assertView @ server/routes.ts:14198 | POST /api/rmc/batch-records => plant_production.create via assertCreate @ server/routes.ts:14207 | PATCH /api/rmc/batch-records/:id => plant_production.edit via assertEdit @ server/routes.ts:14228 | POST /api/rmc/batch-records/reprocess-missed-deductions => assertAdmin(req, res) | DELETE /api/rmc/batch-records/:id => assertAdmin(req, res) | GET /api/rmc/plants => plant_daily_reports.view via assertView @ server/routes.ts:14432","client/src/App.tsx:310 gatedEither rmc_operations OR rmc_batch_records OR plant_production actions=view | client/src/App.tsx:311 gatedEither rmc_mix_designs OR rmc_operations OR plant_production actions=view | client/src/App.tsx:312 gatedEither rmc_batch_records OR rmc_operations OR plant_production actions=view | client/src/App.tsx:313 gatedEither rmc_raw_materials OR rmc_operations OR plant_materials actions=view | client/src/App.tsx:314 gatedEither rmc_cube_tests OR rmc_operations OR plant_production actions=view | client/src/App.tsx:316 gatedEither rmc_delivery_challans OR rmc_operations OR plant_production actions=view | client/src/App.tsx:339 gatedEither plant_daily_reports OR plant_production actions=view | client/src/pages/PlantProjectReport.tsx:261 ReportExportGate plant_daily_reports OR plant_production actions=export | client/src/pages/RmcBatchRecords.tsx:42 ReportExportGate rmc_batch_records OR rmc_operations OR plant_production actions=export | client/src/pages/RmcBatchRecords.tsx:378 ReportExportGate rmc_batch_records OR rmc_operations OR plant_production actions=export | client/src/pages/RmcCubeTests.tsx:194 ReportExportGate rmc_cube_tests OR rmc_operations OR plant_production actions=export | client/src/pages/RmcDeliveryChallans.tsx:22 ReportExportGate rmc_delivery_challans OR rmc_operations OR plant_production actions=export | client/src/pages/RmcDeliveryChallans.tsx:189 ReportExportGate rmc_delivery_challans OR rmc_operations OR plant_production actions=export","view; create; edit; delete; export; notify","view_reports; approve","Action candidates are the union of page keys, not proof every subfunction implements each action. Bind each operational checkbox to its endpoint/control; preserve privileged, site and lifecycle checks. See Findings C and operation ledger.","rmcEnabled"
"RMC","RmcRawMaterials","RmcRawMaterials (component name; use nested control ledger for exact displayed labels)","/plant/rmc/raw-materials","client/src/pages/RmcRawMaterials.tsx","client/src/App.tsx:313","GET /api/rmc/raw-materials | POST /api/rmc/raw-materials | PATCH /api/rmc/raw-materials/:id | DELETE /api/rmc/raw-materials/:id | GET /api/rmc/plants | GET /api/rmc/stock-summary","plant_materials; rmc_operations; rmc_raw_materials","{gatedEither(RmcRawMaterials, ""rmc_raw_materials"", ""rmc_operations"", ""plant_materials"")} | plant_materials.create via sectionCan @ client/src/pages/RmcRawMaterials.tsx:52 | plant_materials.edit via sectionCan @ client/src/pages/RmcRawMaterials.tsx:53","GET /api/rmc/raw-materials => plant_materials.view via assertView @ server/routes.ts:14383 | POST /api/rmc/raw-materials => plant_materials.create via assertCreate @ server/routes.ts:14397 | PATCH /api/rmc/raw-materials/:id => plant_materials.edit via assertEdit @ server/routes.ts:14409 | DELETE /api/rmc/raw-materials/:id => assertAdmin(req, res) | GET /api/rmc/plants => plant_daily_reports.view via assertView @ server/routes.ts:14432 | GET /api/rmc/stock-summary => plant_materials.view via assertView @ server/routes.ts:14441","client/src/App.tsx:310 gatedEither rmc_operations OR rmc_batch_records OR plant_production actions=view | client/src/App.tsx:311 gatedEither rmc_mix_designs OR rmc_operations OR plant_production actions=view | client/src/App.tsx:312 gatedEither rmc_batch_records OR rmc_operations OR plant_production actions=view | client/src/App.tsx:313 gatedEither rmc_raw_materials OR rmc_operations OR plant_materials actions=view | client/src/App.tsx:314 gatedEither rmc_cube_tests OR rmc_operations OR plant_production actions=view | client/src/App.tsx:316 gatedEither rmc_delivery_challans OR rmc_operations OR plant_production actions=view | client/src/App.tsx:317 gatedEither plant_stock OR plant_materials actions=view | client/src/pages/RmcBatchRecords.tsx:42 ReportExportGate rmc_batch_records OR rmc_operations OR plant_production actions=export | client/src/pages/RmcBatchRecords.tsx:378 ReportExportGate rmc_batch_records OR rmc_operations OR plant_production actions=export | client/src/pages/RmcCubeTests.tsx:194 ReportExportGate rmc_cube_tests OR rmc_operations OR plant_production actions=export | client/src/pages/RmcDeliveryChallans.tsx:22 ReportExportGate rmc_delivery_challans OR rmc_operations OR plant_production actions=export | client/src/pages/RmcDeliveryChallans.tsx:189 ReportExportGate rmc_delivery_challans OR rmc_operations OR plant_production actions=export","view; create; edit; delete; export; notify","view_reports; approve","Action candidates are the union of page keys, not proof every subfunction implements each action. Bind each operational checkbox to its endpoint/control; preserve privileged, site and lifecycle checks. See Findings C and operation ledger.","rmcEnabled"
"RMC","Cube Tests QC","Cube Tests QC","/plant/rmc/cube-tests","client/src/pages/RmcCubeTests.tsx","client/src/App.tsx:314","GET /api/rmc/batch-records | POST /api/rmc/batch-records | GET /api/rmc/cube-tests | POST /api/rmc/cube-tests | PATCH /api/rmc/cube-tests/:id | DELETE /api/rmc/cube-tests/:id","plant_production; rmc_operations; rmc_cube_tests","{gatedEither(RmcCubeTests, ""rmc_cube_tests"", ""rmc_operations"", ""plant_production"")} | plant_production.create via sectionCan @ client/src/pages/RmcCubeTests.tsx:51 | plant_production.edit via sectionCan @ client/src/pages/RmcCubeTests.tsx:52 | plant_production.export via ReportExportGate @ client/src/pages/RmcCubeTests.tsx:194 | rmc_operations.export via ReportExportGate @ client/src/pages/RmcCubeTests.tsx:194 | rmc_cube_tests.export via ReportExportGate @ client/src/pages/RmcCubeTests.tsx:194","GET /api/rmc/batch-records => plant_production.view via assertView @ server/routes.ts:14138 | POST /api/rmc/batch-records => plant_production.create via assertCreate @ server/routes.ts:14207 | GET /api/rmc/cube-tests => plant_production.view via assertView @ server/routes.ts:14324 | POST /api/rmc/cube-tests => plant_production.create via assertCreate @ server/routes.ts:14338 | PATCH /api/rmc/cube-tests/:id => plant_production.edit via assertEdit @ server/routes.ts:14360 | DELETE /api/rmc/cube-tests/:id => assertAdmin(req, res)","client/src/App.tsx:310 gatedEither rmc_operations OR rmc_batch_records OR plant_production actions=view | client/src/App.tsx:311 gatedEither rmc_mix_designs OR rmc_operations OR plant_production actions=view | client/src/App.tsx:312 gatedEither rmc_batch_records OR rmc_operations OR plant_production actions=view | client/src/App.tsx:313 gatedEither rmc_raw_materials OR rmc_operations OR plant_materials actions=view | client/src/App.tsx:314 gatedEither rmc_cube_tests OR rmc_operations OR plant_production actions=view | client/src/App.tsx:316 gatedEither rmc_delivery_challans OR rmc_operations OR plant_production actions=view | client/src/App.tsx:339 gatedEither plant_daily_reports OR plant_production actions=view | client/src/pages/PlantProjectReport.tsx:261 ReportExportGate plant_daily_reports OR plant_production actions=export | client/src/pages/RmcBatchRecords.tsx:42 ReportExportGate rmc_batch_records OR rmc_operations OR plant_production actions=export | client/src/pages/RmcBatchRecords.tsx:378 ReportExportGate rmc_batch_records OR rmc_operations OR plant_production actions=export | client/src/pages/RmcCubeTests.tsx:194 ReportExportGate rmc_cube_tests OR rmc_operations OR plant_production actions=export | client/src/pages/RmcDeliveryChallans.tsx:22 ReportExportGate rmc_delivery_challans OR rmc_operations OR plant_production actions=export | client/src/pages/RmcDeliveryChallans.tsx:189 ReportExportGate rmc_delivery_challans OR rmc_operations OR plant_production actions=export","view; create; edit; delete; export; notify","view_reports; approve","Action candidates are the union of page keys, not proof every subfunction implements each action. Bind each operational checkbox to its endpoint/control; preserve privileged, site and lifecycle checks. See Findings C and operation ledger.","rmcEnabled"
"RMC","RMC Daily Report / RMC Daily Report","RMC Daily Report / RMC Daily Report","/plant/rmc/daily-report","client/src/pages/RmcDailyReport.tsx","client/src/App.tsx:315","GET /api/rmc/plants | GET /api/rmc/daily-report","plant_daily_reports; rmc_daily_report","{gatedEither(RmcDailyReport, ""rmc_daily_report"", ""plant_daily_reports"")} | plant_daily_reports.export via ReportExportGate @ client/src/pages/RmcDailyReport.tsx:83 | rmc_daily_report.export via ReportExportGate @ client/src/pages/RmcDailyReport.tsx:83","GET /api/rmc/plants => plant_daily_reports.view via assertView @ server/routes.ts:14432 | GET /api/rmc/daily-report => plant_daily_reports.view via assertView @ server/routes.ts:14451","client/src/App.tsx:315 gatedEither rmc_daily_report OR plant_daily_reports actions=view | client/src/App.tsx:339 gatedEither plant_daily_reports OR plant_production actions=view | client/src/pages/PlantProjectReport.tsx:261 ReportExportGate plant_daily_reports OR plant_production actions=export | client/src/pages/RmcDailyReport.tsx:83 ReportExportGate rmc_daily_report OR plant_daily_reports actions=export","view; edit; export; notify","create; delete; view_reports; approve","Action candidates are the union of page keys, not proof every subfunction implements each action. Bind each operational checkbox to its endpoint/control; preserve privileged, site and lifecycle checks. See Findings C and operation ledger.","rmcEnabled"
"RMC","Delivery Challans","Delivery Challans","/plant/rmc/delivery-challans","client/src/pages/RmcDeliveryChallans.tsx","client/src/App.tsx:316","GET /api/rmc/batch-records | POST /api/rmc/batch-records","plant_production; rmc_operations; rmc_delivery_challans","{gatedEither(RmcDeliveryChallans, ""rmc_delivery_challans"", ""rmc_operations"", ""plant_production"")} | plant_production.export via ReportExportGate @ client/src/pages/RmcDeliveryChallans.tsx:22 | plant_production.export via ReportExportGate @ client/src/pages/RmcDeliveryChallans.tsx:189 | rmc_operations.export via ReportExportGate @ client/src/pages/RmcDeliveryChallans.tsx:22 | rmc_operations.export via ReportExportGate @ client/src/pages/RmcDeliveryChallans.tsx:189 | rmc_delivery_challans.export via ReportExportGate @ client/src/pages/RmcDeliveryChallans.tsx:22 | rmc_delivery_challans.export via ReportExportGate @ client/src/pages/RmcDeliveryChallans.tsx:189","GET /api/rmc/batch-records => plant_production.view via assertView @ server/routes.ts:14138 | POST /api/rmc/batch-records => plant_production.create via assertCreate @ server/routes.ts:14207","client/src/App.tsx:310 gatedEither rmc_operations OR rmc_batch_records OR plant_production actions=view | client/src/App.tsx:311 gatedEither rmc_mix_designs OR rmc_operations OR plant_production actions=view | client/src/App.tsx:312 gatedEither rmc_batch_records OR rmc_operations OR plant_production actions=view | client/src/App.tsx:313 gatedEither rmc_raw_materials OR rmc_operations OR plant_materials actions=view | client/src/App.tsx:314 gatedEither rmc_cube_tests OR rmc_operations OR plant_production actions=view | client/src/App.tsx:316 gatedEither rmc_delivery_challans OR rmc_operations OR plant_production actions=view | client/src/App.tsx:339 gatedEither plant_daily_reports OR plant_production actions=view | client/src/pages/PlantProjectReport.tsx:261 ReportExportGate plant_daily_reports OR plant_production actions=export | client/src/pages/RmcBatchRecords.tsx:42 ReportExportGate rmc_batch_records OR rmc_operations OR plant_production actions=export | client/src/pages/RmcBatchRecords.tsx:378 ReportExportGate rmc_batch_records OR rmc_operations OR plant_production actions=export | client/src/pages/RmcCubeTests.tsx:194 ReportExportGate rmc_cube_tests OR rmc_operations OR plant_production actions=export | client/src/pages/RmcDeliveryChallans.tsx:22 ReportExportGate rmc_delivery_challans OR rmc_operations OR plant_production actions=export | client/src/pages/RmcDeliveryChallans.tsx:189 ReportExportGate rmc_delivery_challans OR rmc_operations OR plant_production actions=export","view; create; edit; delete; export; notify","view_reports; approve","Action candidates are the union of page keys, not proof every subfunction implements each action. Bind each operational checkbox to its endpoint/control; preserve privileged, site and lifecycle checks. See Findings C and operation ledger.","rmcEnabled"
"HMP","Material Stock / HMP Material Stock","Material Stock / HMP Material Stock","/plant/stock","client/src/pages/PlantStock.tsx","client/src/App.tsx:317","GET /api/plant-module/parties | POST /api/plant-module/parties | GET /api/plant-module/materials | POST /api/plant-module/materials | GET /api/plant-module/mix-template-components | GET /api/plant-module/stock-balances | POST /api/plant-module/reconcile-equipment-usage-ledger | GET /api/plant-module/stock-ledger | POST /api/admin/fix-orphan-stock-balances","plant_materials; plant_stock","{gatedEither(PlantStock, ""plant_stock"", ""plant_materials"")} | stock_reconciliation.view via sectionCan @ client/src/pages/PlantStock.tsx:1806 | plant_stock.export via sectionCan @ client/src/pages/PlantStock.tsx:67","GET /api/plant-module/parties => See /api requireAuth, public/optional estimator exceptions, and local guards | POST /api/plant-module/parties => master_parties.create via assertCreate @ server/routes.ts:3976 | GET /api/plant-module/materials => See /api requireAuth, public/optional estimator exceptions, and local guards | POST /api/plant-module/materials => master_materials.create via assertCreate @ server/routes.ts:4018 | GET /api/plant-module/mix-template-components => See /api requireAuth, public/optional estimator exceptions, and local guards | GET /api/plant-module/stock-balances => See /api requireAuth, public/optional estimator exceptions, and local guards | POST /api/plant-module/reconcile-equipment-usage-ledger => assertAdmin(req, res) | GET /api/plant-module/stock-ledger => See /api requireAuth, public/optional estimator exceptions, and local guards | POST /api/admin/fix-orphan-stock-balances => assertAdmin(req, res)","client/src/App.tsx:313 gatedEither rmc_raw_materials OR rmc_operations OR plant_materials actions=view | client/src/App.tsx:317 gatedEither plant_stock OR plant_materials actions=view | client/src/App.tsx:318 gatedEither stock_reconciliation OR plant_stock actions=view | client/src/App.tsx:326 gatedEither admin_ledger_tools OR plant_stock actions=view | client/src/App.tsx:327 gatedEither admin_ledger_tools OR plant_stock actions=view | client/src/App.tsx:329 gatedEither admin_ledger_tools OR plant_stock actions=view | client/src/App.tsx:342 gatedEither plant_ldo_reconciliation OR plant_stock actions=view","view; create; edit; delete; export; notify","view_reports; approve","Action candidates are the union of page keys, not proof every subfunction implements each action. Bind each operational checkbox to its endpoint/control; preserve privileged, site and lifecycle checks. See Findings C and operation ledger.",""
"Reports / originating domain","PlantStockReconciliation","PlantStockReconciliation (component name; use nested control ledger for exact displayed labels)","/plant/stock-reconciliation","client/src/pages/PlantStockReconciliation.tsx","client/src/App.tsx:318","GET /api/plant-module/parties | POST /api/plant-module/parties | GET /api/plant-module/materials | POST /api/plant-module/materials | GET /api/plant-module/stock-balances | POST /api/plant-module/stock-reconciliation | POST /api/plant-module/stock-reconciliation-drafts | POST /api/plant-module/stock-reconciliation-drafts/:id/reject | GET /api/plant-module/stock-reconciliations | GET /api/plant-module/stock-ledger | GET /api/plant-module/stock-ledger-all","plant_stock; stock_reconciliation","{gatedEither(PlantStockReconciliation, ""stock_reconciliation"", ""plant_stock"")} | stock_reconciliation.create via sectionCan @ client/src/pages/PlantStockReconciliation.tsx:64","GET /api/plant-module/parties => See /api requireAuth, public/optional estimator exceptions, and local guards | POST /api/plant-module/parties => master_parties.create via assertCreate @ server/routes.ts:3976 | GET /api/plant-module/materials => See /api requireAuth, public/optional estimator exceptions, and local guards | POST /api/plant-module/materials => master_materials.create via assertCreate @ server/routes.ts:4018 | GET /api/plant-module/stock-balances => See /api requireAuth, public/optional estimator exceptions, and local guards | POST /api/plant-module/stock-reconciliation => stock_reconciliation.create via assertCreate @ server/routes.ts:6340 | POST /api/plant-module/stock-reconciliation-drafts => plant_stock.view via direct matrix read @ server/routes.ts:6385; stock_reconciliation.view via direct matrix read @ server/routes.ts:6385; stock_reconciliation.create via direct matrix read @ server/routes.ts:6398 | POST /api/plant-module/stock-reconciliation-drafts/:id/reject => stock_reconciliation.create via assertCreate @ server/routes.ts:6414 | GET /api/plant-module/stock-reconciliations => plant_stock.view via direct matrix read @ server/routes.ts:6438; stock_reconciliation.view via direct matrix read @ server/routes.ts:6438 | GET /api/plant-module/stock-ledger => See /api requireAuth, public/optional estimator exceptions, and local guards | GET /api/plant-module/stock-ledger-all => See /api requireAuth, public/optional estimator exceptions, and local guards","client/src/App.tsx:317 gatedEither plant_stock OR plant_materials actions=view | client/src/App.tsx:318 gatedEither stock_reconciliation OR plant_stock actions=view | client/src/App.tsx:326 gatedEither admin_ledger_tools OR plant_stock actions=view | client/src/App.tsx:327 gatedEither admin_ledger_tools OR plant_stock actions=view | client/src/App.tsx:329 gatedEither admin_ledger_tools OR plant_stock actions=view | client/src/App.tsx:342 gatedEither plant_ldo_reconciliation OR plant_stock actions=view","view; create; edit; export; notify","delete; view_reports; approve","Action candidates are the union of page keys, not proof every subfunction implements each action. Bind each operational checkbox to its endpoint/control; preserve privileged, site and lifecycle checks. See Findings C and operation ledger.",""
"Reports / originating domain","Stock Variance Report","Stock Variance Report","/plant/variance-report","client/src/pages/PlantVarianceReport.tsx","client/src/App.tsx:319","GET /api/plant-module/parties | POST /api/plant-module/parties | GET /api/plant-module/mix-templates | POST /api/plant-module/mix-templates | PUT /api/plant-module/dispatches/:id | DELETE /api/plant-module/dispatches/:id | GET /api/plant-module/dispatches/variance-report","plant_variance","{gated(PlantVarianceReport, ""plant_variance"")}","GET /api/plant-module/parties => See /api requireAuth, public/optional estimator exceptions, and local guards | POST /api/plant-module/parties => master_parties.create via assertCreate @ server/routes.ts:3976 | GET /api/plant-module/mix-templates => See /api requireAuth, public/optional estimator exceptions, and local guards | POST /api/plant-module/mix-templates => master_materials.create via assertCreate @ server/routes.ts:4204 | PUT /api/plant-module/dispatches/:id => plant_production.edit via assertEdit @ server/routes.ts:5320; plant_production.notify via sendPushToSection @ server/routes.ts:5434 | DELETE /api/plant-module/dispatches/:id => plant_production.notify via sendPushToSection @ server/routes.ts:5451 | GET /api/plant-module/dispatches/variance-report => plant_variance.view via assertView @ server/routes.ts:5474","","view","create; edit; delete; view_reports; export; approve; notify","Action candidates are the union of page keys, not proof every subfunction implements each action. Bind each operational checkbox to its endpoint/control; preserve privileged, site and lifecycle checks. See Findings C and operation ledger.",""
"Reports / originating domain","Audit Report","Audit Report","/plant/audit-report","client/src/pages/PlantAuditReport.tsx","client/src/App.tsx:320","GET /api/plant-module/dispatches | POST /api/plant-module/dispatches | GET /api/plant-module/consumption-audit-log","plant_audit","{gated(PlantAuditReport, ""plant_audit"")}","GET /api/plant-module/dispatches => See /api requireAuth, public/optional estimator exceptions, and local guards | POST /api/plant-module/dispatches => plant_production.create via assertCreate @ server/routes.ts:5294; plant_production.notify via sendPushToSection @ server/routes.ts:5303 | GET /api/plant-module/consumption-audit-log => plant_audit.view via assertView @ server/routes.ts:5490","","view","create; edit; delete; view_reports; export; approve; notify","Action candidates are the union of page keys, not proof every subfunction implements each action. Bind each operational checkbox to its endpoint/control; preserve privileged, site and lifecycle checks. See Findings C and operation ledger.",""
"HMP","Diesel Procurement","Diesel Procurement","/plant/diesel-procurement","client/src/pages/PlantDieselProcurementReport.tsx","client/src/App.tsx:321","GET /api/plant-module/parties | POST /api/plant-module/parties | GET /api/plant-module/materials | POST /api/plant-module/materials | GET /api/plant-module/material-receipts | POST /api/plant-module/material-receipts | GET /api/plant-module/stock-ledger","plant_diesel_proc","{gated(PlantDieselProcurementReport, ""plant_diesel_proc"")} | plant_diesel_proc.export via ReportExportGate @ client/src/pages/PlantDieselProcurementReport.tsx:237","GET /api/plant-module/parties => See /api requireAuth, public/optional estimator exceptions, and local guards | POST /api/plant-module/parties => master_parties.create via assertCreate @ server/routes.ts:3976 | GET /api/plant-module/materials => See /api requireAuth, public/optional estimator exceptions, and local guards | POST /api/plant-module/materials => master_materials.create via assertCreate @ server/routes.ts:4018 | GET /api/plant-module/material-receipts => See /api requireAuth, public/optional estimator exceptions, and local guards | POST /api/plant-module/material-receipts => plant_materials.create via assertCreate @ server/routes.ts:4713; plant_materials.notify via sendPushToSection @ server/routes.ts:4781; site_diesel.notify via sendPushToSection @ server/routes.ts:4794 | GET /api/plant-module/stock-ledger => See /api requireAuth, public/optional estimator exceptions, and local guards","","view; export","create; edit; delete; view_reports; approve; notify","Action candidates are the union of page keys, not proof every subfunction implements each action. Bind each operational checkbox to its endpoint/control; preserve privileged, site and lifecycle checks. See Findings C and operation ledger.",""
"HMP","Bitumen Stock Tracker","Bitumen Stock Tracker","/plant/bitumen-stock","client/src/pages/PlantBitumenStock.tsx","client/src/App.tsx:322","GET /api/plant-module/parties | POST /api/plant-module/parties | GET /api/plant-module/materials | POST /api/plant-module/materials | GET /api/plant-module/mix-templates | POST /api/plant-module/mix-templates | GET /api/plant-module/material-receipts | POST /api/plant-module/material-receipts | GET /api/plant-module/dispatches | POST /api/plant-module/dispatches | GET /api/plant-module/stock-balances | POST /api/plant-module/stock-correction | GET /api/plant-module/stock-ledger | GET /api/plant-module/bitumen-dip-readings | POST /api/plant-module/bitumen-dip-readings | PATCH /api/plant-module/bitumen-dip-readings/:id | DELETE /api/plant-module/bitumen-dip-readings/:id | GET /api/plant-module/shift-logs/plants | GET /api/plant-module/shift-logs/:id | DELETE /api/plant-module/shift-logs/:id","plant_bitumen","{gated(PlantBitumenStock, ""plant_bitumen"")} | plant_stock.create via sectionCan @ client/src/pages/PlantBitumenStock.tsx:54 | plant_stock.edit via sectionCan @ client/src/pages/PlantBitumenStock.tsx:55 | plant_bitumen.export via sectionCan @ client/src/pages/PlantBitumenStock.tsx:57","GET /api/plant-module/parties => See /api requireAuth, public/optional estimator exceptions, and local guards | POST /api/plant-module/parties => master_parties.create via assertCreate @ server/routes.ts:3976 | GET /api/plant-module/materials => See /api requireAuth, public/optional estimator exceptions, and local guards | POST /api/plant-module/materials => master_materials.create via assertCreate @ server/routes.ts:4018 | GET /api/plant-module/mix-templates => See /api requireAuth, public/optional estimator exceptions, and local guards | POST /api/plant-module/mix-templates => master_materials.create via assertCreate @ server/routes.ts:4204 | GET /api/plant-module/material-receipts => See /api requireAuth, public/optional estimator exceptions, and local guards | POST /api/plant-module/material-receipts => plant_materials.create via assertCreate @ server/routes.ts:4713; plant_materials.notify via sendPushToSection @ server/routes.ts:4781; site_diesel.notify via sendPushToSection @ server/routes.ts:4794 | GET /api/plant-module/dispatches => See /api requireAuth, public/optional estimator exceptions, and local guards | POST /api/plant-module/dispatches => plant_production.create via assertCreate @ server/routes.ts:5294; plant_production.notify via sendPushToSection @ server/routes.ts:5303 | GET /api/plant-module/stock-balances => See /api requireAuth, public/optional estimator exceptions, and local guards | POST /api/plant-module/stock-correction => assertAdmin(req, res) / assertValidDieselPhysicalStock(correctionMaterial.name, numericPhysicalQty) | GET /api/plant-module/stock-ledger => See /api requireAuth, public/optional estimator exceptions, and local guards | GET /api/plant-module/bitumen-dip-readings => plant_bitumen.view via assertView @ server/routes.ts:7147 | POST /api/plant-module/bitumen-dip-readings => plant_bitumen.create via assertCreate @ server/routes.ts:7164; plant_bitumen.notify via sendPushToSection @ server/routes.ts:7167 | PATCH /api/plant-module/bitumen-dip-readings/:id => plant_bitumen.notify via sendPushToSection @ server/routes.ts:7183; plant_bitumen.edit via assertEdit @ server/routes.ts:7179 | DELETE /api/plant-module/bitumen-dip-readings/:id => plant_bitumen.notify via sendPushToSection @ server/routes.ts:7199 | GET /api/plant-module/shift-logs/plants => See /api requireAuth, public/optional estimator exceptions, and local guards | GET /api/plant-module/shift-logs/:id => See /api requireAuth, public/optional estimator exceptions, and local guards | DELETE /api/plant-module/shift-logs/:id => assertAdmin(req, res)","","view; create; edit; export; notify","delete; view_reports; approve","Action candidates are the union of page keys, not proof every subfunction implements each action. Bind each operational checkbox to its endpoint/control; preserve privileged, site and lifecycle checks. See Findings C and operation ledger.",""
"HMP","LDO Flow Meter","LDO Flow Meter","/plant/ldo-flow-meter","client/src/pages/PlantLdoFlowMeter.tsx","client/src/App.tsx:323","GET /api/plant-module/parties | POST /api/plant-module/parties | GET /api/plant-module/materials | POST /api/plant-module/materials | GET /api/plant-module/mix-templates | POST /api/plant-module/mix-templates | GET /api/plant-module/material-receipts | POST /api/plant-module/material-receipts | GET /api/plant-module/dispatches | POST /api/plant-module/dispatches | GET /api/plant-module/stock-balances | POST /api/plant-module/stock-correction | GET /api/plant-module/stock-ledger | GET /api/plant-module/ldo-flow-readings | POST /api/plant-module/ldo-flow-readings | PATCH /api/plant-module/ldo-flow-readings/:id | DELETE /api/plant-module/ldo-flow-readings/:id | GET /api/plant-module/ldo-dip-readings | POST /api/plant-module/ldo-dip-readings | PATCH /api/plant-module/ldo-dip-readings/:id | DELETE /api/plant-module/ldo-dip-readings/:id | GET /api/plant-module/shift-logs/plants | GET /api/plant-module/shift-logs/:id | DELETE /api/plant-module/shift-logs/:id","plant_ldo","{gated(PlantLdoFlowMeter, ""plant_ldo"")} | plant_stock.create via sectionCan @ client/src/pages/PlantLdoFlowMeter.tsx:57 | plant_stock.edit via sectionCan @ client/src/pages/PlantLdoFlowMeter.tsx:58 | plant_ldo.export via sectionCan @ client/src/pages/PlantLdoFlowMeter.tsx:60","GET /api/plant-module/parties => See /api requireAuth, public/optional estimator exceptions, and local guards | POST /api/plant-module/parties => master_parties.create via assertCreate @ server/routes.ts:3976 | GET /api/plant-module/materials => See /api requireAuth, public/optional estimator exceptions, and local guards | POST /api/plant-module/materials => master_materials.create via assertCreate @ server/routes.ts:4018 | GET /api/plant-module/mix-templates => See /api requireAuth, public/optional estimator exceptions, and local guards | POST /api/plant-module/mix-templates => master_materials.create via assertCreate @ server/routes.ts:4204 | GET /api/plant-module/material-receipts => See /api requireAuth, public/optional estimator exceptions, and local guards | POST /api/plant-module/material-receipts => plant_materials.create via assertCreate @ server/routes.ts:4713; plant_materials.notify via sendPushToSection @ server/routes.ts:4781; site_diesel.notify via sendPushToSection @ server/routes.ts:4794 | GET /api/plant-module/dispatches => See /api requireAuth, public/optional estimator exceptions, and local guards | POST /api/plant-module/dispatches => plant_production.create via assertCreate @ server/routes.ts:5294; plant_production.notify via sendPushToSection @ server/routes.ts:5303 | GET /api/plant-module/stock-balances => See /api requireAuth, public/optional estimator exceptions, and local guards | POST /api/plant-module/stock-correction => assertAdmin(req, res) / assertValidDieselPhysicalStock(correctionMaterial.name, numericPhysicalQty) | GET /api/plant-module/stock-ledger => See /api requireAuth, public/optional estimator exceptions, and local guards | GET /api/plant-module/ldo-flow-readings => plant_ldo.view via assertView @ server/routes.ts:7212 | POST /api/plant-module/ldo-flow-readings => plant_ldo.create via assertCreate @ server/routes.ts:7236; plant_ldo.notify via sendPushToSection @ server/routes.ts:7239 | PATCH /api/plant-module/ldo-flow-readings/:id => plant_ldo.notify via sendPushToSection @ server/routes.ts:7260; plant_ldo.edit via assertEdit @ server/routes.ts:7255 | DELETE /api/plant-module/ldo-flow-readings/:id => plant_ldo.notify via sendPushToSection @ server/routes.ts:7273 | GET /api/plant-module/ldo-dip-readings => plant_ldo.view via assertView @ server/routes.ts:7391 | POST /api/plant-module/ldo-dip-readings => plant_ldo.create via assertCreate @ server/routes.ts:7408; plant_ldo.notify via sendPushToSection @ server/routes.ts:7411 | PATCH /api/plant-module/ldo-dip-readings/:id => plant_ldo.notify via sendPushToSection @ server/routes.ts:7427; plant_ldo.edit via assertEdit @ server/routes.ts:7423 | DELETE /api/plant-module/ldo-dip-readings/:id => plant_ldo.notify via sendPushToSection @ server/routes.ts:7440 | GET /api/plant-module/shift-logs/plants => See /api requireAuth, public/optional estimator exceptions, and local guards | GET /api/plant-module/shift-logs/:id => See /api requireAuth, public/optional estimator exceptions, and local guards | DELETE /api/plant-module/shift-logs/:id => assertAdmin(req, res)","","view; create; edit; export; notify","delete; view_reports; approve","Action candidates are the union of page keys, not proof every subfunction implements each action. Bind each operational checkbox to its endpoint/control; preserve privileged, site and lifecycle checks. See Findings C and operation ledger.",""
"HMP","PlantLdoBackfill","PlantLdoBackfill (component name; use nested control ledger for exact displayed labels)","/plant/ldo-backfill","client/src/pages/PlantLdoBackfill.tsx","client/src/App.tsx:324","GET /api/plant-module/ldo-flow-readings | POST /api/plant-module/ldo-flow-readings | GET /api/plant-module/ldo-backfill | POST /api/plant-module/ldo-backfill","admin_settings; admin_ldo_tools","{gatedEither(PlantLdoBackfill, ""admin_ldo_tools"", ""admin_settings"")}","GET /api/plant-module/ldo-flow-readings => plant_ldo.view via assertView @ server/routes.ts:7212 | POST /api/plant-module/ldo-flow-readings => plant_ldo.create via assertCreate @ server/routes.ts:7236; plant_ldo.notify via sendPushToSection @ server/routes.ts:7239 | GET /api/plant-module/ldo-backfill => assertAdmin(req, res) | POST /api/plant-module/ldo-backfill => assertAdmin(req, res)","client/src/App.tsx:302 gatedEither site_management OR sites_plants_manage OR admin_settings actions=view | client/src/App.tsx:324 gatedEither admin_ldo_tools OR admin_settings actions=view | client/src/App.tsx:325 gatedEither admin_ldo_tools OR admin_settings actions=view | client/src/App.tsx:349 gatedEither rate_cards OR vendor_masters_manage OR admin_settings actions=view | client/src/App.tsx:351 gatedEither data_sync OR admin_settings actions=view | client/src/App.tsx:352 gatedEither site_management OR sites_plants_manage OR admin_settings actions=view | client/src/App.tsx:387 gatedEither site_management OR admin_settings actions=view | client/src/App.tsx:393 gatedEither report_management OR reports OR admin_settings actions=view | client/src/App.tsx:394 gatedEither concrete_calculator OR concrete_estimates_manage OR reports OR admin_settings actions=view | client/src/App.tsx:398 gatedEither master_parties OR master_materials OR master_equipment OR master_personnel OR sites_plants_manage OR admin_settings actions=view | client/src/pages/ManagementReport.tsx:382 ReportExportGate report_management OR reports OR admin_settings actions=export | server/routes.ts:1221 assertCreateEither sites_plants_manage OR admin_settings actions=create | server/routes.ts:1235 assertEditEither sites_plants_manage OR admin_settings actions=edit | server/routes.ts:1259 assertCreateEither sites_plants_manage OR admin_settings actions=create | server/routes.ts:1821 assertCreateEither admin_notifications_manage OR admin_settings actions=create | server/routes.ts:3872 assertCreateEither sites_plants_manage OR admin_settings actions=create | server/routes.ts:3919 assertEditEither sites_plants_manage OR admin_settings actions=edit | server/routes.ts:11690 assertCreateEither vendor_masters_manage OR admin_settings actions=create | server/routes.ts:12560 assertCreateEither vendor_masters_manage OR admin_settings actions=create | server/routes.ts:12572 assertCreateEither vendor_masters_manage OR admin_settings actions=create | server/routes.ts:12596 assertCreateEither vendor_masters_manage OR admin_settings actions=create | server/routes.ts:13004 assertCreateEither concrete_estimates_manage OR admin_settings actions=create | server/routes.ts:13018 assertEditEither concrete_estimates_manage OR admin_settings actions=edit | server/routes.ts:13078 assertCreateEither concrete_estimates_manage OR admin_settings actions=create | server/routes.ts:13092 assertEditEither concrete_estimates_manage OR admin_settings actions=edit | server/management-report.ts:138 assertViewReportOrAdmin report_management OR reports OR admin_settings actions=view | server/management-report.ts:271 assertViewReportOrAdmin report_management OR reports OR admin_settings actions=view | server/management-report.ts:343 assertViewReportOrAdmin report_management OR reports OR admin_settings actions=view | server/management-report.ts:453 assertViewReportOrAdmin report_management OR reports OR admin_settings actions=view | server/management-report.ts:498 assertViewReportOrAdmin report_management OR reports OR admin_settings actions=view","view; create; edit; export","delete; view_reports; approve; notify","Action candidates are the union of page keys, not proof every subfunction implements each action. Bind each operational checkbox to its endpoint/control; preserve privileged, site and lifecycle checks. See Findings C and operation ledger.",""
"HMP","PlantLdoDipBackfill","PlantLdoDipBackfill (component name; use nested control ledger for exact displayed labels)","/plant/ldo-dip-backfill","client/src/pages/PlantLdoDipBackfill.tsx","client/src/App.tsx:325","GET /api/plant-module/ldo-dip-readings | POST /api/plant-module/ldo-dip-readings | GET /api/plant-module/ldo-dip-backfill | POST /api/plant-module/ldo-dip-backfill","admin_settings; admin_ldo_tools","{gatedEither(PlantLdoDipBackfill, ""admin_ldo_tools"", ""admin_settings"")}","GET /api/plant-module/ldo-dip-readings => plant_ldo.view via assertView @ server/routes.ts:7391 | POST /api/plant-module/ldo-dip-readings => plant_ldo.create via assertCreate @ server/routes.ts:7408; plant_ldo.notify via sendPushToSection @ server/routes.ts:7411 | GET /api/plant-module/ldo-dip-backfill => assertAdmin(req, res) | POST /api/plant-module/ldo-dip-backfill => assertAdmin(req, res)","client/src/App.tsx:302 gatedEither site_management OR sites_plants_manage OR admin_settings actions=view | client/src/App.tsx:324 gatedEither admin_ldo_tools OR admin_settings actions=view | client/src/App.tsx:325 gatedEither admin_ldo_tools OR admin_settings actions=view | client/src/App.tsx:349 gatedEither rate_cards OR vendor_masters_manage OR admin_settings actions=view | client/src/App.tsx:351 gatedEither data_sync OR admin_settings actions=view | client/src/App.tsx:352 gatedEither site_management OR sites_plants_manage OR admin_settings actions=view | client/src/App.tsx:387 gatedEither site_management OR admin_settings actions=view | client/src/App.tsx:393 gatedEither report_management OR reports OR admin_settings actions=view | client/src/App.tsx:394 gatedEither concrete_calculator OR concrete_estimates_manage OR reports OR admin_settings actions=view | client/src/App.tsx:398 gatedEither master_parties OR master_materials OR master_equipment OR master_personnel OR sites_plants_manage OR admin_settings actions=view | client/src/pages/ManagementReport.tsx:382 ReportExportGate report_management OR reports OR admin_settings actions=export | server/routes.ts:1221 assertCreateEither sites_plants_manage OR admin_settings actions=create | server/routes.ts:1235 assertEditEither sites_plants_manage OR admin_settings actions=edit | server/routes.ts:1259 assertCreateEither sites_plants_manage OR admin_settings actions=create | server/routes.ts:1821 assertCreateEither admin_notifications_manage OR admin_settings actions=create | server/routes.ts:3872 assertCreateEither sites_plants_manage OR admin_settings actions=create | server/routes.ts:3919 assertEditEither sites_plants_manage OR admin_settings actions=edit | server/routes.ts:11690 assertCreateEither vendor_masters_manage OR admin_settings actions=create | server/routes.ts:12560 assertCreateEither vendor_masters_manage OR admin_settings actions=create | server/routes.ts:12572 assertCreateEither vendor_masters_manage OR admin_settings actions=create | server/routes.ts:12596 assertCreateEither vendor_masters_manage OR admin_settings actions=create | server/routes.ts:13004 assertCreateEither concrete_estimates_manage OR admin_settings actions=create | server/routes.ts:13018 assertEditEither concrete_estimates_manage OR admin_settings actions=edit | server/routes.ts:13078 assertCreateEither concrete_estimates_manage OR admin_settings actions=create | server/routes.ts:13092 assertEditEither concrete_estimates_manage OR admin_settings actions=edit | server/management-report.ts:138 assertViewReportOrAdmin report_management OR reports OR admin_settings actions=view | server/management-report.ts:271 assertViewReportOrAdmin report_management OR reports OR admin_settings actions=view | server/management-report.ts:343 assertViewReportOrAdmin report_management OR reports OR admin_settings actions=view | server/management-report.ts:453 assertViewReportOrAdmin report_management OR reports OR admin_settings actions=view | server/management-report.ts:498 assertViewReportOrAdmin report_management OR reports OR admin_settings actions=view","view; create; edit; export","delete; view_reports; approve; notify","Action candidates are the union of page keys, not proof every subfunction implements each action. Bind each operational checkbox to its endpoint/control; preserve privileged, site and lifecycle checks. See Findings C and operation ledger.",""
"HMP","PlantStockReassign","PlantStockReassign (component name; use nested control ledger for exact displayed labels)","/plant/stock-reassign","client/src/pages/PlantStockReassign.tsx","client/src/App.tsx:326","GET /api/plant-module/parties | POST /api/plant-module/parties | GET /api/plant-module/materials | POST /api/plant-module/materials | POST /api/plant-module/reassign-ledger/preview | POST /api/plant-module/reassign-ledger/execute","plant_stock; admin_ledger_tools","{gatedEither(PlantStockReassign, ""admin_ledger_tools"", ""plant_stock"")}","GET /api/plant-module/parties => See /api requireAuth, public/optional estimator exceptions, and local guards | POST /api/plant-module/parties => master_parties.create via assertCreate @ server/routes.ts:3976 | GET /api/plant-module/materials => See /api requireAuth, public/optional estimator exceptions, and local guards | POST /api/plant-module/materials => master_materials.create via assertCreate @ server/routes.ts:4018 | POST /api/plant-module/reassign-ledger/preview => assertAdmin(req, res) | POST /api/plant-module/reassign-ledger/execute => assertAdmin(req, res)","client/src/App.tsx:317 gatedEither plant_stock OR plant_materials actions=view | client/src/App.tsx:318 gatedEither stock_reconciliation OR plant_stock actions=view | client/src/App.tsx:326 gatedEither admin_ledger_tools OR plant_stock actions=view | client/src/App.tsx:327 gatedEither admin_ledger_tools OR plant_stock actions=view | client/src/App.tsx:329 gatedEither admin_ledger_tools OR plant_stock actions=view | client/src/App.tsx:342 gatedEither plant_ldo_reconciliation OR plant_stock actions=view","view; create; edit; export; notify","delete; view_reports; approve","Action candidates are the union of page keys, not proof every subfunction implements each action. Bind each operational checkbox to its endpoint/control; preserve privileged, site and lifecycle checks. See Findings C and operation ledger.",""
"HMP","Inter-Party Transfer","Inter-Party Transfer","/plant/stock-transfer","client/src/pages/PlantStockTransfer.tsx","client/src/App.tsx:327","GET /api/plant-module/parties | POST /api/plant-module/parties | GET /api/plant-module/materials | POST /api/plant-module/materials | GET /api/plant-module/stock-balances | POST /api/plant-module/stock-transfer","plant_stock; admin_ledger_tools","{gatedEither(PlantStockTransfer, ""admin_ledger_tools"", ""plant_stock"")} | plant_stock.create via sectionCan @ client/src/pages/PlantStockTransfer.tsx:41","GET /api/plant-module/parties => See /api requireAuth, public/optional estimator exceptions, and local guards | POST /api/plant-module/parties => master_parties.create via assertCreate @ server/routes.ts:3976 | GET /api/plant-module/materials => See /api requireAuth, public/optional estimator exceptions, and local guards | POST /api/plant-module/materials => master_materials.create via assertCreate @ server/routes.ts:4018 | GET /api/plant-module/stock-balances => See /api requireAuth, public/optional estimator exceptions, and local guards | POST /api/plant-module/stock-transfer => plant_stock.create via assertCreate @ server/routes.ts:6558","client/src/App.tsx:317 gatedEither plant_stock OR plant_materials actions=view | client/src/App.tsx:318 gatedEither stock_reconciliation OR plant_stock actions=view | client/src/App.tsx:326 gatedEither admin_ledger_tools OR plant_stock actions=view | client/src/App.tsx:327 gatedEither admin_ledger_tools OR plant_stock actions=view | client/src/App.tsx:329 gatedEither admin_ledger_tools OR plant_stock actions=view | client/src/App.tsx:342 gatedEither plant_ldo_reconciliation OR plant_stock actions=view","view; create; edit; export; notify","delete; view_reports; approve","Action candidates are the union of page keys, not proof every subfunction implements each action. Bind each operational checkbox to its endpoint/control; preserve privileged, site and lifecycle checks. See Findings C and operation ledger.",""
"Stores & Inventory","Pending Plant Receipts","Pending Plant Receipts","/stores/pending-plant-receipts","client/src/pages/PendingPlantReceipts.tsx","client/src/App.tsx:328","GET /api/sites | POST /api/sites | GET /api/purchase-indents | POST /api/purchase-indents | GET /api/pending-plant-receipts | PATCH /api/pending-plant-receipts/:id","plant_materials","{gated(PendingPlantReceipts, ""plant_materials"")}","GET /api/sites => req.authUser && !req.authUser.isAdmin | POST /api/sites => sites_plants_manage.create via assertCreateEither @ server/routes.ts:1221; admin_settings.create via assertCreateEither @ server/routes.ts:1221 | GET /api/purchase-indents => site_procurement.view via assertPiRaiserRead -> server/routes.ts:9056 @ server/routes.ts:9072; purchase_indents_view.view via assertPiRaiserRead -> server/routes.ts:9056 @ server/routes.ts:9072; purchase_indents_raise.view via assertPiRaiserRead -> server/routes.ts:9056 @ server/routes.ts:9072; site_procurement.create via assertPiRaiserRead -> server/routes.ts:9056 @ server/routes.ts:9072; purchase_indents_raise.create via assertPiRaiserRead -> server/routes.ts:9056 @ server/routes.ts:9072; site_procurement.edit via assertPiRaiserRead -> server/routes.ts:9056 @ server/routes.ts:9072; purchase_indents_raise.edit via assertPiRaiserRead -> server/routes.ts:9056 @ server/routes.ts:9072 | POST /api/purchase-indents => site_procurement.create via assertCreateEither @ server/routes.ts:9476; purchase_indents_raise.create via assertCreateEither @ server/routes.ts:9476; purchase_indents_view.notify via sendPushToSection @ server/routes.ts:9479 | GET /api/pending-plant-receipts => plant_materials.view via assertView @ server/routes.ts:10771 | PATCH /api/pending-plant-receipts/:id => plant_materials.view via assertView @ server/routes.ts:10787","client/src/App.tsx:313 gatedEither rmc_raw_materials OR rmc_operations OR plant_materials actions=view | client/src/App.tsx:317 gatedEither plant_stock OR plant_materials actions=view","view; create; edit; delete; export; notify","view_reports; approve","Action candidates are the union of page keys, not proof every subfunction implements each action. Bind each operational checkbox to its endpoint/control; preserve privileged, site and lifecycle checks. See Findings C and operation ledger.",""
"HMP","PlantLedgerRebuild","PlantLedgerRebuild (component name; use nested control ledger for exact displayed labels)","/plant/ledger-rebuild","client/src/pages/PlantLedgerRebuild.tsx","client/src/App.tsx:329","GET /api/plant-module/mix-templates | POST /api/plant-module/mix-templates | POST /api/plant-module/mix-templates/:id/rebuild-ledger","plant_stock; admin_ledger_tools","{gatedEither(PlantLedgerRebuild, ""admin_ledger_tools"", ""plant_stock"")}","GET /api/plant-module/mix-templates => See /api requireAuth, public/optional estimator exceptions, and local guards | POST /api/plant-module/mix-templates => master_materials.create via assertCreate @ server/routes.ts:4204 | POST /api/plant-module/mix-templates/:id/rebuild-ledger => assertAdmin(req, res)","client/src/App.tsx:317 gatedEither plant_stock OR plant_materials actions=view | client/src/App.tsx:318 gatedEither stock_reconciliation OR plant_stock actions=view | client/src/App.tsx:326 gatedEither admin_ledger_tools OR plant_stock actions=view | client/src/App.tsx:327 gatedEither admin_ledger_tools OR plant_stock actions=view | client/src/App.tsx:329 gatedEither admin_ledger_tools OR plant_stock actions=view | client/src/App.tsx:342 gatedEither plant_ldo_reconciliation OR plant_stock actions=view","view; create; edit; export; notify","delete; view_reports; approve","Action candidates are the union of page keys, not proof every subfunction implements each action. Bind each operational checkbox to its endpoint/control; preserve privileged, site and lifecycle checks. See Findings C and operation ledger.",""
"HMP","Manpower Review","Manpower Review","/plant/shift-log-manpower-review","client/src/pages/PlantShiftLogManpowerReview.tsx","client/src/App.tsx:330","POST /api/plant-module/shift-log-manpower/review-list | POST /api/plant-module/shift-log-manpower/bulk-relabel | POST /api/plant-module/shift-log-manpower/recent-merges | POST /api/plant-module/shift-log-manpower/undo-merge | POST /api/plant-module/shift-log-manpower/learned-aliases | POST /api/plant-module/shift-log-manpower/custom-aliases | POST /api/plant-module/shift-log-manpower/add-custom-alias | POST /api/plant-module/shift-log-manpower/delete-custom-alias | POST /api/plant-module/shift-log-manpower/bulk-revert-alias-activity | POST /api/plant-module/shift-log-manpower/dismissed-pairs | POST /api/plant-module/shift-log-manpower/dismiss-pairs | POST /api/plant-module/shift-log-manpower/restore-dismissed-pair | POST /api/plant-module/shift-log-manpower/bulk-restore-dismissed-pairs | GET /api/plant-module/shift-logs/plants | GET /api/plant-module/shift-logs | GET /api/plant-module/shift-logs/:id | POST /api/plant-module/shift-logs | DELETE /api/plant-module/shift-logs/:id | GET /api/vendor-bills/vendor-names | GET /api/vendor-bills/:id | PUT /api/vendor-bills/:id | DELETE /api/vendor-bills/:id","plant_shift_logs; plant_manpower_review","{gatedEither(PlantShiftLogManpowerReview, ""plant_manpower_review"", ""plant_shift_logs"")} | plant_shift_logs.export via ReportExportGate @ client/src/pages/PlantShiftLogManpowerReview.tsx:2670 | plant_manpower_review.export via ReportExportGate @ client/src/pages/PlantShiftLogManpowerReview.tsx:2670","POST /api/plant-module/shift-log-manpower/review-list => assertAdmin(req, res) | POST /api/plant-module/shift-log-manpower/bulk-relabel => assertAdmin(req, res) | POST /api/plant-module/shift-log-manpower/recent-merges => assertAdmin(req, res) | POST /api/plant-module/shift-log-manpower/undo-merge => assertAdmin(req, res) | POST /api/plant-module/shift-log-manpower/learned-aliases => assertAdmin(req, res) | POST /api/plant-module/shift-log-manpower/custom-aliases => assertAdmin(req, res) | POST /api/plant-module/shift-log-manpower/add-custom-alias => assertAdmin(req, res) | POST /api/plant-module/shift-log-manpower/delete-custom-alias => assertAdmin(req, res) | POST /api/plant-module/shift-log-manpower/bulk-revert-alias-activity => assertAdmin(req, res) | POST /api/plant-module/shift-log-manpower/dismissed-pairs => assertAdmin(req, res) | POST /api/plant-module/shift-log-manpower/dismiss-pairs => assertAdmin(req, res) | POST /api/plant-module/shift-log-manpower/restore-dismissed-pair => assertAdmin(req, res) | POST /api/plant-module/shift-log-manpower/bulk-restore-dismissed-pairs => assertAdmin(req, res) | GET /api/plant-module/shift-logs/plants => See /api requireAuth, public/optional estimator exceptions, and local guards | GET /api/plant-module/shift-logs => See /api requireAuth, public/optional estimator exceptions, and local guards | GET /api/plant-module/shift-logs/:id => See /api requireAuth, public/optional estimator exceptions, and local guards | POST /api/plant-module/shift-logs => plant_shift_logs.edit via assertEdit @ server/routes.ts:7734; plant_shift_logs.create via assertCreate @ server/routes.ts:7736; plant_shift_logs.notify via sendPushToSection @ server/routes.ts:7746; plant_shift_logs.notify via sendPushToSection @ server/routes.ts:7756 | DELETE /api/plant-module/shift-logs/:id => assertAdmin(req, res) | GET /api/vendor-bills/vendor-names => See /api requireAuth, public/optional estimator exceptions, and local guards | GET /api/vendor-bills/:id => See /api requireAuth, public/optional estimator exceptions, and local guards | PUT /api/vendor-bills/:id => vendor_bills.edit via assertEditEither @ server/routes.ts:12019; vendor_bills_raise.edit via assertEditEither @ server/routes.ts:12019 | DELETE /api/vendor-bills/:id => assertAdmin(req, res)","client/src/App.tsx:330 gatedEither plant_manpower_review OR plant_shift_logs actions=view | client/src/pages/PlantShiftLogManpowerReview.tsx:2670 ReportExportGate plant_manpower_review OR plant_shift_logs actions=export","view; create; edit; export; notify","delete; view_reports; approve","Action candidates are the union of page keys, not proof every subfunction implements each action. Bind each operational checkbox to its endpoint/control; preserve privileged, site and lifecycle checks. See Findings C and operation ledger.",""
"HMP","Plant Shift Log","Plant Shift Log","/plant/shift-log","client/src/pages/PlantShiftLog.tsx","client/src/App.tsx:331","GET /api/plant-module/dispatches | POST /api/plant-module/dispatches | GET /api/plant-module/bitumen-dip-readings | POST /api/plant-module/bitumen-dip-readings | GET /api/plant-module/ldo-flow-readings | POST /api/plant-module/ldo-flow-readings | GET /api/plant-module/ldo-dip-readings | POST /api/plant-module/ldo-dip-readings | GET /api/plant-module/shift-logs | GET /api/plant-module/shift-logs/by-date/:date | GET /api/plant-module/shift-logs/:id | POST /api/plant-module/shift-logs | POST /api/plant-module/shift-logs/:id/finalize | DELETE /api/plant-module/shift-logs/:id | GET /api/plant-module/heating-sessions | GET /api/plant-module/heating-sessions/dryer-source-mismatches | PATCH /api/plant-module/heating-sessions/:id | GET /api/plant-module/heating-sessions/:id | POST /api/plant-module/heating-sessions | PUT /api/plant-module/heating-sessions/:id | DELETE /api/plant-module/heating-sessions/:id | GET /api/plant-module/ldo-meter/last","plant_shift_logs","{gated(PlantShiftLog, ""plant_shift_logs"")} | plant_shift_logs.export via ReportExportGate @ client/src/pages/PlantShiftLog.tsx:1123 | plant_shift_logs.edit via EditPermissionButton mapped record type @ client/src/pages/PlantShiftLog.tsx:1270","GET /api/plant-module/dispatches => See /api requireAuth, public/optional estimator exceptions, and local guards | POST /api/plant-module/dispatches => plant_production.create via assertCreate @ server/routes.ts:5294; plant_production.notify via sendPushToSection @ server/routes.ts:5303 | GET /api/plant-module/bitumen-dip-readings => plant_bitumen.view via assertView @ server/routes.ts:7147 | POST /api/plant-module/bitumen-dip-readings => plant_bitumen.create via assertCreate @ server/routes.ts:7164; plant_bitumen.notify via sendPushToSection @ server/routes.ts:7167 | GET /api/plant-module/ldo-flow-readings => plant_ldo.view via assertView @ server/routes.ts:7212 | POST /api/plant-module/ldo-flow-readings => plant_ldo.create via assertCreate @ server/routes.ts:7236; plant_ldo.notify via sendPushToSection @ server/routes.ts:7239 | GET /api/plant-module/ldo-dip-readings => plant_ldo.view via assertView @ server/routes.ts:7391 | POST /api/plant-module/ldo-dip-readings => plant_ldo.create via assertCreate @ server/routes.ts:7408; plant_ldo.notify via sendPushToSection @ server/routes.ts:7411 | GET /api/plant-module/shift-logs => See /api requireAuth, public/optional estimator exceptions, and local guards | GET /api/plant-module/shift-logs/by-date/:date => See /api requireAuth, public/optional estimator exceptions, and local guards | GET /api/plant-module/shift-logs/:id => See /api requireAuth, public/optional estimator exceptions, and local guards | POST /api/plant-module/shift-logs => plant_shift_logs.edit via assertEdit @ server/routes.ts:7734; plant_shift_logs.create via assertCreate @ server/routes.ts:7736; plant_shift_logs.notify via sendPushToSection @ server/routes.ts:7746; plant_shift_logs.notify via sendPushToSection @ server/routes.ts:7756 | POST /api/plant-module/shift-logs/:id/finalize => plant_shift_logs.edit via assertEdit @ server/routes.ts:7771 | DELETE /api/plant-module/shift-logs/:id => assertAdmin(req, res) | GET /api/plant-module/heating-sessions => See /api requireAuth, public/optional estimator exceptions, and local guards | GET /api/plant-module/heating-sessions/dryer-source-mismatches => See /api requireAuth, public/optional estimator exceptions, and local guards | PATCH /api/plant-module/heating-sessions/:id => plant_heating.edit via assertEdit @ server/routes.ts:8767 | GET /api/plant-module/heating-sessions/:id => See /api requireAuth, public/optional estimator exceptions, and local guards | POST /api/plant-module/heating-sessions => plant_heating.create via assertCreate @ server/routes.ts:8797 | PUT /api/plant-module/heating-sessions/:id => plant_heating.edit via assertEdit @ server/routes.ts:8826 | DELETE /api/plant-module/heating-sessions/:id => assertAdmin(req, res) | GET /api/plant-module/ldo-meter/last => See /api requireAuth, public/optional estimator exceptions, and local guards","client/src/App.tsx:330 gatedEither plant_manpower_review OR plant_shift_logs actions=view | client/src/pages/PlantShiftLogManpowerReview.tsx:2670 ReportExportGate plant_manpower_review OR plant_shift_logs actions=export","view; create; edit; export; notify","delete; view_reports; approve","Action candidates are the union of page keys, not proof every subfunction implements each action. Bind each operational checkbox to its endpoint/control; preserve privileged, site and lifecycle checks. See Findings C and operation ledger.",""
"HMP","PlantShiftLog","PlantShiftLog (component name; use nested control ledger for exact displayed labels)","/plant/shift-log/:date","client/src/pages/PlantShiftLog.tsx","client/src/App.tsx:332","GET /api/plant-module/dispatches | POST /api/plant-module/dispatches | GET /api/plant-module/bitumen-dip-readings | POST /api/plant-module/bitumen-dip-readings | GET /api/plant-module/ldo-flow-readings | POST /api/plant-module/ldo-flow-readings | GET /api/plant-module/ldo-dip-readings | POST /api/plant-module/ldo-dip-readings | GET /api/plant-module/shift-logs | GET /api/plant-module/shift-logs/by-date/:date | GET /api/plant-module/shift-logs/:id | POST /api/plant-module/shift-logs | POST /api/plant-module/shift-logs/:id/finalize | DELETE /api/plant-module/shift-logs/:id | GET /api/plant-module/heating-sessions | GET /api/plant-module/heating-sessions/dryer-source-mismatches | PATCH /api/plant-module/heating-sessions/:id | GET /api/plant-module/heating-sessions/:id | POST /api/plant-module/heating-sessions | PUT /api/plant-module/heating-sessions/:id | DELETE /api/plant-module/heating-sessions/:id | GET /api/plant-module/ldo-meter/last","plant_shift_logs","{gated(PlantShiftLog, ""plant_shift_logs"")} | plant_shift_logs.export via ReportExportGate @ client/src/pages/PlantShiftLog.tsx:1123 | plant_shift_logs.edit via EditPermissionButton mapped record type @ client/src/pages/PlantShiftLog.tsx:1270","GET /api/plant-module/dispatches => See /api requireAuth, public/optional estimator exceptions, and local guards | POST /api/plant-module/dispatches => plant_production.create via assertCreate @ server/routes.ts:5294; plant_production.notify via sendPushToSection @ server/routes.ts:5303 | GET /api/plant-module/bitumen-dip-readings => plant_bitumen.view via assertView @ server/routes.ts:7147 | POST /api/plant-module/bitumen-dip-readings => plant_bitumen.create via assertCreate @ server/routes.ts:7164; plant_bitumen.notify via sendPushToSection @ server/routes.ts:7167 | GET /api/plant-module/ldo-flow-readings => plant_ldo.view via assertView @ server/routes.ts:7212 | POST /api/plant-module/ldo-flow-readings => plant_ldo.create via assertCreate @ server/routes.ts:7236; plant_ldo.notify via sendPushToSection @ server/routes.ts:7239 | GET /api/plant-module/ldo-dip-readings => plant_ldo.view via assertView @ server/routes.ts:7391 | POST /api/plant-module/ldo-dip-readings => plant_ldo.create via assertCreate @ server/routes.ts:7408; plant_ldo.notify via sendPushToSection @ server/routes.ts:7411 | GET /api/plant-module/shift-logs => See /api requireAuth, public/optional estimator exceptions, and local guards | GET /api/plant-module/shift-logs/by-date/:date => See /api requireAuth, public/optional estimator exceptions, and local guards | GET /api/plant-module/shift-logs/:id => See /api requireAuth, public/optional estimator exceptions, and local guards | POST /api/plant-module/shift-logs => plant_shift_logs.edit via assertEdit @ server/routes.ts:7734; plant_shift_logs.create via assertCreate @ server/routes.ts:7736; plant_shift_logs.notify via sendPushToSection @ server/routes.ts:7746; plant_shift_logs.notify via sendPushToSection @ server/routes.ts:7756 | POST /api/plant-module/shift-logs/:id/finalize => plant_shift_logs.edit via assertEdit @ server/routes.ts:7771 | DELETE /api/plant-module/shift-logs/:id => assertAdmin(req, res) | GET /api/plant-module/heating-sessions => See /api requireAuth, public/optional estimator exceptions, and local guards | GET /api/plant-module/heating-sessions/dryer-source-mismatches => See /api requireAuth, public/optional estimator exceptions, and local guards | PATCH /api/plant-module/heating-sessions/:id => plant_heating.edit via assertEdit @ server/routes.ts:8767 | GET /api/plant-module/heating-sessions/:id => See /api requireAuth, public/optional estimator exceptions, and local guards | POST /api/plant-module/heating-sessions => plant_heating.create via assertCreate @ server/routes.ts:8797 | PUT /api/plant-module/heating-sessions/:id => plant_heating.edit via assertEdit @ server/routes.ts:8826 | DELETE /api/plant-module/heating-sessions/:id => assertAdmin(req, res) | GET /api/plant-module/ldo-meter/last => See /api requireAuth, public/optional estimator exceptions, and local guards","client/src/App.tsx:330 gatedEither plant_manpower_review OR plant_shift_logs actions=view | client/src/pages/PlantShiftLogManpowerReview.tsx:2670 ReportExportGate plant_manpower_review OR plant_shift_logs actions=export","view; create; edit; export; notify","delete; view_reports; approve","Action candidates are the union of page keys, not proof every subfunction implements each action. Bind each operational checkbox to its endpoint/control; preserve privileged, site and lifecycle checks. See Findings C and operation ledger.",""
"Reports / originating domain","Daily Plant Reports","Daily Plant Reports","/plant/daily-reports","client/src/pages/PlantDailyReports.tsx","client/src/App.tsx:333","GET /api/plant-module/parties | POST /api/plant-module/parties | GET /api/plant-module/mix-types | POST /api/plant-module/mix-types | GET /api/plant-module/shift-logs/plants | GET /api/plant-module/shift-logs/:id | DELETE /api/plant-module/shift-logs/:id | GET /api/plant-module/daily-reports/:date | GET /api/plant-module/daily-reports-index | GET /api/plant-module/daily-reports-export | POST /api/plant-module/daily-reports/bulk-zip | GET /api/plant-module/heating-sessions | GET /api/plant-module/heating-sessions/dryer-source-mismatches | PATCH /api/plant-module/heating-sessions/align-dryer-source | PATCH /api/plant-module/heating-sessions/:id | GET /api/plant-module/heating-sessions/:id | POST /api/plant-module/heating-sessions | PUT /api/plant-module/heating-sessions/:id | DELETE /api/plant-module/heating-sessions/:id","plant_daily_reports","{gated(PlantDailyReports, ""plant_daily_reports"")} | plant_daily_reports.export via ReportExportGate @ client/src/pages/PlantDailyReports.tsx:466 | plant_daily_reports.export via ReportExportGate @ client/src/pages/PlantDailyReports.tsx:908","GET /api/plant-module/parties => See /api requireAuth, public/optional estimator exceptions, and local guards | POST /api/plant-module/parties => master_parties.create via assertCreate @ server/routes.ts:3976 | GET /api/plant-module/mix-types => See /api requireAuth, public/optional estimator exceptions, and local guards | POST /api/plant-module/mix-types => master_materials.create via assertCreate @ server/routes.ts:4126 | GET /api/plant-module/shift-logs/plants => See /api requireAuth, public/optional estimator exceptions, and local guards | GET /api/plant-module/shift-logs/:id => See /api requireAuth, public/optional estimator exceptions, and local guards | DELETE /api/plant-module/shift-logs/:id => assertAdmin(req, res) | GET /api/plant-module/daily-reports/:date => See /api requireAuth, public/optional estimator exceptions, and local guards | GET /api/plant-module/daily-reports-index => See /api requireAuth, public/optional estimator exceptions, and local guards | GET /api/plant-module/daily-reports-export => plant_daily_reports.export via assertReportExport @ server/routes.ts:8350 | POST /api/plant-module/daily-reports/bulk-zip => plant_daily_reports.export via assertReportExport @ server/routes.ts:8513 | GET /api/plant-module/heating-sessions => See /api requireAuth, public/optional estimator exceptions, and local guards | GET /api/plant-module/heating-sessions/dryer-source-mismatches => See /api requireAuth, public/optional estimator exceptions, and local guards | PATCH /api/plant-module/heating-sessions/align-dryer-source => plant_heating.edit via assertEdit @ server/routes.ts:8748 | PATCH /api/plant-module/heating-sessions/:id => plant_heating.edit via assertEdit @ server/routes.ts:8767 | GET /api/plant-module/heating-sessions/:id => See /api requireAuth, public/optional estimator exceptions, and local guards | POST /api/plant-module/heating-sessions => plant_heating.create via assertCreate @ server/routes.ts:8797 | PUT /api/plant-module/heating-sessions/:id => plant_heating.edit via assertEdit @ server/routes.ts:8826 | DELETE /api/plant-module/heating-sessions/:id => assertAdmin(req, res)","client/src/App.tsx:315 gatedEither rmc_daily_report OR plant_daily_reports actions=view | client/src/App.tsx:339 gatedEither plant_daily_reports OR plant_production actions=view | client/src/pages/PlantProjectReport.tsx:261 ReportExportGate plant_daily_reports OR plant_production actions=export | client/src/pages/RmcDailyReport.tsx:83 ReportExportGate rmc_daily_report OR plant_daily_reports actions=export","view; edit; export; notify","create; delete; view_reports; approve","Action candidates are the union of page keys, not proof every subfunction implements each action. Bind each operational checkbox to its endpoint/control; preserve privileged, site and lifecycle checks. See Findings C and operation ledger.",""
"Reports / originating domain","PlantDailyReport","PlantDailyReport (component name; use nested control ledger for exact displayed labels)","/plant/daily-report","client/src/pages/PlantDailyReport.tsx","client/src/App.tsx:334","GET /api/plant-module/shift-logs/plants | GET /api/plant-module/shift-logs/:id | DELETE /api/plant-module/shift-logs/:id | GET /api/plant-module/daily-reports/:date | GET /api/plant-module/heating-sessions/dryer-source-mismatches | PATCH /api/plant-module/heating-sessions/align-dryer-source | PATCH /api/plant-module/heating-sessions/:id | GET /api/plant-module/heating-sessions/:id | PUT /api/plant-module/heating-sessions/:id | DELETE /api/plant-module/heating-sessions/:id","plant_daily_reports","{gated(PlantDailyReport, ""plant_daily_reports"")} | plant_daily_reports.export via ReportExportGate @ client/src/pages/PlantDailyReport.tsx:205","GET /api/plant-module/shift-logs/plants => See /api requireAuth, public/optional estimator exceptions, and local guards | GET /api/plant-module/shift-logs/:id => See /api requireAuth, public/optional estimator exceptions, and local guards | DELETE /api/plant-module/shift-logs/:id => assertAdmin(req, res) | GET /api/plant-module/daily-reports/:date => See /api requireAuth, public/optional estimator exceptions, and local guards | GET /api/plant-module/heating-sessions/dryer-source-mismatches => See /api requireAuth, public/optional estimator exceptions, and local guards | PATCH /api/plant-module/heating-sessions/align-dryer-source => plant_heating.edit via assertEdit @ server/routes.ts:8748 | PATCH /api/plant-module/heating-sessions/:id => plant_heating.edit via assertEdit @ server/routes.ts:8767 | GET /api/plant-module/heating-sessions/:id => See /api requireAuth, public/optional estimator exceptions, and local guards | PUT /api/plant-module/heating-sessions/:id => plant_heating.edit via assertEdit @ server/routes.ts:8826 | DELETE /api/plant-module/heating-sessions/:id => assertAdmin(req, res)","client/src/App.tsx:315 gatedEither rmc_daily_report OR plant_daily_reports actions=view | client/src/App.tsx:339 gatedEither plant_daily_reports OR plant_production actions=view | client/src/pages/PlantProjectReport.tsx:261 ReportExportGate plant_daily_reports OR plant_production actions=export | client/src/pages/RmcDailyReport.tsx:83 ReportExportGate rmc_daily_report OR plant_daily_reports actions=export","view; edit; export; notify","create; delete; view_reports; approve","Action candidates are the union of page keys, not proof every subfunction implements each action. Bind each operational checkbox to its endpoint/control; preserve privileged, site and lifecycle checks. See Findings C and operation ledger.",""
"Reports / originating domain","PlantDailyReport","PlantDailyReport (component name; use nested control ledger for exact displayed labels)","/plant/daily-report/:date","client/src/pages/PlantDailyReport.tsx","client/src/App.tsx:335","GET /api/plant-module/shift-logs/plants | GET /api/plant-module/shift-logs/:id | DELETE /api/plant-module/shift-logs/:id | GET /api/plant-module/daily-reports/:date | GET /api/plant-module/heating-sessions/dryer-source-mismatches | PATCH /api/plant-module/heating-sessions/align-dryer-source | PATCH /api/plant-module/heating-sessions/:id | GET /api/plant-module/heating-sessions/:id | PUT /api/plant-module/heating-sessions/:id | DELETE /api/plant-module/heating-sessions/:id","plant_daily_reports","{gated(PlantDailyReport, ""plant_daily_reports"")} | plant_daily_reports.export via ReportExportGate @ client/src/pages/PlantDailyReport.tsx:205","GET /api/plant-module/shift-logs/plants => See /api requireAuth, public/optional estimator exceptions, and local guards | GET /api/plant-module/shift-logs/:id => See /api requireAuth, public/optional estimator exceptions, and local guards | DELETE /api/plant-module/shift-logs/:id => assertAdmin(req, res) | GET /api/plant-module/daily-reports/:date => See /api requireAuth, public/optional estimator exceptions, and local guards | GET /api/plant-module/heating-sessions/dryer-source-mismatches => See /api requireAuth, public/optional estimator exceptions, and local guards | PATCH /api/plant-module/heating-sessions/align-dryer-source => plant_heating.edit via assertEdit @ server/routes.ts:8748 | PATCH /api/plant-module/heating-sessions/:id => plant_heating.edit via assertEdit @ server/routes.ts:8767 | GET /api/plant-module/heating-sessions/:id => See /api requireAuth, public/optional estimator exceptions, and local guards | PUT /api/plant-module/heating-sessions/:id => plant_heating.edit via assertEdit @ server/routes.ts:8826 | DELETE /api/plant-module/heating-sessions/:id => assertAdmin(req, res)","client/src/App.tsx:315 gatedEither rmc_daily_report OR plant_daily_reports actions=view | client/src/App.tsx:339 gatedEither plant_daily_reports OR plant_production actions=view | client/src/pages/PlantProjectReport.tsx:261 ReportExportGate plant_daily_reports OR plant_production actions=export | client/src/pages/RmcDailyReport.tsx:83 ReportExportGate rmc_daily_report OR plant_daily_reports actions=export","view; edit; export; notify","create; delete; view_reports; approve","Action candidates are the union of page keys, not proof every subfunction implements each action. Bind each operational checkbox to its endpoint/control; preserve privileged, site and lifecycle checks. See Findings C and operation ledger.",""
"HMP","Bitumen Heating Sessions","Bitumen Heating Sessions","/plant/heating-sessions","client/src/pages/PlantHeatingSessions.tsx","client/src/App.tsx:336","GET /api/plant-module/equipment-usage/previous-balance/:equipmentId | PUT /api/plant-module/equipment-usage/:id | DELETE /api/plant-module/equipment-usage/:id | GET /api/plant-module/generators | GET /api/plant-module/generator-logs | POST /api/plant-module/generator-logs | GET /api/plant-module/generator-candidates | POST /api/plant-module/generator-logs/from-equipment-usage | GET /api/plant-module/shift-logs/by-date/:date | GET /api/plant-module/heating-sessions | GET /api/plant-module/heating-sessions/reconciliation | GET /api/plant-module/heating-sessions/dryer-source-mismatches | PATCH /api/plant-module/heating-sessions/align-dryer-source | PATCH /api/plant-module/heating-sessions/:id | GET /api/plant-module/heating-sessions/:id | POST /api/plant-module/heating-sessions | PUT /api/plant-module/heating-sessions/:id | POST /api/plant-module/heating-sessions/:id/finalize | DELETE /api/plant-module/heating-sessions/:id | GET /api/plant-module/ldo-meter/last","plant_heating","{gated(PlantHeatingSessions, ""plant_heating"")} | plant_heating.edit via EditPermissionButton mapped record type @ client/src/pages/PlantHeatingSessions.tsx:1339","GET /api/plant-module/equipment-usage/previous-balance/:equipmentId => See /api requireAuth, public/optional estimator exceptions, and local guards | PUT /api/plant-module/equipment-usage/:id => plant_equipment.edit via assertEdit @ server/routes.ts:6055; plant_equipment.notify via sendPushToSection @ server/routes.ts:6065 | DELETE /api/plant-module/equipment-usage/:id => plant_equipment.notify via sendPushToSection @ server/routes.ts:6094 | GET /api/plant-module/generators => See /api requireAuth, public/optional estimator exceptions, and local guards | GET /api/plant-module/generator-logs => See /api requireAuth, public/optional estimator exceptions, and local guards | POST /api/plant-module/generator-logs => plant_equipment.create via assertCreate @ server/routes.ts:6149; plant_generator_logs.notify via sendPushToSection @ server/routes.ts:6151 | GET /api/plant-module/generator-candidates => See /api requireAuth, public/optional estimator exceptions, and local guards | POST /api/plant-module/generator-logs/from-equipment-usage => plant_equipment.create via assertCreate @ server/routes.ts:6237 | GET /api/plant-module/shift-logs/by-date/:date => See /api requireAuth, public/optional estimator exceptions, and local guards | GET /api/plant-module/heating-sessions => See /api requireAuth, public/optional estimator exceptions, and local guards | GET /api/plant-module/heating-sessions/reconciliation => See /api requireAuth, public/optional estimator exceptions, and local guards | GET /api/plant-module/heating-sessions/dryer-source-mismatches => See /api requireAuth, public/optional estimator exceptions, and local guards | PATCH /api/plant-module/heating-sessions/align-dryer-source => plant_heating.edit via assertEdit @ server/routes.ts:8748 | PATCH /api/plant-module/heating-sessions/:id => plant_heating.edit via assertEdit @ server/routes.ts:8767 | GET /api/plant-module/heating-sessions/:id => See /api requireAuth, public/optional estimator exceptions, and local guards | POST /api/plant-module/heating-sessions => plant_heating.create via assertCreate @ server/routes.ts:8797 | PUT /api/plant-module/heating-sessions/:id => plant_heating.edit via assertEdit @ server/routes.ts:8826 | POST /api/plant-module/heating-sessions/:id/finalize => plant_heating.edit via assertEdit @ server/routes.ts:8883 | DELETE /api/plant-module/heating-sessions/:id => assertAdmin(req, res) | GET /api/plant-module/ldo-meter/last => See /api requireAuth, public/optional estimator exceptions, and local guards","client/src/App.tsx:338 gatedEither plant_heating_trends OR plant_heating actions=view | client/src/pages/PlantHeatingTrends.tsx:161 ReportExportGate plant_heating OR plant_heating_trends actions=export | server/routes.ts:8938 assertReportExport plant_heating OR plant_heating_trends actions=export","view; create; edit; export","delete; view_reports; approve; notify","Action candidates are the union of page keys, not proof every subfunction implements each action. Bind each operational checkbox to its endpoint/control; preserve privileged, site and lifecycle checks. See Findings C and operation ledger.",""
"HMP","PlantHeatingSessions","PlantHeatingSessions (component name; use nested control ledger for exact displayed labels)","/plant/heating-sessions/:date","client/src/pages/PlantHeatingSessions.tsx","client/src/App.tsx:337","GET /api/plant-module/equipment-usage/previous-balance/:equipmentId | PUT /api/plant-module/equipment-usage/:id | DELETE /api/plant-module/equipment-usage/:id | GET /api/plant-module/generators | GET /api/plant-module/generator-logs | POST /api/plant-module/generator-logs | GET /api/plant-module/generator-candidates | POST /api/plant-module/generator-logs/from-equipment-usage | GET /api/plant-module/shift-logs/by-date/:date | GET /api/plant-module/heating-sessions | GET /api/plant-module/heating-sessions/reconciliation | GET /api/plant-module/heating-sessions/dryer-source-mismatches | PATCH /api/plant-module/heating-sessions/align-dryer-source | PATCH /api/plant-module/heating-sessions/:id | GET /api/plant-module/heating-sessions/:id | POST /api/plant-module/heating-sessions | PUT /api/plant-module/heating-sessions/:id | POST /api/plant-module/heating-sessions/:id/finalize | DELETE /api/plant-module/heating-sessions/:id | GET /api/plant-module/ldo-meter/last","plant_heating","{gated(PlantHeatingSessions, ""plant_heating"")} | plant_heating.edit via EditPermissionButton mapped record type @ client/src/pages/PlantHeatingSessions.tsx:1339","GET /api/plant-module/equipment-usage/previous-balance/:equipmentId => See /api requireAuth, public/optional estimator exceptions, and local guards | PUT /api/plant-module/equipment-usage/:id => plant_equipment.edit via assertEdit @ server/routes.ts:6055; plant_equipment.notify via sendPushToSection @ server/routes.ts:6065 | DELETE /api/plant-module/equipment-usage/:id => plant_equipment.notify via sendPushToSection @ server/routes.ts:6094 | GET /api/plant-module/generators => See /api requireAuth, public/optional estimator exceptions, and local guards | GET /api/plant-module/generator-logs => See /api requireAuth, public/optional estimator exceptions, and local guards | POST /api/plant-module/generator-logs => plant_equipment.create via assertCreate @ server/routes.ts:6149; plant_generator_logs.notify via sendPushToSection @ server/routes.ts:6151 | GET /api/plant-module/generator-candidates => See /api requireAuth, public/optional estimator exceptions, and local guards | POST /api/plant-module/generator-logs/from-equipment-usage => plant_equipment.create via assertCreate @ server/routes.ts:6237 | GET /api/plant-module/shift-logs/by-date/:date => See /api requireAuth, public/optional estimator exceptions, and local guards | GET /api/plant-module/heating-sessions => See /api requireAuth, public/optional estimator exceptions, and local guards | GET /api/plant-module/heating-sessions/reconciliation => See /api requireAuth, public/optional estimator exceptions, and local guards | GET /api/plant-module/heating-sessions/dryer-source-mismatches => See /api requireAuth, public/optional estimator exceptions, and local guards | PATCH /api/plant-module/heating-sessions/align-dryer-source => plant_heating.edit via assertEdit @ server/routes.ts:8748 | PATCH /api/plant-module/heating-sessions/:id => plant_heating.edit via assertEdit @ server/routes.ts:8767 | GET /api/plant-module/heating-sessions/:id => See /api requireAuth, public/optional estimator exceptions, and local guards | POST /api/plant-module/heating-sessions => plant_heating.create via assertCreate @ server/routes.ts:8797 | PUT /api/plant-module/heating-sessions/:id => plant_heating.edit via assertEdit @ server/routes.ts:8826 | POST /api/plant-module/heating-sessions/:id/finalize => plant_heating.edit via assertEdit @ server/routes.ts:8883 | DELETE /api/plant-module/heating-sessions/:id => assertAdmin(req, res) | GET /api/plant-module/ldo-meter/last => See /api requireAuth, public/optional estimator exceptions, and local guards","client/src/App.tsx:338 gatedEither plant_heating_trends OR plant_heating actions=view | client/src/pages/PlantHeatingTrends.tsx:161 ReportExportGate plant_heating OR plant_heating_trends actions=export | server/routes.ts:8938 assertReportExport plant_heating OR plant_heating_trends actions=export","view; create; edit; export","delete; view_reports; approve; notify","Action candidates are the union of page keys, not proof every subfunction implements each action. Bind each operational checkbox to its endpoint/control; preserve privileged, site and lifecycle checks. See Findings C and operation ledger.",""
"Reports / originating domain","Heating Trends","Heating Trends","/plant/heating-trends","client/src/pages/PlantHeatingTrends.tsx","client/src/App.tsx:338","GET /api/plant-module/heating-trends","plant_heating; plant_heating_trends","{gatedEither(PlantHeatingTrends, ""plant_heating_trends"", ""plant_heating"")} | plant_heating.export via ReportExportGate @ client/src/pages/PlantHeatingTrends.tsx:161 | plant_heating_trends.export via ReportExportGate @ client/src/pages/PlantHeatingTrends.tsx:161","GET /api/plant-module/heating-trends => See /api requireAuth, public/optional estimator exceptions, and local guards","client/src/App.tsx:338 gatedEither plant_heating_trends OR plant_heating actions=view | client/src/pages/PlantHeatingTrends.tsx:161 ReportExportGate plant_heating OR plant_heating_trends actions=export | server/routes.ts:8938 assertReportExport plant_heating OR plant_heating_trends actions=export","view; create; edit; export","delete; view_reports; approve; notify","Action candidates are the union of page keys, not proof every subfunction implements each action. Bind each operational checkbox to its endpoint/control; preserve privileged, site and lifecycle checks. See Findings C and operation ledger.",""
"HMP","PlantProjectReport","PlantProjectReport (component name; use nested control ledger for exact displayed labels)","/plant/dispatch-summary","client/src/pages/PlantProjectReport.tsx","client/src/App.tsx:339","GET /api/plant-module/parties | POST /api/plant-module/parties | GET /api/plant-module/plant-settings | GET /api/reports/plant-project-dispatch-summary","plant_production; plant_daily_reports","{gatedEither(PlantProjectReport, ""plant_daily_reports"", ""plant_production"")} | plant_daily_reports.export via ReportExportGate @ client/src/pages/PlantProjectReport.tsx:261 | plant_production.export via ReportExportGate @ client/src/pages/PlantProjectReport.tsx:261","GET /api/plant-module/parties => See /api requireAuth, public/optional estimator exceptions, and local guards | POST /api/plant-module/parties => master_parties.create via assertCreate @ server/routes.ts:3976 | GET /api/plant-module/plant-settings => See /api requireAuth, public/optional estimator exceptions, and local guards | GET /api/reports/plant-project-dispatch-summary => plant_production.view via assertView @ server/routes.ts:14839","client/src/App.tsx:310 gatedEither rmc_operations OR rmc_batch_records OR plant_production actions=view | client/src/App.tsx:311 gatedEither rmc_mix_designs OR rmc_operations OR plant_production actions=view | client/src/App.tsx:312 gatedEither rmc_batch_records OR rmc_operations OR plant_production actions=view | client/src/App.tsx:314 gatedEither rmc_cube_tests OR rmc_operations OR plant_production actions=view | client/src/App.tsx:315 gatedEither rmc_daily_report OR plant_daily_reports actions=view | client/src/App.tsx:316 gatedEither rmc_delivery_challans OR rmc_operations OR plant_production actions=view | client/src/App.tsx:339 gatedEither plant_daily_reports OR plant_production actions=view | client/src/pages/PlantProjectReport.tsx:261 ReportExportGate plant_daily_reports OR plant_production actions=export | client/src/pages/RmcBatchRecords.tsx:42 ReportExportGate rmc_batch_records OR rmc_operations OR plant_production actions=export | client/src/pages/RmcBatchRecords.tsx:378 ReportExportGate rmc_batch_records OR rmc_operations OR plant_production actions=export | client/src/pages/RmcCubeTests.tsx:194 ReportExportGate rmc_cube_tests OR rmc_operations OR plant_production actions=export | client/src/pages/RmcDailyReport.tsx:83 ReportExportGate rmc_daily_report OR plant_daily_reports actions=export | client/src/pages/RmcDeliveryChallans.tsx:22 ReportExportGate rmc_delivery_challans OR rmc_operations OR plant_production actions=export | client/src/pages/RmcDeliveryChallans.tsx:189 ReportExportGate rmc_delivery_challans OR rmc_operations OR plant_production actions=export","view; create; edit; delete; export; notify","view_reports; approve","Action candidates are the union of page keys, not proof every subfunction implements each action. Bind each operational checkbox to its endpoint/control; preserve privileged, site and lifecycle checks. See Findings C and operation ledger.",""
"HMP","PlantHeatingMismatch","PlantHeatingMismatch (component name; use nested control ledger for exact displayed labels)","/plant/heating-mismatch/:date","client/src/pages/PlantHeatingMismatch.tsx","client/src/App.tsx:340","GET /api/plant-module/shift-logs | POST /api/plant-module/shift-logs | GET /api/plant-module/heating-sessions | POST /api/plant-module/heating-sessions","plant_heating","{gated(PlantHeatingMismatch, ""plant_heating"")}","GET /api/plant-module/shift-logs => See /api requireAuth, public/optional estimator exceptions, and local guards | POST /api/plant-module/shift-logs => plant_shift_logs.edit via assertEdit @ server/routes.ts:7734; plant_shift_logs.create via assertCreate @ server/routes.ts:7736; plant_shift_logs.notify via sendPushToSection @ server/routes.ts:7746; plant_shift_logs.notify via sendPushToSection @ server/routes.ts:7756 | GET /api/plant-module/heating-sessions => See /api requireAuth, public/optional estimator exceptions, and local guards | POST /api/plant-module/heating-sessions => plant_heating.create via assertCreate @ server/routes.ts:8797","client/src/App.tsx:338 gatedEither plant_heating_trends OR plant_heating actions=view | client/src/pages/PlantHeatingTrends.tsx:161 ReportExportGate plant_heating OR plant_heating_trends actions=export | server/routes.ts:8938 assertReportExport plant_heating OR plant_heating_trends actions=export","view; create; edit; export","delete; view_reports; approve; notify","Action candidates are the union of page keys, not proof every subfunction implements each action. Bind each operational checkbox to its endpoint/control; preserve privileged, site and lifecycle checks. See Findings C and operation ledger.",""
"HMP","PlantLdoMismatch","PlantLdoMismatch (component name; use nested control ledger for exact displayed labels)","/plant/ldo-mismatch/:date","client/src/pages/PlantLdoMismatch.tsx","client/src/App.tsx:341","GET /api/plant-module/ldo-flow-readings | POST /api/plant-module/ldo-flow-readings | GET /api/plant-module/ldo-orphaned-rows | DELETE /api/plant-module/ldo-orphaned-rows | GET /api/plant-module/shift-logs | POST /api/plant-module/shift-logs | GET /api/plant-module/heating-sessions | POST /api/plant-module/heating-sessions | PATCH /api/plant-module/heating-sessions/:id/resync-flow","plant_heating","{gated(PlantLdoMismatch, ""plant_heating"")} | plant_heating.export via ReportExportGate @ client/src/pages/PlantLdoMismatch.tsx:1414","GET /api/plant-module/ldo-flow-readings => plant_ldo.view via assertView @ server/routes.ts:7212 | POST /api/plant-module/ldo-flow-readings => plant_ldo.create via assertCreate @ server/routes.ts:7236; plant_ldo.notify via sendPushToSection @ server/routes.ts:7239 | GET /api/plant-module/ldo-orphaned-rows => See /api requireAuth, public/optional estimator exceptions, and local guards | DELETE /api/plant-module/ldo-orphaned-rows => assertAdmin(req, res) | GET /api/plant-module/shift-logs => See /api requireAuth, public/optional estimator exceptions, and local guards | POST /api/plant-module/shift-logs => plant_shift_logs.edit via assertEdit @ server/routes.ts:7734; plant_shift_logs.create via assertCreate @ server/routes.ts:7736; plant_shift_logs.notify via sendPushToSection @ server/routes.ts:7746; plant_shift_logs.notify via sendPushToSection @ server/routes.ts:7756 | GET /api/plant-module/heating-sessions => See /api requireAuth, public/optional estimator exceptions, and local guards | POST /api/plant-module/heating-sessions => plant_heating.create via assertCreate @ server/routes.ts:8797 | PATCH /api/plant-module/heating-sessions/:id/resync-flow => plant_heating.edit via assertEdit @ server/routes.ts:8865","client/src/App.tsx:338 gatedEither plant_heating_trends OR plant_heating actions=view | client/src/pages/PlantHeatingTrends.tsx:161 ReportExportGate plant_heating OR plant_heating_trends actions=export | server/routes.ts:8938 assertReportExport plant_heating OR plant_heating_trends actions=export","view; create; edit; export","delete; view_reports; approve; notify","Action candidates are the union of page keys, not proof every subfunction implements each action. Bind each operational checkbox to its endpoint/control; preserve privileged, site and lifecycle checks. See Findings C and operation ledger.",""
"Reports / originating domain","LDO Book vs Physical / LDO Book Reconciliation","LDO Book vs Physical / LDO Book Reconciliation","/plant/ldo-reconciliation","client/src/pages/PlantLdoReconciliation.tsx","client/src/App.tsx:342","GET /api/plant-module/ldo-reconciliation | GET /api/plant-module/shift-logs/plants | GET /api/plant-module/shift-logs/:id | DELETE /api/plant-module/shift-logs/:id","plant_stock; plant_ldo_reconciliation","{gatedEither(PlantLdoReconciliation, ""plant_ldo_reconciliation"", ""plant_stock"")} | plant_stock.export via sectionCan @ client/src/pages/PlantLdoReconciliation.tsx:70","GET /api/plant-module/ldo-reconciliation => plant_stock.view via assertView @ server/routes.ts:7559 | GET /api/plant-module/shift-logs/plants => See /api requireAuth, public/optional estimator exceptions, and local guards | GET /api/plant-module/shift-logs/:id => See /api requireAuth, public/optional estimator exceptions, and local guards | DELETE /api/plant-module/shift-logs/:id => assertAdmin(req, res)","client/src/App.tsx:317 gatedEither plant_stock OR plant_materials actions=view | client/src/App.tsx:318 gatedEither stock_reconciliation OR plant_stock actions=view | client/src/App.tsx:326 gatedEither admin_ledger_tools OR plant_stock actions=view | client/src/App.tsx:327 gatedEither admin_ledger_tools OR plant_stock actions=view | client/src/App.tsx:329 gatedEither admin_ledger_tools OR plant_stock actions=view | client/src/App.tsx:342 gatedEither plant_ldo_reconciliation OR plant_stock actions=view","view; create; edit; export; notify","delete; view_reports; approve","Action candidates are the union of page keys, not proof every subfunction implements each action. Bind each operational checkbox to its endpoint/control; preserve privileged, site and lifecycle checks. See Findings C and operation ledger.",""
"Procurement & Billing","Purchase Indent / Purchase Indents / Purchase Indent / Purchase Indents / Purchase Indent / Purchase Indent / Purchase Indents","Purchase Indent / Purchase Indents / Purchase Indent / Purchase Indents / Purchase Indent / Purchase Indent / Purchase Indents","/plant/purchase-indents","client/src/pages/PurchaseIndents.tsx","client/src/App.tsx:345","GET /api/site-material-trips | POST /api/site-material-trips | GET /api/sites | POST /api/sites | GET /api/attachments | POST /api/attachments | GET /api/plant-module/materials | POST /api/plant-module/materials | GET /api/plant-module/material-receipts | POST /api/plant-module/material-receipts | GET /api/purchase-indents | GET /api/purchase-indents/summary | GET /api/purchase-indents/report | GET /api/purchase-indents/route-corrections | POST /api/purchase-indents/route-corrections/apply | PATCH /api/purchase-indents/:id/items/:itemId/destination | GET /api/purchase-indents/:id | GET /api/purchase-orders/pending | GET /api/purchase-indents/:id/items/:itemId/purchase-order.pdf | POST /api/purchase-indents | PATCH /api/purchase-indents/:id/approve | PATCH /api/purchase-indents/:id/reject | PATCH /api/purchase-indents/:id/stores-verify | POST /api/purchase-indents/:id/record-material-receipt | GET /api/irn | GET /api/irn/:id | POST /api/irn | DELETE /api/irn/:id | PATCH /api/irn/:id | PATCH /api/purchase-indent-items/:id/procure | POST /api/purchase-indents/:id/notify | GET /api/purchase-indent-items/recent-items | PATCH /api/purchase-indent-items/:id/purchase-update | PATCH /api/purchase-indent-items/:id/cancel | PATCH /api/purchase-indent-items/:id/reviewer-note | PATCH /api/purchase-indents/:id/force-close | PUT /api/purchase-indents/:id | DELETE /api/purchase-indents/:id | GET /api/purchase-indent-items/:id/history | GET /api/purchase-indents/:id/transactions | POST /api/purchase-indents/:id/purchaser-action | POST /api/purchase-indent-items/:id/record-delivery | POST /api/purchase-indents/:id/service-completion | GET /api/service-completions | POST /api/purchase-indents/:id/bulk-receipt | GET /api/pending-plant-receipts | GET /api/stores/items | GET /api/stores/stock-balance | POST /api/stores/items | GET /api/stores/grns | GET /api/stores/grns/supplier-history | GET /api/stores/grns/:id | POST /api/stores/grns | PATCH /api/stores/grns/:id | PUT /api/stores/grns/:id | GET /api/stores/indent-grn-counts | GET /api/stores/indent-fulfilment-status | GET /api/stores/indent-received-per-item | GET /api/boq/projects | GET /api/boq/projects/:id | POST /api/boq/projects | PATCH /api/boq/projects/:id | DELETE /api/boq/projects/:id","site_procurement; purchase_indents_view; purchase_indents_raise","{gatedEither(PurchaseIndents, ""purchase_indents_view"", ""site_procurement"", ""purchase_indents_raise"")} | stores_inventory.view via sectionCan @ client/src/pages/PurchaseIndents.tsx:679 | site_procurement.create via sectionCan @ client/src/pages/PurchaseIndents.tsx:677 | purchase_indents_raise.create via sectionCan @ client/src/pages/PurchaseIndents.tsx:677 | site_procurement.edit via sectionCan @ client/src/pages/PurchaseIndents.tsx:678 | site_procurement.edit via EditPermissionButton mapped record type @ client/src/pages/PurchaseIndents.tsx:3518 | purchase_indents_raise.edit via sectionCan @ client/src/pages/PurchaseIndents.tsx:678 | stores_inventory.create via sectionCan @ client/src/pages/PurchaseIndents.tsx:680 | purchase_indents_approve.approve via canApprove @ client/src/pages/PurchaseIndents.tsx:681","GET /api/site-material-trips => See /api requireAuth, public/optional estimator exceptions, and local guards | POST /api/site-material-trips => site_materials.create via assertCreate @ server/routes.ts:1045; site_materials.notify via sendPushToSection @ server/routes.ts:1067 | GET /api/sites => req.authUser && !req.authUser.isAdmin | POST /api/sites => sites_plants_manage.create via assertCreateEither @ server/routes.ts:1221; admin_settings.create via assertCreateEither @ server/routes.ts:1221 | GET /api/attachments => stores_inventory.view via assertDieselOrStoresView -> server/routes.ts:232 @ server/routes.ts:1441; site_diesel.view via assertDieselOrStoresView -> server/routes.ts:232 @ server/routes.ts:1441; diesel_req_raise.view via assertDieselOrStoresView -> server/routes.ts:232 @ server/routes.ts:1441; site_diesel.edit via assertDieselOrStoresView -> server/routes.ts:232 @ server/routes.ts:1441; diesel_req_raise.edit via assertDieselOrStoresView -> server/routes.ts:232 @ server/routes.ts:1441; site_diesel.create via assertDieselOrStoresView -> server/routes.ts:232 @ server/routes.ts:1441; diesel_req_raise.create via assertDieselOrStoresView -> server/routes.ts:232 @ server/routes.ts:1441 | POST /api/attachments => site_diesel.edit via assertEditEither @ server/routes.ts:1492; diesel_req_raise.edit via assertEditEither @ server/routes.ts:1492; plant_equipment.create via assertCreateOrEdit @ server/routes.ts:1494; plant_equipment.edit via assertCreateOrEdit @ server/routes.ts:1494 | GET /api/plant-module/materials => See /api requireAuth, public/optional estimator exceptions, and local guards | POST /api/plant-module/materials => master_materials.create via assertCreate @ server/routes.ts:4018 | GET /api/plant-module/material-receipts => See /api requireAuth, public/optional estimator exceptions, and local guards | POST /api/plant-module/material-receipts => plant_materials.create via assertCreate @ server/routes.ts:4713; plant_materials.notify via sendPushToSection @ server/routes.ts:4781; site_diesel.notify via sendPushToSection @ server/routes.ts:4794 | GET /api/purchase-indents => site_procurement.view via assertPiRaiserRead -> server/routes.ts:9056 @ server/routes.ts:9072; purchase_indents_view.view via assertPiRaiserRead -> server/routes.ts:9056 @ server/routes.ts:9072; purchase_indents_raise.view via assertPiRaiserRead -> server/routes.ts:9056 @ server/routes.ts:9072; site_procurement.create via assertPiRaiserRead -> server/routes.ts:9056 @ server/routes.ts:9072; purchase_indents_raise.create via assertPiRaiserRead -> server/routes.ts:9056 @ server/routes.ts:9072; site_procurement.edit via assertPiRaiserRead -> server/routes.ts:9056 @ server/routes.ts:9072; purchase_indents_raise.edit via assertPiRaiserRead -> server/routes.ts:9056 @ server/routes.ts:9072 | GET /api/purchase-indents/summary => See /api requireAuth, public/optional estimator exceptions, and local guards | GET /api/purchase-indents/report => See /api requireAuth, public/optional estimator exceptions, and local guards | GET /api/purchase-indents/route-corrections => site_procurement.view via assertPiRaiserRead -> server/routes.ts:9056 @ server/routes.ts:9151; purchase_indents_view.view via assertPiRaiserRead -> server/routes.ts:9056 @ server/routes.ts:9151; purchase_indents_raise.view via assertPiRaiserRead -> server/routes.ts:9056 @ server/routes.ts:9151; site_procurement.create via assertPiRaiserRead -> server/routes.ts:9056 @ server/routes.ts:9151; purchase_indents_raise.create via assertPiRaiserRead -> server/routes.ts:9056 @ server/routes.ts:9151; site_procurement.edit via assertPiRaiserRead -> server/routes.ts:9056 @ server/routes.ts:9151; purchase_indents_raise.edit via assertPiRaiserRead -> server/routes.ts:9056 @ server/routes.ts:9151 | POST /api/purchase-indents/route-corrections/apply => site_procurement.view via assertPiRaiserRead -> server/routes.ts:9056 @ server/routes.ts:9163; purchase_indents_view.view via assertPiRaiserRead -> server/routes.ts:9056 @ server/routes.ts:9163; purchase_indents_raise.view via assertPiRaiserRead -> server/routes.ts:9056 @ server/routes.ts:9163; site_procurement.create via assertPiRaiserRead -> server/routes.ts:9056 @ server/routes.ts:9163; purchase_indents_raise.create via assertPiRaiserRead -> server/routes.ts:9056 @ server/routes.ts:9163; site_procurement.edit via assertEditEither @ server/routes.ts:9164; site_procurement.edit via assertPiRaiserRead -> server/routes.ts:9056 @ server/routes.ts:9163; purchase_indents_raise.edit via assertEditEither @ server/routes.ts:9164; purchase_indents_raise.edit via assertPiRaiserRead -> server/routes.ts:9056 @ server/routes.ts:9163 | PATCH /api/purchase-indents/:id/items/:itemId/destination => site_procurement.edit via assertEditEither @ server/routes.ts:9215; purchase_indents_raise.edit via assertEditEither @ server/routes.ts:9215 | GET /api/purchase-indents/:id => site_procurement.view via assertPiRaiserRead -> server/routes.ts:9056 @ server/routes.ts:9228; purchase_indents_view.view via assertPiRaiserRead -> server/routes.ts:9056 @ server/routes.ts:9228; purchase_indents_raise.view via assertPiRaiserRead -> server/routes.ts:9056 @ server/routes.ts:9228; site_procurement.create via assertPiRaiserRead -> server/routes.ts:9056 @ server/routes.ts:9228; purchase_indents_raise.create via assertPiRaiserRead -> server/routes.ts:9056 @ server/routes.ts:9228; site_procurement.edit via assertPiRaiserRead -> server/routes.ts:9056 @ server/routes.ts:9228; purchase_indents_raise.edit via assertPiRaiserRead -> server/routes.ts:9056 @ server/routes.ts:9228 | GET /api/purchase-orders/pending => purchase_indents_approve.approve via assertApprove @ server/routes.ts:9306 | GET /api/purchase-indents/:id/items/:itemId/purchase-order.pdf => site_procurement.view via assertPiRaiserRead -> server/routes.ts:9056 @ server/routes.ts:9457; purchase_indents_view.view via assertPiRaiserRead -> server/routes.ts:9056 @ server/routes.ts:9457; purchase_indents_raise.view via assertPiRaiserRead -> server/routes.ts:9056 @ server/routes.ts:9457; site_procurement.create via assertPiRaiserRead -> server/routes.ts:9056 @ server/routes.ts:9457; purchase_indents_raise.create via assertPiRaiserRead -> server/routes.ts:9056 @ server/routes.ts:9457; site_procurement.edit via assertPiRaiserRead -> server/routes.ts:9056 @ server/routes.ts:9457; purchase_indents_raise.edit via assertPiRaiserRead -> server/routes.ts:9056 @ server/routes.ts:9457; purchase_indents_view.export via assertReportExport @ server/routes.ts:9455; purchase_indents_raise.export via assertReportExport @ server/routes.ts:9455 | POST /api/purchase-indents => site_procurement.create via assertCreateEither @ server/routes.ts:9476; purchase_indents_raise.create via assertCreateEither @ server/routes.ts:9476; purchase_indents_view.notify via sendPushToSection @ server/routes.ts:9479 | PATCH /api/purchase-indents/:id/approve => purchase_indents_approve.approve via assertApprove @ server/routes.ts:9495; purchase_indents_view.notify via sendPushToSection @ server/routes.ts:9524 | PATCH /api/purchase-indents/:id/reject => purchase_indents_approve.approve via assertApprove @ server/routes.ts:9541; purchase_indents_view.notify via sendPushToSection @ server/routes.ts:9552 | PATCH /api/purchase-indents/:id/stores-verify => stores_inventory.create via assertCreate @ server/routes.ts:9564; purchase_indents_view.notify via sendPushToSection @ server/routes.ts:9581 | POST /api/purchase-indents/:id/record-material-receipt => site_procurement.create via assertCreateEither @ server/routes.ts:9632; purchase_indents_raise.create via assertCreateEither @ server/routes.ts:9632 | GET /api/irn => assertAuthed(req, res) | GET /api/irn/:id => assertAuthed(req, res) | POST /api/irn => irn_raise.create via assertCreate @ server/routes.ts:9852; irn_view.notify via sendPushToSection @ server/routes.ts:9856 | DELETE /api/irn/:id => assertAdmin(req, res) | PATCH /api/irn/:id => assertAdmin(req, res) / existing.status !== ""pending_stores"" && !req.authUser?.isAdmin | PATCH /api/purchase-indent-items/:id/procure => site_procurement.edit via assertEditEither @ server/routes.ts:10322; purchase_indents_raise.edit via assertEditEither @ server/routes.ts:10322; purchase_indents_view.notify via sendPushToSection @ server/routes.ts:10340 | POST /api/purchase-indents/:id/notify => site_procurement.edit via assertEditEither @ server/routes.ts:10352; purchase_indents_raise.edit via assertEditEither @ server/routes.ts:10352; purchase_indents_view.notify via sendPushToSection @ server/routes.ts:10374 | GET /api/purchase-indent-items/recent-items => site_procurement.view via assertPiRaiserRead -> server/routes.ts:9056 @ server/routes.ts:10390; purchase_indents_view.view via assertPiRaiserRead -> server/routes.ts:9056 @ server/routes.ts:10390; purchase_indents_raise.view via assertPiRaiserRead -> server/routes.ts:9056 @ server/routes.ts:10390; site_procurement.create via assertPiRaiserRead -> server/routes.ts:9056 @ server/routes.ts:10390; purchase_indents_raise.create via assertPiRaiserRead -> server/routes.ts:9056 @ server/routes.ts:10390; site_procurement.edit via assertPiRaiserRead -> server/routes.ts:9056 @ server/routes.ts:10390; purchase_indents_raise.edit via assertPiRaiserRead -> server/routes.ts:9056 @ server/routes.ts:10390 | PATCH /api/purchase-indent-items/:id/purchase-update => site_procurement.edit via assertEditEither @ server/routes.ts:10402; purchase_indents_raise.edit via assertEditEither @ server/routes.ts:10402; purchase_indents_view.notify via sendPushToSection @ server/routes.ts:10423 | PATCH /api/purchase-indent-items/:id/cancel => purchase_indents_approve.approve via assertApprove @ server/routes.ts:10445; purchase_indents_view.notify via sendPushToSection @ server/routes.ts:10451 | PATCH /api/purchase-indent-items/:id/reviewer-note => site_procurement.edit via assertEditEither @ server/routes.ts:10464; purchase_indents_raise.edit via assertEditEither @ server/routes.ts:10464 | PATCH /api/purchase-indents/:id/force-close => purchase_indents_view.notify via sendPushToSection @ server/routes.ts:10490 | PUT /api/purchase-indents/:id => site_procurement.edit via assertEditEither @ server/routes.ts:10511; purchase_indents_raise.edit via assertEditEither @ server/routes.ts:10511 | DELETE /api/purchase-indents/:id => assertAdmin(req, res) | GET /api/purchase-indent-items/:id/history => See /api requireAuth, public/optional estimator exceptions, and local guards | GET /api/purchase-indents/:id/transactions => See /api requireAuth, public/optional estimator exceptions, and local guards | POST /api/purchase-indents/:id/purchaser-action => site_procurement.edit via assertEditEither @ server/routes.ts:10568; purchase_indents_raise.edit via assertEditEither @ server/routes.ts:10568 | POST /api/purchase-indent-items/:id/record-delivery => site_procurement.edit via assertEditEither @ server/routes.ts:10619; purchase_indents_raise.edit via assertEditEither @ server/routes.ts:10619 | POST /api/purchase-indents/:id/service-completion => purchase_indents_approve.approve via assertApprove @ server/routes.ts:10656 | GET /api/service-completions => See /api requireAuth, public/optional estimator exceptions, and local guards | POST /api/purchase-indents/:id/bulk-receipt => site_procurement.edit via assertEditEither @ server/routes.ts:10736; purchase_indents_raise.edit via assertEditEither @ server/routes.ts:10736 | GET /api/pending-plant-receipts => plant_materials.view via assertView @ server/routes.ts:10771 | GET /api/stores/items => stores_inventory.view via assertView @ server/routes.ts:13129 | GET /api/stores/stock-balance => stores_inventory.view via assertView @ server/routes.ts:13141 | POST /api/stores/items => stores_inventory.create via assertCreate @ server/routes.ts:13152 | GET /api/stores/grns => stores_inventory.view via assertView @ server/routes.ts:13208 | GET /api/stores/grns/supplier-history => stores_inventory.view via assertView @ server/routes.ts:13236 | GET /api/stores/grns/:id => stores_inventory.view via assertView @ server/routes.ts:13298 | POST /api/stores/grns => stores_inventory.create via assertCreate @ server/routes.ts:13317; stores_inventory.notify via sendPushToSection @ server/routes.ts:13351 | PATCH /api/stores/grns/:id => stores_inventory.edit via assertEdit @ server/routes.ts:13361 | PUT /api/stores/grns/:id => stores_inventory.edit via assertEdit @ server/routes.ts:13445 | GET /api/stores/indent-grn-counts => stores_inventory.view via assertView @ server/routes.ts:13656 | GET /api/stores/indent-fulfilment-status => stores_inventory.view via assertView @ server/routes.ts:13667 | GET /api/stores/indent-received-per-item => stores_inventory.view via assertView @ server/routes.ts:13678 | GET /api/boq/projects => See /api requireAuth, public/optional estimator exceptions, and local guards | GET /api/boq/projects/:id => See /api requireAuth, public/optional estimator exceptions, and local guards | POST /api/boq/projects => See /api requireAuth, public/optional estimator exceptions, and local guards | PATCH /api/boq/projects/:id => qto_boq.edit via assertEdit @ server/routes.ts:14929 | DELETE /api/boq/projects/:id => assertAdmin(req, res)","client/src/App.tsx:294 gatedEither report_site_purchases OR site_procurement actions=view | client/src/App.tsx:345 gatedEither purchase_indents_view OR site_procurement OR purchase_indents_raise actions=view | server/routes.ts:9164 assertEditEither site_procurement OR purchase_indents_raise actions=edit | server/routes.ts:9215 assertEditEither site_procurement OR purchase_indents_raise actions=edit | server/routes.ts:9348 assertCreateEither site_procurement OR purchase_indents_raise actions=create | server/routes.ts:9394 assertCreateEither site_procurement OR purchase_indents_raise actions=create | server/routes.ts:9418 assertCreateEither site_procurement OR purchase_indents_raise actions=create | server/routes.ts:9455 assertReportExport purchase_indents_view OR purchase_indents_raise actions=export | server/routes.ts:9476 assertCreateEither site_procurement OR purchase_indents_raise actions=create | server/routes.ts:9616 assertCreateEither site_procurement OR purchase_indents_raise actions=create | server/routes.ts:9632 assertCreateEither site_procurement OR purchase_indents_raise actions=create | server/routes.ts:9768 assertCreateEither site_procurement OR purchase_indents_raise actions=create | server/routes.ts:10322 assertEditEither site_procurement OR purchase_indents_raise actions=edit | server/routes.ts:10352 assertEditEither site_procurement OR purchase_indents_raise actions=edit | server/routes.ts:10402 assertEditEither site_procurement OR purchase_indents_raise actions=edit | server/routes.ts:10464 assertEditEither site_procurement OR purchase_indents_raise actions=edit | server/routes.ts:10511 assertEditEither site_procurement OR purchase_indents_raise actions=edit | server/routes.ts:10568 assertEditEither site_procurement OR purchase_indents_raise actions=edit | server/routes.ts:10619 assertEditEither site_procurement OR purchase_indents_raise actions=edit | server/routes.ts:10736 assertEditEither site_procurement OR purchase_indents_raise actions=edit | server/routes.ts:9072 assertPiRaiserRead purchase_indents_view OR site_procurement OR purchase_indents_raise actions=view/create/edit | server/routes.ts:9151 assertPiRaiserRead purchase_indents_view OR site_procurement OR purchase_indents_raise actions=view/create/edit | server/routes.ts:9163 assertPiRaiserRead purchase_indents_view OR site_procurement OR purchase_indents_raise actions=view/create/edit | server/routes.ts:9228 assertPiRaiserRead purchase_indents_view OR site_procurement OR purchase_indents_raise actions=view/create/edit | server/routes.ts:9323 assertPiRaiserRead purchase_indents_view OR site_procurement OR purchase_indents_raise actions=view/create/edit | server/routes.ts:9457 assertPiRaiserRead purchase_indents_view OR site_procurement OR purchase_indents_raise actions=view/create/edit | server/routes.ts:10390 assertPiRaiserRead purchase_indents_view OR site_procurement OR purchase_indents_raise actions=view/create/edit","view; create; edit; export; notify; delete","view_reports; approve","Action candidates are the union of page keys, not proof every subfunction implements each action. Bind each operational checkbox to its endpoint/control; preserve privileged, site and lifecycle checks. See Findings C and operation ledger.",""
"Procurement & Billing","Daily Diesel Requirement / Daily Diesel Requirement / Daily Diesel Requirement / Daily Diesel Requirements / Daily Diesel Requirement / Daily Diesel Requirement","Daily Diesel Requirement / Daily Diesel Requirement / Daily Diesel Requirement / Daily Diesel Requirements / Daily Diesel Requirement / Daily Diesel Requirement","/plant/diesel-requirements","client/src/pages/DieselRequirements.tsx","client/src/App.tsx:346","GET /api/sites | POST /api/sites | GET /api/attachments | POST /api/attachments | GET /api/plant-module/materials | POST /api/plant-module/materials | GET /api/plant-module/equipment | POST /api/plant-module/equipment | GET /api/diesel-requirements | GET /api/diesel-requirements/summary | GET /api/diesel-requirements/comparison | GET /api/diesel-requirements/recent-items | GET /api/diesel-requirements/receipt-status | PATCH /api/diesel-requirements/equipment/:id/consumption-norm | GET /api/diesel-requirements/:id | POST /api/diesel-requirements | PATCH /api/diesel-requirements/:id/approve | PATCH /api/diesel-requirements/:id/reject | PATCH /api/diesel-requirements/:id/purchase-update | PATCH /api/diesel-requirements/:id/payment-status | PUT /api/diesel-requirements/:id | DELETE /api/diesel-requirements/:id | GET /api/vendor-bills/company-accounts | GET /api/vendor-bills/:id | PUT /api/vendor-bills/:id | DELETE /api/vendor-bills/:id","site_diesel; diesel_req_view; diesel_req_raise","{gatedEither(DieselRequirements, ""diesel_req_view"", ""site_diesel"", ""diesel_req_raise"")} | stores_inventory.view via sectionCan @ client/src/pages/DieselRequirements.tsx:1159 | site_diesel.view via sectionCan @ client/src/pages/DieselRequirements.tsx:1159 | diesel_req_raise.view via sectionCan @ client/src/pages/DieselRequirements.tsx:1159 | site_diesel.edit via sectionCan @ client/src/pages/DieselRequirements.tsx:397 | site_diesel.edit via sectionCan @ client/src/pages/DieselRequirements.tsx:533 | site_diesel.edit via sectionCan @ client/src/pages/DieselRequirements.tsx:535 | site_diesel.edit via sectionCan @ client/src/pages/DieselRequirements.tsx:1159 | site_diesel.edit via EditPermissionButton mapped record type @ client/src/pages/DieselRequirements.tsx:1583 | diesel_req_raise.edit via sectionCan @ client/src/pages/DieselRequirements.tsx:397 | diesel_req_raise.edit via sectionCan @ client/src/pages/DieselRequirements.tsx:533 | diesel_req_raise.edit via sectionCan @ client/src/pages/DieselRequirements.tsx:1159 | site_diesel.create via sectionCan @ client/src/pages/DieselRequirements.tsx:534 | site_diesel.create via sectionCan @ client/src/pages/DieselRequirements.tsx:1159 | diesel_req_raise.create via sectionCan @ client/src/pages/DieselRequirements.tsx:534 | diesel_req_raise.create via sectionCan @ client/src/pages/DieselRequirements.tsx:1159 | diesel_req_approve.approve via sectionCan @ client/src/pages/DieselRequirements.tsx:535 | plant_materials.create via sectionCan @ client/src/pages/DieselRequirements.tsx:619 | site_diesel.export via sectionCan @ client/src/pages/DieselRequirements.tsx:1162","GET /api/sites => req.authUser && !req.authUser.isAdmin | POST /api/sites => sites_plants_manage.create via assertCreateEither @ server/routes.ts:1221; admin_settings.create via assertCreateEither @ server/routes.ts:1221 | GET /api/attachments => stores_inventory.view via assertDieselOrStoresView -> server/routes.ts:232 @ server/routes.ts:1441; site_diesel.view via assertDieselOrStoresView -> server/routes.ts:232 @ server/routes.ts:1441; diesel_req_raise.view via assertDieselOrStoresView -> server/routes.ts:232 @ server/routes.ts:1441; site_diesel.edit via assertDieselOrStoresView -> server/routes.ts:232 @ server/routes.ts:1441; diesel_req_raise.edit via assertDieselOrStoresView -> server/routes.ts:232 @ server/routes.ts:1441; site_diesel.create via assertDieselOrStoresView -> server/routes.ts:232 @ server/routes.ts:1441; diesel_req_raise.create via assertDieselOrStoresView -> server/routes.ts:232 @ server/routes.ts:1441 | POST /api/attachments => site_diesel.edit via assertEditEither @ server/routes.ts:1492; diesel_req_raise.edit via assertEditEither @ server/routes.ts:1492; plant_equipment.create via assertCreateOrEdit @ server/routes.ts:1494; plant_equipment.edit via assertCreateOrEdit @ server/routes.ts:1494 | GET /api/plant-module/materials => See /api requireAuth, public/optional estimator exceptions, and local guards | POST /api/plant-module/materials => master_materials.create via assertCreate @ server/routes.ts:4018 | GET /api/plant-module/equipment => See /api requireAuth, public/optional estimator exceptions, and local guards | POST /api/plant-module/equipment => master_equipment.create via assertCreate @ server/routes.ts:4509 | GET /api/diesel-requirements => stores_inventory.view via assertDieselOrStoresView -> server/routes.ts:232 @ server/routes.ts:10826; site_diesel.view via assertDieselOrStoresView -> server/routes.ts:232 @ server/routes.ts:10826; diesel_req_raise.view via assertDieselOrStoresView -> server/routes.ts:232 @ server/routes.ts:10826; site_diesel.edit via assertDieselOrStoresView -> server/routes.ts:232 @ server/routes.ts:10826; diesel_req_raise.edit via assertDieselOrStoresView -> server/routes.ts:232 @ server/routes.ts:10826; site_diesel.create via assertDieselOrStoresView -> server/routes.ts:232 @ server/routes.ts:10826; diesel_req_raise.create via assertDieselOrStoresView -> server/routes.ts:232 @ server/routes.ts:10826 | GET /api/diesel-requirements/summary => stores_inventory.view via assertDieselOrStoresView -> server/routes.ts:232 @ server/routes.ts:10842; site_diesel.view via assertDieselOrStoresView -> server/routes.ts:232 @ server/routes.ts:10842; diesel_req_raise.view via assertDieselOrStoresView -> server/routes.ts:232 @ server/routes.ts:10842; site_diesel.edit via assertDieselOrStoresView -> server/routes.ts:232 @ server/routes.ts:10842; diesel_req_raise.edit via assertDieselOrStoresView -> server/routes.ts:232 @ server/routes.ts:10842; site_diesel.create via assertDieselOrStoresView -> server/routes.ts:232 @ server/routes.ts:10842; diesel_req_raise.create via assertDieselOrStoresView -> server/routes.ts:232 @ server/routes.ts:10842 | GET /api/diesel-requirements/comparison => stores_inventory.view via assertDieselOrStoresView -> server/routes.ts:232 @ server/routes.ts:10880; site_diesel.view via assertDieselOrStoresView -> server/routes.ts:232 @ server/routes.ts:10880; diesel_req_raise.view via assertDieselOrStoresView -> server/routes.ts:232 @ server/routes.ts:10880; site_diesel.edit via assertDieselOrStoresView -> server/routes.ts:232 @ server/routes.ts:10880; diesel_req_raise.edit via assertDieselOrStoresView -> server/routes.ts:232 @ server/routes.ts:10880; site_diesel.create via assertDieselOrStoresView -> server/routes.ts:232 @ server/routes.ts:10880; diesel_req_raise.create via assertDieselOrStoresView -> server/routes.ts:232 @ server/routes.ts:10880 | GET /api/diesel-requirements/recent-items => stores_inventory.view via assertDieselOrStoresView -> server/routes.ts:232 @ server/routes.ts:10911; site_diesel.view via assertDieselOrStoresView -> server/routes.ts:232 @ server/routes.ts:10911; diesel_req_raise.view via assertDieselOrStoresView -> server/routes.ts:232 @ server/routes.ts:10911; site_diesel.edit via assertDieselOrStoresView -> server/routes.ts:232 @ server/routes.ts:10911; diesel_req_raise.edit via assertDieselOrStoresView -> server/routes.ts:232 @ server/routes.ts:10911; site_diesel.create via assertDieselOrStoresView -> server/routes.ts:232 @ server/routes.ts:10911; diesel_req_raise.create via assertDieselOrStoresView -> server/routes.ts:232 @ server/routes.ts:10911 | GET /api/diesel-requirements/receipt-status => stores_inventory.view via assertDieselOrStoresView -> server/routes.ts:232 @ server/routes.ts:10929; site_diesel.view via assertDieselOrStoresView -> server/routes.ts:232 @ server/routes.ts:10929; diesel_req_raise.view via assertDieselOrStoresView -> server/routes.ts:232 @ server/routes.ts:10929; site_diesel.edit via assertDieselOrStoresView -> server/routes.ts:232 @ server/routes.ts:10929; diesel_req_raise.edit via assertDieselOrStoresView -> server/routes.ts:232 @ server/routes.ts:10929; site_diesel.create via assertDieselOrStoresView -> server/routes.ts:232 @ server/routes.ts:10929; diesel_req_raise.create via assertDieselOrStoresView -> server/routes.ts:232 @ server/routes.ts:10929 | PATCH /api/diesel-requirements/equipment/:id/consumption-norm => site_diesel.edit via direct matrix read @ server/routes.ts:10976; diesel_req_raise.edit via direct matrix read @ server/routes.ts:10976; site_diesel.create via direct matrix read @ server/routes.ts:10975; diesel_req_raise.create via direct matrix read @ server/routes.ts:10975 | GET /api/diesel-requirements/:id => stores_inventory.view via assertDieselOrStoresView -> server/routes.ts:232 @ server/routes.ts:11010; site_diesel.view via assertDieselOrStoresView -> server/routes.ts:232 @ server/routes.ts:11010; diesel_req_raise.view via assertDieselOrStoresView -> server/routes.ts:232 @ server/routes.ts:11010; site_diesel.edit via assertDieselOrStoresView -> server/routes.ts:232 @ server/routes.ts:11010; diesel_req_raise.edit via assertDieselOrStoresView -> server/routes.ts:232 @ server/routes.ts:11010; site_diesel.create via assertDieselOrStoresView -> server/routes.ts:232 @ server/routes.ts:11010; diesel_req_raise.create via assertDieselOrStoresView -> server/routes.ts:232 @ server/routes.ts:11010 | POST /api/diesel-requirements => site_diesel.create via assertCreateEither @ server/routes.ts:11025; diesel_req_raise.create via assertCreateEither @ server/routes.ts:11025; diesel_req_approve.notify via sendPushToSection @ server/routes.ts:11028 | PATCH /api/diesel-requirements/:id/approve => diesel_req_approve.approve via assertApprove @ server/routes.ts:11044; diesel_req_raise.notify via sendPushToSection @ server/routes.ts:11062 | PATCH /api/diesel-requirements/:id/reject => diesel_req_approve.approve via assertApprove @ server/routes.ts:11078; diesel_req_raise.notify via sendPushToSection @ server/routes.ts:11089 | PATCH /api/diesel-requirements/:id/purchase-update => site_diesel.edit via assertEditEither @ server/routes.ts:11099; diesel_req_raise.edit via assertEditEither @ server/routes.ts:11099; plant_materials.notify via sendPushToSection @ server/routes.ts:11122 | PATCH /api/diesel-requirements/:id/payment-status => site_diesel.edit via assertEditEither @ server/routes.ts:11144; diesel_req_raise.edit via assertEditEither @ server/routes.ts:11144 | PUT /api/diesel-requirements/:id => site_diesel.edit via assertEditEither @ server/routes.ts:11228; diesel_req_raise.edit via assertEditEither @ server/routes.ts:11228 | DELETE /api/diesel-requirements/:id => assertAdmin(req, res) | GET /api/vendor-bills/company-accounts => vendor_bills.view via direct matrix read @ server/routes.ts:11889; site_diesel.edit via direct matrix read @ server/routes.ts:11892; diesel_req_raise.edit via direct matrix read @ server/routes.ts:11893 | GET /api/vendor-bills/:id => See /api requireAuth, public/optional estimator exceptions, and local guards | PUT /api/vendor-bills/:id => vendor_bills.edit via assertEditEither @ server/routes.ts:12019; vendor_bills_raise.edit via assertEditEither @ server/routes.ts:12019 | DELETE /api/vendor-bills/:id => assertAdmin(req, res)","client/src/App.tsx:346 gatedEither diesel_req_view OR site_diesel OR diesel_req_raise actions=view | client/src/App.tsx:384 gatedEither diesel_req_view OR site_diesel OR stores_inventory actions=view | server/routes.ts:1492 assertEditEither site_diesel OR diesel_req_raise actions=edit | server/routes.ts:1543 assertDeleteEither site_diesel OR diesel_req_raise actions=delete | server/routes.ts:11025 assertCreateEither site_diesel OR diesel_req_raise actions=create | server/routes.ts:11099 assertEditEither site_diesel OR diesel_req_raise actions=edit | server/routes.ts:11144 assertEditEither site_diesel OR diesel_req_raise actions=edit | server/routes.ts:11228 assertEditEither site_diesel OR diesel_req_raise actions=edit | server/routes.ts:1441 assertDieselOrStoresView site_diesel OR stores_inventory OR diesel_req_raise actions=view/create/edit | server/routes.ts:1469 assertDieselOrStoresView site_diesel OR stores_inventory OR diesel_req_raise actions=view/create/edit | server/routes.ts:4617 canRecordStandaloneDieselReceipt site_diesel OR diesel_req_raise actions=edit | server/routes.ts:4630 canRecordStandaloneDieselReceipt site_diesel OR diesel_req_raise actions=edit | server/routes.ts:10826 assertDieselOrStoresView site_diesel OR stores_inventory OR diesel_req_raise actions=view/create/edit | server/routes.ts:10842 assertDieselOrStoresView site_diesel OR stores_inventory OR diesel_req_raise actions=view/create/edit | server/routes.ts:10859 assertDieselOrStoresView site_diesel OR stores_inventory OR diesel_req_raise actions=view/create/edit | server/routes.ts:10880 assertDieselOrStoresView site_diesel OR stores_inventory OR diesel_req_raise actions=view/create/edit | server/routes.ts:10911 assertDieselOrStoresView site_diesel OR stores_inventory OR diesel_req_raise actions=view/create/edit | server/routes.ts:10929 assertDieselOrStoresView site_diesel OR stores_inventory OR diesel_req_raise actions=view/create/edit | server/routes.ts:11010 assertDieselOrStoresView site_diesel OR stores_inventory OR diesel_req_raise actions=view/create/edit","view; create; edit; delete; export; notify","view_reports; approve","Action candidates are the union of page keys, not proof every subfunction implements each action. Bind each operational checkbox to its endpoint/control; preserve privileged, site and lifecycle checks. See Findings C and operation ledger.",""
"Procurement & Billing","Vendor Bills","Vendor Bills","/plant/vendor-bills","client/src/pages/VendorBills.tsx","client/src/App.tsx:347","GET /api/sites | POST /api/sites | GET /api/vendor-bills | GET /api/vendor-bills/summary | GET /api/vendor-bills/export | GET /api/vendor-aliases | POST /api/vendor-aliases | DELETE /api/vendor-aliases/:id | GET /api/vendor-bills/vendor-names | GET /api/vendor-bills/equipment-hire-discovery | GET /api/vendor-bills/discover-vendors | GET /api/vendor-bills/auto-items | GET /api/vendor-bills/hire-activities | GET /api/vendor-bills/company-accounts | GET /api/vendor-bills/:id | POST /api/vendor-bills | PUT /api/vendor-bills/:id | PATCH /api/vendor-bills/:id/payment-details | PATCH /api/vendor-bills/:id/status | DELETE /api/vendor-bills/:id | GET /api/vendor-rate-cards | POST /api/vendor-rate-cards | POST /api/vendor-rate-cards/bulk-upsert | DELETE /api/vendor-rate-cards/:id | POST /api/vendor-bills/check-duplicates","vendor_bills; vendor_bills_view","{gatedEither(VendorBills, ""vendor_bills_view"", ""vendor_bills"")} | admin_settings.view via sectionVisible @ client/src/pages/VendorBills.tsx:3477 | vendor_bills_view.view via sectionVisible @ client/src/pages/VendorBills.tsx:574 | vendor_bills.view via sectionVisible @ client/src/pages/VendorBills.tsx:574 | rate_cards.view via sectionVisible @ client/src/pages/VendorBills.tsx:3477 | vendor_masters_manage.view via sectionVisible @ client/src/pages/VendorBills.tsx:3477 | vendor_bills.create via sectionCan @ client/src/pages/VendorBills.tsx:572 | vendor_bills_raise.create via sectionCan @ client/src/pages/VendorBills.tsx:572 | vendor_bills.edit via sectionCan @ client/src/pages/VendorBills.tsx:573 | vendor_bills_verify.edit via sectionCan @ client/src/pages/VendorBills.tsx:573 | vendor_bills_approve.edit via sectionCan @ client/src/pages/VendorBills.tsx:573 | vendor_bills_approve.approve via sectionCan @ client/src/pages/VendorBills.tsx:579 | vendor_bills.export via sectionCan @ client/src/pages/VendorBills.tsx:580 | vendor_bills_view.export via sectionCan @ client/src/pages/VendorBills.tsx:580 | vendor_bills.view_reports via sectionCan @ client/src/pages/VendorBills.tsx:4989 | vendor_bills_view.view_reports via sectionCan @ client/src/pages/VendorBills.tsx:4989","GET /api/sites => req.authUser && !req.authUser.isAdmin | POST /api/sites => sites_plants_manage.create via assertCreateEither @ server/routes.ts:1221; admin_settings.create via assertCreateEither @ server/routes.ts:1221 | GET /api/vendor-bills => See /api requireAuth, public/optional estimator exceptions, and local guards | GET /api/vendor-bills/summary => See /api requireAuth, public/optional estimator exceptions, and local guards | GET /api/vendor-bills/export => vendor_bills.export via assertReportExport @ server/routes.ts:11399; vendor_bills_view.export via assertReportExport @ server/routes.ts:11399 | GET /api/vendor-aliases => See /api requireAuth, public/optional estimator exceptions, and local guards | POST /api/vendor-aliases => admin_settings.create via assertCreateEither @ server/routes.ts:11690; vendor_masters_manage.create via assertCreateEither @ server/routes.ts:11690 | DELETE /api/vendor-aliases/:id => assertAdmin(req, res) | GET /api/vendor-bills/vendor-names => See /api requireAuth, public/optional estimator exceptions, and local guards | GET /api/vendor-bills/equipment-hire-discovery => vendor_bills.view via assertViewEither @ server/routes.ts:11739; vendor_bills_raise.view via assertViewEither @ server/routes.ts:11739 | GET /api/vendor-bills/discover-vendors => See /api requireAuth, public/optional estimator exceptions, and local guards | GET /api/vendor-bills/auto-items => See /api requireAuth, public/optional estimator exceptions, and local guards | GET /api/vendor-bills/hire-activities => vendor_bills.view via assertView @ server/routes.ts:11835 | GET /api/vendor-bills/company-accounts => vendor_bills.view via direct matrix read @ server/routes.ts:11889; site_diesel.edit via direct matrix read @ server/routes.ts:11892; diesel_req_raise.edit via direct matrix read @ server/routes.ts:11893 | GET /api/vendor-bills/:id => See /api requireAuth, public/optional estimator exceptions, and local guards | POST /api/vendor-bills => vendor_bills.create via assertCreateEither @ server/routes.ts:11928; vendor_bills_raise.create via assertCreateEither @ server/routes.ts:11928; vendor_bills_approve.notify via sendPushToSection @ server/routes.ts:11957 | PUT /api/vendor-bills/:id => vendor_bills.edit via assertEditEither @ server/routes.ts:12019; vendor_bills_raise.edit via assertEditEither @ server/routes.ts:12019 | PATCH /api/vendor-bills/:id/payment-details => vendor_bills_approve.approve via assertApprove @ server/routes.ts:12043 | PATCH /api/vendor-bills/:id/status => vendor_bills.edit via assertEdit @ server/routes.ts:12091; vendor_bills_approve.approve via assertApprove @ server/routes.ts:12075; vendor_bills_approve.approve via assertApprove @ server/routes.ts:12089; vendor_bills_approve.notify via sendPushToSection @ server/routes.ts:12106; vendor_bills_verify.approve via assertApprove @ server/routes.ts:12082; vendor_bills_raise.notify via sendPushToSection @ server/routes.ts:12100; vendor_bills_raise.notify via sendPushToSection @ server/routes.ts:12103; vendor_bills_view.notify via sendPushToSection @ server/routes.ts:12108 | DELETE /api/vendor-bills/:id => assertAdmin(req, res) | GET /api/vendor-rate-cards => See /api requireAuth, public/optional estimator exceptions, and local guards | POST /api/vendor-rate-cards => admin_settings.create via assertCreateEither @ server/routes.ts:12560; vendor_masters_manage.create via assertCreateEither @ server/routes.ts:12560 | POST /api/vendor-rate-cards/bulk-upsert => admin_settings.create via assertCreateEither @ server/routes.ts:12596; vendor_masters_manage.create via assertCreateEither @ server/routes.ts:12596 | DELETE /api/vendor-rate-cards/:id => assertAdmin(req, res) | POST /api/vendor-bills/check-duplicates => vendor_bills.create via assertCreateEither @ server/routes.ts:12630; vendor_bills_raise.create via assertCreateEither @ server/routes.ts:12630","client/src/App.tsx:347 gatedEither vendor_bills_view OR vendor_bills actions=view | client/src/App.tsx:348 gatedEither vendor_bills_view OR vendor_bills actions=view | server/routes.ts:4487 assertCreateEither vendor_bills_raise OR vendor_bills actions=create | server/routes.ts:11399 assertReportExport vendor_bills OR vendor_bills_view actions=export | server/routes.ts:11739 assertViewEither vendor_bills OR vendor_bills_raise actions=view | server/routes.ts:11775 assertReportExport vendor_bills OR vendor_bills_view actions=export | server/routes.ts:11928 assertCreateEither vendor_bills_raise OR vendor_bills actions=create | server/routes.ts:12019 assertEditEither vendor_bills OR vendor_bills_raise actions=edit | server/routes.ts:12123 assertReportExport vendor_bills OR vendor_bills_view actions=export | server/routes.ts:12630 assertCreateEither vendor_bills OR vendor_bills_raise actions=create","view; create; edit; view_reports; export; notify","delete; approve","Action candidates are the union of page keys, not proof every subfunction implements each action. Bind each operational checkbox to its endpoint/control; preserve privileged, site and lifecycle checks. See Findings C and operation ledger.",""
"Procurement & Billing","Vendor Bills","Vendor Bills","/finance/vendor-bills","client/src/pages/VendorBills.tsx","client/src/App.tsx:348","GET /api/sites | POST /api/sites | GET /api/vendor-bills | GET /api/vendor-bills/summary | GET /api/vendor-bills/export | GET /api/vendor-aliases | POST /api/vendor-aliases | DELETE /api/vendor-aliases/:id | GET /api/vendor-bills/vendor-names | GET /api/vendor-bills/equipment-hire-discovery | GET /api/vendor-bills/discover-vendors | GET /api/vendor-bills/auto-items | GET /api/vendor-bills/hire-activities | GET /api/vendor-bills/company-accounts | GET /api/vendor-bills/:id | POST /api/vendor-bills | PUT /api/vendor-bills/:id | PATCH /api/vendor-bills/:id/payment-details | PATCH /api/vendor-bills/:id/status | DELETE /api/vendor-bills/:id | GET /api/vendor-rate-cards | POST /api/vendor-rate-cards | POST /api/vendor-rate-cards/bulk-upsert | DELETE /api/vendor-rate-cards/:id | POST /api/vendor-bills/check-duplicates","vendor_bills; vendor_bills_view","{gatedEither(VendorBills, ""vendor_bills_view"", ""vendor_bills"")} | admin_settings.view via sectionVisible @ client/src/pages/VendorBills.tsx:3477 | vendor_bills_view.view via sectionVisible @ client/src/pages/VendorBills.tsx:574 | vendor_bills.view via sectionVisible @ client/src/pages/VendorBills.tsx:574 | rate_cards.view via sectionVisible @ client/src/pages/VendorBills.tsx:3477 | vendor_masters_manage.view via sectionVisible @ client/src/pages/VendorBills.tsx:3477 | vendor_bills.create via sectionCan @ client/src/pages/VendorBills.tsx:572 | vendor_bills_raise.create via sectionCan @ client/src/pages/VendorBills.tsx:572 | vendor_bills.edit via sectionCan @ client/src/pages/VendorBills.tsx:573 | vendor_bills_verify.edit via sectionCan @ client/src/pages/VendorBills.tsx:573 | vendor_bills_approve.edit via sectionCan @ client/src/pages/VendorBills.tsx:573 | vendor_bills_approve.approve via sectionCan @ client/src/pages/VendorBills.tsx:579 | vendor_bills.export via sectionCan @ client/src/pages/VendorBills.tsx:580 | vendor_bills_view.export via sectionCan @ client/src/pages/VendorBills.tsx:580 | vendor_bills.view_reports via sectionCan @ client/src/pages/VendorBills.tsx:4989 | vendor_bills_view.view_reports via sectionCan @ client/src/pages/VendorBills.tsx:4989","GET /api/sites => req.authUser && !req.authUser.isAdmin | POST /api/sites => sites_plants_manage.create via assertCreateEither @ server/routes.ts:1221; admin_settings.create via assertCreateEither @ server/routes.ts:1221 | GET /api/vendor-bills => See /api requireAuth, public/optional estimator exceptions, and local guards | GET /api/vendor-bills/summary => See /api requireAuth, public/optional estimator exceptions, and local guards | GET /api/vendor-bills/export => vendor_bills.export via assertReportExport @ server/routes.ts:11399; vendor_bills_view.export via assertReportExport @ server/routes.ts:11399 | GET /api/vendor-aliases => See /api requireAuth, public/optional estimator exceptions, and local guards | POST /api/vendor-aliases => admin_settings.create via assertCreateEither @ server/routes.ts:11690; vendor_masters_manage.create via assertCreateEither @ server/routes.ts:11690 | DELETE /api/vendor-aliases/:id => assertAdmin(req, res) | GET /api/vendor-bills/vendor-names => See /api requireAuth, public/optional estimator exceptions, and local guards | GET /api/vendor-bills/equipment-hire-discovery => vendor_bills.view via assertViewEither @ server/routes.ts:11739; vendor_bills_raise.view via assertViewEither @ server/routes.ts:11739 | GET /api/vendor-bills/discover-vendors => See /api requireAuth, public/optional estimator exceptions, and local guards | GET /api/vendor-bills/auto-items => See /api requireAuth, public/optional estimator exceptions, and local guards | GET /api/vendor-bills/hire-activities => vendor_bills.view via assertView @ server/routes.ts:11835 | GET /api/vendor-bills/company-accounts => vendor_bills.view via direct matrix read @ server/routes.ts:11889; site_diesel.edit via direct matrix read @ server/routes.ts:11892; diesel_req_raise.edit via direct matrix read @ server/routes.ts:11893 | GET /api/vendor-bills/:id => See /api requireAuth, public/optional estimator exceptions, and local guards | POST /api/vendor-bills => vendor_bills.create via assertCreateEither @ server/routes.ts:11928; vendor_bills_raise.create via assertCreateEither @ server/routes.ts:11928; vendor_bills_approve.notify via sendPushToSection @ server/routes.ts:11957 | PUT /api/vendor-bills/:id => vendor_bills.edit via assertEditEither @ server/routes.ts:12019; vendor_bills_raise.edit via assertEditEither @ server/routes.ts:12019 | PATCH /api/vendor-bills/:id/payment-details => vendor_bills_approve.approve via assertApprove @ server/routes.ts:12043 | PATCH /api/vendor-bills/:id/status => vendor_bills.edit via assertEdit @ server/routes.ts:12091; vendor_bills_approve.approve via assertApprove @ server/routes.ts:12075; vendor_bills_approve.approve via assertApprove @ server/routes.ts:12089; vendor_bills_approve.notify via sendPushToSection @ server/routes.ts:12106; vendor_bills_verify.approve via assertApprove @ server/routes.ts:12082; vendor_bills_raise.notify via sendPushToSection @ server/routes.ts:12100; vendor_bills_raise.notify via sendPushToSection @ server/routes.ts:12103; vendor_bills_view.notify via sendPushToSection @ server/routes.ts:12108 | DELETE /api/vendor-bills/:id => assertAdmin(req, res) | GET /api/vendor-rate-cards => See /api requireAuth, public/optional estimator exceptions, and local guards | POST /api/vendor-rate-cards => admin_settings.create via assertCreateEither @ server/routes.ts:12560; vendor_masters_manage.create via assertCreateEither @ server/routes.ts:12560 | POST /api/vendor-rate-cards/bulk-upsert => admin_settings.create via assertCreateEither @ server/routes.ts:12596; vendor_masters_manage.create via assertCreateEither @ server/routes.ts:12596 | DELETE /api/vendor-rate-cards/:id => assertAdmin(req, res) | POST /api/vendor-bills/check-duplicates => vendor_bills.create via assertCreateEither @ server/routes.ts:12630; vendor_bills_raise.create via assertCreateEither @ server/routes.ts:12630","client/src/App.tsx:347 gatedEither vendor_bills_view OR vendor_bills actions=view | client/src/App.tsx:348 gatedEither vendor_bills_view OR vendor_bills actions=view | server/routes.ts:4487 assertCreateEither vendor_bills_raise OR vendor_bills actions=create | server/routes.ts:11399 assertReportExport vendor_bills OR vendor_bills_view actions=export | server/routes.ts:11739 assertViewEither vendor_bills OR vendor_bills_raise actions=view | server/routes.ts:11775 assertReportExport vendor_bills OR vendor_bills_view actions=export | server/routes.ts:11928 assertCreateEither vendor_bills_raise OR vendor_bills actions=create | server/routes.ts:12019 assertEditEither vendor_bills OR vendor_bills_raise actions=edit | server/routes.ts:12123 assertReportExport vendor_bills OR vendor_bills_view actions=export | server/routes.ts:12630 assertCreateEither vendor_bills OR vendor_bills_raise actions=create","view; create; edit; view_reports; export; notify","delete; approve","Action candidates are the union of page keys, not proof every subfunction implements each action. Bind each operational checkbox to its endpoint/control; preserve privileged, site and lifecycle checks. See Findings C and operation ledger.",""
"Procurement & Billing","Rate Cards","Rate Cards","/plant/rate-cards","client/src/pages/RateCards.tsx","client/src/App.tsx:349","GET /api/vendor-bills/vendor-names | GET /api/vendor-bills/:id | PUT /api/vendor-bills/:id | DELETE /api/vendor-bills/:id | GET /api/equipment-master/canonical-types | GET /api/vendor-rate-cards | GET /api/vendor-rate-cards/discover | POST /api/vendor-rate-cards | PATCH /api/vendor-rate-cards/:id/transport-setup | POST /api/vendor-rate-cards/bulk-upsert | DELETE /api/vendor-rate-cards/:id","rate_cards; admin_settings; vendor_masters_manage","{gatedEither(RateCards, ""rate_cards"", ""vendor_masters_manage"", ""admin_settings"")}","GET /api/vendor-bills/vendor-names => See /api requireAuth, public/optional estimator exceptions, and local guards | GET /api/vendor-bills/:id => See /api requireAuth, public/optional estimator exceptions, and local guards | PUT /api/vendor-bills/:id => vendor_bills.edit via assertEditEither @ server/routes.ts:12019; vendor_bills_raise.edit via assertEditEither @ server/routes.ts:12019 | DELETE /api/vendor-bills/:id => assertAdmin(req, res) | GET /api/equipment-master/canonical-types => canonicalizeMachineType(eq.name).toUpperCase().trim() / canonicalizeMachineType(eq.name).toUpperCase() / canonicalizeMachineType(eq.name) | GET /api/vendor-rate-cards => See /api requireAuth, public/optional estimator exceptions, and local guards | GET /api/vendor-rate-cards/discover => See /api requireAuth, public/optional estimator exceptions, and local guards | POST /api/vendor-rate-cards => admin_settings.create via assertCreateEither @ server/routes.ts:12560; vendor_masters_manage.create via assertCreateEither @ server/routes.ts:12560 | PATCH /api/vendor-rate-cards/:id/transport-setup => admin_settings.create via assertCreateEither @ server/routes.ts:12572; vendor_masters_manage.create via assertCreateEither @ server/routes.ts:12572 | POST /api/vendor-rate-cards/bulk-upsert => admin_settings.create via assertCreateEither @ server/routes.ts:12596; vendor_masters_manage.create via assertCreateEither @ server/routes.ts:12596 | DELETE /api/vendor-rate-cards/:id => assertAdmin(req, res)","client/src/App.tsx:302 gatedEither site_management OR sites_plants_manage OR admin_settings actions=view | client/src/App.tsx:324 gatedEither admin_ldo_tools OR admin_settings actions=view | client/src/App.tsx:325 gatedEither admin_ldo_tools OR admin_settings actions=view | client/src/App.tsx:349 gatedEither rate_cards OR vendor_masters_manage OR admin_settings actions=view | client/src/App.tsx:351 gatedEither data_sync OR admin_settings actions=view | client/src/App.tsx:352 gatedEither site_management OR sites_plants_manage OR admin_settings actions=view | client/src/App.tsx:387 gatedEither site_management OR admin_settings actions=view | client/src/App.tsx:393 gatedEither report_management OR reports OR admin_settings actions=view | client/src/App.tsx:394 gatedEither concrete_calculator OR concrete_estimates_manage OR reports OR admin_settings actions=view | client/src/App.tsx:398 gatedEither master_parties OR master_materials OR master_equipment OR master_personnel OR sites_plants_manage OR admin_settings actions=view | client/src/pages/ManagementReport.tsx:382 ReportExportGate report_management OR reports OR admin_settings actions=export | server/routes.ts:1221 assertCreateEither sites_plants_manage OR admin_settings actions=create | server/routes.ts:1235 assertEditEither sites_plants_manage OR admin_settings actions=edit | server/routes.ts:1259 assertCreateEither sites_plants_manage OR admin_settings actions=create | server/routes.ts:1821 assertCreateEither admin_notifications_manage OR admin_settings actions=create | server/routes.ts:3872 assertCreateEither sites_plants_manage OR admin_settings actions=create | server/routes.ts:3919 assertEditEither sites_plants_manage OR admin_settings actions=edit | server/routes.ts:11690 assertCreateEither vendor_masters_manage OR admin_settings actions=create | server/routes.ts:12560 assertCreateEither vendor_masters_manage OR admin_settings actions=create | server/routes.ts:12572 assertCreateEither vendor_masters_manage OR admin_settings actions=create | server/routes.ts:12596 assertCreateEither vendor_masters_manage OR admin_settings actions=create | server/routes.ts:13004 assertCreateEither concrete_estimates_manage OR admin_settings actions=create | server/routes.ts:13018 assertEditEither concrete_estimates_manage OR admin_settings actions=edit | server/routes.ts:13078 assertCreateEither concrete_estimates_manage OR admin_settings actions=create | server/routes.ts:13092 assertEditEither concrete_estimates_manage OR admin_settings actions=edit | server/management-report.ts:138 assertViewReportOrAdmin report_management OR reports OR admin_settings actions=view | server/management-report.ts:271 assertViewReportOrAdmin report_management OR reports OR admin_settings actions=view | server/management-report.ts:343 assertViewReportOrAdmin report_management OR reports OR admin_settings actions=view | server/management-report.ts:453 assertViewReportOrAdmin report_management OR reports OR admin_settings actions=view | server/management-report.ts:498 assertViewReportOrAdmin report_management OR reports OR admin_settings actions=view","view; create; edit; export","delete; view_reports; approve; notify","Action candidates are the union of page keys, not proof every subfunction implements each action. Bind each operational checkbox to its endpoint/control; preserve privileged, site and lifecycle checks. See Findings C and operation ledger.",""
"Equipment & Fleet","EquipmentHireBilling","EquipmentHireBilling (component name; use nested control ledger for exact displayed labels)","/equipment/hire-billing","client/src/pages/EquipmentHireBilling.tsx","client/src/App.tsx:350","GET /api/equipment-hire/statements | POST /api/equipment-hire/statements | GET /api/equipment-hire/statements/:id | PATCH /api/equipment-hire/statements/:id/exceptions","plant_equipment","{gated(EquipmentHireBilling, ""plant_equipment"")}","GET /api/equipment-hire/statements => plant_equipment.view via assertView @ server/routes.ts:4330 | POST /api/equipment-hire/statements => plant_equipment.edit via assertEdit @ server/routes.ts:4354 | GET /api/equipment-hire/statements/:id => plant_equipment.view via assertView @ server/routes.ts:4405 | PATCH /api/equipment-hire/statements/:id/exceptions => plant_equipment.edit via assertEdit @ server/routes.ts:4415","client/src/App.tsx:237 gatedEither equipment_hub OR equipment_performance_report OR plant_equipment actions=view | client/src/App.tsx:277 gatedEither equipment_performance_report OR plant_equipment actions=view | client/src/App.tsx:278 gatedEither equipment_hub OR plant_equipment OR equipment_performance_report actions=view | client/src/App.tsx:296 gatedEither site_dprs OR stores_inventory OR plant_equipment OR labour_management actions=view | client/src/App.tsx:308 gatedEither plant_generator_logs OR plant_equipment actions=view | client/src/App.tsx:309 gatedEither plant_maintenance OR plant_equipment actions=view | server/routes.ts:5524 assertViewEither equipment_performance_report OR plant_equipment actions=view","view; create; edit; delete; export; notify","view_reports; approve","Action candidates are the union of page keys, not proof every subfunction implements each action. Bind each operational checkbox to its endpoint/control; preserve privileged, site and lifecycle checks. See Findings C and operation ledger.",""
"HMP","Data Sync & Export","Data Sync & Export","/plant/data-sync","client/src/pages/DataSync.tsx","client/src/App.tsx:351","GET /api/admin/exportable-tables | POST /api/admin/export-data | POST /api/admin/import-data","admin_settings; data_sync","{gatedEither(DataSync, ""data_sync"", ""admin_settings"")} | data_sync.export via sectionCan @ client/src/pages/DataSync.tsx:19 | admin_settings.edit via sectionCan @ client/src/pages/DataSync.tsx:20","GET /api/admin/exportable-tables => See /api requireAuth, public/optional estimator exceptions, and local guards | POST /api/admin/export-data => assertAdmin(req, res) | POST /api/admin/import-data => assertAdmin(req, res)","client/src/App.tsx:302 gatedEither site_management OR sites_plants_manage OR admin_settings actions=view | client/src/App.tsx:324 gatedEither admin_ldo_tools OR admin_settings actions=view | client/src/App.tsx:325 gatedEither admin_ldo_tools OR admin_settings actions=view | client/src/App.tsx:349 gatedEither rate_cards OR vendor_masters_manage OR admin_settings actions=view | client/src/App.tsx:351 gatedEither data_sync OR admin_settings actions=view | client/src/App.tsx:352 gatedEither site_management OR sites_plants_manage OR admin_settings actions=view | client/src/App.tsx:387 gatedEither site_management OR admin_settings actions=view | client/src/App.tsx:393 gatedEither report_management OR reports OR admin_settings actions=view | client/src/App.tsx:394 gatedEither concrete_calculator OR concrete_estimates_manage OR reports OR admin_settings actions=view | client/src/App.tsx:398 gatedEither master_parties OR master_materials OR master_equipment OR master_personnel OR sites_plants_manage OR admin_settings actions=view | client/src/pages/ManagementReport.tsx:382 ReportExportGate report_management OR reports OR admin_settings actions=export | server/routes.ts:1221 assertCreateEither sites_plants_manage OR admin_settings actions=create | server/routes.ts:1235 assertEditEither sites_plants_manage OR admin_settings actions=edit | server/routes.ts:1259 assertCreateEither sites_plants_manage OR admin_settings actions=create | server/routes.ts:1821 assertCreateEither admin_notifications_manage OR admin_settings actions=create | server/routes.ts:3872 assertCreateEither sites_plants_manage OR admin_settings actions=create | server/routes.ts:3919 assertEditEither sites_plants_manage OR admin_settings actions=edit | server/routes.ts:11690 assertCreateEither vendor_masters_manage OR admin_settings actions=create | server/routes.ts:12560 assertCreateEither vendor_masters_manage OR admin_settings actions=create | server/routes.ts:12572 assertCreateEither vendor_masters_manage OR admin_settings actions=create | server/routes.ts:12596 assertCreateEither vendor_masters_manage OR admin_settings actions=create | server/routes.ts:13004 assertCreateEither concrete_estimates_manage OR admin_settings actions=create | server/routes.ts:13018 assertEditEither concrete_estimates_manage OR admin_settings actions=edit | server/routes.ts:13078 assertCreateEither concrete_estimates_manage OR admin_settings actions=create | server/routes.ts:13092 assertEditEither concrete_estimates_manage OR admin_settings actions=edit | server/management-report.ts:138 assertViewReportOrAdmin report_management OR reports OR admin_settings actions=view | server/management-report.ts:271 assertViewReportOrAdmin report_management OR reports OR admin_settings actions=view | server/management-report.ts:343 assertViewReportOrAdmin report_management OR reports OR admin_settings actions=view | server/management-report.ts:453 assertViewReportOrAdmin report_management OR reports OR admin_settings actions=view | server/management-report.ts:498 assertViewReportOrAdmin report_management OR reports OR admin_settings actions=view","view; create; edit; export","delete; view_reports; approve; notify","Action candidates are the union of page keys, not proof every subfunction implements each action. Bind each operational checkbox to its endpoint/control; preserve privileged, site and lifecycle checks. See Findings C and operation ledger.",""
"HMP","PlantDetails","PlantDetails (component name; use nested control ledger for exact displayed labels)","/plant/:id","client/src/pages/PlantDetails.tsx","client/src/App.tsx:352","GET /api/plant | GET /api/plant/:id | POST /api/plant | POST /api/plant/:id/clone | PATCH /api/plant/:id | DELETE /api/plant/:id","admin_settings; site_management; sites_plants_manage","{gatedEither(PlantDetails, ""site_management"", ""sites_plants_manage"", ""admin_settings"")} | plant_daily_reports.edit via sectionCan @ client/src/pages/PlantDetails.tsx:21","GET /api/plant => See /api requireAuth, public/optional estimator exceptions, and local guards | GET /api/plant/:id => See /api requireAuth, public/optional estimator exceptions, and local guards | POST /api/plant => sites_plants_manage.create via assertCreateEither @ server/routes.ts:3872; admin_settings.create via assertCreateEither @ server/routes.ts:3872; plant_daily_reports.notify via sendPushToSection @ server/routes.ts:3875 | POST /api/plant/:id/clone => plant_shift_logs.edit via assertEdit @ server/routes.ts:3895; plant_daily_reports.notify via sendPushToSection @ server/routes.ts:3904 | PATCH /api/plant/:id => admin_settings.edit via assertEditEither @ server/routes.ts:3919; sites_plants_manage.edit via assertEditEither @ server/routes.ts:3919; plant_daily_reports.notify via sendPushToSection @ server/routes.ts:3926 | DELETE /api/plant/:id => plant_daily_reports.notify via sendPushToSection @ server/routes.ts:3947","client/src/App.tsx:302 gatedEither site_management OR sites_plants_manage OR admin_settings actions=view | client/src/App.tsx:324 gatedEither admin_ldo_tools OR admin_settings actions=view | client/src/App.tsx:325 gatedEither admin_ldo_tools OR admin_settings actions=view | client/src/App.tsx:349 gatedEither rate_cards OR vendor_masters_manage OR admin_settings actions=view | client/src/App.tsx:351 gatedEither data_sync OR admin_settings actions=view | client/src/App.tsx:352 gatedEither site_management OR sites_plants_manage OR admin_settings actions=view | client/src/App.tsx:387 gatedEither site_management OR admin_settings actions=view | client/src/App.tsx:393 gatedEither report_management OR reports OR admin_settings actions=view | client/src/App.tsx:394 gatedEither concrete_calculator OR concrete_estimates_manage OR reports OR admin_settings actions=view | client/src/App.tsx:398 gatedEither master_parties OR master_materials OR master_equipment OR master_personnel OR sites_plants_manage OR admin_settings actions=view | client/src/pages/ManagementReport.tsx:382 ReportExportGate report_management OR reports OR admin_settings actions=export | server/routes.ts:1221 assertCreateEither sites_plants_manage OR admin_settings actions=create | server/routes.ts:1235 assertEditEither sites_plants_manage OR admin_settings actions=edit | server/routes.ts:1259 assertCreateEither sites_plants_manage OR admin_settings actions=create | server/routes.ts:1821 assertCreateEither admin_notifications_manage OR admin_settings actions=create | server/routes.ts:3872 assertCreateEither sites_plants_manage OR admin_settings actions=create | server/routes.ts:3919 assertEditEither sites_plants_manage OR admin_settings actions=edit | server/routes.ts:11690 assertCreateEither vendor_masters_manage OR admin_settings actions=create | server/routes.ts:12560 assertCreateEither vendor_masters_manage OR admin_settings actions=create | server/routes.ts:12572 assertCreateEither vendor_masters_manage OR admin_settings actions=create | server/routes.ts:12596 assertCreateEither vendor_masters_manage OR admin_settings actions=create | server/routes.ts:13004 assertCreateEither concrete_estimates_manage OR admin_settings actions=create | server/routes.ts:13018 assertEditEither concrete_estimates_manage OR admin_settings actions=edit | server/routes.ts:13078 assertCreateEither concrete_estimates_manage OR admin_settings actions=create | server/routes.ts:13092 assertEditEither concrete_estimates_manage OR admin_settings actions=edit | server/management-report.ts:138 assertViewReportOrAdmin report_management OR reports OR admin_settings actions=view | server/management-report.ts:271 assertViewReportOrAdmin report_management OR reports OR admin_settings actions=view | server/management-report.ts:343 assertViewReportOrAdmin report_management OR reports OR admin_settings actions=view | server/management-report.ts:453 assertViewReportOrAdmin report_management OR reports OR admin_settings actions=view | server/management-report.ts:498 assertViewReportOrAdmin report_management OR reports OR admin_settings actions=view","view; create; edit; export","delete; view_reports; approve; notify","Action candidates are the union of page keys, not proof every subfunction implements each action. Bind each operational checkbox to its endpoint/control; preserve privileged, site and lifecycle checks. See Findings C and operation ledger.",""
"Requisitions","All Requisitions / All Requisitions","All Requisitions / All Requisitions","/irn","client/src/pages/irn/IrnListPage.tsx","client/src/App.tsx:355","GET /api/irn/procurement-queue | POST /api/irn/:id/raise-pi | GET /api/irn | GET /api/irn/:id | POST /api/irn | DELETE /api/irn/:id | PATCH /api/irn/:id","irn_view; irn_raise; irn_approve","{gatedEither(IrnListPage, ""irn_view"", ""irn_raise"", ""irn_approve"")} | site_procurement.create via sectionCan @ client/src/pages/irn/IrnListPage.tsx:86 | purchase_indents_raise.create via sectionCan @ client/src/pages/irn/IrnListPage.tsx:86 | irn_raise.create via sectionCan @ client/src/pages/irn/IrnListPage.tsx:238","GET /api/irn/procurement-queue => assertAuthed(req, res) | POST /api/irn/:id/raise-pi => site_procurement.create via assertCreateEither @ server/routes.ts:9768; purchase_indents_raise.create via assertCreateEither @ server/routes.ts:9768; purchase_indents_view.notify via sendPushToSection @ server/routes.ts:9816 | GET /api/irn => assertAuthed(req, res) | GET /api/irn/:id => assertAuthed(req, res) | POST /api/irn => irn_raise.create via assertCreate @ server/routes.ts:9852; irn_view.notify via sendPushToSection @ server/routes.ts:9856 | DELETE /api/irn/:id => assertAdmin(req, res) | PATCH /api/irn/:id => assertAdmin(req, res) / existing.status !== ""pending_stores"" && !req.authUser?.isAdmin","client/src/App.tsx:355 gatedEither irn_view OR irn_raise OR irn_approve actions=view | client/src/App.tsx:357 gatedEither irn_view OR irn_raise OR irn_approve actions=view | server/routes.ts:10077 assertReportExport irn_view OR irn_raise actions=export","view; export; notify; create; delete; approve","edit; view_reports","Action candidates are the union of page keys, not proof every subfunction implements each action. Bind each operational checkbox to its endpoint/control; preserve privileged, site and lifecycle checks. See Findings C and operation ledger.",""
"Requisitions","Raise Requisition (IRN) / Raise Requisition / Raise Requisition (IRN) / Raise Requisition (IRN) / Raise Requisition (IRN) / Raise Requisition","Raise Requisition (IRN) / Raise Requisition / Raise Requisition (IRN) / Raise Requisition (IRN) / Raise Requisition (IRN) / Raise Requisition","/irn/new","client/src/pages/irn/IrnRaisePage.tsx","client/src/App.tsx:356","GET /api/sites | POST /api/sites | GET /api/plant-module/materials | POST /api/plant-module/materials | GET /api/irn | GET /api/irn/:id | POST /api/irn | DELETE /api/irn/:id | PATCH /api/irn/:id | GET /api/boq/projects | GET /api/boq/projects/:id | POST /api/boq/projects | PATCH /api/boq/projects/:id | DELETE /api/boq/projects/:id","irn_raise","{gated(IrnRaisePage, ""irn_raise"")}","GET /api/sites => req.authUser && !req.authUser.isAdmin | POST /api/sites => sites_plants_manage.create via assertCreateEither @ server/routes.ts:1221; admin_settings.create via assertCreateEither @ server/routes.ts:1221 | GET /api/plant-module/materials => See /api requireAuth, public/optional estimator exceptions, and local guards | POST /api/plant-module/materials => master_materials.create via assertCreate @ server/routes.ts:4018 | GET /api/irn => assertAuthed(req, res) | GET /api/irn/:id => assertAuthed(req, res) | POST /api/irn => irn_raise.create via assertCreate @ server/routes.ts:9852; irn_view.notify via sendPushToSection @ server/routes.ts:9856 | DELETE /api/irn/:id => assertAdmin(req, res) | PATCH /api/irn/:id => assertAdmin(req, res) / existing.status !== ""pending_stores"" && !req.authUser?.isAdmin | GET /api/boq/projects => See /api requireAuth, public/optional estimator exceptions, and local guards | GET /api/boq/projects/:id => See /api requireAuth, public/optional estimator exceptions, and local guards | POST /api/boq/projects => See /api requireAuth, public/optional estimator exceptions, and local guards | PATCH /api/boq/projects/:id => qto_boq.edit via assertEdit @ server/routes.ts:14929 | DELETE /api/boq/projects/:id => assertAdmin(req, res)","client/src/App.tsx:355 gatedEither irn_view OR irn_raise OR irn_approve actions=view | client/src/App.tsx:357 gatedEither irn_view OR irn_raise OR irn_approve actions=view | server/routes.ts:10077 assertReportExport irn_view OR irn_raise actions=export","view; create; delete; export","edit; view_reports; approve; notify","Action candidates are the union of page keys, not proof every subfunction implements each action. Bind each operational checkbox to its endpoint/control; preserve privileged, site and lifecycle checks. See Findings C and operation ledger.",""
"Requisitions","IrnDetailPage","IrnDetailPage (component name; use nested control ledger for exact displayed labels)","/irn/:id","client/src/pages/irn/IrnDetailPage.tsx","client/src/App.tsx:357","GET /api/sites | POST /api/sites | GET /api/plant-module/parties | POST /api/plant-module/parties | GET /api/irn/stock-lookup | GET /api/irn | GET /api/irn/:id | POST /api/irn | PATCH /api/irn/:id/stores-verify | PATCH /api/irn/:id/approve | PATCH /api/irn/:id/close | PATCH /api/irn/:id/reopen | GET /api/irn/:id/audit-logs | DELETE /api/irn/:id | PATCH /api/irn/:id | POST /api/irn/:id/record-issue | GET /api/irn/:id/issue-vouchers | GET /api/irn/:id/issue-voucher | GET /api/stores/items | POST /api/stores/items | GET /api/stores/issues | POST /api/stores/issues | GET /api/stores/stock-summary","irn_view; irn_raise; irn_approve","{gatedEither(IrnDetailPage, ""irn_view"", ""irn_raise"", ""irn_approve"")} | stores_inventory.create via sectionCan @ client/src/pages/irn/IrnDetailPage.tsx:80 | stores_inventory.create via sectionCan @ client/src/pages/irn/IrnDetailPage.tsx:82 | irn_approve.approve via sectionCan @ client/src/pages/irn/IrnDetailPage.tsx:82 | irn_approve.create via sectionCan @ client/src/pages/irn/IrnDetailPage.tsx:81","GET /api/sites => req.authUser && !req.authUser.isAdmin | POST /api/sites => sites_plants_manage.create via assertCreateEither @ server/routes.ts:1221; admin_settings.create via assertCreateEither @ server/routes.ts:1221 | GET /api/plant-module/parties => See /api requireAuth, public/optional estimator exceptions, and local guards | POST /api/plant-module/parties => master_parties.create via assertCreate @ server/routes.ts:3976 | GET /api/irn/stock-lookup => assertAuthed(req, res) | GET /api/irn => assertAuthed(req, res) | GET /api/irn/:id => assertAuthed(req, res) | POST /api/irn => irn_raise.create via assertCreate @ server/routes.ts:9852; irn_view.notify via sendPushToSection @ server/routes.ts:9856 | PATCH /api/irn/:id/stores-verify => stores_inventory.create via assertCreate @ server/routes.ts:9866; irn_view.notify via sendPushToSection @ server/routes.ts:9895 | PATCH /api/irn/:id/approve => irn_approve.approve via assertApprove @ server/routes.ts:9905; irn_view.notify via sendPushToSection @ server/routes.ts:9923; irn_view.notify via sendPushToSection @ server/routes.ts:9925 | PATCH /api/irn/:id/close => stores_inventory.create via direct matrix read @ server/routes.ts:9939; irn_approve.approve via direct matrix read @ server/routes.ts:9938; irn_view.notify via sendPushToSection @ server/routes.ts:9956 | PATCH /api/irn/:id/reopen => irn_approve.approve via direct matrix read @ server/routes.ts:9968 | GET /api/irn/:id/audit-logs => !req.authUser | DELETE /api/irn/:id => assertAdmin(req, res) | PATCH /api/irn/:id => assertAdmin(req, res) / existing.status !== ""pending_stores"" && !req.authUser?.isAdmin | POST /api/irn/:id/record-issue => stores_inventory.create via assertCreate @ server/routes.ts:10038; irn_view.notify via sendPushToSection @ server/routes.ts:10050 | GET /api/irn/:id/issue-vouchers => See /api requireAuth, public/optional estimator exceptions, and local guards | GET /api/irn/:id/issue-voucher => irn_view.export via assertReportExport @ server/routes.ts:10077; irn_raise.export via assertReportExport @ server/routes.ts:10077 | GET /api/stores/items => stores_inventory.view via assertView @ server/routes.ts:13129 | POST /api/stores/items => stores_inventory.create via assertCreate @ server/routes.ts:13152 | GET /api/stores/issues => stores_inventory.view via assertView @ server/routes.ts:13506 | POST /api/stores/issues => stores_inventory.create via assertCreate @ server/routes.ts:13548; stores_inventory.notify via sendPushToSection @ server/routes.ts:13576 | GET /api/stores/stock-summary => stores_inventory.view via assertView @ server/routes.ts:13614","client/src/App.tsx:355 gatedEither irn_view OR irn_raise OR irn_approve actions=view | client/src/App.tsx:357 gatedEither irn_view OR irn_raise OR irn_approve actions=view | server/routes.ts:10077 assertReportExport irn_view OR irn_raise actions=export","view; export; notify; create; delete; approve","edit; view_reports","Action candidates are the union of page keys, not proof every subfunction implements each action. Bind each operational checkbox to its endpoint/control; preserve privileged, site and lifecycle checks. See Findings C and operation ledger.",""
"Work Program & BOQ / Norms","BoqProjects","BoqProjects (component name; use nested control ledger for exact displayed labels)","/work-program","client/src/pages/BoqProjects.tsx","client/src/App.tsx:360","GET /api/sites | POST /api/sites | GET /api/boq/projects | GET /api/boq/projects/:id | POST /api/boq/projects | PATCH /api/boq/projects/:id | DELETE /api/boq/projects/:id | POST /api/boq/projects/:id/duplicate","qto_boq; planning_masters; work_programme; work_programme_review","{gatedEither(BoqProjects, ""qto_boq"", ""work_programme"", ""work_programme_review"", ""planning_masters"")} | qto_boq.view via sectionCan @ client/src/pages/BoqProjects.tsx:319 | work_programme.view via sectionCan @ client/src/pages/BoqProjects.tsx:320 | work_programme_review.view via sectionCan @ client/src/pages/BoqProjects.tsx:321 | qto_boq.edit via sectionCan @ client/src/pages/BoqProjects.tsx:386 | qto_boq.edit via sectionCan @ client/src/pages/BoqProjects.tsx:505","GET /api/sites => req.authUser && !req.authUser.isAdmin | POST /api/sites => sites_plants_manage.create via assertCreateEither @ server/routes.ts:1221; admin_settings.create via assertCreateEither @ server/routes.ts:1221 | GET /api/boq/projects => See /api requireAuth, public/optional estimator exceptions, and local guards | GET /api/boq/projects/:id => See /api requireAuth, public/optional estimator exceptions, and local guards | POST /api/boq/projects => See /api requireAuth, public/optional estimator exceptions, and local guards | PATCH /api/boq/projects/:id => qto_boq.edit via assertEdit @ server/routes.ts:14929 | DELETE /api/boq/projects/:id => assertAdmin(req, res) | POST /api/boq/projects/:id/duplicate => qto_boq.edit via assertEdit @ server/routes.ts:15461","client/src/App.tsx:360 gatedEither qto_boq OR work_programme OR work_programme_review OR planning_masters actions=view | client/src/App.tsx:368 gatedEither project_scope OR qto_boq OR work_programme OR work_programme_review OR planning_masters actions=view | server/routes.ts:14967 assertViewEither work_programme OR work_programme_review OR planning_masters actions=view | server/routes.ts:15413 assertViewEither work_programme OR work_programme_review actions=view | server/routes.ts:15767 assertViewEither work_programme OR work_programme_review actions=view | server/routes.ts:16131 assertViewEither qto_boq OR work_programme OR work_programme_review actions=view | server/routes.ts:16851 assertViewEither work_programme OR work_programme_review actions=view | server/routes.ts:18440 assertViewEither work_programme OR work_programme_review actions=view | server/routes.ts:18453 assertViewEither work_programme OR work_programme_review actions=view | server/routes.ts:19065 assertViewEither work_programme OR work_programme_review actions=view | server/routes.ts:19869 assertViewEither work_programme OR work_programme_review actions=view | server/routes.ts:20046 assertViewEither work_programme OR work_programme_review actions=view | server/routes.ts:22400 assertViewEither planning_masters OR work_programme OR work_programme_review actions=view | server/routes.ts:22410 assertViewEither planning_masters OR work_programme OR work_programme_review actions=view | server/routes.ts:22433 assertViewEither norms_library OR qto_boq OR work_programme_review actions=view | server/routes.ts:22442 assertViewEither norms_library OR qto_boq OR work_programme_review actions=view | server/routes.ts:22453 assertViewEither norms_library OR qto_boq OR work_programme_review actions=view | server/routes.ts:22479 assertViewEither norms_library OR qto_boq OR work_programme_review actions=view | server/routes.ts:22490 assertViewEither norms_library OR qto_boq OR work_programme_review actions=view | server/routes.ts:22518 assertViewEither norms_library OR qto_boq OR work_programme_review actions=view","view; edit; delete; approve","create; view_reports; export; notify","Action candidates are the union of page keys, not proof every subfunction implements each action. Bind each operational checkbox to its endpoint/control; preserve privileged, site and lifecycle checks. See Findings C and operation ledger.","WP_ENABLED"
"Work Program & BOQ / Norms","PlanningMasters","PlanningMasters (component name; use nested control ledger for exact displayed labels)","/work-program/planning-masters","client/src/pages/PlanningMasters.tsx","client/src/App.tsx:361","GET /api/planning/equipment-types | POST /api/planning/equipment-types | PATCH /api/planning/equipment-types/:id | DELETE /api/planning/equipment-types/:id | GET /api/planning/labour-types | POST /api/planning/labour-types | PATCH /api/planning/labour-types/:id | DELETE /api/planning/labour-types/:id | POST /api/planning/seed-morth","planning_masters","{gated(PlanningMasters, ""planning_masters"")}","GET /api/planning/equipment-types => planning_masters.view via assertView @ server/routes.ts:20567 | POST /api/planning/equipment-types => planning_masters.edit via assertEdit @ server/routes.ts:22313 | PATCH /api/planning/equipment-types/:id => planning_masters.edit via assertEdit @ server/routes.ts:22323 | DELETE /api/planning/equipment-types/:id => assertAdmin(req, res) | GET /api/planning/labour-types => planning_masters.view via assertView @ server/routes.ts:22345 | POST /api/planning/labour-types => planning_masters.edit via assertEdit @ server/routes.ts:22355 | PATCH /api/planning/labour-types/:id => planning_masters.edit via assertEdit @ server/routes.ts:22365 | DELETE /api/planning/labour-types/:id => assertAdmin(req, res) | POST /api/planning/seed-morth => assertAdmin(req, res)","client/src/App.tsx:360 gatedEither qto_boq OR work_programme OR work_programme_review OR planning_masters actions=view | client/src/App.tsx:368 gatedEither project_scope OR qto_boq OR work_programme OR work_programme_review OR planning_masters actions=view | server/routes.ts:14967 assertViewEither work_programme OR work_programme_review OR planning_masters actions=view | server/routes.ts:22400 assertViewEither planning_masters OR work_programme OR work_programme_review actions=view | server/routes.ts:22410 assertViewEither planning_masters OR work_programme OR work_programme_review actions=view","view; edit","create; delete; view_reports; export; approve; notify","Action candidates are the union of page keys, not proof every subfunction implements each action. Bind each operational checkbox to its endpoint/control; preserve privileged, site and lifecycle checks. See Findings C and operation ledger.","WP_ENABLED"
"Work Program & BOQ / Norms","BoqProjectDetail","BoqProjectDetail (component name; use nested control ledger for exact displayed labels)","/work-program/:id","client/src/pages/BoqProjectDetail.tsx","client/src/App.tsx:362","GET /api/boq/projects | GET /api/boq/projects/:id | POST /api/boq/projects | PATCH /api/boq/projects/:id | DELETE /api/boq/projects/:id | GET /api/boq/projects/:id/items | PATCH /api/boq/items/:id | POST /api/boq/projects/:id/cleanup-zero-qty | PATCH /api/boq/items/:id/work-type | PATCH /api/boq/items/:id/planning-include | PATCH /api/boq/projects/:id/planning-include-bulk | DELETE /api/boq/items/:id | GET /api/boq/projects/:id/revisions | POST /api/boq/projects/:id/revisions | PATCH /api/boq/revisions/:id/activate | DELETE /api/boq/revisions/:id | GET /api/boq/projects/:id/programme-status | GET /api/snl/search | POST /api/snl/mappings/:boqItemId/apply | POST /api/boq/projects/:id/remap | POST /api/boq/projects/:id/snl/auto-map-all | POST /api/boq/projects/:id/snl/confirm-review | GET /api/boq/items/:id/components | POST /api/boq/items/:id/components/:compId/map","qto_boq","{gated(BoqProjectDetail, ""qto_boq"")} | work_programme.view via sectionVisible @ client/src/pages/BoqProjectDetail.tsx:2058 | work_programme_review.view via sectionVisible @ client/src/pages/BoqProjectDetail.tsx:2071 | work_programme_review.view via sectionVisible @ client/src/pages/BoqProjectDetail.tsx:2084 | work_programme_review.view via sectionVisible @ client/src/pages/BoqProjectDetail.tsx:2097 | planning_masters.view via sectionVisible @ client/src/pages/BoqProjectDetail.tsx:2044 | qto_boq.delete via DeleteGate @ client/src/pages/BoqProjectDetail.tsx:588 | qto_boq.delete via DeleteGate @ client/src/pages/BoqProjectDetail.tsx:1572","GET /api/boq/projects => See /api requireAuth, public/optional estimator exceptions, and local guards | GET /api/boq/projects/:id => See /api requireAuth, public/optional estimator exceptions, and local guards | POST /api/boq/projects => See /api requireAuth, public/optional estimator exceptions, and local guards | PATCH /api/boq/projects/:id => qto_boq.edit via assertEdit @ server/routes.ts:14929 | DELETE /api/boq/projects/:id => assertAdmin(req, res) | GET /api/boq/projects/:id/items => See /api requireAuth, public/optional estimator exceptions, and local guards | PATCH /api/boq/items/:id => qto_boq.edit via assertEdit @ server/routes.ts:15583 | POST /api/boq/projects/:id/cleanup-zero-qty => See /api requireAuth, public/optional estimator exceptions, and local guards | PATCH /api/boq/items/:id/work-type => work_programme_review.edit via assertEdit @ server/routes.ts:15650 | PATCH /api/boq/items/:id/planning-include => work_programme_review.edit via assertEdit @ server/routes.ts:15666 | PATCH /api/boq/projects/:id/planning-include-bulk => work_programme_review.edit via assertEdit @ server/routes.ts:15680 | DELETE /api/boq/items/:id => qto_boq.delete via assertDelete @ server/routes.ts:15694 | GET /api/boq/projects/:id/revisions => See /api requireAuth, public/optional estimator exceptions, and local guards | POST /api/boq/projects/:id/revisions => See /api requireAuth, public/optional estimator exceptions, and local guards | PATCH /api/boq/revisions/:id/activate => See /api requireAuth, public/optional estimator exceptions, and local guards | DELETE /api/boq/revisions/:id => qto_boq.delete via assertDelete @ server/routes.ts:15753 | GET /api/boq/projects/:id/programme-status => qto_boq.view via assertViewEither @ server/routes.ts:16131; work_programme.view via assertViewEither @ server/routes.ts:16131; work_programme_review.view via assertViewEither @ server/routes.ts:16131 | GET /api/snl/search => qto_boq.view via assertViewEither @ server/routes.ts:22490; work_programme_review.view via assertViewEither @ server/routes.ts:22490; norms_library.view via assertViewEither @ server/routes.ts:22490 | POST /api/snl/mappings/:boqItemId/apply => norms_library.edit via assertEdit @ server/routes.ts:22548 | POST /api/boq/projects/:id/remap => See /api requireAuth, public/optional estimator exceptions, and local guards | POST /api/boq/projects/:id/snl/auto-map-all => norms_library.edit via assertEdit @ server/routes.ts:22595 | POST /api/boq/projects/:id/snl/confirm-review => norms_library.edit via assertEdit @ server/routes.ts:22608 | GET /api/boq/items/:id/components => See /api requireAuth, public/optional estimator exceptions, and local guards | POST /api/boq/items/:id/components/:compId/map => See /api requireAuth, public/optional estimator exceptions, and local guards","client/src/App.tsx:360 gatedEither qto_boq OR work_programme OR work_programme_review OR planning_masters actions=view | client/src/App.tsx:368 gatedEither project_scope OR qto_boq OR work_programme OR work_programme_review OR planning_masters actions=view | server/routes.ts:16131 assertViewEither qto_boq OR work_programme OR work_programme_review actions=view | server/routes.ts:22433 assertViewEither norms_library OR qto_boq OR work_programme_review actions=view | server/routes.ts:22442 assertViewEither norms_library OR qto_boq OR work_programme_review actions=view | server/routes.ts:22453 assertViewEither norms_library OR qto_boq OR work_programme_review actions=view | server/routes.ts:22479 assertViewEither norms_library OR qto_boq OR work_programme_review actions=view | server/routes.ts:22490 assertViewEither norms_library OR qto_boq OR work_programme_review actions=view | server/routes.ts:22518 assertViewEither norms_library OR qto_boq OR work_programme_review actions=view","view; edit; delete","create; view_reports; export; approve; notify","Action candidates are the union of page keys, not proof every subfunction implements each action. Bind each operational checkbox to its endpoint/control; preserve privileged, site and lifecycle checks. See Findings C and operation ledger.","WP_ENABLED"
"Work Program & BOQ / Norms","BoqProgramSettings","BoqProgramSettings (component name; use nested control ledger for exact displayed labels)","/work-program/:id/settings","client/src/pages/BoqProgramSettings.tsx","client/src/App.tsx:363","GET /api/boq/projects | GET /api/boq/projects/:id | POST /api/boq/projects | PATCH /api/boq/projects/:id | DELETE /api/boq/projects/:id | GET /api/boq/projects/:id/program-settings | PUT /api/boq/projects/:id/program-settings | GET /api/boq/projects/:id/mix-links | POST /api/boq/projects/:id/mix-links | PUT /api/boq/projects/:id/mix-links | DELETE /api/boq/projects/:id/mix-links/:linkId | GET /api/planning/mix-templates","work_programme","{gated(BoqProgramSettings, ""work_programme"")} | work_programme.delete via DeleteGate @ client/src/pages/BoqProgramSettings.tsx:201","GET /api/boq/projects => See /api requireAuth, public/optional estimator exceptions, and local guards | GET /api/boq/projects/:id => See /api requireAuth, public/optional estimator exceptions, and local guards | POST /api/boq/projects => See /api requireAuth, public/optional estimator exceptions, and local guards | PATCH /api/boq/projects/:id => qto_boq.edit via assertEdit @ server/routes.ts:14929 | DELETE /api/boq/projects/:id => assertAdmin(req, res) | GET /api/boq/projects/:id/program-settings => work_programme.view via assertViewEither @ server/routes.ts:14967; work_programme_review.view via assertViewEither @ server/routes.ts:14967; planning_masters.view via assertViewEither @ server/routes.ts:14967 | PUT /api/boq/projects/:id/program-settings => work_programme.edit via assertEdit @ server/routes.ts:15082 | GET /api/boq/projects/:id/mix-links => work_programme.view via assertViewEither @ server/routes.ts:15413; work_programme_review.view via assertViewEither @ server/routes.ts:15413 | POST /api/boq/projects/:id/mix-links => work_programme.edit via assertEdit @ server/routes.ts:15424 | PUT /api/boq/projects/:id/mix-links => work_programme.edit via assertEdit @ server/routes.ts:15436 | DELETE /api/boq/projects/:id/mix-links/:linkId => work_programme.delete via assertDelete @ server/routes.ts:15450 | GET /api/planning/mix-templates => work_programme.view via assertViewEither @ server/routes.ts:22400; work_programme_review.view via assertViewEither @ server/routes.ts:22400; planning_masters.view via assertViewEither @ server/routes.ts:22400","client/src/App.tsx:360 gatedEither qto_boq OR work_programme OR work_programme_review OR planning_masters actions=view | client/src/App.tsx:368 gatedEither project_scope OR qto_boq OR work_programme OR work_programme_review OR planning_masters actions=view | server/routes.ts:14967 assertViewEither work_programme OR work_programme_review OR planning_masters actions=view | server/routes.ts:15413 assertViewEither work_programme OR work_programme_review actions=view | server/routes.ts:15767 assertViewEither work_programme OR work_programme_review actions=view | server/routes.ts:16131 assertViewEither qto_boq OR work_programme OR work_programme_review actions=view | server/routes.ts:16851 assertViewEither work_programme OR work_programme_review actions=view | server/routes.ts:18440 assertViewEither work_programme OR work_programme_review actions=view | server/routes.ts:18453 assertViewEither work_programme OR work_programme_review actions=view | server/routes.ts:19065 assertViewEither work_programme OR work_programme_review actions=view | server/routes.ts:19869 assertViewEither work_programme OR work_programme_review actions=view | server/routes.ts:20046 assertViewEither work_programme OR work_programme_review actions=view | server/routes.ts:22400 assertViewEither planning_masters OR work_programme OR work_programme_review actions=view | server/routes.ts:22410 assertViewEither planning_masters OR work_programme OR work_programme_review actions=view","view; edit; delete; approve","create; view_reports; export; notify","Action candidates are the union of page keys, not proof every subfunction implements each action. Bind each operational checkbox to its endpoint/control; preserve privileged, site and lifecycle checks. See Findings C and operation ledger.","WP_ENABLED"
"Work Program & BOQ / Norms","WorkProgramme","WorkProgramme (component name; use nested control ledger for exact displayed labels)","/work-program/:id/programme","client/src/pages/WorkProgramme.tsx","client/src/App.tsx:364","GET /api/boq/projects | GET /api/boq/projects/:id | POST /api/boq/projects | PATCH /api/boq/projects/:id | DELETE /api/boq/projects/:id | GET /api/boq/projects/:id/program-settings | PUT /api/boq/projects/:id/program-settings | GET /api/boq/projects/:id/scope-segments | POST /api/boq/projects/:id/scope-segments | GET /api/boq/projects/:id/items | GET /api/boq/projects/:id/programme | POST /api/boq/projects/:id/programme/publish-baseline | POST /api/boq/programme/bars/:id/revision-preview | POST /api/boq/programme/bars/:id/revise-schedule | POST /api/boq/projects/:id/programme | POST /api/boq/projects/:id/programme/bulk | PATCH /api/boq/programme/bars/:id | DELETE /api/boq/programme/bars/:id | POST /api/boq/projects/:id/programme/bulk-side | POST /api/boq/programme/bars/:id/split-by-side | POST /api/boq/projects/:id/programme/clean-structure-bars | GET /api/boq/items/:itemId/equipment | PUT /api/boq/items/:itemId/equipment | GET /api/boq/projects/:id/shortage-check | POST /api/boq/projects/:id/auto-sequence | POST /api/boq/projects/:id/parse-structure-schedule | POST /api/boq/projects/:id/auto-sequence-structures | POST /api/boq/projects/:id/import-structure | POST /api/boq/projects/:id/programme/restore | POST /api/boq/projects/:id/auto-build-recipes","work_programme","{gated(WorkProgramme, ""work_programme"")} | work_programme.delete via DeleteGate @ client/src/pages/WorkProgramme.tsx:1534 | work_programme.delete via DeleteGate @ client/src/pages/WorkProgramme.tsx:1829","GET /api/boq/projects => See /api requireAuth, public/optional estimator exceptions, and local guards | GET /api/boq/projects/:id => See /api requireAuth, public/optional estimator exceptions, and local guards | POST /api/boq/projects => See /api requireAuth, public/optional estimator exceptions, and local guards | PATCH /api/boq/projects/:id => qto_boq.edit via assertEdit @ server/routes.ts:14929 | DELETE /api/boq/projects/:id => assertAdmin(req, res) | GET /api/boq/projects/:id/program-settings => work_programme.view via assertViewEither @ server/routes.ts:14967; work_programme_review.view via assertViewEither @ server/routes.ts:14967; planning_masters.view via assertViewEither @ server/routes.ts:14967 | PUT /api/boq/projects/:id/program-settings => work_programme.edit via assertEdit @ server/routes.ts:15082 | GET /api/boq/projects/:id/scope-segments => !req.authUser / canViewScope(req) | POST /api/boq/projects/:id/scope-segments => project_scope.edit via assertEdit @ server/routes.ts:15197 | GET /api/boq/projects/:id/items => See /api requireAuth, public/optional estimator exceptions, and local guards | GET /api/boq/projects/:id/programme => work_programme.view via assertViewEither @ server/routes.ts:15767; work_programme_review.view via assertViewEither @ server/routes.ts:15767 | POST /api/boq/projects/:id/programme/publish-baseline => work_programme.edit via assertEdit @ server/routes.ts:15795 | POST /api/boq/programme/bars/:id/revision-preview => work_programme.edit via assertEdit @ server/routes.ts:16001 | POST /api/boq/programme/bars/:id/revise-schedule => work_programme.edit via assertEdit @ server/routes.ts:16012 | POST /api/boq/projects/:id/programme => work_programme.edit via assertEdit @ server/routes.ts:16262 | POST /api/boq/projects/:id/programme/bulk => work_programme.edit via assertEdit @ server/routes.ts:16297 | PATCH /api/boq/programme/bars/:id => work_programme.edit via assertEdit @ server/routes.ts:16320 | DELETE /api/boq/programme/bars/:id => work_programme.delete via assertDelete @ server/routes.ts:16384; work_programme.delete via assertDeleteOrCancel @ server/routes.ts:16405 | POST /api/boq/projects/:id/programme/bulk-side => work_programme.edit via assertEdit @ server/routes.ts:16437 | POST /api/boq/programme/bars/:id/split-by-side => work_programme.edit via assertEdit @ server/routes.ts:16480 | POST /api/boq/projects/:id/programme/clean-structure-bars => work_programme.delete via assertDelete @ server/routes.ts:16752 | GET /api/boq/items/:itemId/equipment => See /api requireAuth, public/optional estimator exceptions, and local guards | PUT /api/boq/items/:itemId/equipment => work_programme_review.edit via assertEdit @ server/routes.ts:17127 | GET /api/boq/projects/:id/shortage-check => work_programme_review.view via assertView @ server/routes.ts:17782 | POST /api/boq/projects/:id/auto-sequence => work_programme.edit via assertEdit @ server/routes.ts:20578 | POST /api/boq/projects/:id/parse-structure-schedule => work_programme.edit via assertEdit @ server/routes.ts:21304 | POST /api/boq/projects/:id/auto-sequence-structures => work_programme.edit via assertEdit @ server/routes.ts:21807 | POST /api/boq/projects/:id/import-structure => work_programme.edit via assertEdit @ server/routes.ts:21836 | POST /api/boq/projects/:id/programme/restore => work_programme.edit via assertEdit @ server/routes.ts:22147 | POST /api/boq/projects/:id/auto-build-recipes => work_programme_review.edit via assertEdit @ server/routes.ts:22171","client/src/App.tsx:360 gatedEither qto_boq OR work_programme OR work_programme_review OR planning_masters actions=view | client/src/App.tsx:368 gatedEither project_scope OR qto_boq OR work_programme OR work_programme_review OR planning_masters actions=view | server/routes.ts:14967 assertViewEither work_programme OR work_programme_review OR planning_masters actions=view | server/routes.ts:15413 assertViewEither work_programme OR work_programme_review actions=view | server/routes.ts:15767 assertViewEither work_programme OR work_programme_review actions=view | server/routes.ts:16131 assertViewEither qto_boq OR work_programme OR work_programme_review actions=view | server/routes.ts:16851 assertViewEither work_programme OR work_programme_review actions=view | server/routes.ts:18440 assertViewEither work_programme OR work_programme_review actions=view | server/routes.ts:18453 assertViewEither work_programme OR work_programme_review actions=view | server/routes.ts:19065 assertViewEither work_programme OR work_programme_review actions=view | server/routes.ts:19869 assertViewEither work_programme OR work_programme_review actions=view | server/routes.ts:20046 assertViewEither work_programme OR work_programme_review actions=view | server/routes.ts:22400 assertViewEither planning_masters OR work_programme OR work_programme_review actions=view | server/routes.ts:22410 assertViewEither planning_masters OR work_programme OR work_programme_review actions=view","view; edit; delete; approve","create; view_reports; export; notify","Action candidates are the union of page keys, not proof every subfunction implements each action. Bind each operational checkbox to its endpoint/control; preserve privileged, site and lifecycle checks. See Findings C and operation ledger.","WP_ENABLED"
"Work Program & BOQ / Norms","WorkDemand","WorkDemand (component name; use nested control ledger for exact displayed labels)","/work-program/:id/demand","client/src/pages/WorkDemand.tsx","client/src/App.tsx:365","GET /api/dprs/with-details | GET /api/sites | POST /api/sites | DELETE /api/dprs/:id | GET /api/plant-materials/:id/uom-conversions | POST /api/plant-materials/:id/uom-conversions | GET /api/plant-module/plant-settings | GET /api/boq/projects | GET /api/boq/projects/:id | POST /api/boq/projects | PATCH /api/boq/projects/:id | DELETE /api/boq/projects/:id | GET /api/boq/projects/:id/programme | POST /api/boq/projects/:id/programme | GET /api/boq/projects/:id/plan-vs-actual | GET /api/boq/projects/:id/bom | GET /api/boq/projects/:id/shortage-check | GET /api/boq/projects/:id/material-mappings | POST /api/boq/projects/:id/material-mappings | GET /api/plant-materials/search | POST /api/material-requirements | POST /api/material-requirements/:id/allocations | GET /api/material-requirements/:id/allocations","work_programme_review","{gated(WorkDemand, ""work_programme_review"")} | purchase_indents_approve.approve via direct matrix read @ client/src/pages/WorkDemand.tsx:1784 | irn_approve.approve via direct matrix read @ client/src/pages/WorkDemand.tsx:1785","GET /api/dprs/with-details => See /api requireAuth, public/optional estimator exceptions, and local guards | GET /api/sites => req.authUser && !req.authUser.isAdmin | POST /api/sites => sites_plants_manage.create via assertCreateEither @ server/routes.ts:1221; admin_settings.create via assertCreateEither @ server/routes.ts:1221 | DELETE /api/dprs/:id => site_dprs.notify via sendPushToSection @ server/routes.ts:3806 | GET /api/plant-materials/:id/uom-conversions => See /api requireAuth, public/optional estimator exceptions, and local guards | POST /api/plant-materials/:id/uom-conversions => master_materials.edit via assertEdit @ server/routes.ts:4063 | GET /api/plant-module/plant-settings => See /api requireAuth, public/optional estimator exceptions, and local guards | GET /api/boq/projects => See /api requireAuth, public/optional estimator exceptions, and local guards | GET /api/boq/projects/:id => See /api requireAuth, public/optional estimator exceptions, and local guards | POST /api/boq/projects => See /api requireAuth, public/optional estimator exceptions, and local guards | PATCH /api/boq/projects/:id => qto_boq.edit via assertEdit @ server/routes.ts:14929 | DELETE /api/boq/projects/:id => assertAdmin(req, res) | GET /api/boq/projects/:id/programme => work_programme.view via assertViewEither @ server/routes.ts:15767; work_programme_review.view via assertViewEither @ server/routes.ts:15767 | POST /api/boq/projects/:id/programme => work_programme.edit via assertEdit @ server/routes.ts:16262 | GET /api/boq/projects/:id/plan-vs-actual => work_programme_review.view via assertView @ server/routes.ts:16863 | GET /api/boq/projects/:id/bom => work_programme_review.view via assertView @ server/routes.ts:17742 | GET /api/boq/projects/:id/shortage-check => work_programme_review.view via assertView @ server/routes.ts:17782 | GET /api/boq/projects/:id/material-mappings => See /api requireAuth, public/optional estimator exceptions, and local guards | POST /api/boq/projects/:id/material-mappings => purchase_indents_approve.approve via assertApprove @ server/routes.ts:20271 | GET /api/plant-materials/search => See /api requireAuth, public/optional estimator exceptions, and local guards | POST /api/material-requirements => site_procurement.create via assertCreate @ server/routes.ts:20412 | POST /api/material-requirements/:id/allocations => purchase_indents_approve.approve via assertApprove @ server/routes.ts:20506; irn_approve.approve via assertApprove @ server/routes.ts:20508 | GET /api/material-requirements/:id/allocations => See /api requireAuth, public/optional estimator exceptions, and local guards","client/src/App.tsx:360 gatedEither qto_boq OR work_programme OR work_programme_review OR planning_masters actions=view | client/src/App.tsx:368 gatedEither project_scope OR qto_boq OR work_programme OR work_programme_review OR planning_masters actions=view | server/routes.ts:14967 assertViewEither work_programme OR work_programme_review OR planning_masters actions=view | server/routes.ts:15413 assertViewEither work_programme OR work_programme_review actions=view | server/routes.ts:15767 assertViewEither work_programme OR work_programme_review actions=view | server/routes.ts:16131 assertViewEither qto_boq OR work_programme OR work_programme_review actions=view | server/routes.ts:16851 assertViewEither work_programme OR work_programme_review actions=view | server/routes.ts:18440 assertViewEither work_programme OR work_programme_review actions=view | server/routes.ts:18453 assertViewEither work_programme OR work_programme_review actions=view | server/routes.ts:19065 assertViewEither work_programme OR work_programme_review actions=view | server/routes.ts:19869 assertViewEither work_programme OR work_programme_review actions=view | server/routes.ts:20046 assertViewEither work_programme OR work_programme_review actions=view | server/routes.ts:22400 assertViewEither planning_masters OR work_programme OR work_programme_review actions=view | server/routes.ts:22410 assertViewEither planning_masters OR work_programme OR work_programme_review actions=view | server/routes.ts:22433 assertViewEither norms_library OR qto_boq OR work_programme_review actions=view | server/routes.ts:22442 assertViewEither norms_library OR qto_boq OR work_programme_review actions=view | server/routes.ts:22453 assertViewEither norms_library OR qto_boq OR work_programme_review actions=view | server/routes.ts:22479 assertViewEither norms_library OR qto_boq OR work_programme_review actions=view | server/routes.ts:22490 assertViewEither norms_library OR qto_boq OR work_programme_review actions=view | server/routes.ts:22518 assertViewEither norms_library OR qto_boq OR work_programme_review actions=view","view; edit","create; delete; view_reports; export; approve; notify","Action candidates are the union of page keys, not proof every subfunction implements each action. Bind each operational checkbox to its endpoint/control; preserve privileged, site and lifecycle checks. See Findings C and operation ledger.","WP_ENABLED"
"Work Program & BOQ / Norms","EarthworkControl","EarthworkControl (component name; use nested control ledger for exact displayed labels)","/work-program/:id/earthwork","client/src/pages/EarthworkControl.tsx","client/src/App.tsx:366","GET /api/boq/projects | POST /api/boq/projects | GET /api/boq/projects/:id/items | GET /api/boq/projects/:id/shortage-check | GET /api/boq/projects/:id/cut-fill-reconciliation | PATCH /api/boq/items/:itemId/bulk-classification","work_programme_review","{gated(EarthworkControl, ""work_programme_review"")}","GET /api/boq/projects => See /api requireAuth, public/optional estimator exceptions, and local guards | POST /api/boq/projects => See /api requireAuth, public/optional estimator exceptions, and local guards | GET /api/boq/projects/:id/items => See /api requireAuth, public/optional estimator exceptions, and local guards | GET /api/boq/projects/:id/shortage-check => work_programme_review.view via assertView @ server/routes.ts:17782 | GET /api/boq/projects/:id/cut-fill-reconciliation => assertCutFillProjectAccess(req, res, projectId) | PATCH /api/boq/items/:itemId/bulk-classification => work_programme_review.edit via assertEdit @ server/routes.ts:20223","client/src/App.tsx:360 gatedEither qto_boq OR work_programme OR work_programme_review OR planning_masters actions=view | client/src/App.tsx:368 gatedEither project_scope OR qto_boq OR work_programme OR work_programme_review OR planning_masters actions=view | server/routes.ts:14967 assertViewEither work_programme OR work_programme_review OR planning_masters actions=view | server/routes.ts:15413 assertViewEither work_programme OR work_programme_review actions=view | server/routes.ts:15767 assertViewEither work_programme OR work_programme_review actions=view | server/routes.ts:16131 assertViewEither qto_boq OR work_programme OR work_programme_review actions=view | server/routes.ts:16851 assertViewEither work_programme OR work_programme_review actions=view | server/routes.ts:18440 assertViewEither work_programme OR work_programme_review actions=view | server/routes.ts:18453 assertViewEither work_programme OR work_programme_review actions=view | server/routes.ts:19065 assertViewEither work_programme OR work_programme_review actions=view | server/routes.ts:19869 assertViewEither work_programme OR work_programme_review actions=view | server/routes.ts:20046 assertViewEither work_programme OR work_programme_review actions=view | server/routes.ts:22400 assertViewEither planning_masters OR work_programme OR work_programme_review actions=view | server/routes.ts:22410 assertViewEither planning_masters OR work_programme OR work_programme_review actions=view | server/routes.ts:22433 assertViewEither norms_library OR qto_boq OR work_programme_review actions=view | server/routes.ts:22442 assertViewEither norms_library OR qto_boq OR work_programme_review actions=view | server/routes.ts:22453 assertViewEither norms_library OR qto_boq OR work_programme_review actions=view | server/routes.ts:22479 assertViewEither norms_library OR qto_boq OR work_programme_review actions=view | server/routes.ts:22490 assertViewEither norms_library OR qto_boq OR work_programme_review actions=view | server/routes.ts:22518 assertViewEither norms_library OR qto_boq OR work_programme_review actions=view","view; edit","create; delete; view_reports; export; approve; notify","Action candidates are the union of page keys, not proof every subfunction implements each action. Bind each operational checkbox to its endpoint/control; preserve privileged, site and lifecycle checks. See Findings C and operation ledger.","WP_ENABLED"
"Work Program & BOQ / Norms","ExecutionArrangements","ExecutionArrangements (component name; use nested control ledger for exact displayed labels)","/work-program/:id/execution-arrangements","client/src/pages/ExecutionArrangements.tsx","client/src/App.tsx:367","GET /api/boq/projects | POST /api/boq/projects | GET /api/boq/projects/:id/scope-segments | POST /api/boq/projects/:id/scope-segments | GET /api/boq/projects/:id/items | GET /api/boq/projects/:id/programme | POST /api/boq/projects/:id/programme | GET /api/earthwork-arrangements/:id | GET /api/earthwork-arrangements/:id/execution-evidence | PATCH /api/earthwork-arrangements/:id | DELETE /api/earthwork-arrangements/:id","work_programme","{gated(ExecutionArrangements, ""work_programme"")} | work_programme.edit via sectionCan @ client/src/pages/ExecutionArrangements.tsx:116","GET /api/boq/projects => See /api requireAuth, public/optional estimator exceptions, and local guards | POST /api/boq/projects => See /api requireAuth, public/optional estimator exceptions, and local guards | GET /api/boq/projects/:id/scope-segments => !req.authUser / canViewScope(req) | POST /api/boq/projects/:id/scope-segments => project_scope.edit via assertEdit @ server/routes.ts:15197 | GET /api/boq/projects/:id/items => See /api requireAuth, public/optional estimator exceptions, and local guards | GET /api/boq/projects/:id/programme => work_programme.view via assertViewEither @ server/routes.ts:15767; work_programme_review.view via assertViewEither @ server/routes.ts:15767 | POST /api/boq/projects/:id/programme => work_programme.edit via assertEdit @ server/routes.ts:16262 | GET /api/earthwork-arrangements/:id => assertAuthed(req, res) | GET /api/earthwork-arrangements/:id/execution-evidence => work_programme.view via assertViewEither @ server/routes.ts:19065; work_programme_review.view via assertViewEither @ server/routes.ts:19065 | PATCH /api/earthwork-arrangements/:id => work_programme.edit via assertEdit @ server/routes.ts:19189; work_programme.approve via assertApprove @ server/routes.ts:19472; work_programme.approve via assertApprove @ server/routes.ts:19556 | DELETE /api/earthwork-arrangements/:id => work_programme.delete via assertDelete @ server/routes.ts:19811","client/src/App.tsx:360 gatedEither qto_boq OR work_programme OR work_programme_review OR planning_masters actions=view | client/src/App.tsx:368 gatedEither project_scope OR qto_boq OR work_programme OR work_programme_review OR planning_masters actions=view | server/routes.ts:14967 assertViewEither work_programme OR work_programme_review OR planning_masters actions=view | server/routes.ts:15413 assertViewEither work_programme OR work_programme_review actions=view | server/routes.ts:15767 assertViewEither work_programme OR work_programme_review actions=view | server/routes.ts:16131 assertViewEither qto_boq OR work_programme OR work_programme_review actions=view | server/routes.ts:16851 assertViewEither work_programme OR work_programme_review actions=view | server/routes.ts:18440 assertViewEither work_programme OR work_programme_review actions=view | server/routes.ts:18453 assertViewEither work_programme OR work_programme_review actions=view | server/routes.ts:19065 assertViewEither work_programme OR work_programme_review actions=view | server/routes.ts:19869 assertViewEither work_programme OR work_programme_review actions=view | server/routes.ts:20046 assertViewEither work_programme OR work_programme_review actions=view | server/routes.ts:22400 assertViewEither planning_masters OR work_programme OR work_programme_review actions=view | server/routes.ts:22410 assertViewEither planning_masters OR work_programme OR work_programme_review actions=view","view; edit; delete; approve","create; view_reports; export; notify","Action candidates are the union of page keys, not proof every subfunction implements each action. Bind each operational checkbox to its endpoint/control; preserve privileged, site and lifecycle checks. See Findings C and operation ledger.","WP_ENABLED"
"Work Program & BOQ / Norms","ScopeSetup","ScopeSetup (component name; use nested control ledger for exact displayed labels)","/work-program/:id/scope","client/src/pages/ScopeSetup.tsx","client/src/App.tsx:368","GET /api/auth/me | PATCH /api/auth/me | GET /api/boq/projects/:id/scope-segments | GET /api/boq/projects/:id/scope-segments/:segId/initial-correction-eligibility | POST /api/boq/projects/:id/scope-segments | PATCH /api/boq/scope-segments/:segId | POST /api/boq/scope-segments/:segId/correct-initial | POST /api/boq/scope-segments/:segId/confirm | DELETE /api/boq/scope-segments/:segId | PATCH /api/boq/projects/:id/corridor | GET /api/boq/projects/:id/categories | GET /api/boq/projects/:id/items","qto_boq; planning_masters; work_programme; work_programme_review; project_scope","{gatedEither(ScopeSetup, ""project_scope"", ""qto_boq"", ""work_programme"", ""work_programme_review"", ""planning_masters"")} | project_scope.delete via DeleteGate @ client/src/pages/ScopeSetup.tsx:588","GET /api/auth/me => Own auth-route middleware; registered before global /api guard | PATCH /api/auth/me => Own auth-route middleware; registered before global /api guard | GET /api/boq/projects/:id/scope-segments => !req.authUser / canViewScope(req) | GET /api/boq/projects/:id/scope-segments/:segId/initial-correction-eligibility => assertAdmin(req, res) | POST /api/boq/projects/:id/scope-segments => project_scope.edit via assertEdit @ server/routes.ts:15197 | PATCH /api/boq/scope-segments/:segId => project_scope.edit via assertEdit @ server/routes.ts:15215 | POST /api/boq/scope-segments/:segId/correct-initial => assertAdmin(req, res) | POST /api/boq/scope-segments/:segId/confirm => project_scope.approve via assertApprove @ server/routes.ts:15299 | DELETE /api/boq/scope-segments/:segId => project_scope.delete via assertDelete @ server/routes.ts:15331 | PATCH /api/boq/projects/:id/corridor => project_scope.edit via assertEdit @ server/routes.ts:15384 | GET /api/boq/projects/:id/categories => See /api requireAuth, public/optional estimator exceptions, and local guards | GET /api/boq/projects/:id/items => See /api requireAuth, public/optional estimator exceptions, and local guards","client/src/App.tsx:360 gatedEither qto_boq OR work_programme OR work_programme_review OR planning_masters actions=view | client/src/App.tsx:368 gatedEither project_scope OR qto_boq OR work_programme OR work_programme_review OR planning_masters actions=view | server/routes.ts:14967 assertViewEither work_programme OR work_programme_review OR planning_masters actions=view | server/routes.ts:15413 assertViewEither work_programme OR work_programme_review actions=view | server/routes.ts:15767 assertViewEither work_programme OR work_programme_review actions=view | server/routes.ts:16131 assertViewEither qto_boq OR work_programme OR work_programme_review actions=view | server/routes.ts:16851 assertViewEither work_programme OR work_programme_review actions=view | server/routes.ts:18440 assertViewEither work_programme OR work_programme_review actions=view | server/routes.ts:18453 assertViewEither work_programme OR work_programme_review actions=view | server/routes.ts:19065 assertViewEither work_programme OR work_programme_review actions=view | server/routes.ts:19869 assertViewEither work_programme OR work_programme_review actions=view | server/routes.ts:20046 assertViewEither work_programme OR work_programme_review actions=view | server/routes.ts:22400 assertViewEither planning_masters OR work_programme OR work_programme_review actions=view | server/routes.ts:22410 assertViewEither planning_masters OR work_programme OR work_programme_review actions=view | server/routes.ts:22433 assertViewEither norms_library OR qto_boq OR work_programme_review actions=view | server/routes.ts:22442 assertViewEither norms_library OR qto_boq OR work_programme_review actions=view | server/routes.ts:22453 assertViewEither norms_library OR qto_boq OR work_programme_review actions=view | server/routes.ts:22479 assertViewEither norms_library OR qto_boq OR work_programme_review actions=view | server/routes.ts:22490 assertViewEither norms_library OR qto_boq OR work_programme_review actions=view | server/routes.ts:22518 assertViewEither norms_library OR qto_boq OR work_programme_review actions=view","view; edit; delete; approve","create; view_reports; export; notify","Action candidates are the union of page keys, not proof every subfunction implements each action. Bind each operational checkbox to its endpoint/control; preserve privileged, site and lifecycle checks. See Findings C and operation ledger.","WP_ENABLED"
"Work Program & BOQ / Norms","RoadGeometry","RoadGeometry (component name; use nested control ledger for exact displayed labels)","/work-program/:id/geometry","client/src/pages/RoadGeometry.tsx","client/src/App.tsx:369","GET /api/boq/projects/:id | PATCH /api/boq/projects/:id | DELETE /api/boq/projects/:id | GET /api/boq/projects/:id/road-geometry | PUT /api/boq/projects/:id/road-geometry | GET /api/boq/projects/:id/items","planning_masters","{gated(RoadGeometry, ""planning_masters"")}","GET /api/boq/projects/:id => See /api requireAuth, public/optional estimator exceptions, and local guards | PATCH /api/boq/projects/:id => qto_boq.edit via assertEdit @ server/routes.ts:14929 | DELETE /api/boq/projects/:id => assertAdmin(req, res) | GET /api/boq/projects/:id/road-geometry => planning_masters.view via assertView @ server/routes.ts:14993 | PUT /api/boq/projects/:id/road-geometry => planning_masters.edit via assertEdit @ server/routes.ts:15009 | GET /api/boq/projects/:id/items => See /api requireAuth, public/optional estimator exceptions, and local guards","client/src/App.tsx:360 gatedEither qto_boq OR work_programme OR work_programme_review OR planning_masters actions=view | client/src/App.tsx:368 gatedEither project_scope OR qto_boq OR work_programme OR work_programme_review OR planning_masters actions=view | server/routes.ts:14967 assertViewEither work_programme OR work_programme_review OR planning_masters actions=view | server/routes.ts:22400 assertViewEither planning_masters OR work_programme OR work_programme_review actions=view | server/routes.ts:22410 assertViewEither planning_masters OR work_programme OR work_programme_review actions=view","view; edit","create; delete; view_reports; export; approve; notify","Action candidates are the union of page keys, not proof every subfunction implements each action. Bind each operational checkbox to its endpoint/control; preserve privileged, site and lifecycle checks. See Findings C and operation ledger.","WP_ENABLED"
"Work Program & BOQ / Norms","ResourceReview","ResourceReview (component name; use nested control ledger for exact displayed labels)","/work-program/:id/resource-review","client/src/pages/ResourceReview.tsx","client/src/App.tsx:370","GET /api/boq/projects | POST /api/boq/projects | GET /api/boq/projects/:id/resource-review | GET /api/boq/items/:itemId/equipment | PUT /api/boq/items/:itemId/equipment","work_programme_review","{gated(ResourceReview, ""work_programme_review"")}","GET /api/boq/projects => See /api requireAuth, public/optional estimator exceptions, and local guards | POST /api/boq/projects => See /api requireAuth, public/optional estimator exceptions, and local guards | GET /api/boq/projects/:id/resource-review => work_programme_review.view via assertView @ server/routes.ts:17108 | GET /api/boq/items/:itemId/equipment => See /api requireAuth, public/optional estimator exceptions, and local guards | PUT /api/boq/items/:itemId/equipment => work_programme_review.edit via assertEdit @ server/routes.ts:17127","client/src/App.tsx:360 gatedEither qto_boq OR work_programme OR work_programme_review OR planning_masters actions=view | client/src/App.tsx:368 gatedEither project_scope OR qto_boq OR work_programme OR work_programme_review OR planning_masters actions=view | server/routes.ts:14967 assertViewEither work_programme OR work_programme_review OR planning_masters actions=view | server/routes.ts:15413 assertViewEither work_programme OR work_programme_review actions=view | server/routes.ts:15767 assertViewEither work_programme OR work_programme_review actions=view | server/routes.ts:16131 assertViewEither qto_boq OR work_programme OR work_programme_review actions=view | server/routes.ts:16851 assertViewEither work_programme OR work_programme_review actions=view | server/routes.ts:18440 assertViewEither work_programme OR work_programme_review actions=view | server/routes.ts:18453 assertViewEither work_programme OR work_programme_review actions=view | server/routes.ts:19065 assertViewEither work_programme OR work_programme_review actions=view | server/routes.ts:19869 assertViewEither work_programme OR work_programme_review actions=view | server/routes.ts:20046 assertViewEither work_programme OR work_programme_review actions=view | server/routes.ts:22400 assertViewEither planning_masters OR work_programme OR work_programme_review actions=view | server/routes.ts:22410 assertViewEither planning_masters OR work_programme OR work_programme_review actions=view | server/routes.ts:22433 assertViewEither norms_library OR qto_boq OR work_programme_review actions=view | server/routes.ts:22442 assertViewEither norms_library OR qto_boq OR work_programme_review actions=view | server/routes.ts:22453 assertViewEither norms_library OR qto_boq OR work_programme_review actions=view | server/routes.ts:22479 assertViewEither norms_library OR qto_boq OR work_programme_review actions=view | server/routes.ts:22490 assertViewEither norms_library OR qto_boq OR work_programme_review actions=view | server/routes.ts:22518 assertViewEither norms_library OR qto_boq OR work_programme_review actions=view","view; edit","create; delete; view_reports; export; approve; notify","Action candidates are the union of page keys, not proof every subfunction implements each action. Bind each operational checkbox to its endpoint/control; preserve privileged, site and lifecycle checks. See Findings C and operation ledger.","WP_ENABLED"
"Work Program & BOQ / Norms","BoqItemReview","BoqItemReview (component name; use nested control ledger for exact displayed labels)","/work-program/:id/item-review","client/src/pages/BoqItemReview.tsx","client/src/App.tsx:371","GET /api/boq/projects | GET /api/boq/projects/:id | POST /api/boq/projects | PATCH /api/boq/projects/:id | DELETE /api/boq/projects/:id | GET /api/boq/projects/:id/items | PATCH /api/boq/items/:id | POST /api/boq/projects/:id/auto-map-all | DELETE /api/boq/items/:id | PATCH /api/boq/items/:itemId/shoulder-class","work_programme_review","{gated(BoqItemReview, ""work_programme_review"")}","GET /api/boq/projects => See /api requireAuth, public/optional estimator exceptions, and local guards | GET /api/boq/projects/:id => See /api requireAuth, public/optional estimator exceptions, and local guards | POST /api/boq/projects => See /api requireAuth, public/optional estimator exceptions, and local guards | PATCH /api/boq/projects/:id => qto_boq.edit via assertEdit @ server/routes.ts:14929 | DELETE /api/boq/projects/:id => assertAdmin(req, res) | GET /api/boq/projects/:id/items => See /api requireAuth, public/optional estimator exceptions, and local guards | PATCH /api/boq/items/:id => qto_boq.edit via assertEdit @ server/routes.ts:15583 | POST /api/boq/projects/:id/auto-map-all => qto_boq.edit via assertEdit @ server/routes.ts:15607 | DELETE /api/boq/items/:id => qto_boq.delete via assertDelete @ server/routes.ts:15694 | PATCH /api/boq/items/:itemId/shoulder-class => work_programme_review.edit via assertEdit @ server/routes.ts:20185","client/src/App.tsx:360 gatedEither qto_boq OR work_programme OR work_programme_review OR planning_masters actions=view | client/src/App.tsx:368 gatedEither project_scope OR qto_boq OR work_programme OR work_programme_review OR planning_masters actions=view | server/routes.ts:14967 assertViewEither work_programme OR work_programme_review OR planning_masters actions=view | server/routes.ts:15413 assertViewEither work_programme OR work_programme_review actions=view | server/routes.ts:15767 assertViewEither work_programme OR work_programme_review actions=view | server/routes.ts:16131 assertViewEither qto_boq OR work_programme OR work_programme_review actions=view | server/routes.ts:16851 assertViewEither work_programme OR work_programme_review actions=view | server/routes.ts:18440 assertViewEither work_programme OR work_programme_review actions=view | server/routes.ts:18453 assertViewEither work_programme OR work_programme_review actions=view | server/routes.ts:19065 assertViewEither work_programme OR work_programme_review actions=view | server/routes.ts:19869 assertViewEither work_programme OR work_programme_review actions=view | server/routes.ts:20046 assertViewEither work_programme OR work_programme_review actions=view | server/routes.ts:22400 assertViewEither planning_masters OR work_programme OR work_programme_review actions=view | server/routes.ts:22410 assertViewEither planning_masters OR work_programme OR work_programme_review actions=view | server/routes.ts:22433 assertViewEither norms_library OR qto_boq OR work_programme_review actions=view | server/routes.ts:22442 assertViewEither norms_library OR qto_boq OR work_programme_review actions=view | server/routes.ts:22453 assertViewEither norms_library OR qto_boq OR work_programme_review actions=view | server/routes.ts:22479 assertViewEither norms_library OR qto_boq OR work_programme_review actions=view | server/routes.ts:22490 assertViewEither norms_library OR qto_boq OR work_programme_review actions=view | server/routes.ts:22518 assertViewEither norms_library OR qto_boq OR work_programme_review actions=view","view; edit","create; delete; view_reports; export; approve; notify","Action candidates are the union of page keys, not proof every subfunction implements each action. Bind each operational checkbox to its endpoint/control; preserve privileged, site and lifecycle checks. See Findings C and operation ledger.","WP_ENABLED"
"Work Program & BOQ / Norms","NormsLibrary","NormsLibrary (component name; use nested control ledger for exact displayed labels)","/norms","client/src/pages/NormsLibrary.tsx","client/src/App.tsx:372","GET /api/snl/sources | GET /api/snl/items/:id | GET /api/snl/search | POST /api/snl/import","norms_library","{gated(NormsLibrary, ""norms_library"")}","GET /api/snl/sources => qto_boq.view via assertViewEither @ server/routes.ts:22433; work_programme_review.view via assertViewEither @ server/routes.ts:22433; norms_library.view via assertViewEither @ server/routes.ts:22433 | GET /api/snl/items/:id => qto_boq.view via assertViewEither @ server/routes.ts:22479; work_programme_review.view via assertViewEither @ server/routes.ts:22479; norms_library.view via assertViewEither @ server/routes.ts:22479 | GET /api/snl/search => qto_boq.view via assertViewEither @ server/routes.ts:22490; work_programme_review.view via assertViewEither @ server/routes.ts:22490; norms_library.view via assertViewEither @ server/routes.ts:22490 | POST /api/snl/import => assertAdmin(req, res)","server/routes.ts:22433 assertViewEither norms_library OR qto_boq OR work_programme_review actions=view | server/routes.ts:22442 assertViewEither norms_library OR qto_boq OR work_programme_review actions=view | server/routes.ts:22453 assertViewEither norms_library OR qto_boq OR work_programme_review actions=view | server/routes.ts:22479 assertViewEither norms_library OR qto_boq OR work_programme_review actions=view | server/routes.ts:22490 assertViewEither norms_library OR qto_boq OR work_programme_review actions=view | server/routes.ts:22518 assertViewEither norms_library OR qto_boq OR work_programme_review actions=view","view; edit; delete; export","create; view_reports; approve; notify","Action candidates are the union of page keys, not proof every subfunction implements each action. Bind each operational checkbox to its endpoint/control; preserve privileged, site and lifecycle checks. See Findings C and operation ledger.","WP_ENABLED"
"Stores & Inventory","Current Stock","Current Stock","/stores","client/src/pages/StoresHome.tsx","client/src/App.tsx:375","GET /api/stores/stock-summary","stores_inventory","{gated(StoresHome, ""stores_inventory"")} | stores_inventory.view via sectionVisible @ client/src/pages/StoresHome.tsx:27 | plant_materials.view via sectionVisible @ client/src/pages/StoresHome.tsx:18","GET /api/stores/stock-summary => stores_inventory.view via assertView @ server/routes.ts:13614","client/src/App.tsx:250 gatedEither stores_hub OR stores_inventory actions=view | client/src/App.tsx:296 gatedEither site_dprs OR stores_inventory OR plant_equipment OR labour_management actions=view | client/src/App.tsx:384 gatedEither diesel_req_view OR site_diesel OR stores_inventory actions=view | server/routes.ts:1441 assertDieselOrStoresView site_diesel OR stores_inventory OR diesel_req_raise actions=view/create/edit | server/routes.ts:1469 assertDieselOrStoresView site_diesel OR stores_inventory OR diesel_req_raise actions=view/create/edit | server/routes.ts:10826 assertDieselOrStoresView site_diesel OR stores_inventory OR diesel_req_raise actions=view/create/edit | server/routes.ts:10842 assertDieselOrStoresView site_diesel OR stores_inventory OR diesel_req_raise actions=view/create/edit | server/routes.ts:10859 assertDieselOrStoresView site_diesel OR stores_inventory OR diesel_req_raise actions=view/create/edit | server/routes.ts:10880 assertDieselOrStoresView site_diesel OR stores_inventory OR diesel_req_raise actions=view/create/edit | server/routes.ts:10911 assertDieselOrStoresView site_diesel OR stores_inventory OR diesel_req_raise actions=view/create/edit | server/routes.ts:10929 assertDieselOrStoresView site_diesel OR stores_inventory OR diesel_req_raise actions=view/create/edit | server/routes.ts:11010 assertDieselOrStoresView site_diesel OR stores_inventory OR diesel_req_raise actions=view/create/edit","view; create; edit; delete; notify","view_reports; export; approve","Action candidates are the union of page keys, not proof every subfunction implements each action. Bind each operational checkbox to its endpoint/control; preserve privileged, site and lifecycle checks. See Findings C and operation ledger.",""
"Stores & Inventory","Store Item Catalogue / Item Master / Catalogue","Store Item Catalogue / Item Master / Catalogue","/stores/items","client/src/pages/StoresItems.tsx","client/src/App.tsx:376","GET /api/stores/items | POST /api/stores/items | PATCH /api/stores/items/:id | POST /api/stores/items/:id/toggle | GET /api/stores/stock-summary","stores_inventory","{gated(StoresItems, ""stores_inventory"")}","GET /api/stores/items => stores_inventory.view via assertView @ server/routes.ts:13129 | POST /api/stores/items => stores_inventory.create via assertCreate @ server/routes.ts:13152 | PATCH /api/stores/items/:id => stores_inventory.edit via assertEdit @ server/routes.ts:13163 | POST /api/stores/items/:id/toggle => stores_inventory.edit via assertEdit @ server/routes.ts:13175 | GET /api/stores/stock-summary => stores_inventory.view via assertView @ server/routes.ts:13614","client/src/App.tsx:250 gatedEither stores_hub OR stores_inventory actions=view | client/src/App.tsx:296 gatedEither site_dprs OR stores_inventory OR plant_equipment OR labour_management actions=view | client/src/App.tsx:384 gatedEither diesel_req_view OR site_diesel OR stores_inventory actions=view | server/routes.ts:1441 assertDieselOrStoresView site_diesel OR stores_inventory OR diesel_req_raise actions=view/create/edit | server/routes.ts:1469 assertDieselOrStoresView site_diesel OR stores_inventory OR diesel_req_raise actions=view/create/edit | server/routes.ts:10826 assertDieselOrStoresView site_diesel OR stores_inventory OR diesel_req_raise actions=view/create/edit | server/routes.ts:10842 assertDieselOrStoresView site_diesel OR stores_inventory OR diesel_req_raise actions=view/create/edit | server/routes.ts:10859 assertDieselOrStoresView site_diesel OR stores_inventory OR diesel_req_raise actions=view/create/edit | server/routes.ts:10880 assertDieselOrStoresView site_diesel OR stores_inventory OR diesel_req_raise actions=view/create/edit | server/routes.ts:10911 assertDieselOrStoresView site_diesel OR stores_inventory OR diesel_req_raise actions=view/create/edit | server/routes.ts:10929 assertDieselOrStoresView site_diesel OR stores_inventory OR diesel_req_raise actions=view/create/edit | server/routes.ts:11010 assertDieselOrStoresView site_diesel OR stores_inventory OR diesel_req_raise actions=view/create/edit","view; create; edit; delete; notify","view_reports; export; approve","Action candidates are the union of page keys, not proof every subfunction implements each action. Bind each operational checkbox to its endpoint/control; preserve privileged, site and lifecycle checks. See Findings C and operation ledger.",""
"Stores & Inventory","Goods Received Notes (GRN) / Pending Store Receipts","Goods Received Notes (GRN) / Pending Store Receipts","/stores/grns","client/src/pages/StoresGrn.tsx","client/src/App.tsx:377","GET /api/sites | POST /api/sites | GET /api/attachments | POST /api/attachments | GET /api/purchase-indents | GET /api/purchase-indents/for-material | GET /api/purchase-indents/:id | POST /api/purchase-indents | PUT /api/purchase-indents/:id | DELETE /api/purchase-indents/:id | GET /api/users/directory | GET /api/stores/items | GET /api/stores/stock-balance | POST /api/stores/items | GET /api/stores/grns | GET /api/stores/grns/supplier-history | GET /api/stores/grns/recent-items | GET /api/stores/grns/recent-suppliers | GET /api/stores/grns/stale | GET /api/stores/grns/:id | POST /api/stores/grns | PATCH /api/stores/grns/:id | PUT /api/stores/grns/:id | POST /api/stores/grns/:id/cancel | GET /api/stores/next-doc-number","stores_inventory","{gated(StoresGrn, ""stores_inventory"")} | stores_inventory.edit via EditPermissionButton mapped record type @ client/src/pages/StoresGrn.tsx:900","GET /api/sites => req.authUser && !req.authUser.isAdmin | POST /api/sites => sites_plants_manage.create via assertCreateEither @ server/routes.ts:1221; admin_settings.create via assertCreateEither @ server/routes.ts:1221 | GET /api/attachments => stores_inventory.view via assertDieselOrStoresView -> server/routes.ts:232 @ server/routes.ts:1441; site_diesel.view via assertDieselOrStoresView -> server/routes.ts:232 @ server/routes.ts:1441; diesel_req_raise.view via assertDieselOrStoresView -> server/routes.ts:232 @ server/routes.ts:1441; site_diesel.edit via assertDieselOrStoresView -> server/routes.ts:232 @ server/routes.ts:1441; diesel_req_raise.edit via assertDieselOrStoresView -> server/routes.ts:232 @ server/routes.ts:1441; site_diesel.create via assertDieselOrStoresView -> server/routes.ts:232 @ server/routes.ts:1441; diesel_req_raise.create via assertDieselOrStoresView -> server/routes.ts:232 @ server/routes.ts:1441 | POST /api/attachments => site_diesel.edit via assertEditEither @ server/routes.ts:1492; diesel_req_raise.edit via assertEditEither @ server/routes.ts:1492; plant_equipment.create via assertCreateOrEdit @ server/routes.ts:1494; plant_equipment.edit via assertCreateOrEdit @ server/routes.ts:1494 | GET /api/purchase-indents => site_procurement.view via assertPiRaiserRead -> server/routes.ts:9056 @ server/routes.ts:9072; purchase_indents_view.view via assertPiRaiserRead -> server/routes.ts:9056 @ server/routes.ts:9072; purchase_indents_raise.view via assertPiRaiserRead -> server/routes.ts:9056 @ server/routes.ts:9072; site_procurement.create via assertPiRaiserRead -> server/routes.ts:9056 @ server/routes.ts:9072; purchase_indents_raise.create via assertPiRaiserRead -> server/routes.ts:9056 @ server/routes.ts:9072; site_procurement.edit via assertPiRaiserRead -> server/routes.ts:9056 @ server/routes.ts:9072; purchase_indents_raise.edit via assertPiRaiserRead -> server/routes.ts:9056 @ server/routes.ts:9072 | GET /api/purchase-indents/for-material => See /api requireAuth, public/optional estimator exceptions, and local guards | GET /api/purchase-indents/:id => site_procurement.view via assertPiRaiserRead -> server/routes.ts:9056 @ server/routes.ts:9228; purchase_indents_view.view via assertPiRaiserRead -> server/routes.ts:9056 @ server/routes.ts:9228; purchase_indents_raise.view via assertPiRaiserRead -> server/routes.ts:9056 @ server/routes.ts:9228; site_procurement.create via assertPiRaiserRead -> server/routes.ts:9056 @ server/routes.ts:9228; purchase_indents_raise.create via assertPiRaiserRead -> server/routes.ts:9056 @ server/routes.ts:9228; site_procurement.edit via assertPiRaiserRead -> server/routes.ts:9056 @ server/routes.ts:9228; purchase_indents_raise.edit via assertPiRaiserRead -> server/routes.ts:9056 @ server/routes.ts:9228 | POST /api/purchase-indents => site_procurement.create via assertCreateEither @ server/routes.ts:9476; purchase_indents_raise.create via assertCreateEither @ server/routes.ts:9476; purchase_indents_view.notify via sendPushToSection @ server/routes.ts:9479 | PUT /api/purchase-indents/:id => site_procurement.edit via assertEditEither @ server/routes.ts:10511; purchase_indents_raise.edit via assertEditEither @ server/routes.ts:10511 | DELETE /api/purchase-indents/:id => assertAdmin(req, res) | GET /api/users/directory => assertAuthed(req, res) | GET /api/stores/items => stores_inventory.view via assertView @ server/routes.ts:13129 | GET /api/stores/stock-balance => stores_inventory.view via assertView @ server/routes.ts:13141 | POST /api/stores/items => stores_inventory.create via assertCreate @ server/routes.ts:13152 | GET /api/stores/grns => stores_inventory.view via assertView @ server/routes.ts:13208 | GET /api/stores/grns/supplier-history => stores_inventory.view via assertView @ server/routes.ts:13236 | GET /api/stores/grns/recent-items => stores_inventory.view via assertView @ server/routes.ts:13255 | GET /api/stores/grns/recent-suppliers => stores_inventory.view via assertView @ server/routes.ts:13267 | GET /api/stores/grns/stale => stores_inventory.view via assertView @ server/routes.ts:13282 | GET /api/stores/grns/:id => stores_inventory.view via assertView @ server/routes.ts:13298 | POST /api/stores/grns => stores_inventory.create via assertCreate @ server/routes.ts:13317; stores_inventory.notify via sendPushToSection @ server/routes.ts:13351 | PATCH /api/stores/grns/:id => stores_inventory.edit via assertEdit @ server/routes.ts:13361 | PUT /api/stores/grns/:id => stores_inventory.edit via assertEdit @ server/routes.ts:13445 | POST /api/stores/grns/:id/cancel => assertAdmin(req, res) | GET /api/stores/next-doc-number => stores_inventory.view via assertView @ server/routes.ts:13641","client/src/App.tsx:250 gatedEither stores_hub OR stores_inventory actions=view | client/src/App.tsx:296 gatedEither site_dprs OR stores_inventory OR plant_equipment OR labour_management actions=view | client/src/App.tsx:384 gatedEither diesel_req_view OR site_diesel OR stores_inventory actions=view | server/routes.ts:1441 assertDieselOrStoresView site_diesel OR stores_inventory OR diesel_req_raise actions=view/create/edit | server/routes.ts:1469 assertDieselOrStoresView site_diesel OR stores_inventory OR diesel_req_raise actions=view/create/edit | server/routes.ts:10826 assertDieselOrStoresView site_diesel OR stores_inventory OR diesel_req_raise actions=view/create/edit | server/routes.ts:10842 assertDieselOrStoresView site_diesel OR stores_inventory OR diesel_req_raise actions=view/create/edit | server/routes.ts:10859 assertDieselOrStoresView site_diesel OR stores_inventory OR diesel_req_raise actions=view/create/edit | server/routes.ts:10880 assertDieselOrStoresView site_diesel OR stores_inventory OR diesel_req_raise actions=view/create/edit | server/routes.ts:10911 assertDieselOrStoresView site_diesel OR stores_inventory OR diesel_req_raise actions=view/create/edit | server/routes.ts:10929 assertDieselOrStoresView site_diesel OR stores_inventory OR diesel_req_raise actions=view/create/edit | server/routes.ts:11010 assertDieselOrStoresView site_diesel OR stores_inventory OR diesel_req_raise actions=view/create/edit","view; create; edit; delete; notify","view_reports; export; approve","Action candidates are the union of page keys, not proof every subfunction implements each action. Bind each operational checkbox to its endpoint/control; preserve privileged, site and lifecycle checks. See Findings C and operation ledger.",""
"Stores & Inventory","StoresGrn","StoresGrn (component name; use nested control ledger for exact displayed labels)","/stores/grns/new","client/src/pages/StoresGrn.tsx","client/src/App.tsx:378","GET /api/sites | POST /api/sites | GET /api/attachments | POST /api/attachments | GET /api/purchase-indents | GET /api/purchase-indents/for-material | GET /api/purchase-indents/:id | POST /api/purchase-indents | PUT /api/purchase-indents/:id | DELETE /api/purchase-indents/:id | GET /api/users/directory | GET /api/stores/items | GET /api/stores/stock-balance | POST /api/stores/items | GET /api/stores/grns | GET /api/stores/grns/supplier-history | GET /api/stores/grns/recent-items | GET /api/stores/grns/recent-suppliers | GET /api/stores/grns/stale | GET /api/stores/grns/:id | POST /api/stores/grns | PATCH /api/stores/grns/:id | PUT /api/stores/grns/:id | POST /api/stores/grns/:id/cancel | GET /api/stores/next-doc-number","stores_inventory","{gated(() => <StoresGrn isNew />, ""stores_inventory"")} | stores_inventory.edit via EditPermissionButton mapped record type @ client/src/pages/StoresGrn.tsx:900","GET /api/sites => req.authUser && !req.authUser.isAdmin | POST /api/sites => sites_plants_manage.create via assertCreateEither @ server/routes.ts:1221; admin_settings.create via assertCreateEither @ server/routes.ts:1221 | GET /api/attachments => stores_inventory.view via assertDieselOrStoresView -> server/routes.ts:232 @ server/routes.ts:1441; site_diesel.view via assertDieselOrStoresView -> server/routes.ts:232 @ server/routes.ts:1441; diesel_req_raise.view via assertDieselOrStoresView -> server/routes.ts:232 @ server/routes.ts:1441; site_diesel.edit via assertDieselOrStoresView -> server/routes.ts:232 @ server/routes.ts:1441; diesel_req_raise.edit via assertDieselOrStoresView -> server/routes.ts:232 @ server/routes.ts:1441; site_diesel.create via assertDieselOrStoresView -> server/routes.ts:232 @ server/routes.ts:1441; diesel_req_raise.create via assertDieselOrStoresView -> server/routes.ts:232 @ server/routes.ts:1441 | POST /api/attachments => site_diesel.edit via assertEditEither @ server/routes.ts:1492; diesel_req_raise.edit via assertEditEither @ server/routes.ts:1492; plant_equipment.create via assertCreateOrEdit @ server/routes.ts:1494; plant_equipment.edit via assertCreateOrEdit @ server/routes.ts:1494 | GET /api/purchase-indents => site_procurement.view via assertPiRaiserRead -> server/routes.ts:9056 @ server/routes.ts:9072; purchase_indents_view.view via assertPiRaiserRead -> server/routes.ts:9056 @ server/routes.ts:9072; purchase_indents_raise.view via assertPiRaiserRead -> server/routes.ts:9056 @ server/routes.ts:9072; site_procurement.create via assertPiRaiserRead -> server/routes.ts:9056 @ server/routes.ts:9072; purchase_indents_raise.create via assertPiRaiserRead -> server/routes.ts:9056 @ server/routes.ts:9072; site_procurement.edit via assertPiRaiserRead -> server/routes.ts:9056 @ server/routes.ts:9072; purchase_indents_raise.edit via assertPiRaiserRead -> server/routes.ts:9056 @ server/routes.ts:9072 | GET /api/purchase-indents/for-material => See /api requireAuth, public/optional estimator exceptions, and local guards | GET /api/purchase-indents/:id => site_procurement.view via assertPiRaiserRead -> server/routes.ts:9056 @ server/routes.ts:9228; purchase_indents_view.view via assertPiRaiserRead -> server/routes.ts:9056 @ server/routes.ts:9228; purchase_indents_raise.view via assertPiRaiserRead -> server/routes.ts:9056 @ server/routes.ts:9228; site_procurement.create via assertPiRaiserRead -> server/routes.ts:9056 @ server/routes.ts:9228; purchase_indents_raise.create via assertPiRaiserRead -> server/routes.ts:9056 @ server/routes.ts:9228; site_procurement.edit via assertPiRaiserRead -> server/routes.ts:9056 @ server/routes.ts:9228; purchase_indents_raise.edit via assertPiRaiserRead -> server/routes.ts:9056 @ server/routes.ts:9228 | POST /api/purchase-indents => site_procurement.create via assertCreateEither @ server/routes.ts:9476; purchase_indents_raise.create via assertCreateEither @ server/routes.ts:9476; purchase_indents_view.notify via sendPushToSection @ server/routes.ts:9479 | PUT /api/purchase-indents/:id => site_procurement.edit via assertEditEither @ server/routes.ts:10511; purchase_indents_raise.edit via assertEditEither @ server/routes.ts:10511 | DELETE /api/purchase-indents/:id => assertAdmin(req, res) | GET /api/users/directory => assertAuthed(req, res) | GET /api/stores/items => stores_inventory.view via assertView @ server/routes.ts:13129 | GET /api/stores/stock-balance => stores_inventory.view via assertView @ server/routes.ts:13141 | POST /api/stores/items => stores_inventory.create via assertCreate @ server/routes.ts:13152 | GET /api/stores/grns => stores_inventory.view via assertView @ server/routes.ts:13208 | GET /api/stores/grns/supplier-history => stores_inventory.view via assertView @ server/routes.ts:13236 | GET /api/stores/grns/recent-items => stores_inventory.view via assertView @ server/routes.ts:13255 | GET /api/stores/grns/recent-suppliers => stores_inventory.view via assertView @ server/routes.ts:13267 | GET /api/stores/grns/stale => stores_inventory.view via assertView @ server/routes.ts:13282 | GET /api/stores/grns/:id => stores_inventory.view via assertView @ server/routes.ts:13298 | POST /api/stores/grns => stores_inventory.create via assertCreate @ server/routes.ts:13317; stores_inventory.notify via sendPushToSection @ server/routes.ts:13351 | PATCH /api/stores/grns/:id => stores_inventory.edit via assertEdit @ server/routes.ts:13361 | PUT /api/stores/grns/:id => stores_inventory.edit via assertEdit @ server/routes.ts:13445 | POST /api/stores/grns/:id/cancel => assertAdmin(req, res) | GET /api/stores/next-doc-number => stores_inventory.view via assertView @ server/routes.ts:13641","client/src/App.tsx:250 gatedEither stores_hub OR stores_inventory actions=view | client/src/App.tsx:296 gatedEither site_dprs OR stores_inventory OR plant_equipment OR labour_management actions=view | client/src/App.tsx:384 gatedEither diesel_req_view OR site_diesel OR stores_inventory actions=view | server/routes.ts:1441 assertDieselOrStoresView site_diesel OR stores_inventory OR diesel_req_raise actions=view/create/edit | server/routes.ts:1469 assertDieselOrStoresView site_diesel OR stores_inventory OR diesel_req_raise actions=view/create/edit | server/routes.ts:10826 assertDieselOrStoresView site_diesel OR stores_inventory OR diesel_req_raise actions=view/create/edit | server/routes.ts:10842 assertDieselOrStoresView site_diesel OR stores_inventory OR diesel_req_raise actions=view/create/edit | server/routes.ts:10859 assertDieselOrStoresView site_diesel OR stores_inventory OR diesel_req_raise actions=view/create/edit | server/routes.ts:10880 assertDieselOrStoresView site_diesel OR stores_inventory OR diesel_req_raise actions=view/create/edit | server/routes.ts:10911 assertDieselOrStoresView site_diesel OR stores_inventory OR diesel_req_raise actions=view/create/edit | server/routes.ts:10929 assertDieselOrStoresView site_diesel OR stores_inventory OR diesel_req_raise actions=view/create/edit | server/routes.ts:11010 assertDieselOrStoresView site_diesel OR stores_inventory OR diesel_req_raise actions=view/create/edit","view; create; edit; delete; notify","view_reports; export; approve","Action candidates are the union of page keys, not proof every subfunction implements each action. Bind each operational checkbox to its endpoint/control; preserve privileged, site and lifecycle checks. See Findings C and operation ledger.",""
"Stores & Inventory","StoresGrn","StoresGrn (component name; use nested control ledger for exact displayed labels)","/stores/grns/:id","client/src/pages/StoresGrn.tsx","client/src/App.tsx:379","GET /api/sites | POST /api/sites | GET /api/attachments | POST /api/attachments | GET /api/purchase-indents | GET /api/purchase-indents/for-material | GET /api/purchase-indents/:id | POST /api/purchase-indents | PUT /api/purchase-indents/:id | DELETE /api/purchase-indents/:id | GET /api/users/directory | GET /api/stores/items | GET /api/stores/stock-balance | POST /api/stores/items | GET /api/stores/grns | GET /api/stores/grns/supplier-history | GET /api/stores/grns/recent-items | GET /api/stores/grns/recent-suppliers | GET /api/stores/grns/stale | GET /api/stores/grns/:id | POST /api/stores/grns | PATCH /api/stores/grns/:id | PUT /api/stores/grns/:id | POST /api/stores/grns/:id/cancel | GET /api/stores/next-doc-number","stores_inventory","{gated((p: any) => <StoresGrn detailId={parseInt(p.id)} />, ""stores_inventory"")} | stores_inventory.edit via EditPermissionButton mapped record type @ client/src/pages/StoresGrn.tsx:900","GET /api/sites => req.authUser && !req.authUser.isAdmin | POST /api/sites => sites_plants_manage.create via assertCreateEither @ server/routes.ts:1221; admin_settings.create via assertCreateEither @ server/routes.ts:1221 | GET /api/attachments => stores_inventory.view via assertDieselOrStoresView -> server/routes.ts:232 @ server/routes.ts:1441; site_diesel.view via assertDieselOrStoresView -> server/routes.ts:232 @ server/routes.ts:1441; diesel_req_raise.view via assertDieselOrStoresView -> server/routes.ts:232 @ server/routes.ts:1441; site_diesel.edit via assertDieselOrStoresView -> server/routes.ts:232 @ server/routes.ts:1441; diesel_req_raise.edit via assertDieselOrStoresView -> server/routes.ts:232 @ server/routes.ts:1441; site_diesel.create via assertDieselOrStoresView -> server/routes.ts:232 @ server/routes.ts:1441; diesel_req_raise.create via assertDieselOrStoresView -> server/routes.ts:232 @ server/routes.ts:1441 | POST /api/attachments => site_diesel.edit via assertEditEither @ server/routes.ts:1492; diesel_req_raise.edit via assertEditEither @ server/routes.ts:1492; plant_equipment.create via assertCreateOrEdit @ server/routes.ts:1494; plant_equipment.edit via assertCreateOrEdit @ server/routes.ts:1494 | GET /api/purchase-indents => site_procurement.view via assertPiRaiserRead -> server/routes.ts:9056 @ server/routes.ts:9072; purchase_indents_view.view via assertPiRaiserRead -> server/routes.ts:9056 @ server/routes.ts:9072; purchase_indents_raise.view via assertPiRaiserRead -> server/routes.ts:9056 @ server/routes.ts:9072; site_procurement.create via assertPiRaiserRead -> server/routes.ts:9056 @ server/routes.ts:9072; purchase_indents_raise.create via assertPiRaiserRead -> server/routes.ts:9056 @ server/routes.ts:9072; site_procurement.edit via assertPiRaiserRead -> server/routes.ts:9056 @ server/routes.ts:9072; purchase_indents_raise.edit via assertPiRaiserRead -> server/routes.ts:9056 @ server/routes.ts:9072 | GET /api/purchase-indents/for-material => See /api requireAuth, public/optional estimator exceptions, and local guards | GET /api/purchase-indents/:id => site_procurement.view via assertPiRaiserRead -> server/routes.ts:9056 @ server/routes.ts:9228; purchase_indents_view.view via assertPiRaiserRead -> server/routes.ts:9056 @ server/routes.ts:9228; purchase_indents_raise.view via assertPiRaiserRead -> server/routes.ts:9056 @ server/routes.ts:9228; site_procurement.create via assertPiRaiserRead -> server/routes.ts:9056 @ server/routes.ts:9228; purchase_indents_raise.create via assertPiRaiserRead -> server/routes.ts:9056 @ server/routes.ts:9228; site_procurement.edit via assertPiRaiserRead -> server/routes.ts:9056 @ server/routes.ts:9228; purchase_indents_raise.edit via assertPiRaiserRead -> server/routes.ts:9056 @ server/routes.ts:9228 | POST /api/purchase-indents => site_procurement.create via assertCreateEither @ server/routes.ts:9476; purchase_indents_raise.create via assertCreateEither @ server/routes.ts:9476; purchase_indents_view.notify via sendPushToSection @ server/routes.ts:9479 | PUT /api/purchase-indents/:id => site_procurement.edit via assertEditEither @ server/routes.ts:10511; purchase_indents_raise.edit via assertEditEither @ server/routes.ts:10511 | DELETE /api/purchase-indents/:id => assertAdmin(req, res) | GET /api/users/directory => assertAuthed(req, res) | GET /api/stores/items => stores_inventory.view via assertView @ server/routes.ts:13129 | GET /api/stores/stock-balance => stores_inventory.view via assertView @ server/routes.ts:13141 | POST /api/stores/items => stores_inventory.create via assertCreate @ server/routes.ts:13152 | GET /api/stores/grns => stores_inventory.view via assertView @ server/routes.ts:13208 | GET /api/stores/grns/supplier-history => stores_inventory.view via assertView @ server/routes.ts:13236 | GET /api/stores/grns/recent-items => stores_inventory.view via assertView @ server/routes.ts:13255 | GET /api/stores/grns/recent-suppliers => stores_inventory.view via assertView @ server/routes.ts:13267 | GET /api/stores/grns/stale => stores_inventory.view via assertView @ server/routes.ts:13282 | GET /api/stores/grns/:id => stores_inventory.view via assertView @ server/routes.ts:13298 | POST /api/stores/grns => stores_inventory.create via assertCreate @ server/routes.ts:13317; stores_inventory.notify via sendPushToSection @ server/routes.ts:13351 | PATCH /api/stores/grns/:id => stores_inventory.edit via assertEdit @ server/routes.ts:13361 | PUT /api/stores/grns/:id => stores_inventory.edit via assertEdit @ server/routes.ts:13445 | POST /api/stores/grns/:id/cancel => assertAdmin(req, res) | GET /api/stores/next-doc-number => stores_inventory.view via assertView @ server/routes.ts:13641","client/src/App.tsx:250 gatedEither stores_hub OR stores_inventory actions=view | client/src/App.tsx:296 gatedEither site_dprs OR stores_inventory OR plant_equipment OR labour_management actions=view | client/src/App.tsx:384 gatedEither diesel_req_view OR site_diesel OR stores_inventory actions=view | server/routes.ts:1441 assertDieselOrStoresView site_diesel OR stores_inventory OR diesel_req_raise actions=view/create/edit | server/routes.ts:1469 assertDieselOrStoresView site_diesel OR stores_inventory OR diesel_req_raise actions=view/create/edit | server/routes.ts:10826 assertDieselOrStoresView site_diesel OR stores_inventory OR diesel_req_raise actions=view/create/edit | server/routes.ts:10842 assertDieselOrStoresView site_diesel OR stores_inventory OR diesel_req_raise actions=view/create/edit | server/routes.ts:10859 assertDieselOrStoresView site_diesel OR stores_inventory OR diesel_req_raise actions=view/create/edit | server/routes.ts:10880 assertDieselOrStoresView site_diesel OR stores_inventory OR diesel_req_raise actions=view/create/edit | server/routes.ts:10911 assertDieselOrStoresView site_diesel OR stores_inventory OR diesel_req_raise actions=view/create/edit | server/routes.ts:10929 assertDieselOrStoresView site_diesel OR stores_inventory OR diesel_req_raise actions=view/create/edit | server/routes.ts:11010 assertDieselOrStoresView site_diesel OR stores_inventory OR diesel_req_raise actions=view/create/edit","view; create; edit; delete; notify","view_reports; export; approve","Action candidates are the union of page keys, not proof every subfunction implements each action. Bind each operational checkbox to its endpoint/control; preserve privileged, site and lifecycle checks. See Findings C and operation ledger.",""
"Stores & Inventory","Issue Vouchers","Issue Vouchers","/stores/issues","client/src/pages/StoresIssue.tsx","client/src/App.tsx:380","GET /api/sites | POST /api/sites | GET /api/users/directory | GET /api/stores/items | POST /api/stores/items | GET /api/stores/issues/recent-items | GET /api/stores/issues | GET /api/stores/issues/:id | POST /api/stores/issues | POST /api/stores/issues/:id/cancel | GET /api/stores/stock-summary | GET /api/stores/next-doc-number","stores_inventory","{gated(StoresIssue, ""stores_inventory"")}","GET /api/sites => req.authUser && !req.authUser.isAdmin | POST /api/sites => sites_plants_manage.create via assertCreateEither @ server/routes.ts:1221; admin_settings.create via assertCreateEither @ server/routes.ts:1221 | GET /api/users/directory => assertAuthed(req, res) | GET /api/stores/items => stores_inventory.view via assertView @ server/routes.ts:13129 | POST /api/stores/items => stores_inventory.create via assertCreate @ server/routes.ts:13152 | GET /api/stores/issues/recent-items => stores_inventory.view via assertView @ server/routes.ts:13494 | GET /api/stores/issues => stores_inventory.view via assertView @ server/routes.ts:13506 | GET /api/stores/issues/:id => stores_inventory.view via assertView @ server/routes.ts:13529 | POST /api/stores/issues => stores_inventory.create via assertCreate @ server/routes.ts:13548; stores_inventory.notify via sendPushToSection @ server/routes.ts:13576 | POST /api/stores/issues/:id/cancel => assertAdmin(req, res) | GET /api/stores/stock-summary => stores_inventory.view via assertView @ server/routes.ts:13614 | GET /api/stores/next-doc-number => stores_inventory.view via assertView @ server/routes.ts:13641","client/src/App.tsx:250 gatedEither stores_hub OR stores_inventory actions=view | client/src/App.tsx:296 gatedEither site_dprs OR stores_inventory OR plant_equipment OR labour_management actions=view | client/src/App.tsx:384 gatedEither diesel_req_view OR site_diesel OR stores_inventory actions=view | server/routes.ts:1441 assertDieselOrStoresView site_diesel OR stores_inventory OR diesel_req_raise actions=view/create/edit | server/routes.ts:1469 assertDieselOrStoresView site_diesel OR stores_inventory OR diesel_req_raise actions=view/create/edit | server/routes.ts:10826 assertDieselOrStoresView site_diesel OR stores_inventory OR diesel_req_raise actions=view/create/edit | server/routes.ts:10842 assertDieselOrStoresView site_diesel OR stores_inventory OR diesel_req_raise actions=view/create/edit | server/routes.ts:10859 assertDieselOrStoresView site_diesel OR stores_inventory OR diesel_req_raise actions=view/create/edit | server/routes.ts:10880 assertDieselOrStoresView site_diesel OR stores_inventory OR diesel_req_raise actions=view/create/edit | server/routes.ts:10911 assertDieselOrStoresView site_diesel OR stores_inventory OR diesel_req_raise actions=view/create/edit | server/routes.ts:10929 assertDieselOrStoresView site_diesel OR stores_inventory OR diesel_req_raise actions=view/create/edit | server/routes.ts:11010 assertDieselOrStoresView site_diesel OR stores_inventory OR diesel_req_raise actions=view/create/edit","view; create; edit; delete; notify","view_reports; export; approve","Action candidates are the union of page keys, not proof every subfunction implements each action. Bind each operational checkbox to its endpoint/control; preserve privileged, site and lifecycle checks. See Findings C and operation ledger.",""
"Stores & Inventory","StoresIssue","StoresIssue (component name; use nested control ledger for exact displayed labels)","/stores/issues/new","client/src/pages/StoresIssue.tsx","client/src/App.tsx:381","GET /api/sites | POST /api/sites | GET /api/users/directory | GET /api/stores/items | POST /api/stores/items | GET /api/stores/issues/recent-items | GET /api/stores/issues | GET /api/stores/issues/:id | POST /api/stores/issues | POST /api/stores/issues/:id/cancel | GET /api/stores/stock-summary | GET /api/stores/next-doc-number","stores_inventory","{gated(() => <StoresIssue isNew />, ""stores_inventory"")}","GET /api/sites => req.authUser && !req.authUser.isAdmin | POST /api/sites => sites_plants_manage.create via assertCreateEither @ server/routes.ts:1221; admin_settings.create via assertCreateEither @ server/routes.ts:1221 | GET /api/users/directory => assertAuthed(req, res) | GET /api/stores/items => stores_inventory.view via assertView @ server/routes.ts:13129 | POST /api/stores/items => stores_inventory.create via assertCreate @ server/routes.ts:13152 | GET /api/stores/issues/recent-items => stores_inventory.view via assertView @ server/routes.ts:13494 | GET /api/stores/issues => stores_inventory.view via assertView @ server/routes.ts:13506 | GET /api/stores/issues/:id => stores_inventory.view via assertView @ server/routes.ts:13529 | POST /api/stores/issues => stores_inventory.create via assertCreate @ server/routes.ts:13548; stores_inventory.notify via sendPushToSection @ server/routes.ts:13576 | POST /api/stores/issues/:id/cancel => assertAdmin(req, res) | GET /api/stores/stock-summary => stores_inventory.view via assertView @ server/routes.ts:13614 | GET /api/stores/next-doc-number => stores_inventory.view via assertView @ server/routes.ts:13641","client/src/App.tsx:250 gatedEither stores_hub OR stores_inventory actions=view | client/src/App.tsx:296 gatedEither site_dprs OR stores_inventory OR plant_equipment OR labour_management actions=view | client/src/App.tsx:384 gatedEither diesel_req_view OR site_diesel OR stores_inventory actions=view | server/routes.ts:1441 assertDieselOrStoresView site_diesel OR stores_inventory OR diesel_req_raise actions=view/create/edit | server/routes.ts:1469 assertDieselOrStoresView site_diesel OR stores_inventory OR diesel_req_raise actions=view/create/edit | server/routes.ts:10826 assertDieselOrStoresView site_diesel OR stores_inventory OR diesel_req_raise actions=view/create/edit | server/routes.ts:10842 assertDieselOrStoresView site_diesel OR stores_inventory OR diesel_req_raise actions=view/create/edit | server/routes.ts:10859 assertDieselOrStoresView site_diesel OR stores_inventory OR diesel_req_raise actions=view/create/edit | server/routes.ts:10880 assertDieselOrStoresView site_diesel OR stores_inventory OR diesel_req_raise actions=view/create/edit | server/routes.ts:10911 assertDieselOrStoresView site_diesel OR stores_inventory OR diesel_req_raise actions=view/create/edit | server/routes.ts:10929 assertDieselOrStoresView site_diesel OR stores_inventory OR diesel_req_raise actions=view/create/edit | server/routes.ts:11010 assertDieselOrStoresView site_diesel OR stores_inventory OR diesel_req_raise actions=view/create/edit","view; create; edit; delete; notify","view_reports; export; approve","Action candidates are the union of page keys, not proof every subfunction implements each action. Bind each operational checkbox to its endpoint/control; preserve privileged, site and lifecycle checks. See Findings C and operation ledger.",""
"Stores & Inventory","StoresIssue","StoresIssue (component name; use nested control ledger for exact displayed labels)","/stores/issues/:id","client/src/pages/StoresIssue.tsx","client/src/App.tsx:382","GET /api/sites | POST /api/sites | GET /api/users/directory | GET /api/stores/items | POST /api/stores/items | GET /api/stores/issues/recent-items | GET /api/stores/issues | GET /api/stores/issues/:id | POST /api/stores/issues | POST /api/stores/issues/:id/cancel | GET /api/stores/stock-summary | GET /api/stores/next-doc-number","stores_inventory","{gated((p: any) => <StoresIssue detailId={parseInt(p.id)} />, ""stores_inventory"")}","GET /api/sites => req.authUser && !req.authUser.isAdmin | POST /api/sites => sites_plants_manage.create via assertCreateEither @ server/routes.ts:1221; admin_settings.create via assertCreateEither @ server/routes.ts:1221 | GET /api/users/directory => assertAuthed(req, res) | GET /api/stores/items => stores_inventory.view via assertView @ server/routes.ts:13129 | POST /api/stores/items => stores_inventory.create via assertCreate @ server/routes.ts:13152 | GET /api/stores/issues/recent-items => stores_inventory.view via assertView @ server/routes.ts:13494 | GET /api/stores/issues => stores_inventory.view via assertView @ server/routes.ts:13506 | GET /api/stores/issues/:id => stores_inventory.view via assertView @ server/routes.ts:13529 | POST /api/stores/issues => stores_inventory.create via assertCreate @ server/routes.ts:13548; stores_inventory.notify via sendPushToSection @ server/routes.ts:13576 | POST /api/stores/issues/:id/cancel => assertAdmin(req, res) | GET /api/stores/stock-summary => stores_inventory.view via assertView @ server/routes.ts:13614 | GET /api/stores/next-doc-number => stores_inventory.view via assertView @ server/routes.ts:13641","client/src/App.tsx:250 gatedEither stores_hub OR stores_inventory actions=view | client/src/App.tsx:296 gatedEither site_dprs OR stores_inventory OR plant_equipment OR labour_management actions=view | client/src/App.tsx:384 gatedEither diesel_req_view OR site_diesel OR stores_inventory actions=view | server/routes.ts:1441 assertDieselOrStoresView site_diesel OR stores_inventory OR diesel_req_raise actions=view/create/edit | server/routes.ts:1469 assertDieselOrStoresView site_diesel OR stores_inventory OR diesel_req_raise actions=view/create/edit | server/routes.ts:10826 assertDieselOrStoresView site_diesel OR stores_inventory OR diesel_req_raise actions=view/create/edit | server/routes.ts:10842 assertDieselOrStoresView site_diesel OR stores_inventory OR diesel_req_raise actions=view/create/edit | server/routes.ts:10859 assertDieselOrStoresView site_diesel OR stores_inventory OR diesel_req_raise actions=view/create/edit | server/routes.ts:10880 assertDieselOrStoresView site_diesel OR stores_inventory OR diesel_req_raise actions=view/create/edit | server/routes.ts:10911 assertDieselOrStoresView site_diesel OR stores_inventory OR diesel_req_raise actions=view/create/edit | server/routes.ts:10929 assertDieselOrStoresView site_diesel OR stores_inventory OR diesel_req_raise actions=view/create/edit | server/routes.ts:11010 assertDieselOrStoresView site_diesel OR stores_inventory OR diesel_req_raise actions=view/create/edit","view; create; edit; delete; notify","view_reports; export; approve","Action candidates are the union of page keys, not proof every subfunction implements each action. Bind each operational checkbox to its endpoint/control; preserve privileged, site and lifecycle checks. See Findings C and operation ledger.",""
"Stores & Inventory","StoresLedger","StoresLedger (component name; use nested control ledger for exact displayed labels)","/stores/ledger/:itemId","client/src/pages/StoresLedger.tsx","client/src/App.tsx:383","GET /api/stores/stock-summary | GET /api/stores/ledger/:itemId","stores_inventory","{gated(StoresLedger, ""stores_inventory"")}","GET /api/stores/stock-summary => stores_inventory.view via assertView @ server/routes.ts:13614 | GET /api/stores/ledger/:itemId => stores_inventory.view via assertView @ server/routes.ts:13626","client/src/App.tsx:250 gatedEither stores_hub OR stores_inventory actions=view | client/src/App.tsx:296 gatedEither site_dprs OR stores_inventory OR plant_equipment OR labour_management actions=view | client/src/App.tsx:384 gatedEither diesel_req_view OR site_diesel OR stores_inventory actions=view | server/routes.ts:1441 assertDieselOrStoresView site_diesel OR stores_inventory OR diesel_req_raise actions=view/create/edit | server/routes.ts:1469 assertDieselOrStoresView site_diesel OR stores_inventory OR diesel_req_raise actions=view/create/edit | server/routes.ts:10826 assertDieselOrStoresView site_diesel OR stores_inventory OR diesel_req_raise actions=view/create/edit | server/routes.ts:10842 assertDieselOrStoresView site_diesel OR stores_inventory OR diesel_req_raise actions=view/create/edit | server/routes.ts:10859 assertDieselOrStoresView site_diesel OR stores_inventory OR diesel_req_raise actions=view/create/edit | server/routes.ts:10880 assertDieselOrStoresView site_diesel OR stores_inventory OR diesel_req_raise actions=view/create/edit | server/routes.ts:10911 assertDieselOrStoresView site_diesel OR stores_inventory OR diesel_req_raise actions=view/create/edit | server/routes.ts:10929 assertDieselOrStoresView site_diesel OR stores_inventory OR diesel_req_raise actions=view/create/edit | server/routes.ts:11010 assertDieselOrStoresView site_diesel OR stores_inventory OR diesel_req_raise actions=view/create/edit","view; create; edit; delete; notify","view_reports; export; approve","Action candidates are the union of page keys, not proof every subfunction implements each action. Bind each operational checkbox to its endpoint/control; preserve privileged, site and lifecycle checks. See Findings C and operation ledger.",""
"Stores & Inventory","Diesel Purchase Register","Diesel Purchase Register","/stores/diesel-register","client/src/pages/StoresDieselRegister.tsx","client/src/App.tsx:384","GET /api/sites | POST /api/sites | GET /api/attachments | GET /api/attachments/counts | POST /api/attachments | DELETE /api/attachments/:id | GET /api/plant-module/materials | POST /api/plant-module/materials | GET /api/diesel-requirements | GET /api/diesel-requirements/receipt-status | GET /api/diesel-requirements/:id | POST /api/diesel-requirements | PUT /api/diesel-requirements/:id | DELETE /api/diesel-requirements/:id","site_diesel; diesel_req_view; stores_inventory","{gatedEither(StoresDieselRegister, ""diesel_req_view"", ""site_diesel"", ""stores_inventory"")} | stores_inventory.view via sectionVisible @ client/src/pages/StoresDieselRegister.tsx:129 | diesel_req_view.view via sectionVisible @ client/src/pages/StoresDieselRegister.tsx:129 | site_diesel.view via sectionVisible @ client/src/pages/StoresDieselRegister.tsx:129 | plant_materials.create via sectionCan @ client/src/pages/StoresDieselRegister.tsx:130","GET /api/sites => req.authUser && !req.authUser.isAdmin | POST /api/sites => sites_plants_manage.create via assertCreateEither @ server/routes.ts:1221; admin_settings.create via assertCreateEither @ server/routes.ts:1221 | GET /api/attachments => stores_inventory.view via assertDieselOrStoresView -> server/routes.ts:232 @ server/routes.ts:1441; site_diesel.view via assertDieselOrStoresView -> server/routes.ts:232 @ server/routes.ts:1441; diesel_req_raise.view via assertDieselOrStoresView -> server/routes.ts:232 @ server/routes.ts:1441; site_diesel.edit via assertDieselOrStoresView -> server/routes.ts:232 @ server/routes.ts:1441; diesel_req_raise.edit via assertDieselOrStoresView -> server/routes.ts:232 @ server/routes.ts:1441; site_diesel.create via assertDieselOrStoresView -> server/routes.ts:232 @ server/routes.ts:1441; diesel_req_raise.create via assertDieselOrStoresView -> server/routes.ts:232 @ server/routes.ts:1441 | GET /api/attachments/counts => stores_inventory.view via assertDieselOrStoresView -> server/routes.ts:232 @ server/routes.ts:1469; site_diesel.view via assertDieselOrStoresView -> server/routes.ts:232 @ server/routes.ts:1469; diesel_req_raise.view via assertDieselOrStoresView -> server/routes.ts:232 @ server/routes.ts:1469; site_diesel.edit via assertDieselOrStoresView -> server/routes.ts:232 @ server/routes.ts:1469; diesel_req_raise.edit via assertDieselOrStoresView -> server/routes.ts:232 @ server/routes.ts:1469; site_diesel.create via assertDieselOrStoresView -> server/routes.ts:232 @ server/routes.ts:1469; diesel_req_raise.create via assertDieselOrStoresView -> server/routes.ts:232 @ server/routes.ts:1469 | POST /api/attachments => site_diesel.edit via assertEditEither @ server/routes.ts:1492; diesel_req_raise.edit via assertEditEither @ server/routes.ts:1492; plant_equipment.create via assertCreateOrEdit @ server/routes.ts:1494; plant_equipment.edit via assertCreateOrEdit @ server/routes.ts:1494 | DELETE /api/attachments/:id => site_diesel.delete via assertDeleteEither @ server/routes.ts:1543; diesel_req_raise.delete via assertDeleteEither @ server/routes.ts:1543; site_dprs.delete via assertDelete @ server/routes.ts:1544; plant_materials.delete via assertDelete @ server/routes.ts:1545; site_materials.delete via assertDelete @ server/routes.ts:1546; irn_raise.delete via assertDelete @ server/routes.ts:1547; purchase_indents_raise.delete via assertDelete @ server/routes.ts:1548; stores_inventory.delete via assertDelete @ server/routes.ts:1549; vendor_bills_raise.delete via assertDelete @ server/routes.ts:1550; plant_production.delete via assertDelete @ server/routes.ts:1551; plant_equipment.delete via assertDelete @ server/routes.ts:1553; rmc_cube_tests.delete via assertDelete @ server/routes.ts:1554 | GET /api/plant-module/materials => See /api requireAuth, public/optional estimator exceptions, and local guards | POST /api/plant-module/materials => master_materials.create via assertCreate @ server/routes.ts:4018 | GET /api/diesel-requirements => stores_inventory.view via assertDieselOrStoresView -> server/routes.ts:232 @ server/routes.ts:10826; site_diesel.view via assertDieselOrStoresView -> server/routes.ts:232 @ server/routes.ts:10826; diesel_req_raise.view via assertDieselOrStoresView -> server/routes.ts:232 @ server/routes.ts:10826; site_diesel.edit via assertDieselOrStoresView -> server/routes.ts:232 @ server/routes.ts:10826; diesel_req_raise.edit via assertDieselOrStoresView -> server/routes.ts:232 @ server/routes.ts:10826; site_diesel.create via assertDieselOrStoresView -> server/routes.ts:232 @ server/routes.ts:10826; diesel_req_raise.create via assertDieselOrStoresView -> server/routes.ts:232 @ server/routes.ts:10826 | GET /api/diesel-requirements/receipt-status => stores_inventory.view via assertDieselOrStoresView -> server/routes.ts:232 @ server/routes.ts:10929; site_diesel.view via assertDieselOrStoresView -> server/routes.ts:232 @ server/routes.ts:10929; diesel_req_raise.view via assertDieselOrStoresView -> server/routes.ts:232 @ server/routes.ts:10929; site_diesel.edit via assertDieselOrStoresView -> server/routes.ts:232 @ server/routes.ts:10929; diesel_req_raise.edit via assertDieselOrStoresView -> server/routes.ts:232 @ server/routes.ts:10929; site_diesel.create via assertDieselOrStoresView -> server/routes.ts:232 @ server/routes.ts:10929; diesel_req_raise.create via assertDieselOrStoresView -> server/routes.ts:232 @ server/routes.ts:10929 | GET /api/diesel-requirements/:id => stores_inventory.view via assertDieselOrStoresView -> server/routes.ts:232 @ server/routes.ts:11010; site_diesel.view via assertDieselOrStoresView -> server/routes.ts:232 @ server/routes.ts:11010; diesel_req_raise.view via assertDieselOrStoresView -> server/routes.ts:232 @ server/routes.ts:11010; site_diesel.edit via assertDieselOrStoresView -> server/routes.ts:232 @ server/routes.ts:11010; diesel_req_raise.edit via assertDieselOrStoresView -> server/routes.ts:232 @ server/routes.ts:11010; site_diesel.create via assertDieselOrStoresView -> server/routes.ts:232 @ server/routes.ts:11010; diesel_req_raise.create via assertDieselOrStoresView -> server/routes.ts:232 @ server/routes.ts:11010 | POST /api/diesel-requirements => site_diesel.create via assertCreateEither @ server/routes.ts:11025; diesel_req_raise.create via assertCreateEither @ server/routes.ts:11025; diesel_req_approve.notify via sendPushToSection @ server/routes.ts:11028 | PUT /api/diesel-requirements/:id => site_diesel.edit via assertEditEither @ server/routes.ts:11228; diesel_req_raise.edit via assertEditEither @ server/routes.ts:11228 | DELETE /api/diesel-requirements/:id => assertAdmin(req, res)","client/src/App.tsx:250 gatedEither stores_hub OR stores_inventory actions=view | client/src/App.tsx:296 gatedEither site_dprs OR stores_inventory OR plant_equipment OR labour_management actions=view | client/src/App.tsx:346 gatedEither diesel_req_view OR site_diesel OR diesel_req_raise actions=view | client/src/App.tsx:384 gatedEither diesel_req_view OR site_diesel OR stores_inventory actions=view | server/routes.ts:1492 assertEditEither site_diesel OR diesel_req_raise actions=edit | server/routes.ts:1543 assertDeleteEither site_diesel OR diesel_req_raise actions=delete | server/routes.ts:11025 assertCreateEither site_diesel OR diesel_req_raise actions=create | server/routes.ts:11099 assertEditEither site_diesel OR diesel_req_raise actions=edit | server/routes.ts:11144 assertEditEither site_diesel OR diesel_req_raise actions=edit | server/routes.ts:11228 assertEditEither site_diesel OR diesel_req_raise actions=edit | server/routes.ts:1441 assertDieselOrStoresView site_diesel OR stores_inventory OR diesel_req_raise actions=view/create/edit | server/routes.ts:1469 assertDieselOrStoresView site_diesel OR stores_inventory OR diesel_req_raise actions=view/create/edit | server/routes.ts:4617 canRecordStandaloneDieselReceipt site_diesel OR diesel_req_raise actions=edit | server/routes.ts:4630 canRecordStandaloneDieselReceipt site_diesel OR diesel_req_raise actions=edit | server/routes.ts:10826 assertDieselOrStoresView site_diesel OR stores_inventory OR diesel_req_raise actions=view/create/edit | server/routes.ts:10842 assertDieselOrStoresView site_diesel OR stores_inventory OR diesel_req_raise actions=view/create/edit | server/routes.ts:10859 assertDieselOrStoresView site_diesel OR stores_inventory OR diesel_req_raise actions=view/create/edit | server/routes.ts:10880 assertDieselOrStoresView site_diesel OR stores_inventory OR diesel_req_raise actions=view/create/edit | server/routes.ts:10911 assertDieselOrStoresView site_diesel OR stores_inventory OR diesel_req_raise actions=view/create/edit | server/routes.ts:10929 assertDieselOrStoresView site_diesel OR stores_inventory OR diesel_req_raise actions=view/create/edit | server/routes.ts:11010 assertDieselOrStoresView site_diesel OR stores_inventory OR diesel_req_raise actions=view/create/edit","view; create; edit; delete; export; notify","view_reports; approve","Action candidates are the union of page keys, not proof every subfunction implements each action. Bind each operational checkbox to its endpoint/control; preserve privileged, site and lifecycle checks. See Findings C and operation ledger.",""
"Administration","Site Backfill","Site Backfill","/admin/site-backfill","client/src/pages/SiteBackfill.tsx","client/src/App.tsx:387","GET /api/admin/site-backfill/unassigned | POST /api/admin/site-backfill/assign","admin_settings; site_management","{gatedEither(SiteBackfill, ""site_management"", ""admin_settings"")}","GET /api/admin/site-backfill/unassigned => assertAdmin(req, res) | POST /api/admin/site-backfill/assign => assertAdmin(req, res)","client/src/App.tsx:302 gatedEither site_management OR sites_plants_manage OR admin_settings actions=view | client/src/App.tsx:324 gatedEither admin_ldo_tools OR admin_settings actions=view | client/src/App.tsx:325 gatedEither admin_ldo_tools OR admin_settings actions=view | client/src/App.tsx:349 gatedEither rate_cards OR vendor_masters_manage OR admin_settings actions=view | client/src/App.tsx:351 gatedEither data_sync OR admin_settings actions=view | client/src/App.tsx:352 gatedEither site_management OR sites_plants_manage OR admin_settings actions=view | client/src/App.tsx:387 gatedEither site_management OR admin_settings actions=view | client/src/App.tsx:393 gatedEither report_management OR reports OR admin_settings actions=view | client/src/App.tsx:394 gatedEither concrete_calculator OR concrete_estimates_manage OR reports OR admin_settings actions=view | client/src/App.tsx:398 gatedEither master_parties OR master_materials OR master_equipment OR master_personnel OR sites_plants_manage OR admin_settings actions=view | client/src/pages/ManagementReport.tsx:382 ReportExportGate report_management OR reports OR admin_settings actions=export | server/routes.ts:1221 assertCreateEither sites_plants_manage OR admin_settings actions=create | server/routes.ts:1235 assertEditEither sites_plants_manage OR admin_settings actions=edit | server/routes.ts:1259 assertCreateEither sites_plants_manage OR admin_settings actions=create | server/routes.ts:1821 assertCreateEither admin_notifications_manage OR admin_settings actions=create | server/routes.ts:3872 assertCreateEither sites_plants_manage OR admin_settings actions=create | server/routes.ts:3919 assertEditEither sites_plants_manage OR admin_settings actions=edit | server/routes.ts:11690 assertCreateEither vendor_masters_manage OR admin_settings actions=create | server/routes.ts:12560 assertCreateEither vendor_masters_manage OR admin_settings actions=create | server/routes.ts:12572 assertCreateEither vendor_masters_manage OR admin_settings actions=create | server/routes.ts:12596 assertCreateEither vendor_masters_manage OR admin_settings actions=create | server/routes.ts:13004 assertCreateEither concrete_estimates_manage OR admin_settings actions=create | server/routes.ts:13018 assertEditEither concrete_estimates_manage OR admin_settings actions=edit | server/routes.ts:13078 assertCreateEither concrete_estimates_manage OR admin_settings actions=create | server/routes.ts:13092 assertEditEither concrete_estimates_manage OR admin_settings actions=edit | server/management-report.ts:138 assertViewReportOrAdmin report_management OR reports OR admin_settings actions=view | server/management-report.ts:271 assertViewReportOrAdmin report_management OR reports OR admin_settings actions=view | server/management-report.ts:343 assertViewReportOrAdmin report_management OR reports OR admin_settings actions=view | server/management-report.ts:453 assertViewReportOrAdmin report_management OR reports OR admin_settings actions=view | server/management-report.ts:498 assertViewReportOrAdmin report_management OR reports OR admin_settings actions=view","view; create; edit; export","delete; view_reports; approve; notify","Action candidates are the union of page keys, not proof every subfunction implements each action. Bind each operational checkbox to its endpoint/control; preserve privileged, site and lifecycle checks. See Findings C and operation ledger.",""
"Administration","System Settings","System Settings","/admin/settings","client/src/pages/AdminSettings.tsx","client/src/App.tsx:388","GET /api/config | GET /api/admin/branding | GET /api/admin/licensed-modules | POST /api/admin/licensed-modules | POST /api/admin/branding | POST /api/admin/change-pin | POST /api/admin/change-manager-pin | GET /api/admin/ldo-received-by | POST /api/admin/ldo-received-by","admin_settings","{gated(AdminSettings, ""admin_settings"")}","GET /api/config => See /api requireAuth, public/optional estimator exceptions, and local guards | GET /api/admin/branding => See /api requireAuth, public/optional estimator exceptions, and local guards | GET /api/admin/licensed-modules => See /api requireAuth, public/optional estimator exceptions, and local guards | POST /api/admin/licensed-modules => assertAdmin(req, res) | POST /api/admin/branding => assertAdmin(req, res) | POST /api/admin/change-pin => assertAdmin(req, res) | POST /api/admin/change-manager-pin => assertAdmin(req, res) | GET /api/admin/ldo-received-by => assertAuthed(req, res) | POST /api/admin/ldo-received-by => assertAdmin(req, res)","client/src/App.tsx:302 gatedEither site_management OR sites_plants_manage OR admin_settings actions=view | client/src/App.tsx:324 gatedEither admin_ldo_tools OR admin_settings actions=view | client/src/App.tsx:325 gatedEither admin_ldo_tools OR admin_settings actions=view | client/src/App.tsx:349 gatedEither rate_cards OR vendor_masters_manage OR admin_settings actions=view | client/src/App.tsx:351 gatedEither data_sync OR admin_settings actions=view | client/src/App.tsx:352 gatedEither site_management OR sites_plants_manage OR admin_settings actions=view | client/src/App.tsx:387 gatedEither site_management OR admin_settings actions=view | client/src/App.tsx:393 gatedEither report_management OR reports OR admin_settings actions=view | client/src/App.tsx:394 gatedEither concrete_calculator OR concrete_estimates_manage OR reports OR admin_settings actions=view | client/src/App.tsx:398 gatedEither master_parties OR master_materials OR master_equipment OR master_personnel OR sites_plants_manage OR admin_settings actions=view | client/src/pages/ManagementReport.tsx:382 ReportExportGate report_management OR reports OR admin_settings actions=export | server/routes.ts:1221 assertCreateEither sites_plants_manage OR admin_settings actions=create | server/routes.ts:1235 assertEditEither sites_plants_manage OR admin_settings actions=edit | server/routes.ts:1259 assertCreateEither sites_plants_manage OR admin_settings actions=create | server/routes.ts:1821 assertCreateEither admin_notifications_manage OR admin_settings actions=create | server/routes.ts:3872 assertCreateEither sites_plants_manage OR admin_settings actions=create | server/routes.ts:3919 assertEditEither sites_plants_manage OR admin_settings actions=edit | server/routes.ts:11690 assertCreateEither vendor_masters_manage OR admin_settings actions=create | server/routes.ts:12560 assertCreateEither vendor_masters_manage OR admin_settings actions=create | server/routes.ts:12572 assertCreateEither vendor_masters_manage OR admin_settings actions=create | server/routes.ts:12596 assertCreateEither vendor_masters_manage OR admin_settings actions=create | server/routes.ts:13004 assertCreateEither concrete_estimates_manage OR admin_settings actions=create | server/routes.ts:13018 assertEditEither concrete_estimates_manage OR admin_settings actions=edit | server/routes.ts:13078 assertCreateEither concrete_estimates_manage OR admin_settings actions=create | server/routes.ts:13092 assertEditEither concrete_estimates_manage OR admin_settings actions=edit | server/management-report.ts:138 assertViewReportOrAdmin report_management OR reports OR admin_settings actions=view | server/management-report.ts:271 assertViewReportOrAdmin report_management OR reports OR admin_settings actions=view | server/management-report.ts:343 assertViewReportOrAdmin report_management OR reports OR admin_settings actions=view | server/management-report.ts:453 assertViewReportOrAdmin report_management OR reports OR admin_settings actions=view | server/management-report.ts:498 assertViewReportOrAdmin report_management OR reports OR admin_settings actions=view","view; create; edit; export","delete; view_reports; approve; notify","Action candidates are the union of page keys, not proof every subfunction implements each action. Bind each operational checkbox to its endpoint/control; preserve privileged, site and lifecycle checks. See Findings C and operation ledger.",""
"Reports / originating domain","PermissionMigrationAudit","PermissionMigrationAudit (component name; use nested control ledger for exact displayed labels)","/admin/permission-migration-audit","client/src/pages/PermissionMigrationAudit.tsx","client/src/App.tsx:389","GET /api/admin/permission-migration-audit","admin_settings","{gated(PermissionMigrationAudit, ""admin_settings"")}","GET /api/admin/permission-migration-audit => admin_settings.view via assertView @ server/routes.ts:13966","client/src/App.tsx:302 gatedEither site_management OR sites_plants_manage OR admin_settings actions=view | client/src/App.tsx:324 gatedEither admin_ldo_tools OR admin_settings actions=view | client/src/App.tsx:325 gatedEither admin_ldo_tools OR admin_settings actions=view | client/src/App.tsx:349 gatedEither rate_cards OR vendor_masters_manage OR admin_settings actions=view | client/src/App.tsx:351 gatedEither data_sync OR admin_settings actions=view | client/src/App.tsx:352 gatedEither site_management OR sites_plants_manage OR admin_settings actions=view | client/src/App.tsx:387 gatedEither site_management OR admin_settings actions=view | client/src/App.tsx:393 gatedEither report_management OR reports OR admin_settings actions=view | client/src/App.tsx:394 gatedEither concrete_calculator OR concrete_estimates_manage OR reports OR admin_settings actions=view | client/src/App.tsx:398 gatedEither master_parties OR master_materials OR master_equipment OR master_personnel OR sites_plants_manage OR admin_settings actions=view | client/src/pages/ManagementReport.tsx:382 ReportExportGate report_management OR reports OR admin_settings actions=export | server/routes.ts:1221 assertCreateEither sites_plants_manage OR admin_settings actions=create | server/routes.ts:1235 assertEditEither sites_plants_manage OR admin_settings actions=edit | server/routes.ts:1259 assertCreateEither sites_plants_manage OR admin_settings actions=create | server/routes.ts:1821 assertCreateEither admin_notifications_manage OR admin_settings actions=create | server/routes.ts:3872 assertCreateEither sites_plants_manage OR admin_settings actions=create | server/routes.ts:3919 assertEditEither sites_plants_manage OR admin_settings actions=edit | server/routes.ts:11690 assertCreateEither vendor_masters_manage OR admin_settings actions=create | server/routes.ts:12560 assertCreateEither vendor_masters_manage OR admin_settings actions=create | server/routes.ts:12572 assertCreateEither vendor_masters_manage OR admin_settings actions=create | server/routes.ts:12596 assertCreateEither vendor_masters_manage OR admin_settings actions=create | server/routes.ts:13004 assertCreateEither concrete_estimates_manage OR admin_settings actions=create | server/routes.ts:13018 assertEditEither concrete_estimates_manage OR admin_settings actions=edit | server/routes.ts:13078 assertCreateEither concrete_estimates_manage OR admin_settings actions=create | server/routes.ts:13092 assertEditEither concrete_estimates_manage OR admin_settings actions=edit | server/management-report.ts:138 assertViewReportOrAdmin report_management OR reports OR admin_settings actions=view | server/management-report.ts:271 assertViewReportOrAdmin report_management OR reports OR admin_settings actions=view | server/management-report.ts:343 assertViewReportOrAdmin report_management OR reports OR admin_settings actions=view | server/management-report.ts:453 assertViewReportOrAdmin report_management OR reports OR admin_settings actions=view | server/management-report.ts:498 assertViewReportOrAdmin report_management OR reports OR admin_settings actions=view","view; create; edit; export","delete; view_reports; approve; notify","Action candidates are the union of page keys, not proof every subfunction implements each action. Bind each operational checkbox to its endpoint/control; preserve privileged, site and lifecycle checks. See Findings C and operation ledger.",""
"Administration","User Management","User Management","/admin/users","client/src/pages/UserManagement.tsx","client/src/App.tsx:390","GET /api/auth/users | POST /api/auth/users | POST /api/auth/users/:id/complete-setup | PATCH /api/auth/users/:id | POST /api/auth/users/:id/password | GET /api/auth/users/:id/permissions | PUT /api/auth/users/:id/permissions | GET /api/auth/users/:id/site-access | PUT /api/auth/users/:id/site-access | GET /api/auth/users/site-access-audit | POST /api/auth/users/:id/copy-permissions | GET /api/sites | POST /api/sites | GET /api/push/subscriptions","user_management; permission_manager","{gatedEither(UserManagement, ""user_management"", ""permission_manager"")} | user_management.view via direct matrix read @ client/src/pages/UserManagement.tsx:129 | user_management.create via direct matrix read @ client/src/pages/UserManagement.tsx:130 | user_management.edit via direct matrix read @ client/src/pages/UserManagement.tsx:131","GET /api/auth/users => user_management.view via requireUserMgmt @ server/auth-routes.ts:438 | POST /api/auth/users => user_management.create via requireUserMgmt @ server/auth-routes.ts:568 | POST /api/auth/users/:id/complete-setup => user_management.create via requireUserMgmt @ server/auth-routes.ts:613 | PATCH /api/auth/users/:id => user_management.edit via requireUserMgmt @ server/auth-routes.ts:637 | POST /api/auth/users/:id/password => user_management.edit via requireUserMgmt @ server/auth-routes.ts:709 | GET /api/auth/users/:id/permissions => user_management.view via requireUserMgmt @ server/auth-routes.ts:724 | PUT /api/auth/users/:id/permissions => user_management.edit via requireUserMgmt @ server/auth-routes.ts:732 | GET /api/auth/users/:id/site-access => user_management.view via requireUserMgmt @ server/auth-routes.ts:778 | PUT /api/auth/users/:id/site-access => user_management.edit via requireUserMgmt @ server/auth-routes.ts:795 | GET /api/auth/users/site-access-audit => user_management.view via requireUserMgmt @ server/auth-routes.ts:835 | POST /api/auth/users/:id/copy-permissions => user_management.edit via requireUserMgmt @ server/auth-routes.ts:862 | GET /api/sites => req.authUser && !req.authUser.isAdmin | POST /api/sites => sites_plants_manage.create via assertCreateEither @ server/routes.ts:1221; admin_settings.create via assertCreateEither @ server/routes.ts:1221 | GET /api/push/subscriptions => user_management.view via assertView @ server/routes.ts:1933","client/src/App.tsx:390 gatedEither user_management OR permission_manager actions=view","view; create; edit","delete; view_reports; export; approve; notify","Action candidates are the union of page keys, not proof every subfunction implements each action. Bind each operational checkbox to its endpoint/control; preserve privileged, site and lifecycle checks. See Findings C and operation ledger.",""
"Administration","Device Approvals","Device Approvals","/admin/devices","client/src/pages/DeviceApproval.tsx","client/src/App.tsx:391","GET /api/auth/devices | POST /api/auth/devices/:id/approve | POST /api/auth/devices/:id/revoke","device_approval","{gated(DeviceApproval, ""device_approval"")} | device_approval.view via direct matrix read @ client/src/pages/DeviceApproval.tsx:36 | device_approval.edit via direct matrix read @ client/src/pages/DeviceApproval.tsx:37","GET /api/auth/devices => device_approval.view via requireDeviceMgmt @ server/auth-routes.ts:880 | POST /api/auth/devices/:id/approve => device_approval.edit via requireDeviceMgmt @ server/auth-routes.ts:903 | POST /api/auth/devices/:id/revoke => device_approval.edit via requireDeviceMgmt @ server/auth-routes.ts:916","","view; edit","create; delete; view_reports; export; approve; notify","Action candidates are the union of page keys, not proof every subfunction implements each action. Bind each operational checkbox to its endpoint/control; preserve privileged, site and lifecycle checks. See Findings C and operation ledger.",""
"Reports / originating domain","AdminReports","AdminReports (component name; use nested control ledger for exact displayed labels)","/admin/reports","client/src/pages/AdminReports.tsx","client/src/App.tsx:392","GET /api/dprs/with-details | DELETE /api/dprs/:id","reports; report_management","{gatedEither(AdminReports, ""report_management"", ""reports"")}","GET /api/dprs/with-details => See /api requireAuth, public/optional estimator exceptions, and local guards | DELETE /api/dprs/:id => site_dprs.notify via sendPushToSection @ server/routes.ts:3806","client/src/App.tsx:392 gatedEither report_management OR reports actions=view | client/src/App.tsx:393 gatedEither report_management OR reports OR admin_settings actions=view | client/src/App.tsx:394 gatedEither concrete_calculator OR concrete_estimates_manage OR reports OR admin_settings actions=view | client/src/pages/ManagementReport.tsx:382 ReportExportGate report_management OR reports OR admin_settings actions=export | server/management-report.ts:138 assertViewReportOrAdmin report_management OR reports OR admin_settings actions=view | server/management-report.ts:271 assertViewReportOrAdmin report_management OR reports OR admin_settings actions=view | server/management-report.ts:343 assertViewReportOrAdmin report_management OR reports OR admin_settings actions=view | server/management-report.ts:453 assertViewReportOrAdmin report_management OR reports OR admin_settings actions=view | server/management-report.ts:498 assertViewReportOrAdmin report_management OR reports OR admin_settings actions=view","view; export","create; edit; delete; view_reports; approve; notify","Action candidates are the union of page keys, not proof every subfunction implements each action. Bind each operational checkbox to its endpoint/control; preserve privileged, site and lifecycle checks. See Findings C and operation ledger.",""
"Reports / originating domain","Management Report","Management Report","/admin/management-report","client/src/pages/ManagementReport.tsx","client/src/App.tsx:393","GET /api/admin/management-report/accessible-sites | GET /api/admin/management-report/materials | GET /api/admin/management-report/production | GET /api/admin/management-report/fuel | GET /api/admin/management-report/labour | GET /api/admin/management-report/financials","reports; report_management; admin_settings","{gatedEither(ManagementReport, ""report_management"", ""reports"", ""admin_settings"")} | report_management.export via ReportExportGate @ client/src/pages/ManagementReport.tsx:382 | reports.export via ReportExportGate @ client/src/pages/ManagementReport.tsx:382 | admin_settings.export via ReportExportGate @ client/src/pages/ManagementReport.tsx:382","GET /api/admin/management-report/accessible-sites => admin_settings.view via direct matrix read @ server/management-report.ts:108; report_management.view via direct matrix read @ server/management-report.ts:108; reports.view via direct matrix read @ server/management-report.ts:108 | GET /api/admin/management-report/materials => admin_settings.view via assertViewReportOrAdmin -> server/management-report.ts:35 @ server/management-report.ts:138; report_management.view via assertViewReportOrAdmin -> server/management-report.ts:35 @ server/management-report.ts:138; reports.view via assertViewReportOrAdmin -> server/management-report.ts:35 @ server/management-report.ts:138 | GET /api/admin/management-report/production => admin_settings.view via assertViewReportOrAdmin -> server/management-report.ts:35 @ server/management-report.ts:271; report_management.view via assertViewReportOrAdmin -> server/management-report.ts:35 @ server/management-report.ts:271; reports.view via assertViewReportOrAdmin -> server/management-report.ts:35 @ server/management-report.ts:271 | GET /api/admin/management-report/fuel => admin_settings.view via assertViewReportOrAdmin -> server/management-report.ts:35 @ server/management-report.ts:343; report_management.view via assertViewReportOrAdmin -> server/management-report.ts:35 @ server/management-report.ts:343; reports.view via assertViewReportOrAdmin -> server/management-report.ts:35 @ server/management-report.ts:343 | GET /api/admin/management-report/labour => admin_settings.view via assertViewReportOrAdmin -> server/management-report.ts:35 @ server/management-report.ts:453; report_management.view via assertViewReportOrAdmin -> server/management-report.ts:35 @ server/management-report.ts:453; reports.view via assertViewReportOrAdmin -> server/management-report.ts:35 @ server/management-report.ts:453 | GET /api/admin/management-report/financials => admin_settings.view via assertViewReportOrAdmin -> server/management-report.ts:35 @ server/management-report.ts:498; report_management.view via assertViewReportOrAdmin -> server/management-report.ts:35 @ server/management-report.ts:498; reports.view via assertViewReportOrAdmin -> server/management-report.ts:35 @ server/management-report.ts:498","client/src/App.tsx:302 gatedEither site_management OR sites_plants_manage OR admin_settings actions=view | client/src/App.tsx:324 gatedEither admin_ldo_tools OR admin_settings actions=view | client/src/App.tsx:325 gatedEither admin_ldo_tools OR admin_settings actions=view | client/src/App.tsx:349 gatedEither rate_cards OR vendor_masters_manage OR admin_settings actions=view | client/src/App.tsx:351 gatedEither data_sync OR admin_settings actions=view | client/src/App.tsx:352 gatedEither site_management OR sites_plants_manage OR admin_settings actions=view | client/src/App.tsx:387 gatedEither site_management OR admin_settings actions=view | client/src/App.tsx:392 gatedEither report_management OR reports actions=view | client/src/App.tsx:393 gatedEither report_management OR reports OR admin_settings actions=view | client/src/App.tsx:394 gatedEither concrete_calculator OR concrete_estimates_manage OR reports OR admin_settings actions=view | client/src/App.tsx:398 gatedEither master_parties OR master_materials OR master_equipment OR master_personnel OR sites_plants_manage OR admin_settings actions=view | client/src/pages/ManagementReport.tsx:382 ReportExportGate report_management OR reports OR admin_settings actions=export | server/routes.ts:1221 assertCreateEither sites_plants_manage OR admin_settings actions=create | server/routes.ts:1235 assertEditEither sites_plants_manage OR admin_settings actions=edit | server/routes.ts:1259 assertCreateEither sites_plants_manage OR admin_settings actions=create | server/routes.ts:1821 assertCreateEither admin_notifications_manage OR admin_settings actions=create | server/routes.ts:3872 assertCreateEither sites_plants_manage OR admin_settings actions=create | server/routes.ts:3919 assertEditEither sites_plants_manage OR admin_settings actions=edit | server/routes.ts:11690 assertCreateEither vendor_masters_manage OR admin_settings actions=create | server/routes.ts:12560 assertCreateEither vendor_masters_manage OR admin_settings actions=create | server/routes.ts:12572 assertCreateEither vendor_masters_manage OR admin_settings actions=create | server/routes.ts:12596 assertCreateEither vendor_masters_manage OR admin_settings actions=create | server/routes.ts:13004 assertCreateEither concrete_estimates_manage OR admin_settings actions=create | server/routes.ts:13018 assertEditEither concrete_estimates_manage OR admin_settings actions=edit | server/routes.ts:13078 assertCreateEither concrete_estimates_manage OR admin_settings actions=create | server/routes.ts:13092 assertEditEither concrete_estimates_manage OR admin_settings actions=edit | server/management-report.ts:138 assertViewReportOrAdmin report_management OR reports OR admin_settings actions=view | server/management-report.ts:271 assertViewReportOrAdmin report_management OR reports OR admin_settings actions=view | server/management-report.ts:343 assertViewReportOrAdmin report_management OR reports OR admin_settings actions=view | server/management-report.ts:453 assertViewReportOrAdmin report_management OR reports OR admin_settings actions=view | server/management-report.ts:498 assertViewReportOrAdmin report_management OR reports OR admin_settings actions=view","view; export; create; edit","delete; view_reports; approve; notify","Action candidates are the union of page keys, not proof every subfunction implements each action. Bind each operational checkbox to its endpoint/control; preserve privileged, site and lifecycle checks. See Findings C and operation ledger.",""
"Estimator","ConcreteEstimates","ConcreteEstimates (component name; use nested control ledger for exact displayed labels)","/admin/concrete-estimates","client/src/pages/ConcreteEstimates.tsx","client/src/App.tsx:394","GET /api/users/directory | GET /api/concrete-estimates | GET /api/concrete-estimates/:id | POST /api/concrete-estimates | PATCH /api/concrete-estimates/:id | DELETE /api/concrete-estimates/:id","reports; concrete_calculator; admin_settings; concrete_estimates_manage","{gatedEither(ConcreteEstimates, ""concrete_calculator"", ""concrete_estimates_manage"", ""reports"", ""admin_settings"")}","GET /api/users/directory => assertAuthed(req, res) | GET /api/concrete-estimates => See /api requireAuth, public/optional estimator exceptions, and local guards | GET /api/concrete-estimates/:id => See /api requireAuth, public/optional estimator exceptions, and local guards | POST /api/concrete-estimates => admin_settings.create via assertCreateEither @ server/routes.ts:13004; concrete_estimates_manage.create via assertCreateEither @ server/routes.ts:13004 | PATCH /api/concrete-estimates/:id => admin_settings.edit via assertEditEither @ server/routes.ts:13018; concrete_estimates_manage.edit via assertEditEither @ server/routes.ts:13018 | DELETE /api/concrete-estimates/:id => assertAdmin(req, res)","client/src/App.tsx:302 gatedEither site_management OR sites_plants_manage OR admin_settings actions=view | client/src/App.tsx:324 gatedEither admin_ldo_tools OR admin_settings actions=view | client/src/App.tsx:325 gatedEither admin_ldo_tools OR admin_settings actions=view | client/src/App.tsx:349 gatedEither rate_cards OR vendor_masters_manage OR admin_settings actions=view | client/src/App.tsx:351 gatedEither data_sync OR admin_settings actions=view | client/src/App.tsx:352 gatedEither site_management OR sites_plants_manage OR admin_settings actions=view | client/src/App.tsx:387 gatedEither site_management OR admin_settings actions=view | client/src/App.tsx:392 gatedEither report_management OR reports actions=view | client/src/App.tsx:393 gatedEither report_management OR reports OR admin_settings actions=view | client/src/App.tsx:394 gatedEither concrete_calculator OR concrete_estimates_manage OR reports OR admin_settings actions=view | client/src/App.tsx:398 gatedEither master_parties OR master_materials OR master_equipment OR master_personnel OR sites_plants_manage OR admin_settings actions=view | client/src/pages/ManagementReport.tsx:382 ReportExportGate report_management OR reports OR admin_settings actions=export | server/routes.ts:1221 assertCreateEither sites_plants_manage OR admin_settings actions=create | server/routes.ts:1235 assertEditEither sites_plants_manage OR admin_settings actions=edit | server/routes.ts:1259 assertCreateEither sites_plants_manage OR admin_settings actions=create | server/routes.ts:1821 assertCreateEither admin_notifications_manage OR admin_settings actions=create | server/routes.ts:3872 assertCreateEither sites_plants_manage OR admin_settings actions=create | server/routes.ts:3919 assertEditEither sites_plants_manage OR admin_settings actions=edit | server/routes.ts:11690 assertCreateEither vendor_masters_manage OR admin_settings actions=create | server/routes.ts:12560 assertCreateEither vendor_masters_manage OR admin_settings actions=create | server/routes.ts:12572 assertCreateEither vendor_masters_manage OR admin_settings actions=create | server/routes.ts:12596 assertCreateEither vendor_masters_manage OR admin_settings actions=create | server/routes.ts:13004 assertCreateEither concrete_estimates_manage OR admin_settings actions=create | server/routes.ts:13018 assertEditEither concrete_estimates_manage OR admin_settings actions=edit | server/routes.ts:13078 assertCreateEither concrete_estimates_manage OR admin_settings actions=create | server/routes.ts:13092 assertEditEither concrete_estimates_manage OR admin_settings actions=edit | server/management-report.ts:138 assertViewReportOrAdmin report_management OR reports OR admin_settings actions=view | server/management-report.ts:271 assertViewReportOrAdmin report_management OR reports OR admin_settings actions=view | server/management-report.ts:343 assertViewReportOrAdmin report_management OR reports OR admin_settings actions=view | server/management-report.ts:453 assertViewReportOrAdmin report_management OR reports OR admin_settings actions=view | server/management-report.ts:498 assertViewReportOrAdmin report_management OR reports OR admin_settings actions=view","view; export; create; edit","delete; view_reports; approve; notify","Action candidates are the union of page keys, not proof every subfunction implements each action. Bind each operational checkbox to its endpoint/control; preserve privileged, site and lifecycle checks. See Findings C and operation ledger.",""
"Masters","Vendor Master","Vendor Master","/masters/vendors","client/src/pages/VendorMaster.tsx","client/src/App.tsx:397","GET /api/vendor-master | POST /api/vendor-master | PATCH /api/vendor-master/:id | GET /api/vendor-master/review | POST /api/vendor-master/review/confirm | GET /api/vendor-master/:id/activity","master_parties","{gated(VendorMaster, ""master_parties"")}","GET /api/vendor-master => canView(req, res) | POST /api/vendor-master => canManage(req, res) | PATCH /api/vendor-master/:id => canManage(req, res) | GET /api/vendor-master/review => canManage(req, res) | POST /api/vendor-master/review/confirm => canManage(req, res) | GET /api/vendor-master/:id/activity => canView(req, res)","client/src/App.tsx:398 gatedEither master_parties OR master_materials OR master_equipment OR master_personnel OR sites_plants_manage OR admin_settings actions=view | client/src/pages/PlantMasters.tsx:103 sectionVisible master_parties OR master_parties OR master_materials OR master_materials OR master_equipment OR master_personnel OR master_parties actions=view","view; create; edit; export","delete; view_reports; approve; notify","Action candidates are the union of page keys, not proof every subfunction implements each action. Bind each operational checkbox to its endpoint/control; preserve privileged, site and lifecycle checks. See Findings C and operation ledger.",""
"Masters","PlantMasters","PlantMasters (component name; use nested control ledger for exact displayed labels)","/masters/section/:section","client/src/pages/PlantMasters.tsx","client/src/App.tsx:398","","master_parties; master_materials; master_equipment; master_personnel; admin_settings; sites_plants_manage","{gatedEither(PlantMasters, ""master_parties"", ""master_materials"", ""master_equipment"", ""master_personnel"", ""sites_plants_manage"", ""admin_settings"")} | sites_plants_manage.view via sectionVisible @ client/src/pages/PlantMasters.tsx:103 | admin_settings.view via sectionVisible @ client/src/pages/PlantMasters.tsx:103 | master_parties.view via sectionVisible @ client/src/pages/PlantMasters.tsx:103 | master_materials.view via sectionVisible @ client/src/pages/PlantMasters.tsx:103 | master_equipment.view via sectionVisible @ client/src/pages/PlantMasters.tsx:103 | master_personnel.view via sectionVisible @ client/src/pages/PlantMasters.tsx:103","","client/src/App.tsx:302 gatedEither site_management OR sites_plants_manage OR admin_settings actions=view | client/src/App.tsx:324 gatedEither admin_ldo_tools OR admin_settings actions=view | client/src/App.tsx:325 gatedEither admin_ldo_tools OR admin_settings actions=view | client/src/App.tsx:349 gatedEither rate_cards OR vendor_masters_manage OR admin_settings actions=view | client/src/App.tsx:351 gatedEither data_sync OR admin_settings actions=view | client/src/App.tsx:352 gatedEither site_management OR sites_plants_manage OR admin_settings actions=view | client/src/App.tsx:387 gatedEither site_management OR admin_settings actions=view | client/src/App.tsx:393 gatedEither report_management OR reports OR admin_settings actions=view | client/src/App.tsx:394 gatedEither concrete_calculator OR concrete_estimates_manage OR reports OR admin_settings actions=view | client/src/App.tsx:398 gatedEither master_parties OR master_materials OR master_equipment OR master_personnel OR sites_plants_manage OR admin_settings actions=view | client/src/pages/ManagementReport.tsx:382 ReportExportGate report_management OR reports OR admin_settings actions=export | client/src/pages/PlantMasters.tsx:103 sectionVisible master_parties OR master_parties OR master_materials OR master_materials OR master_equipment OR master_personnel OR master_parties actions=view | server/routes.ts:1221 assertCreateEither sites_plants_manage OR admin_settings actions=create | server/routes.ts:1235 assertEditEither sites_plants_manage OR admin_settings actions=edit | server/routes.ts:1259 assertCreateEither sites_plants_manage OR admin_settings actions=create | server/routes.ts:1821 assertCreateEither admin_notifications_manage OR admin_settings actions=create | server/routes.ts:3872 assertCreateEither sites_plants_manage OR admin_settings actions=create | server/routes.ts:3919 assertEditEither sites_plants_manage OR admin_settings actions=edit | server/routes.ts:11690 assertCreateEither vendor_masters_manage OR admin_settings actions=create | server/routes.ts:12560 assertCreateEither vendor_masters_manage OR admin_settings actions=create | server/routes.ts:12572 assertCreateEither vendor_masters_manage OR admin_settings actions=create | server/routes.ts:12596 assertCreateEither vendor_masters_manage OR admin_settings actions=create | server/routes.ts:13004 assertCreateEither concrete_estimates_manage OR admin_settings actions=create | server/routes.ts:13018 assertEditEither concrete_estimates_manage OR admin_settings actions=edit | server/routes.ts:13078 assertCreateEither concrete_estimates_manage OR admin_settings actions=create | server/routes.ts:13092 assertEditEither concrete_estimates_manage OR admin_settings actions=edit | server/management-report.ts:138 assertViewReportOrAdmin report_management OR reports OR admin_settings actions=view | server/management-report.ts:271 assertViewReportOrAdmin report_management OR reports OR admin_settings actions=view | server/management-report.ts:343 assertViewReportOrAdmin report_management OR reports OR admin_settings actions=view | server/management-report.ts:453 assertViewReportOrAdmin report_management OR reports OR admin_settings actions=view | server/management-report.ts:498 assertViewReportOrAdmin report_management OR reports OR admin_settings actions=view","view; create; edit; export","delete; view_reports; approve; notify","Action candidates are the union of page keys, not proof every subfunction implements each action. Bind each operational checkbox to its endpoint/control; preserve privileged, site and lifecycle checks. See Findings C and operation ledger.",""
"Administration","EditRequestsPage","EditRequestsPage (component name; use nested control ledger for exact displayed labels)","/edit-requests","client/src/pages/EditRequestsPage.tsx","client/src/App.tsx:401","GET /api/edit-requests/pending | GET /api/edit-requests/mine | POST /api/edit-requests/:id/approve | POST /api/edit-requests/:id/deny","edit_requests_review","{gated(EditRequestsPage, ""edit_requests_review"")} | edit_requests_review.view via sectionVisible @ client/src/pages/EditRequestsPage.tsx:151 | edit_requests_review.approve via sectionCan @ client/src/pages/EditRequestsPage.tsx:150","GET /api/edit-requests/pending => edit_requests_review.view via assertView @ server/routes.ts:1332 | GET /api/edit-requests/mine => See /api requireAuth, public/optional estimator exceptions, and local guards | POST /api/edit-requests/:id/approve => edit_requests_review.approve via assertApprove @ server/routes.ts:1373 | POST /api/edit-requests/:id/deny => edit_requests_review.approve via assertApprove @ server/routes.ts:1401","","view; approve","create; edit; delete; view_reports; export; notify","Action candidates are the union of page keys, not proof every subfunction implements each action. Bind each operational checkbox to its endpoint/control; preserve privileged, site and lifecycle checks. See Findings C and operation ledger.",""
"Administration","EditRequestsPage","EditRequestsPage (component name; use nested control ledger for exact displayed labels)","/edit-requests/mine","client/src/pages/EditRequestsPage.tsx","client/src/App.tsx:402","GET /api/edit-requests/pending | GET /api/edit-requests/mine | POST /api/edit-requests/:id/approve | POST /api/edit-requests/:id/deny","","{EditRequestsPage} | edit_requests_review.view via sectionVisible @ client/src/pages/EditRequestsPage.tsx:151 | edit_requests_review.approve via sectionCan @ client/src/pages/EditRequestsPage.tsx:150","GET /api/edit-requests/pending => edit_requests_review.view via assertView @ server/routes.ts:1332 | GET /api/edit-requests/mine => See /api requireAuth, public/optional estimator exceptions, and local guards | POST /api/edit-requests/:id/approve => edit_requests_review.approve via assertApprove @ server/routes.ts:1373 | POST /api/edit-requests/:id/deny => edit_requests_review.approve via assertApprove @ server/routes.ts:1401","","","view; create; edit; delete; view_reports; export; approve; notify","Action candidates are the union of page keys, not proof every subfunction implements each action. Bind each operational checkbox to its endpoint/control; preserve privileged, site and lifecycle checks. See Findings C and operation ledger.",""
"Dashboard / Account / shared","NotificationPreferences","NotificationPreferences (component name; use nested control ledger for exact displayed labels)","/notifications/preferences","client/src/pages/NotificationPreferences.tsx","client/src/App.tsx:403","GET /api/auth/me | PATCH /api/auth/me | PUT /api/auth/me/notify-preferences","","{NotificationPreferences}","GET /api/auth/me => Own auth-route middleware; registered before global /api guard | PATCH /api/auth/me => Own auth-route middleware; registered before global /api guard | PUT /api/auth/me/notify-preferences => Own auth-route middleware; registered before global /api guard","","","view; create; edit; delete; view_reports; export; approve; notify","Action candidates are the union of page keys, not proof every subfunction implements each action. Bind each operational checkbox to its endpoint/control; preserve privileged, site and lifecycle checks. See Findings C and operation ledger.",""
"Dashboard / Account / shared","Account","Account (component name; use nested control ledger for exact displayed labels)","/account","client/src/pages/Account.tsx","client/src/App.tsx:404","GET /api/auth/me | PATCH /api/auth/me | GET /api/push/vapid-key | POST /api/push/subscribe | DELETE /api/push/unsubscribe","","{Account} | dashboard.delete via DeleteGate @ client/src/pages/Account.tsx:455","GET /api/auth/me => Own auth-route middleware; registered before global /api guard | PATCH /api/auth/me => Own auth-route middleware; registered before global /api guard | GET /api/push/vapid-key => See /api requireAuth, public/optional estimator exceptions, and local guards | POST /api/push/subscribe => dashboard.edit via assertEdit @ server/routes.ts:1877 | DELETE /api/push/unsubscribe => dashboard.delete via assertDelete @ server/routes.ts:1917","","","view; create; edit; delete; view_reports; export; approve; notify","Action candidates are the union of page keys, not proof every subfunction implements each action. Bind each operational checkbox to its endpoint/control; preserve privileged, site and lifecycle checks. See Findings C and operation ledger.",""