section_key,section_label,action_key,action_label,ui_state,frontend_evidence,backend_evidence,classification,current_tooltip
"dashboard","Home Dashboard","view","View","Available in current map","client/src/App.tsx:228 RequireAuth path=""/""","","Observed reference; per-operation enforcement must be checked","Open Home Dashboard. Other action switches do not grant page access."
"dashboard","Home Dashboard","create","Create","Unavailable","","","No observed implemented action","Not available"
"dashboard","Home Dashboard","edit","Edit","Available in current map","","server/routes.ts:1838 assertEdit PATCH ""/api/notifications/:id/read"" | server/routes.ts:1848 assertEdit PATCH ""/api/notifications/read-all"" | server/routes.ts:1877 assertEdit POST ""/api/push/subscribe""","Observed reference; per-operation enforcement must be checked","Edit records in Home Dashboard. This does not grant deletion or cancellation."
"dashboard","Home Dashboard","delete","Delete","Available in current map","client/src/components/PushNotificationSetup.tsx:269 DeleteGate shared helper/component (see caller inventory) | client/src/pages/Account.tsx:455 DeleteGate shared helper/component (see caller inventory)","server/routes.ts:1917 assertDelete DELETE ""/api/push/unsubscribe""","Observed reference; per-operation enforcement must be checked","Delete records where Home Dashboard's Delete permission is checked."
"dashboard","Home Dashboard","view_reports","Reports","Unavailable","","","No observed implemented action","Not available"
"dashboard","Home Dashboard","export","Export","Unavailable","","","No observed implemented action","Not available"
"dashboard","Home Dashboard","approve","Approve","Unavailable","","","No observed implemented action","Not available"
"dashboard","Home Dashboard","notify","Receive Notifications","Unavailable","","","No observed implemented action","Not available"
"hmp_hub","HMP Hub (entry page)","view","View","Available in current map","client/src/App.tsx:233 RequireAuth path=""/plant/hub"" | client/src/App.tsx:300 gated path=""/plant"" component={gated(PlantHome, ""hmp_hub"")} | client/src/App.tsx:301 gated path=""/plant/dashboard"" component={gated(Plant, ""hmp_hub"")}","","Observed reference; per-operation enforcement must be checked","Open HMP Hub (entry page). Other action switches do not grant page access."
"hmp_hub","HMP Hub (entry page)","create","Create","Unavailable","","","No observed implemented action","Not available"
"hmp_hub","HMP Hub (entry page)","edit","Edit","Unavailable","","","No observed implemented action","Not available"
"hmp_hub","HMP Hub (entry page)","delete","Delete","Unavailable","","","No observed implemented action","Not available"
"hmp_hub","HMP Hub (entry page)","view_reports","Reports","Unavailable","","","No observed implemented action","Not available"
"hmp_hub","HMP Hub (entry page)","export","Export","Unavailable","","","No observed implemented action","Not available"
"hmp_hub","HMP Hub (entry page)","approve","Approve","Unavailable","","","No observed implemented action","Not available"
"hmp_hub","HMP Hub (entry page)","notify","Receive Notifications","Unavailable","","","No observed implemented action","Not available"
"site_hub","Site Operations Hub (entry page)","view","View","Available in current map","client/src/App.tsx:239 gated path=""/site/hub"" component={gated(SiteHub, ""site_hub"")} | client/src/App.tsx:280 gated path=""/site"" component={gated(SiteHome, ""site_hub"")} | client/src/components/HubShell.tsx:129 sectionVisible shared helper/component (see caller inventory)","","Observed reference; per-operation enforcement must be checked","Open Site Operations Hub (entry page). Other action switches do not grant page access."
"site_hub","Site Operations Hub (entry page)","create","Create","Unavailable","","","No observed implemented action","Not available"
"site_hub","Site Operations Hub (entry page)","edit","Edit","Unavailable","","","No observed implemented action","Not available"
"site_hub","Site Operations Hub (entry page)","delete","Delete","Unavailable","","","No observed implemented action","Not available"
"site_hub","Site Operations Hub (entry page)","view_reports","Reports","Unavailable","","","No observed implemented action","Not available"
"site_hub","Site Operations Hub (entry page)","export","Export","Unavailable","","","No observed implemented action","Not available"
"site_hub","Site Operations Hub (entry page)","approve","Approve","Unavailable","","","No observed implemented action","Not available"
"site_hub","Site Operations Hub (entry page)","notify","Receive Notifications","Unavailable","","","No observed implemented action","Not available"
"equipment_hub","Equipment & Fleet Hub (entry page)","view","View","Available in current map","client/src/App.tsx:237 gatedEither path=""/equipment/hub"" component={gatedEither(EquipmentHub, ""equipment_hub"", ""equipment_performance_report"", ""plant_equipment"")} | client/src/App.tsx:278 gatedEither path=""/equipment/status"" component={gatedEither(EquipmentStatus, ""equipment_hub"", ""plant_equipment"", ""equipment_performance_report"")} | client/src/components/HubShell.tsx:132 sectionVisible shared helper/component (see caller inventory) | client/src/pages/EquipmentHub.tsx:32 sectionVisible shared helper/component (see caller inventory)","server/routes.ts:5563 direct matrix read GET ""/api/reports/equipment-status""","Observed reference; per-operation enforcement must be checked","Open Equipment & Fleet Hub (entry page). Other action switches do not grant page access. Shared pages or actions also accept: Equipment Performance — View Report (View); Equipment Usage — Log & View (View)."
"equipment_hub","Equipment & Fleet Hub (entry page)","create","Create","Unavailable","","","No observed implemented action","Not available"
"equipment_hub","Equipment & Fleet Hub (entry page)","edit","Edit","Unavailable","","","No observed implemented action","Not available"
"equipment_hub","Equipment & Fleet Hub (entry page)","delete","Delete","Unavailable","","","No observed implemented action","Not available"
"equipment_hub","Equipment & Fleet Hub (entry page)","view_reports","Reports","Unavailable","","","No observed implemented action","Not available"
"equipment_hub","Equipment & Fleet Hub (entry page)","export","Export","Unavailable","","","No observed implemented action","Not available"
"equipment_hub","Equipment & Fleet Hub (entry page)","approve","Approve","Unavailable","","","No observed implemented action","Not available"
"equipment_hub","Equipment & Fleet Hub (entry page)","notify","Receive Notifications","Unavailable","","","No observed implemented action","Not available"
"reports_hub","Reports Hub (entry page)","view","View","Available in current map","client/src/App.tsx:238 gated path=""/reports/hub"" component={gated(ReportsHub, ""reports_hub"")} | client/src/components/HubShell.tsx:138 sectionVisible shared helper/component (see caller inventory)","","Observed reference; per-operation enforcement must be checked","Open Reports Hub (entry page). Other action switches do not grant page access."
"reports_hub","Reports Hub (entry page)","create","Create","Unavailable","","","No observed implemented action","Not available"
"reports_hub","Reports Hub (entry page)","edit","Edit","Unavailable","","","No observed implemented action","Not available"
"reports_hub","Reports Hub (entry page)","delete","Delete","Unavailable","","","No observed implemented action","Not available"
"reports_hub","Reports Hub (entry page)","view_reports","Reports","Unavailable","","","No observed implemented action","Not available"
"reports_hub","Reports Hub (entry page)","export","Export","Unavailable","","","No observed implemented action","Not available"
"reports_hub","Reports Hub (entry page)","approve","Approve","Unavailable","","","No observed implemented action","Not available"
"reports_hub","Reports Hub (entry page)","notify","Receive Notifications","Unavailable","","","No observed implemented action","Not available"
"stores_hub","Stores & Inventory Hub (entry page)","view","View","Available in current map","client/src/App.tsx:250 gatedEither path=""/stores/hub"" component={gatedEither(StoresHub, ""stores_hub"", ""stores_inventory"")} | client/src/components/HubShell.tsx:133 sectionVisible shared helper/component (see caller inventory)","","Observed reference; per-operation enforcement must be checked","Open Stores & Inventory Hub (entry page). Other action switches do not grant page access. Shared pages or actions also accept: Stores — GRNs, Issues & Ledger (View)."
"stores_hub","Stores & Inventory Hub (entry page)","create","Create","Unavailable","","","No observed implemented action","Not available"
"stores_hub","Stores & Inventory Hub (entry page)","edit","Edit","Unavailable","","","No observed implemented action","Not available"
"stores_hub","Stores & Inventory Hub (entry page)","delete","Delete","Unavailable","","","No observed implemented action","Not available"
"stores_hub","Stores & Inventory Hub (entry page)","view_reports","Reports","Unavailable","","","No observed implemented action","Not available"
"stores_hub","Stores & Inventory Hub (entry page)","export","Export","Unavailable","","","No observed implemented action","Not available"
"stores_hub","Stores & Inventory Hub (entry page)","approve","Approve","Unavailable","","","No observed implemented action","Not available"
"stores_hub","Stores & Inventory Hub (entry page)","notify","Receive Notifications","Unavailable","","","No observed implemented action","Not available"
"finance_hub","Procurement & Billing Hub (entry page)","view","View","Available in current map","client/src/App.tsx:251 gated path=""/finance/hub"" component={gated(FinanceHub, ""finance_hub"")} | client/src/components/HubShell.tsx:134 sectionVisible shared helper/component (see caller inventory)","","Observed reference; per-operation enforcement must be checked","Open Procurement & Billing Hub (entry page). Other action switches do not grant page access."
"finance_hub","Procurement & Billing Hub (entry page)","create","Create","Unavailable","","","No observed implemented action","Not available"
"finance_hub","Procurement & Billing Hub (entry page)","edit","Edit","Unavailable","","","No observed implemented action","Not available"
"finance_hub","Procurement & Billing Hub (entry page)","delete","Delete","Unavailable","","","No observed implemented action","Not available"
"finance_hub","Procurement & Billing Hub (entry page)","view_reports","Reports","Unavailable","","","No observed implemented action","Not available"
"finance_hub","Procurement & Billing Hub (entry page)","export","Export","Unavailable","","","No observed implemented action","Not available"
"finance_hub","Procurement & Billing Hub (entry page)","approve","Approve","Unavailable","","","No observed implemented action","Not available"
"finance_hub","Procurement & Billing Hub (entry page)","notify","Receive Notifications","Unavailable","","","No observed implemented action","Not available"
"masters_hub","Masters Hub (entry page)","view","View","Available in current map","client/src/App.tsx:246 RequireAuth path=""/masters/hub""","","Observed reference; per-operation enforcement must be checked","Open Masters Hub (entry page). Other action switches do not grant page access."
"masters_hub","Masters Hub (entry page)","create","Create","Unavailable","","","No observed implemented action","Not available"
"masters_hub","Masters Hub (entry page)","edit","Edit","Unavailable","","","No observed implemented action","Not available"
"masters_hub","Masters Hub (entry page)","delete","Delete","Unavailable","","","No observed implemented action","Not available"
"masters_hub","Masters Hub (entry page)","view_reports","Reports","Unavailable","","","No observed implemented action","Not available"
"masters_hub","Masters Hub (entry page)","export","Export","Unavailable","","","No observed implemented action","Not available"
"masters_hub","Masters Hub (entry page)","approve","Approve","Unavailable","","","No observed implemented action","Not available"
"masters_hub","Masters Hub (entry page)","notify","Receive Notifications","Unavailable","","","No observed implemented action","Not available"
"admin_hub","Admin Hub (entry page)","view","View","Available in current map","client/src/App.tsx:241 RequireAuth path=""/admin/hub"" | client/src/pages/MastersHub.tsx:28 sectionVisible shared helper/component (see caller inventory)","","Observed reference; per-operation enforcement must be checked","Open Admin Hub (entry page). Other action switches do not grant page access."
"admin_hub","Admin Hub (entry page)","create","Create","Unavailable","","","No observed implemented action","Not available"
"admin_hub","Admin Hub (entry page)","edit","Edit","Unavailable","","","No observed implemented action","Not available"
"admin_hub","Admin Hub (entry page)","delete","Delete","Unavailable","","","No observed implemented action","Not available"
"admin_hub","Admin Hub (entry page)","view_reports","Reports","Unavailable","","","No observed implemented action","Not available"
"admin_hub","Admin Hub (entry page)","export","Export","Unavailable","","","No observed implemented action","Not available"
"admin_hub","Admin Hub (entry page)","approve","Approve","Unavailable","","","No observed implemented action","Not available"
"admin_hub","Admin Hub (entry page)","notify","Receive Notifications","Unavailable","","","No observed implemented action","Not available"
"rmc_hub","RMC Hub (entry page)","view","View","Available in current map","client/src/App.tsx:253 RequireAuth path=""/rmc/hub""","","Observed reference; per-operation enforcement must be checked","Open RMC Hub (entry page). Other action switches do not grant page access."
"rmc_hub","RMC Hub (entry page)","create","Create","Unavailable","","","No observed implemented action","Not available"
"rmc_hub","RMC Hub (entry page)","edit","Edit","Unavailable","","","No observed implemented action","Not available"
"rmc_hub","RMC Hub (entry page)","delete","Delete","Unavailable","","","No observed implemented action","Not available"
"rmc_hub","RMC Hub (entry page)","view_reports","Reports","Unavailable","","","No observed implemented action","Not available"
"rmc_hub","RMC Hub (entry page)","export","Export","Unavailable","","","No observed implemented action","Not available"
"rmc_hub","RMC Hub (entry page)","approve","Approve","Unavailable","","","No observed implemented action","Not available"
"rmc_hub","RMC Hub (entry page)","notify","Receive Notifications","Unavailable","","","No observed implemented action","Not available"
"site_dprs","Site DPRs — File & View","view","View","Available in current map","client/src/App.tsx:281 gated path=""/site/dashboard"" component={gated(SiteDashboard, ""site_dprs"")} | client/src/App.tsx:282 gated path=""/site/new"" component={gated(DprSections, ""site_dprs"")} | client/src/App.tsx:283 gated path=""/site/guided"" component={gated(DprSections, ""site_dprs"")} | client/src/App.tsx:284 gated path=""/site/combined"" component={gated(SiteEntry, ""site_dprs"")} | client/src/App.tsx:285 gated path=""/site/guided/combined"" component={gated(GuidedDpr, ""site_dprs"")} | client/src/App.tsx:286 gated path=""/site/work/:id"" component={gated(DprWorkEntry, ""site_dprs"")} | client/src/App.tsx:287 gated path=""/site/edit/:id"" component={gated(DprEditEntry, ""site_dprs"")} | client/src/App.tsx:288 gated path=""/site/success/:id"" component={gated(SiteSuccess, ""site_dprs"")} | client/src/App.tsx:289 gated path=""/site/report/:id"" component={gated(SiteReport, ""site_dprs"")} | client/src/App.tsx:290 gated path=""/reports/progress"" component={gated(ProgressReport, ""site_dprs"")} | client/src/App.tsx:295 gated path=""/site/requirements/new"" component={gated(SiteRequirementNew, ""site_dprs"")} | client/src/App.tsx:296 gatedEither path=""/site/requirements"" component={gatedEither(SiteRequirementsList, ""site_dprs"", ""stores_inventory"", ""plant_equipment"", ""labour_management"")} | client/src/App.tsx:297 gated path=""/my-plans"" component={gated(MyPlans, ""site_dprs"")} | client/src/pages/FieldHome.tsx:867 sectionVisible shared helper/component (see caller inventory) | client/src/pages/FieldHome.tsx:875 sectionVisible shared helper/component (see caller inventory) | client/src/pages/FieldHome.tsx:1252 sectionVisible shared helper/component (see caller inventory) | client/src/pages/FieldHome.tsx:1253 sectionVisible shared helper/component (see caller inventory) | client/src/pages/FieldHome.tsx:1590 sectionVisible shared helper/component (see caller inventory) | client/src/pages/FieldHome.tsx:1602 sectionVisible shared helper/component (see caller inventory) | client/src/pages/FieldHome.tsx:1654 sectionVisible shared helper/component (see caller inventory) | client/src/pages/FieldHome.tsx:1691 sectionVisible shared helper/component (see caller inventory) | client/src/pages/Home.tsx:98 sectionVisible shared helper/component (see caller inventory) | client/src/pages/Home.tsx:199 sectionVisible shared helper/component (see caller inventory) | client/src/pages/ReportsHub.tsx:27 sectionVisible shared helper/component (see caller inventory) | client/src/pages/SiteHome.tsx:42 sectionVisible shared helper/component (see caller inventory) | client/src/pages/SiteHub.tsx:54 sectionVisible shared helper/component (see caller inventory) | client/src/pages/SiteHub.tsx:76 sectionVisible shared helper/component (see caller inventory) | client/src/pages/SiteHub.tsx:81 sectionVisible shared helper/component (see caller inventory) | client/src/pages/SiteHub.tsx:87 sectionVisible shared helper/component (see caller inventory) | client/src/pages/SiteHub.tsx:111 sectionVisible HubActionTile navigation: href={roadDprHref(HUB)} | client/src/pages/SiteHub.tsx:112 sectionVisible HubActionTile navigation: href={roadDprHref(HUB)} | client/src/pages/SiteHub.tsx:121 sectionVisible HubActionTile navigation: href={`/site/new?type=structure&returnTo=${HUB}`} | client/src/pages/SiteHub.tsx:130 sectionVisible HubActionTile navigation: href={`/site/dashboard?returnTo=${HUB}`} | client/src/pages/SiteHub.tsx:227 sectionVisible HubActionTile navigation: href=""/site/requirements?returnTo=/site/hub""","server/routes.ts:569 direct matrix read GET ""/api/dprs/labour-contractors"" | server/routes.ts:1997 assertView shared helper/component (see caller inventory) | server/routes.ts:2639 assertView POST ""/api/dpr-sections/resolve"" | server/routes.ts:2654 assertView GET ""/api/dpr-sections/:id"" | server/routes.ts:5724 assertView GET ""/api/equipment/:equipmentId/latest-closing"" | server/routes.ts:5755 assertView GET ""/api/equipment/:equipmentId/latest-confirmed-diesel-tank"" | server/routes.ts:5946 assertView GET ""/api/equipment-usage/lifecycle"" | server/routes.ts:16629 assertView GET ""/api/dpr/programme-bar-outcomes"" | server/routes.ts:16652 assertView GET ""/api/dpr/programme-bars"" | server/routes.ts:16954 assertView GET ""/api/reports/progress"" | server/routes.ts:16974 assertView GET ""/api/reports/progress/export""","Observed reference; per-operation enforcement must be checked","Open Site DPRs — File & View. Other action switches do not grant page access. Shared pages or actions also accept: Stores — GRNs, Issues & Ledger (View); Equipment Usage — Log & View (View); Site Requirements — Labour Allocation (View)."
"site_dprs","Site DPRs — File & View","create","Create","Available in current map","client/src/pages/SiteDashboard.tsx:82 sectionCan shared helper/component (see caller inventory)","server/routes.ts:569 direct matrix read GET ""/api/dprs/labour-contractors"" | server/routes.ts:1595 direct matrix read POST ""/api/personnel"" | server/routes.ts:1959 assertCreate GET ""/api/dprs/chainage-overlap-context"" | server/routes.ts:2665 assertCreate PUT ""/api/dpr-sections/:section"" | server/routes.ts:2693 assertCreate shared helper/component (see caller inventory) | server/routes.ts:2784 assertCreate PATCH ""/api/dprs/:id/draft"" | server/routes.ts:2887 assertCreate shared helper/component (see caller inventory)","Observed reference; per-operation enforcement must be checked","Create records in Site DPRs — File & View."
"site_dprs","Site DPRs — File & View","edit","Edit","Available in current map","client/src/pages/DprDetails.tsx:36 sectionCan shared helper/component (see caller inventory) | client/src/pages/SiteDashboard.tsx:83 sectionCan shared helper/component (see caller inventory) | client/src/pages/SiteEdit.tsx:443 sectionCan shared helper/component (see caller inventory) | client/src/pages/SiteEdit.tsx:1763 EditPermissionButton mapped record type shared helper/component (see caller inventory) | client/src/pages/SiteReport.tsx:41 sectionCan shared helper/component (see caller inventory) | client/src/pages/SiteReport.tsx:175 EditPermissionButton mapped record type shared helper/component (see caller inventory)","server/routes.ts:569 direct matrix read GET ""/api/dprs/labour-contractors"" | server/routes.ts:2279 assertEdit PATCH ""/api/progress-entries/:id/overlap-resolution"" | server/routes.ts:3406 assertEdit POST ""/api/dprs/:id/version"" | server/routes.ts:3731 assertEdit POST ""/api/dprs/:id/clone"" | server/routes.ts:5908 assertEdit POST ""/api/equipment-usage/:id/move""","Observed reference; per-operation enforcement must be checked","Edit records in Site DPRs — File & View. This does not grant deletion or cancellation."
"site_dprs","Site DPRs — File & View","delete","Delete","Available in current map","client/src/components/AttachmentGallery.tsx:95 sectionCan shared helper/component (see caller inventory) | client/src/pages/SiteReport.tsx:236 sectionCan shared helper/component (see caller inventory)","server/routes.ts:1544 assertDelete DELETE ""/api/attachments/:id"" | server/routes.ts:3822 assertDeleteOrCancel POST ""/api/dprs/:id/cancel""","Observed reference; per-operation enforcement must be checked","Delete records where Site DPRs — File & View's Delete permission is checked."
"site_dprs","Site DPRs — File & View","view_reports","Reports","Unavailable","","","No observed implemented action","Not available"
"site_dprs","Site DPRs — File & View","export","Export","Available in current map","client/src/pages/ProgressReport.tsx:182 ReportExportGate shared helper/component (see caller inventory) | client/src/pages/SiteDashboard.tsx:84 sectionCan shared helper/component (see caller inventory) | client/src/pages/SiteReport.tsx:171 sectionCan shared helper/component (see caller inventory)","server/routes.ts:16972 assertExport GET ""/api/reports/progress/export""","Observed reference; per-operation enforcement must be checked","Export data where Site DPRs — File & View's Export permission is checked."
"site_dprs","Site DPRs — File & View","approve","Approve","Available in current map","client/src/pages/SiteRequirementsList.tsx:1549 canApprove shared helper/component (see caller inventory)","server/routes.ts:23307 direct matrix read GET ""/api/site-requirements"" | server/routes.ts:23333 direct matrix read GET ""/api/site-requirements/:id"" | server/routes.ts:23349 assertApprove PATCH ""/api/site-requirements/:id/status"" | server/routes.ts:23713 assertApprove PATCH ""/api/site-requirements/:id/revision-approve"" | server/routes.ts:23736 assertApprove PATCH ""/api/site-requirements/:id/revision-reject""","Observed reference; per-operation enforcement must be checked","Approve or reject Site Requirements and their revision requests. This does not change DPR approval behavior. Self-approval is restricted except for the authenticated Owner."
"site_dprs","Site DPRs — File & View","notify","Receive Notifications","Available in current map","","server/routes.ts:2742 sendPushToSection shared helper/component (see caller inventory) | server/routes.ts:2979 sendPushToSection shared helper/component (see caller inventory) | server/routes.ts:3686 sendPushToSection POST ""/api/dprs/:id/version"" | server/routes.ts:3766 sendPushToSection POST ""/api/dprs/:id/clone"" | server/routes.ts:3806 sendPushToSection DELETE ""/api/dprs/:id"" | server/routes.ts:3840 sendPushToSection POST ""/api/dprs/:id/cancel""","Observed reference; per-operation enforcement must be checked","Receive notifications for Site DPRs — File & View, when user notifications and a device subscription are enabled."
"site_materials","Site Materials Received","view","View","Available in current map","client/src/App.tsx:291 gated path=""/site/material-trips"" component={gated(SiteMaterialTrips, ""site_materials"")} | client/src/App.tsx:292 gated path=""/site/materials-received"" component={gated(SiteMaterialsReceived, ""site_materials"")} | client/src/App.tsx:293 gated path=""/site/material-stock"" component={gated(SiteMaterialStock, ""site_materials"")} | client/src/pages/FieldHome.tsx:883 sectionVisible shared helper/component (see caller inventory) | client/src/pages/FieldHome.tsx:888 sectionVisible shared helper/component (see caller inventory) | client/src/pages/FieldHome.tsx:1250 sectionVisible shared helper/component (see caller inventory) | client/src/pages/FieldHome.tsx:1590 sectionVisible shared helper/component (see caller inventory) | client/src/pages/FieldHome.tsx:1631 sectionVisible shared helper/component (see caller inventory) | client/src/pages/FieldHome.tsx:1786 sectionVisible shared helper/component (see caller inventory) | client/src/pages/Home.tsx:199 sectionVisible shared helper/component (see caller inventory) | client/src/pages/ReportsHub.tsx:32 sectionVisible shared helper/component (see caller inventory) | client/src/pages/SiteHome.tsx:43 sectionVisible shared helper/component (see caller inventory) | client/src/pages/SiteHub.tsx:139 sectionVisible HubActionTile navigation: href={`/site/material-trips?returnTo=${HUB}`} | client/src/pages/SiteHub.tsx:148 sectionVisible HubActionTile navigation: href={`/site/materials-received?returnTo=${HUB}`} | client/src/pages/SiteHub.tsx:157 sectionVisible HubActionTile navigation: href={`/site/material-stock?returnTo=${HUB}`}","server/routes.ts:539 direct matrix read shared helper/component (see caller inventory) | server/routes.ts:724 assertSiteMaterialSuggestionsAccess -> server/routes.ts:532 GET ""/api/site-material-trips/suggestions""","Observed reference; per-operation enforcement must be checked","Open Site Materials Received. Other action switches do not grant page access."
"site_materials","Site Materials Received","create","Create","Available in current map","","server/routes.ts:539 direct matrix read shared helper/component (see caller inventory) | server/routes.ts:1045 assertCreate POST ""/api/site-material-trips"" | server/routes.ts:724 assertSiteMaterialSuggestionsAccess -> server/routes.ts:532 GET ""/api/site-material-trips/suggestions""","Observed reference; per-operation enforcement must be checked","Create records in Site Materials Received."
"site_materials","Site Materials Received","edit","Edit","Available in current map","client/src/pages/SiteMaterialTrips.tsx:50 sectionCan shared helper/component (see caller inventory) | client/src/pages/SiteMaterialsReceived.tsx:506 EditPermissionButton mapped record type shared helper/component (see caller inventory)","server/routes.ts:539 direct matrix read shared helper/component (see caller inventory) | server/routes.ts:739 direct matrix read GET ""/api/site-material-trips/suggestions"" | server/routes.ts:757 assertEdit PATCH ""/api/site-material-trips/vehicle-supplier"" | server/routes.ts:852 assertEdit POST ""/api/site-material-trips/material-source/bulk"" | server/routes.ts:899 assertEdit GET ""/api/site-material-trips/vendor-options"" | server/routes.ts:910 assertEdit GET ""/api/site-material-trips/arrangement-options"" | server/routes.ts:921 assertEdit shared helper/component (see caller inventory) | server/routes.ts:1078 assertEdit PATCH ""/api/site-material-trips/:id"" | server/routes.ts:1764 assertEdit POST ""/api/site-purchases/:id/final-submit"" | server/routes.ts:724 assertSiteMaterialSuggestionsAccess -> server/routes.ts:532 GET ""/api/site-material-trips/suggestions""","Observed reference; per-operation enforcement must be checked","Edit records in Site Materials Received. This does not grant deletion or cancellation."
"site_materials","Site Materials Received","delete","Delete","Available in current map","client/src/components/AttachmentGallery.tsx:97 sectionCan shared helper/component (see caller inventory) | client/src/pages/SiteMaterialTrips.tsx:1059 sectionCan shared helper/component (see caller inventory) | client/src/pages/SitePurchasesReport.tsx:383 sectionCan shared helper/component (see caller inventory)","server/routes.ts:1155 assertDeleteOrCancel POST ""/api/site-material-trips/:id/cancel"" | server/routes.ts:1546 assertDelete DELETE ""/api/attachments/:id"" | server/routes.ts:1735 assertDeleteOrCancel POST ""/api/site-purchases/:id/cancel""","Observed reference; per-operation enforcement must be checked","Delete records where Site Materials Received's Delete permission is checked."
"site_materials","Site Materials Received","view_reports","Reports","Unavailable","","","No observed implemented action","Not available"
"site_materials","Site Materials Received","export","Export","Unavailable","","","No observed implemented action","Not available"
"site_materials","Site Materials Received","approve","Approve","Unavailable","","","No observed implemented action","Not available"
"site_materials","Site Materials Received","notify","Receive Notifications","Available in current map","","server/routes.ts:1067 sendPushToSection POST ""/api/site-material-trips"" | server/routes.ts:1123 sendPushToSection PATCH ""/api/site-material-trips/:id"" | server/routes.ts:1722 sendPushToSection PUT ""/api/site-purchases/:id"" | server/routes.ts:1751 sendPushToSection POST ""/api/site-purchases/:id/cancel"" | server/routes.ts:1789 sendPushToSection POST ""/api/site-purchases/:id/final-submit""","Observed reference; per-operation enforcement must be checked","Receive notifications for Site Materials Received, when user notifications and a device subscription are enabled."
"site_procurement","Purchase Indents (legacy)","view","View","Available in current map","client/src/App.tsx:294 gatedEither path=""/site/purchases"" component={gatedEither(SitePurchasesReport, ""report_site_purchases"", ""site_procurement"")} | client/src/App.tsx:345 gatedEither path=""/plant/purchase-indents"" component={gatedEither(PurchaseIndents, ""purchase_indents_view"", ""site_procurement"", ""purchase_indents_raise"")} | client/src/pages/EquipmentHub.tsx:198 sectionVisible HubActionTile navigation: href=""/plant/purchase-indents?returnTo=/equipment/hub&from=equipment"" | client/src/pages/FieldHome.tsx:849 sectionVisible shared helper/component (see caller inventory) | client/src/pages/FinanceHub.tsx:30 sectionVisible shared helper/component (see caller inventory) | client/src/pages/HmpHub.tsx:63 sectionVisible shared helper/component (see caller inventory) | client/src/pages/Home.tsx:197 sectionVisible shared helper/component (see caller inventory) | client/src/pages/Plant.tsx:175 sectionVisible shared helper/component (see caller inventory) | client/src/pages/Plant.tsx:357 sectionVisible shared helper/component (see caller inventory) | client/src/pages/Plant.tsx:587 sectionVisible shared helper/component (see caller inventory) | client/src/pages/ReportsHub.tsx:33 sectionVisible shared helper/component (see caller inventory) | client/src/pages/RmcHub.tsx:79 sectionVisible shared helper/component (see caller inventory) | client/src/pages/SiteHome.tsx:44 sectionVisible shared helper/component (see caller inventory) | client/src/pages/SiteHub.tsx:167 sectionVisible HubActionTile navigation: href={`/site/purchases?returnTo=${HUB}`} | client/src/pages/SiteHub.tsx:181 sectionVisible HubActionTile navigation: href=""/plant/purchase-indents?returnTo=/site/hub&from=site&context=site"" | client/src/pages/StoresHub.tsx:36 sectionVisible shared helper/component (see caller inventory)","server/routes.ts:9064 direct matrix read shared helper/component (see caller inventory) | server/routes.ts:9072 assertPiRaiserRead -> server/routes.ts:9056 GET ""/api/purchase-indents"" | server/routes.ts:9151 assertPiRaiserRead -> server/routes.ts:9056 GET ""/api/purchase-indents/route-corrections"" | server/routes.ts:9163 assertPiRaiserRead -> server/routes.ts:9056 POST ""/api/purchase-indents/route-corrections/apply"" | server/routes.ts:9228 assertPiRaiserRead -> server/routes.ts:9056 GET ""/api/purchase-indents/:id"" | server/routes.ts:9323 assertPiRaiserRead -> server/routes.ts:9056 GET ""/api/purchase-indents/:id/items/:itemId/purchase-order"" | server/routes.ts:9457 assertPiRaiserRead -> server/routes.ts:9056 GET ""/api/purchase-indents/:id/items/:itemId/purchase-order.pdf"" | server/routes.ts:10390 assertPiRaiserRead -> server/routes.ts:9056 GET ""/api/purchase-indent-items/recent-items""","Observed reference; per-operation enforcement must be checked","Open Purchase Indents (legacy). Other action switches do not grant page access. Shared pages or actions also accept: Site Purchases Report (View); Purchase Indents — View List (View); Purchase Indents — Raise / Submit (View); Purchase Indents — View List (View / Create / Edit); Purchase Indents — Raise / Submit (View / Create / Edit)."
"site_procurement","Purchase Indents (legacy)","create","Create","Available in current map","client/src/pages/PurchaseIndents.tsx:677 sectionCan shared helper/component (see caller inventory) | client/src/pages/irn/IrnListPage.tsx:86 sectionCan shared helper/component (see caller inventory)","server/routes.ts:9064 direct matrix read shared helper/component (see caller inventory) | server/routes.ts:9348 assertCreateEither POST ""/api/purchase-indents/:id/items/:itemId/purchase-order"" | server/routes.ts:9394 assertCreateEither PATCH ""/api/purchase-indents/:id/items/:itemId/purchase-order"" | server/routes.ts:9418 assertCreateEither POST ""/api/purchase-indents/:id/items/:itemId/purchase-order/submit"" | server/routes.ts:9476 assertCreateEither POST ""/api/purchase-indents"" | server/routes.ts:9616 assertCreateEither POST ""/api/purchase-indents/:id/place-order"" | server/routes.ts:9632 assertCreateEither POST ""/api/purchase-indents/:id/record-material-receipt"" | server/routes.ts:9668 direct matrix read PATCH ""/api/purchase-indents/items/:itemId/link-receipt"" | server/routes.ts:9768 assertCreateEither POST ""/api/irn/:id/raise-pi"" | server/routes.ts:20412 assertCreate POST ""/api/material-requirements"" | server/routes.ts:9072 assertPiRaiserRead -> server/routes.ts:9056 GET ""/api/purchase-indents"" | server/routes.ts:9151 assertPiRaiserRead -> server/routes.ts:9056 GET ""/api/purchase-indents/route-corrections"" | server/routes.ts:9163 assertPiRaiserRead -> server/routes.ts:9056 POST ""/api/purchase-indents/route-corrections/apply"" | server/routes.ts:9228 assertPiRaiserRead -> server/routes.ts:9056 GET ""/api/purchase-indents/:id"" | server/routes.ts:9323 assertPiRaiserRead -> server/routes.ts:9056 GET ""/api/purchase-indents/:id/items/:itemId/purchase-order"" | server/routes.ts:9457 assertPiRaiserRead -> server/routes.ts:9056 GET ""/api/purchase-indents/:id/items/:itemId/purchase-order.pdf"" | server/routes.ts:10390 assertPiRaiserRead -> server/routes.ts:9056 GET ""/api/purchase-indent-items/recent-items""","Observed reference; per-operation enforcement must be checked","Create records in Purchase Indents (legacy). Shared pages or actions also accept: Purchase Indents — Raise / Submit (Create); Purchase Indents — View List (View / Create / Edit); Purchase Indents — Raise / Submit (View / Create / Edit)."
"site_procurement","Purchase Indents (legacy)","edit","Edit","Available in current map","client/src/pages/PurchaseIndents.tsx:678 sectionCan shared helper/component (see caller inventory) | client/src/pages/PurchaseIndents.tsx:3518 EditPermissionButton mapped record type shared helper/component (see caller inventory)","server/routes.ts:9064 direct matrix read shared helper/component (see caller inventory) | server/routes.ts:9164 assertEditEither POST ""/api/purchase-indents/route-corrections/apply"" | server/routes.ts:9215 assertEditEither PATCH ""/api/purchase-indents/:id/items/:itemId/destination"" | server/routes.ts:10322 assertEditEither PATCH ""/api/purchase-indent-items/:id/procure"" | server/routes.ts:10352 assertEditEither POST ""/api/purchase-indents/:id/notify"" | server/routes.ts:10402 assertEditEither PATCH ""/api/purchase-indent-items/:id/purchase-update"" | server/routes.ts:10464 assertEditEither PATCH ""/api/purchase-indent-items/:id/reviewer-note"" | server/routes.ts:10511 assertEditEither PUT ""/api/purchase-indents/:id"" | server/routes.ts:10568 assertEditEither POST ""/api/purchase-indents/:id/purchaser-action"" | server/routes.ts:10619 assertEditEither POST ""/api/purchase-indent-items/:id/record-delivery"" | server/routes.ts:10736 assertEditEither POST ""/api/purchase-indents/:id/bulk-receipt"" | server/routes.ts:9072 assertPiRaiserRead -> server/routes.ts:9056 GET ""/api/purchase-indents"" | server/routes.ts:9151 assertPiRaiserRead -> server/routes.ts:9056 GET ""/api/purchase-indents/route-corrections"" | server/routes.ts:9163 assertPiRaiserRead -> server/routes.ts:9056 POST ""/api/purchase-indents/route-corrections/apply"" | server/routes.ts:9228 assertPiRaiserRead -> server/routes.ts:9056 GET ""/api/purchase-indents/:id"" | server/routes.ts:9323 assertPiRaiserRead -> server/routes.ts:9056 GET ""/api/purchase-indents/:id/items/:itemId/purchase-order"" | server/routes.ts:9457 assertPiRaiserRead -> server/routes.ts:9056 GET ""/api/purchase-indents/:id/items/:itemId/purchase-order.pdf"" | server/routes.ts:10390 assertPiRaiserRead -> server/routes.ts:9056 GET ""/api/purchase-indent-items/recent-items""","Observed reference; per-operation enforcement must be checked","Edit records in Purchase Indents (legacy). This does not grant deletion or cancellation. Shared pages or actions also accept: Purchase Indents — Raise / Submit (Edit); Purchase Indents — View List (View / Create / Edit); Purchase Indents — Raise / Submit (View / Create / Edit)."
"site_procurement","Purchase Indents (legacy)","delete","Delete","Unavailable","","","No observed implemented action","Not available"
"site_procurement","Purchase Indents (legacy)","view_reports","Reports","Unavailable","","","No observed implemented action","Not available"
"site_procurement","Purchase Indents (legacy)","export","Export","Unavailable","","","No observed implemented action","Not available"
"site_procurement","Purchase Indents (legacy)","approve","Approve","Unavailable","","","No observed implemented action","Not available"
"site_procurement","Purchase Indents (legacy)","notify","Receive Notifications","Unavailable","","","No observed implemented action","Not available"
"purchase_indents_view","Purchase Indents — View List","view","View","Available in current map","client/src/App.tsx:345 gatedEither path=""/plant/purchase-indents"" component={gatedEither(PurchaseIndents, ""purchase_indents_view"", ""site_procurement"", ""purchase_indents_raise"")} | client/src/pages/EquipmentHub.tsx:199 sectionVisible HubActionTile navigation: href=""/plant/purchase-indents?returnTo=/equipment/hub&from=equipment"" | client/src/pages/FieldHome.tsx:849 sectionVisible shared helper/component (see caller inventory) | client/src/pages/FinanceHub.tsx:30 sectionVisible shared helper/component (see caller inventory) | client/src/pages/HmpHub.tsx:63 sectionVisible shared helper/component (see caller inventory) | client/src/pages/Home.tsx:197 sectionVisible shared helper/component (see caller inventory) | client/src/pages/Plant.tsx:175 sectionVisible shared helper/component (see caller inventory) | client/src/pages/Plant.tsx:357 sectionVisible shared helper/component (see caller inventory) | client/src/pages/Plant.tsx:587 sectionVisible shared helper/component (see caller inventory) | client/src/pages/ReportsHub.tsx:33 sectionVisible shared helper/component (see caller inventory) | client/src/pages/RmcHub.tsx:79 sectionVisible shared helper/component (see caller inventory) | client/src/pages/SiteHome.tsx:44 sectionVisible shared helper/component (see caller inventory) | client/src/pages/SiteHub.tsx:168 sectionVisible HubActionTile navigation: href={`/site/purchases?returnTo=${HUB}`} | client/src/pages/SiteHub.tsx:182 sectionVisible HubActionTile navigation: href=""/plant/purchase-indents?returnTo=/site/hub&from=site&context=site"" | client/src/pages/StoresHub.tsx:36 sectionVisible shared helper/component (see caller inventory)","server/routes.ts:9063 direct matrix read shared helper/component (see caller inventory) | server/routes.ts:9072 assertPiRaiserRead -> server/routes.ts:9056 GET ""/api/purchase-indents"" | server/routes.ts:9151 assertPiRaiserRead -> server/routes.ts:9056 GET ""/api/purchase-indents/route-corrections"" | server/routes.ts:9163 assertPiRaiserRead -> server/routes.ts:9056 POST ""/api/purchase-indents/route-corrections/apply"" | server/routes.ts:9228 assertPiRaiserRead -> server/routes.ts:9056 GET ""/api/purchase-indents/:id"" | server/routes.ts:9323 assertPiRaiserRead -> server/routes.ts:9056 GET ""/api/purchase-indents/:id/items/:itemId/purchase-order"" | server/routes.ts:9457 assertPiRaiserRead -> server/routes.ts:9056 GET ""/api/purchase-indents/:id/items/:itemId/purchase-order.pdf"" | server/routes.ts:10390 assertPiRaiserRead -> server/routes.ts:9056 GET ""/api/purchase-indent-items/recent-items""","Observed reference; per-operation enforcement must be checked","Open Purchase Indents — View List. Other action switches do not grant page access. Shared pages or actions also accept: Purchase Indents (legacy) (View); Purchase Indents — Raise / Submit (View); Purchase Indents (legacy) (View / Create / Edit); Purchase Indents — Raise / Submit (View / Create / Edit)."
"purchase_indents_view","Purchase Indents — View List","create","Create","Unavailable","","","No observed implemented action","Not available"
"purchase_indents_view","Purchase Indents — View List","edit","Edit","Unavailable","","","No observed implemented action","Not available"
"purchase_indents_view","Purchase Indents — View List","delete","Delete","Unavailable","","","No observed implemented action","Not available"
"purchase_indents_view","Purchase Indents — View List","view_reports","Reports","Unavailable","","","No observed implemented action","Not available"
"purchase_indents_view","Purchase Indents — View List","export","Export","Available in current map","","server/routes.ts:9455 assertReportExport GET ""/api/purchase-indents/:id/items/:itemId/purchase-order.pdf""","Observed reference; per-operation enforcement must be checked","Export data where Purchase Indents — View List's Export permission is checked. Shared pages or actions also accept: Purchase Indents — Raise / Submit (Export)."
"purchase_indents_view","Purchase Indents — View List","approve","Approve","Unavailable","","","No observed implemented action","Not available"
"purchase_indents_view","Purchase Indents — View List","notify","Receive Notifications","Available in current map","","server/routes.ts:9479 sendPushToSection POST ""/api/purchase-indents"" | server/routes.ts:9524 sendPushToSection PATCH ""/api/purchase-indents/:id/approve"" | server/routes.ts:9552 sendPushToSection PATCH ""/api/purchase-indents/:id/reject"" | server/routes.ts:9581 sendPushToSection PATCH ""/api/purchase-indents/:id/stores-verify"" | server/routes.ts:9602 sendPushToSection PATCH ""/api/purchase-indents/:id/stores-bypass"" | server/routes.ts:9816 sendPushToSection POST ""/api/irn/:id/raise-pi"" | server/routes.ts:10340 sendPushToSection PATCH ""/api/purchase-indent-items/:id/procure"" | server/routes.ts:10374 sendPushToSection POST ""/api/purchase-indents/:id/notify"" | server/routes.ts:10423 sendPushToSection PATCH ""/api/purchase-indent-items/:id/purchase-update"" | server/routes.ts:10451 sendPushToSection PATCH ""/api/purchase-indent-items/:id/cancel"" | server/routes.ts:10490 sendPushToSection PATCH ""/api/purchase-indents/:id/force-close""","Observed reference; per-operation enforcement must be checked","Receive notifications for Purchase Indents — View List, when user notifications and a device subscription are enabled."
"purchase_indents_raise","Purchase Indents — Raise / Submit","view","View","Available in current map","client/src/App.tsx:345 gatedEither path=""/plant/purchase-indents"" component={gatedEither(PurchaseIndents, ""purchase_indents_view"", ""site_procurement"", ""purchase_indents_raise"")} | client/src/pages/EquipmentHub.tsx:200 sectionVisible HubActionTile navigation: href=""/plant/purchase-indents?returnTo=/equipment/hub&from=equipment"" | client/src/pages/FieldHome.tsx:849 sectionVisible shared helper/component (see caller inventory) | client/src/pages/FinanceHub.tsx:30 sectionVisible shared helper/component (see caller inventory) | client/src/pages/HmpHub.tsx:63 sectionVisible shared helper/component (see caller inventory) | client/src/pages/Home.tsx:197 sectionVisible shared helper/component (see caller inventory) | client/src/pages/Plant.tsx:175 sectionVisible shared helper/component (see caller inventory) | client/src/pages/Plant.tsx:357 sectionVisible shared helper/component (see caller inventory) | client/src/pages/Plant.tsx:587 sectionVisible shared helper/component (see caller inventory) | client/src/pages/ReportsHub.tsx:33 sectionVisible shared helper/component (see caller inventory) | client/src/pages/RmcHub.tsx:79 sectionVisible shared helper/component (see caller inventory) | client/src/pages/SiteHome.tsx:44 sectionVisible shared helper/component (see caller inventory) | client/src/pages/SiteHub.tsx:169 sectionVisible HubActionTile navigation: href={`/site/purchases?returnTo=${HUB}`} | client/src/pages/SiteHub.tsx:183 sectionVisible HubActionTile navigation: href=""/plant/purchase-indents?returnTo=/site/hub&from=site&context=site"" | client/src/pages/StoresHub.tsx:36 sectionVisible shared helper/component (see caller inventory)","server/routes.ts:9065 direct matrix read shared helper/component (see caller inventory) | server/routes.ts:9072 assertPiRaiserRead -> server/routes.ts:9056 GET ""/api/purchase-indents"" | server/routes.ts:9151 assertPiRaiserRead -> server/routes.ts:9056 GET ""/api/purchase-indents/route-corrections"" | server/routes.ts:9163 assertPiRaiserRead -> server/routes.ts:9056 POST ""/api/purchase-indents/route-corrections/apply"" | server/routes.ts:9228 assertPiRaiserRead -> server/routes.ts:9056 GET ""/api/purchase-indents/:id"" | server/routes.ts:9323 assertPiRaiserRead -> server/routes.ts:9056 GET ""/api/purchase-indents/:id/items/:itemId/purchase-order"" | server/routes.ts:9457 assertPiRaiserRead -> server/routes.ts:9056 GET ""/api/purchase-indents/:id/items/:itemId/purchase-order.pdf"" | server/routes.ts:10390 assertPiRaiserRead -> server/routes.ts:9056 GET ""/api/purchase-indent-items/recent-items""","Observed reference; per-operation enforcement must be checked","Open Purchase Indents — Raise / Submit. Other action switches do not grant page access. Shared pages or actions also accept: Purchase Indents — View List (View); Purchase Indents (legacy) (View); Purchase Indents — View List (View / Create / Edit); Purchase Indents (legacy) (View / Create / Edit)."
"purchase_indents_raise","Purchase Indents — Raise / Submit","create","Create","Available in current map","client/src/pages/PurchaseIndents.tsx:677 sectionCan shared helper/component (see caller inventory) | client/src/pages/irn/IrnListPage.tsx:86 sectionCan shared helper/component (see caller inventory)","server/routes.ts:9065 direct matrix read shared helper/component (see caller inventory) | server/routes.ts:9348 assertCreateEither POST ""/api/purchase-indents/:id/items/:itemId/purchase-order"" | server/routes.ts:9394 assertCreateEither PATCH ""/api/purchase-indents/:id/items/:itemId/purchase-order"" | server/routes.ts:9418 assertCreateEither POST ""/api/purchase-indents/:id/items/:itemId/purchase-order/submit"" | server/routes.ts:9476 assertCreateEither POST ""/api/purchase-indents"" | server/routes.ts:9616 assertCreateEither POST ""/api/purchase-indents/:id/place-order"" | server/routes.ts:9632 assertCreateEither POST ""/api/purchase-indents/:id/record-material-receipt"" | server/routes.ts:9669 direct matrix read PATCH ""/api/purchase-indents/items/:itemId/link-receipt"" | server/routes.ts:9768 assertCreateEither POST ""/api/irn/:id/raise-pi"" | server/routes.ts:9072 assertPiRaiserRead -> server/routes.ts:9056 GET ""/api/purchase-indents"" | server/routes.ts:9151 assertPiRaiserRead -> server/routes.ts:9056 GET ""/api/purchase-indents/route-corrections"" | server/routes.ts:9163 assertPiRaiserRead -> server/routes.ts:9056 POST ""/api/purchase-indents/route-corrections/apply"" | server/routes.ts:9228 assertPiRaiserRead -> server/routes.ts:9056 GET ""/api/purchase-indents/:id"" | server/routes.ts:9323 assertPiRaiserRead -> server/routes.ts:9056 GET ""/api/purchase-indents/:id/items/:itemId/purchase-order"" | server/routes.ts:9457 assertPiRaiserRead -> server/routes.ts:9056 GET ""/api/purchase-indents/:id/items/:itemId/purchase-order.pdf"" | server/routes.ts:10390 assertPiRaiserRead -> server/routes.ts:9056 GET ""/api/purchase-indent-items/recent-items""","Observed reference; per-operation enforcement must be checked","Create records in Purchase Indents — Raise / Submit. Shared pages or actions also accept: Purchase Indents (legacy) (Create); Purchase Indents — View List (View / Create / Edit); Purchase Indents (legacy) (View / Create / Edit)."
"purchase_indents_raise","Purchase Indents — Raise / Submit","edit","Edit","Available in current map","client/src/pages/PurchaseIndents.tsx:678 sectionCan shared helper/component (see caller inventory)","server/routes.ts:9065 direct matrix read shared helper/component (see caller inventory) | server/routes.ts:9164 assertEditEither POST ""/api/purchase-indents/route-corrections/apply"" | server/routes.ts:9215 assertEditEither PATCH ""/api/purchase-indents/:id/items/:itemId/destination"" | server/routes.ts:10322 assertEditEither PATCH ""/api/purchase-indent-items/:id/procure"" | server/routes.ts:10352 assertEditEither POST ""/api/purchase-indents/:id/notify"" | server/routes.ts:10402 assertEditEither PATCH ""/api/purchase-indent-items/:id/purchase-update"" | server/routes.ts:10464 assertEditEither PATCH ""/api/purchase-indent-items/:id/reviewer-note"" | server/routes.ts:10511 assertEditEither PUT ""/api/purchase-indents/:id"" | server/routes.ts:10568 assertEditEither POST ""/api/purchase-indents/:id/purchaser-action"" | server/routes.ts:10619 assertEditEither POST ""/api/purchase-indent-items/:id/record-delivery"" | server/routes.ts:10736 assertEditEither POST ""/api/purchase-indents/:id/bulk-receipt"" | server/routes.ts:9072 assertPiRaiserRead -> server/routes.ts:9056 GET ""/api/purchase-indents"" | server/routes.ts:9151 assertPiRaiserRead -> server/routes.ts:9056 GET ""/api/purchase-indents/route-corrections"" | server/routes.ts:9163 assertPiRaiserRead -> server/routes.ts:9056 POST ""/api/purchase-indents/route-corrections/apply"" | server/routes.ts:9228 assertPiRaiserRead -> server/routes.ts:9056 GET ""/api/purchase-indents/:id"" | server/routes.ts:9323 assertPiRaiserRead -> server/routes.ts:9056 GET ""/api/purchase-indents/:id/items/:itemId/purchase-order"" | server/routes.ts:9457 assertPiRaiserRead -> server/routes.ts:9056 GET ""/api/purchase-indents/:id/items/:itemId/purchase-order.pdf"" | server/routes.ts:10390 assertPiRaiserRead -> server/routes.ts:9056 GET ""/api/purchase-indent-items/recent-items""","Observed reference; per-operation enforcement must be checked","Edit records in Purchase Indents — Raise / Submit. This does not grant deletion or cancellation. Shared pages or actions also accept: Purchase Indents (legacy) (Edit); Purchase Indents — View List (View / Create / Edit); Purchase Indents (legacy) (View / Create / Edit)."
"purchase_indents_raise","Purchase Indents — Raise / Submit","delete","Delete","Available in current map","client/src/components/AttachmentGallery.tsx:99 sectionCan shared helper/component (see caller inventory)","server/routes.ts:1548 assertDelete DELETE ""/api/attachments/:id""","Observed reference; per-operation enforcement must be checked","Delete records where Purchase Indents — Raise / Submit's Delete permission is checked."
"purchase_indents_raise","Purchase Indents — Raise / Submit","view_reports","Reports","Unavailable","","","No observed implemented action","Not available"
"purchase_indents_raise","Purchase Indents — Raise / Submit","export","Export","Available in current map","","server/routes.ts:9455 assertReportExport GET ""/api/purchase-indents/:id/items/:itemId/purchase-order.pdf""","Observed reference; per-operation enforcement must be checked","Export data where Purchase Indents — Raise / Submit's Export permission is checked. Shared pages or actions also accept: Purchase Indents — View List (Export)."
"purchase_indents_raise","Purchase Indents — Raise / Submit","approve","Approve","Unavailable","","","No observed implemented action","Not available"
"purchase_indents_raise","Purchase Indents — Raise / Submit","notify","Receive Notifications","Unavailable","","","No observed implemented action","Not available"
"purchase_indents_approve","Purchase Indents — Approve / Reject","view","View","Available in current map","client/src/pages/EquipmentHub.tsx:201 sectionVisible HubActionTile navigation: href=""/plant/purchase-indents?returnTo=/equipment/hub&from=equipment"" | client/src/pages/FieldHome.tsx:849 sectionVisible shared helper/component (see caller inventory) | client/src/pages/FinanceHub.tsx:30 sectionVisible shared helper/component (see caller inventory) | client/src/pages/HmpHub.tsx:63 sectionVisible shared helper/component (see caller inventory) | client/src/pages/Home.tsx:197 sectionVisible shared helper/component (see caller inventory) | client/src/pages/Plant.tsx:175 sectionVisible shared helper/component (see caller inventory) | client/src/pages/Plant.tsx:357 sectionVisible shared helper/component (see caller inventory) | client/src/pages/Plant.tsx:587 sectionVisible shared helper/component (see caller inventory) | client/src/pages/ReportsHub.tsx:33 sectionVisible shared helper/component (see caller inventory) | client/src/pages/RmcHub.tsx:79 sectionVisible shared helper/component (see caller inventory) | client/src/pages/SiteHome.tsx:44 sectionVisible shared helper/component (see caller inventory) | client/src/pages/SiteHub.tsx:170 sectionVisible HubActionTile navigation: href={`/site/purchases?returnTo=${HUB}`} | client/src/pages/SiteHub.tsx:184 sectionVisible HubActionTile navigation: href=""/plant/purchase-indents?returnTo=/site/hub&from=site&context=site""","","Observed reference; per-operation enforcement must be checked","Open Purchase Indents — Approve / Reject. Other action switches do not grant page access."
"purchase_indents_approve","Purchase Indents — Approve / Reject","create","Create","Unavailable","","","No observed implemented action","Not available"
"purchase_indents_approve","Purchase Indents — Approve / Reject","edit","Edit","Unavailable","","","No observed implemented action","Not available"
"purchase_indents_approve","Purchase Indents — Approve / Reject","delete","Delete","Unavailable","","","No observed implemented action","Not available"
"purchase_indents_approve","Purchase Indents — Approve / Reject","view_reports","Reports","Unavailable","","","No observed implemented action","Not available"
"purchase_indents_approve","Purchase Indents — Approve / Reject","export","Export","Unavailable","","","No observed implemented action","Not available"
"purchase_indents_approve","Purchase Indents — Approve / Reject","approve","Approve","Available in current map","client/src/pages/PurchaseIndents.tsx:681 canApprove shared helper/component (see caller inventory) | client/src/pages/WorkDemand.tsx:1784 direct matrix read shared helper/component (see caller inventory)","server/routes.ts:9306 assertApprove GET ""/api/purchase-orders/pending"" | server/routes.ts:9430 assertApprove POST ""/api/purchase-indents/:id/items/:itemId/purchase-order/decision"" | server/routes.ts:9495 assertApprove PATCH ""/api/purchase-indents/:id/approve"" | server/routes.ts:9541 assertApprove PATCH ""/api/purchase-indents/:id/reject"" | server/routes.ts:10445 assertApprove PATCH ""/api/purchase-indent-items/:id/cancel"" | server/routes.ts:10656 assertApprove POST ""/api/purchase-indents/:id/service-completion"" | server/routes.ts:20271 assertApprove POST ""/api/boq/projects/:id/material-mappings"" | server/routes.ts:20506 assertApprove POST ""/api/material-requirements/:id/allocations""","Observed reference; per-operation enforcement must be checked","Allow approve, reject, cancel actions in Purchase Indents — Approve / Reject."
"purchase_indents_approve","Purchase Indents — Approve / Reject","notify","Receive Notifications","Unavailable","","","No observed implemented action","Not available"
"site_diesel","Diesel Requirements (legacy)","view","View","Available in current map","client/src/App.tsx:346 gatedEither path=""/plant/diesel-requirements"" component={gatedEither(DieselRequirements, ""diesel_req_view"", ""site_diesel"", ""diesel_req_raise"")} | client/src/App.tsx:384 gatedEither path=""/stores/diesel-register"" component={gatedEither(StoresDieselRegister, ""diesel_req_view"", ""site_diesel"", ""stores_inventory"")} | client/src/pages/DieselRequirements.tsx:1159 sectionCan shared helper/component (see caller inventory) | client/src/pages/EquipmentHub.tsx:184 sectionVisible HubActionTile navigation: href={`/plant/diesel-requirements?returnTo=${HUB}`} | client/src/pages/FinanceHub.tsx:31 sectionVisible shared helper/component (see caller inventory) | client/src/pages/HmpHub.tsx:64 sectionVisible shared helper/component (see caller inventory) | client/src/pages/Home.tsx:198 sectionVisible shared helper/component (see caller inventory) | client/src/pages/Plant.tsx:176 sectionVisible shared helper/component (see caller inventory) | client/src/pages/Plant.tsx:178 sectionVisible shared helper/component (see caller inventory) | client/src/pages/Plant.tsx:374 sectionVisible shared helper/component (see caller inventory) | client/src/pages/Plant.tsx:449 sectionVisible shared helper/component (see caller inventory) | client/src/pages/Plant.tsx:641 sectionVisible shared helper/component (see caller inventory) | client/src/pages/ReportsHub.tsx:38 sectionVisible shared helper/component (see caller inventory) | client/src/pages/RmcHub.tsx:80 sectionVisible shared helper/component (see caller inventory) | client/src/pages/SiteHome.tsx:45 sectionVisible shared helper/component (see caller inventory) | client/src/pages/SiteHub.tsx:195 sectionVisible HubActionTile navigation: href=""/plant/diesel-requirements?returnTo=/site/hub"" | client/src/pages/StoresDieselRegister.tsx:129 sectionVisible shared helper/component (see caller inventory) | client/src/pages/StoresHub.tsx:37 sectionVisible shared helper/component (see caller inventory)","server/routes.ts:240 direct matrix read shared helper/component (see caller inventory) | server/routes.ts:1441 assertDieselOrStoresView -> server/routes.ts:232 GET ""/api/attachments"" | server/routes.ts:1469 assertDieselOrStoresView -> server/routes.ts:232 GET ""/api/attachments/counts"" | server/routes.ts:10826 assertDieselOrStoresView -> server/routes.ts:232 GET ""/api/diesel-requirements"" | server/routes.ts:10842 assertDieselOrStoresView -> server/routes.ts:232 GET ""/api/diesel-requirements/summary"" | server/routes.ts:10859 assertDieselOrStoresView -> server/routes.ts:232 GET ""/api/diesel-requirements/daily-report"" | server/routes.ts:10880 assertDieselOrStoresView -> server/routes.ts:232 GET ""/api/diesel-requirements/comparison"" | server/routes.ts:10911 assertDieselOrStoresView -> server/routes.ts:232 GET ""/api/diesel-requirements/recent-items"" | server/routes.ts:10929 assertDieselOrStoresView -> server/routes.ts:232 GET ""/api/diesel-requirements/receipt-status"" | server/routes.ts:11010 assertDieselOrStoresView -> server/routes.ts:232 GET ""/api/diesel-requirements/:id""","Observed reference; per-operation enforcement must be checked","Open Diesel Requirements (legacy). Other action switches do not grant page access. Shared pages or actions also accept: Diesel Requirements — View List (View); Diesel Requirements — Raise / Submit (View); Stores — GRNs, Issues & Ledger (View); Stores — GRNs, Issues & Ledger (View / Create / Edit); Diesel Requirements — Raise / Submit (View / Create / Edit)."
"site_diesel","Diesel Requirements (legacy)","create","Create","Available in current map","client/src/pages/DieselRequirements.tsx:534 sectionCan shared helper/component (see caller inventory) | client/src/pages/DieselRequirements.tsx:1159 sectionCan shared helper/component (see caller inventory)","server/routes.ts:242 direct matrix read shared helper/component (see caller inventory) | server/routes.ts:10975 direct matrix read PATCH ""/api/diesel-requirements/equipment/:id/consumption-norm"" | server/routes.ts:11025 assertCreateEither POST ""/api/diesel-requirements"" | server/routes.ts:1441 assertDieselOrStoresView -> server/routes.ts:232 GET ""/api/attachments"" | server/routes.ts:1469 assertDieselOrStoresView -> server/routes.ts:232 GET ""/api/attachments/counts"" | server/routes.ts:10826 assertDieselOrStoresView -> server/routes.ts:232 GET ""/api/diesel-requirements"" | server/routes.ts:10842 assertDieselOrStoresView -> server/routes.ts:232 GET ""/api/diesel-requirements/summary"" | server/routes.ts:10859 assertDieselOrStoresView -> server/routes.ts:232 GET ""/api/diesel-requirements/daily-report"" | server/routes.ts:10880 assertDieselOrStoresView -> server/routes.ts:232 GET ""/api/diesel-requirements/comparison"" | server/routes.ts:10911 assertDieselOrStoresView -> server/routes.ts:232 GET ""/api/diesel-requirements/recent-items"" | server/routes.ts:10929 assertDieselOrStoresView -> server/routes.ts:232 GET ""/api/diesel-requirements/receipt-status"" | server/routes.ts:11010 assertDieselOrStoresView -> server/routes.ts:232 GET ""/api/diesel-requirements/:id""","Observed reference; per-operation enforcement must be checked","Create records in Diesel Requirements (legacy). Shared pages or actions also accept: Diesel Requirements — Raise / Submit (Create); Stores — GRNs, Issues & Ledger (View / Create / Edit); Diesel Requirements — Raise / Submit (View / Create / Edit)."
"site_diesel","Diesel Requirements (legacy)","edit","Edit","Available in current map","client/src/pages/DieselRequirements.tsx:397 sectionCan shared helper/component (see caller inventory) | client/src/pages/DieselRequirements.tsx:533 sectionCan shared helper/component (see caller inventory) | client/src/pages/DieselRequirements.tsx:535 sectionCan shared helper/component (see caller inventory) | client/src/pages/DieselRequirements.tsx:1159 sectionCan shared helper/component (see caller inventory) | client/src/pages/DieselRequirements.tsx:1583 EditPermissionButton mapped record type shared helper/component (see caller inventory) | client/src/pages/PlantMaterialReceipts.tsx:419 sectionCan shared helper/component (see caller inventory)","server/routes.ts:243 direct matrix read shared helper/component (see caller inventory) | server/routes.ts:1492 assertEditEither POST ""/api/attachments"" | server/routes.ts:4577 direct matrix read shared helper/component (see caller inventory) | server/routes.ts:10976 direct matrix read PATCH ""/api/diesel-requirements/equipment/:id/consumption-norm"" | server/routes.ts:11099 assertEditEither PATCH ""/api/diesel-requirements/:id/purchase-update"" | server/routes.ts:11144 assertEditEither PATCH ""/api/diesel-requirements/:id/payment-status"" | server/routes.ts:11228 assertEditEither PUT ""/api/diesel-requirements/:id"" | server/routes.ts:11892 direct matrix read GET ""/api/vendor-bills/company-accounts"" | server/routes.ts:1441 assertDieselOrStoresView -> server/routes.ts:232 GET ""/api/attachments"" | server/routes.ts:1469 assertDieselOrStoresView -> server/routes.ts:232 GET ""/api/attachments/counts"" | server/routes.ts:4617 canRecordStandaloneDieselReceipt -> server/routes.ts:4574 shared helper/component (see caller inventory) | server/routes.ts:4630 canRecordStandaloneDieselReceipt -> server/routes.ts:4574 shared helper/component (see caller inventory) | server/routes.ts:10826 assertDieselOrStoresView -> server/routes.ts:232 GET ""/api/diesel-requirements"" | server/routes.ts:10842 assertDieselOrStoresView -> server/routes.ts:232 GET ""/api/diesel-requirements/summary"" | server/routes.ts:10859 assertDieselOrStoresView -> server/routes.ts:232 GET ""/api/diesel-requirements/daily-report"" | server/routes.ts:10880 assertDieselOrStoresView -> server/routes.ts:232 GET ""/api/diesel-requirements/comparison"" | server/routes.ts:10911 assertDieselOrStoresView -> server/routes.ts:232 GET ""/api/diesel-requirements/recent-items"" | server/routes.ts:10929 assertDieselOrStoresView -> server/routes.ts:232 GET ""/api/diesel-requirements/receipt-status"" | server/routes.ts:11010 assertDieselOrStoresView -> server/routes.ts:232 GET ""/api/diesel-requirements/:id""","Observed reference; per-operation enforcement must be checked","Edit records in Diesel Requirements (legacy). This does not grant deletion or cancellation. Shared pages or actions also accept: Diesel Requirements — Raise / Submit (Edit); Stores — GRNs, Issues & Ledger (View / Create / Edit); Diesel Requirements — Raise / Submit (View / Create / Edit)."
"site_diesel","Diesel Requirements (legacy)","delete","Delete","Available in current map","client/src/components/AttachmentGallery.tsx:94 sectionCan shared helper/component (see caller inventory)","server/routes.ts:1543 assertDeleteEither DELETE ""/api/attachments/:id""","Observed reference; per-operation enforcement must be checked","Delete records where Diesel Requirements (legacy)'s Delete permission is checked. Shared pages or actions also accept: Diesel Requirements — Raise / Submit (Delete)."
"site_diesel","Diesel Requirements (legacy)","view_reports","Reports","Unavailable","","","No observed implemented action","Not available"
"site_diesel","Diesel Requirements (legacy)","export","Export","Available in current map","client/src/pages/DieselRequirements.tsx:1162 sectionCan shared helper/component (see caller inventory)","","Observed reference; per-operation enforcement must be checked","Export data where Diesel Requirements (legacy)'s Export permission is checked."
"site_diesel","Diesel Requirements (legacy)","approve","Approve","Unavailable","","","No observed implemented action","Not available"
"site_diesel","Diesel Requirements (legacy)","notify","Receive Notifications","Available in current map","","server/routes.ts:4794 sendPushToSection POST ""/api/plant-module/material-receipts""","Observed reference; per-operation enforcement must be checked","Receive notifications for Diesel Requirements (legacy), when user notifications and a device subscription are enabled."
"diesel_req_view","Diesel Requirements — View List","view","View","Available in current map","client/src/App.tsx:346 gatedEither path=""/plant/diesel-requirements"" component={gatedEither(DieselRequirements, ""diesel_req_view"", ""site_diesel"", ""diesel_req_raise"")} | client/src/App.tsx:384 gatedEither path=""/stores/diesel-register"" component={gatedEither(StoresDieselRegister, ""diesel_req_view"", ""site_diesel"", ""stores_inventory"")} | client/src/pages/EquipmentHub.tsx:185 sectionVisible HubActionTile navigation: href={`/plant/diesel-requirements?returnTo=${HUB}`} | client/src/pages/FinanceHub.tsx:31 sectionVisible shared helper/component (see caller inventory) | client/src/pages/HmpHub.tsx:64 sectionVisible shared helper/component (see caller inventory) | client/src/pages/Home.tsx:198 sectionVisible shared helper/component (see caller inventory) | client/src/pages/Plant.tsx:176 sectionVisible shared helper/component (see caller inventory) | client/src/pages/Plant.tsx:178 sectionVisible shared helper/component (see caller inventory) | client/src/pages/Plant.tsx:374 sectionVisible shared helper/component (see caller inventory) | client/src/pages/Plant.tsx:449 sectionVisible shared helper/component (see caller inventory) | client/src/pages/Plant.tsx:641 sectionVisible shared helper/component (see caller inventory) | client/src/pages/ReportsHub.tsx:38 sectionVisible shared helper/component (see caller inventory) | client/src/pages/RmcHub.tsx:80 sectionVisible shared helper/component (see caller inventory) | client/src/pages/SiteHome.tsx:45 sectionVisible shared helper/component (see caller inventory) | client/src/pages/SiteHub.tsx:196 sectionVisible HubActionTile navigation: href=""/plant/diesel-requirements?returnTo=/site/hub"" | client/src/pages/StoresDieselRegister.tsx:129 sectionVisible shared helper/component (see caller inventory) | client/src/pages/StoresHub.tsx:37 sectionVisible shared helper/component (see caller inventory)","","Observed reference; per-operation enforcement must be checked","Open Diesel Requirements — View List. Other action switches do not grant page access. Shared pages or actions also accept: Diesel Requirements (legacy) (View); Diesel Requirements — Raise / Submit (View); Stores — GRNs, Issues & Ledger (View)."
"diesel_req_view","Diesel Requirements — View List","create","Create","Unavailable","","","No observed implemented action","Not available"
"diesel_req_view","Diesel Requirements — View List","edit","Edit","Unavailable","","","No observed implemented action","Not available"
"diesel_req_view","Diesel Requirements — View List","delete","Delete","Unavailable","","","No observed implemented action","Not available"
"diesel_req_view","Diesel Requirements — View List","view_reports","Reports","Unavailable","","","No observed implemented action","Not available"
"diesel_req_view","Diesel Requirements — View List","export","Export","Unavailable","","","No observed implemented action","Not available"
"diesel_req_view","Diesel Requirements — View List","approve","Approve","Unavailable","","","No observed implemented action","Not available"
"diesel_req_view","Diesel Requirements — View List","notify","Receive Notifications","Unavailable","","","No observed implemented action","Not available"
"diesel_req_raise","Diesel Requirements — Raise / Submit","view","View","Available in current map","client/src/App.tsx:346 gatedEither path=""/plant/diesel-requirements"" component={gatedEither(DieselRequirements, ""diesel_req_view"", ""site_diesel"", ""diesel_req_raise"")} | client/src/pages/DieselRequirements.tsx:1159 sectionCan shared helper/component (see caller inventory) | client/src/pages/EquipmentHub.tsx:186 sectionVisible HubActionTile navigation: href={`/plant/diesel-requirements?returnTo=${HUB}`} | client/src/pages/FinanceHub.tsx:31 sectionVisible shared helper/component (see caller inventory) | client/src/pages/HmpHub.tsx:64 sectionVisible shared helper/component (see caller inventory) | client/src/pages/Home.tsx:198 sectionVisible shared helper/component (see caller inventory) | client/src/pages/Plant.tsx:176 sectionVisible shared helper/component (see caller inventory) | client/src/pages/Plant.tsx:178 sectionVisible shared helper/component (see caller inventory) | client/src/pages/Plant.tsx:374 sectionVisible shared helper/component (see caller inventory) | client/src/pages/Plant.tsx:449 sectionVisible shared helper/component (see caller inventory) | client/src/pages/Plant.tsx:641 sectionVisible shared helper/component (see caller inventory) | client/src/pages/ReportsHub.tsx:38 sectionVisible shared helper/component (see caller inventory) | client/src/pages/RmcHub.tsx:80 sectionVisible shared helper/component (see caller inventory) | client/src/pages/SiteHome.tsx:45 sectionVisible shared helper/component (see caller inventory) | client/src/pages/SiteHub.tsx:197 sectionVisible HubActionTile navigation: href=""/plant/diesel-requirements?returnTo=/site/hub""","server/routes.ts:244 direct matrix read shared helper/component (see caller inventory) | server/routes.ts:1441 assertDieselOrStoresView -> server/routes.ts:232 GET ""/api/attachments"" | server/routes.ts:1469 assertDieselOrStoresView -> server/routes.ts:232 GET ""/api/attachments/counts"" | server/routes.ts:10826 assertDieselOrStoresView -> server/routes.ts:232 GET ""/api/diesel-requirements"" | server/routes.ts:10842 assertDieselOrStoresView -> server/routes.ts:232 GET ""/api/diesel-requirements/summary"" | server/routes.ts:10859 assertDieselOrStoresView -> server/routes.ts:232 GET ""/api/diesel-requirements/daily-report"" | server/routes.ts:10880 assertDieselOrStoresView -> server/routes.ts:232 GET ""/api/diesel-requirements/comparison"" | server/routes.ts:10911 assertDieselOrStoresView -> server/routes.ts:232 GET ""/api/diesel-requirements/recent-items"" | server/routes.ts:10929 assertDieselOrStoresView -> server/routes.ts:232 GET ""/api/diesel-requirements/receipt-status"" | server/routes.ts:11010 assertDieselOrStoresView -> server/routes.ts:232 GET ""/api/diesel-requirements/:id""","Observed reference; per-operation enforcement must be checked","Open Diesel Requirements — Raise / Submit. Other action switches do not grant page access. Shared pages or actions also accept: Diesel Requirements — View List (View); Diesel Requirements (legacy) (View); Diesel Requirements (legacy) (View / Create / Edit); Stores — GRNs, Issues & Ledger (View / Create / Edit)."
"diesel_req_raise","Diesel Requirements — Raise / Submit","create","Create","Available in current map","client/src/pages/DieselRequirements.tsx:534 sectionCan shared helper/component (see caller inventory) | client/src/pages/DieselRequirements.tsx:1159 sectionCan shared helper/component (see caller inventory)","server/routes.ts:245 direct matrix read shared helper/component (see caller inventory) | server/routes.ts:10975 direct matrix read PATCH ""/api/diesel-requirements/equipment/:id/consumption-norm"" | server/routes.ts:11025 assertCreateEither POST ""/api/diesel-requirements"" | server/routes.ts:1441 assertDieselOrStoresView -> server/routes.ts:232 GET ""/api/attachments"" | server/routes.ts:1469 assertDieselOrStoresView -> server/routes.ts:232 GET ""/api/attachments/counts"" | server/routes.ts:10826 assertDieselOrStoresView -> server/routes.ts:232 GET ""/api/diesel-requirements"" | server/routes.ts:10842 assertDieselOrStoresView -> server/routes.ts:232 GET ""/api/diesel-requirements/summary"" | server/routes.ts:10859 assertDieselOrStoresView -> server/routes.ts:232 GET ""/api/diesel-requirements/daily-report"" | server/routes.ts:10880 assertDieselOrStoresView -> server/routes.ts:232 GET ""/api/diesel-requirements/comparison"" | server/routes.ts:10911 assertDieselOrStoresView -> server/routes.ts:232 GET ""/api/diesel-requirements/recent-items"" | server/routes.ts:10929 assertDieselOrStoresView -> server/routes.ts:232 GET ""/api/diesel-requirements/receipt-status"" | server/routes.ts:11010 assertDieselOrStoresView -> server/routes.ts:232 GET ""/api/diesel-requirements/:id""","Observed reference; per-operation enforcement must be checked","Create records in Diesel Requirements — Raise / Submit. Shared pages or actions also accept: Diesel Requirements (legacy) (Create); Diesel Requirements (legacy) (View / Create / Edit); Stores — GRNs, Issues & Ledger (View / Create / Edit)."
"diesel_req_raise","Diesel Requirements — Raise / Submit","edit","Edit","Available in current map","client/src/pages/DieselRequirements.tsx:397 sectionCan shared helper/component (see caller inventory) | client/src/pages/DieselRequirements.tsx:533 sectionCan shared helper/component (see caller inventory) | client/src/pages/DieselRequirements.tsx:1159 sectionCan shared helper/component (see caller inventory) | client/src/pages/PlantMaterialReceipts.tsx:419 sectionCan shared helper/component (see caller inventory)","server/routes.ts:246 direct matrix read shared helper/component (see caller inventory) | server/routes.ts:1492 assertEditEither POST ""/api/attachments"" | server/routes.ts:4578 direct matrix read shared helper/component (see caller inventory) | server/routes.ts:10976 direct matrix read PATCH ""/api/diesel-requirements/equipment/:id/consumption-norm"" | server/routes.ts:11099 assertEditEither PATCH ""/api/diesel-requirements/:id/purchase-update"" | server/routes.ts:11144 assertEditEither PATCH ""/api/diesel-requirements/:id/payment-status"" | server/routes.ts:11228 assertEditEither PUT ""/api/diesel-requirements/:id"" | server/routes.ts:11893 direct matrix read GET ""/api/vendor-bills/company-accounts"" | server/routes.ts:1441 assertDieselOrStoresView -> server/routes.ts:232 GET ""/api/attachments"" | server/routes.ts:1469 assertDieselOrStoresView -> server/routes.ts:232 GET ""/api/attachments/counts"" | server/routes.ts:4617 canRecordStandaloneDieselReceipt -> server/routes.ts:4574 shared helper/component (see caller inventory) | server/routes.ts:4630 canRecordStandaloneDieselReceipt -> server/routes.ts:4574 shared helper/component (see caller inventory) | server/routes.ts:10826 assertDieselOrStoresView -> server/routes.ts:232 GET ""/api/diesel-requirements"" | server/routes.ts:10842 assertDieselOrStoresView -> server/routes.ts:232 GET ""/api/diesel-requirements/summary"" | server/routes.ts:10859 assertDieselOrStoresView -> server/routes.ts:232 GET ""/api/diesel-requirements/daily-report"" | server/routes.ts:10880 assertDieselOrStoresView -> server/routes.ts:232 GET ""/api/diesel-requirements/comparison"" | server/routes.ts:10911 assertDieselOrStoresView -> server/routes.ts:232 GET ""/api/diesel-requirements/recent-items"" | server/routes.ts:10929 assertDieselOrStoresView -> server/routes.ts:232 GET ""/api/diesel-requirements/receipt-status"" | server/routes.ts:11010 assertDieselOrStoresView -> server/routes.ts:232 GET ""/api/diesel-requirements/:id""","Observed reference; per-operation enforcement must be checked","Edit records in Diesel Requirements — Raise / Submit. This does not grant deletion or cancellation. Shared pages or actions also accept: Diesel Requirements (legacy) (Edit); Diesel Requirements (legacy) (View / Create / Edit); Stores — GRNs, Issues & Ledger (View / Create / Edit)."
"diesel_req_raise","Diesel Requirements — Raise / Submit","delete","Delete","Available in current map","client/src/components/AttachmentGallery.tsx:94 sectionCan shared helper/component (see caller inventory)","server/routes.ts:1543 assertDeleteEither DELETE ""/api/attachments/:id""","Observed reference; per-operation enforcement must be checked","Delete records where Diesel Requirements — Raise / Submit's Delete permission is checked. Shared pages or actions also accept: Diesel Requirements (legacy) (Delete)."
"diesel_req_raise","Diesel Requirements — Raise / Submit","view_reports","Reports","Unavailable","","","No observed implemented action","Not available"
"diesel_req_raise","Diesel Requirements — Raise / Submit","export","Export","Unavailable","","","No observed implemented action","Not available"
"diesel_req_raise","Diesel Requirements — Raise / Submit","approve","Approve","Unavailable","","","No observed implemented action","Not available"
"diesel_req_raise","Diesel Requirements — Raise / Submit","notify","Receive Notifications","Available in current map","","server/routes.ts:11062 sendPushToSection PATCH ""/api/diesel-requirements/:id/approve"" | server/routes.ts:11089 sendPushToSection PATCH ""/api/diesel-requirements/:id/reject""","Observed reference; per-operation enforcement must be checked","Receive notifications for Diesel Requirements — Raise / Submit, when user notifications and a device subscription are enabled."
"diesel_req_approve","Diesel Requirements — Approve / Reject","view","View","Available in current map","client/src/pages/EquipmentHub.tsx:187 sectionVisible HubActionTile navigation: href={`/plant/diesel-requirements?returnTo=${HUB}`} | client/src/pages/FinanceHub.tsx:31 sectionVisible shared helper/component (see caller inventory) | client/src/pages/HmpHub.tsx:64 sectionVisible shared helper/component (see caller inventory) | client/src/pages/Home.tsx:198 sectionVisible shared helper/component (see caller inventory) | client/src/pages/Plant.tsx:176 sectionVisible shared helper/component (see caller inventory) | client/src/pages/Plant.tsx:178 sectionVisible shared helper/component (see caller inventory) | client/src/pages/Plant.tsx:374 sectionVisible shared helper/component (see caller inventory) | client/src/pages/Plant.tsx:449 sectionVisible shared helper/component (see caller inventory) | client/src/pages/Plant.tsx:641 sectionVisible shared helper/component (see caller inventory) | client/src/pages/ReportsHub.tsx:38 sectionVisible shared helper/component (see caller inventory) | client/src/pages/RmcHub.tsx:80 sectionVisible shared helper/component (see caller inventory) | client/src/pages/SiteHome.tsx:45 sectionVisible shared helper/component (see caller inventory) | client/src/pages/SiteHub.tsx:198 sectionVisible HubActionTile navigation: href=""/plant/diesel-requirements?returnTo=/site/hub""","","Observed reference; per-operation enforcement must be checked","Open Diesel Requirements — Approve / Reject. Other action switches do not grant page access."
"diesel_req_approve","Diesel Requirements — Approve / Reject","create","Create","Unavailable","","","No observed implemented action","Not available"
"diesel_req_approve","Diesel Requirements — Approve / Reject","edit","Edit","Unavailable","","","No observed implemented action","Not available"
"diesel_req_approve","Diesel Requirements — Approve / Reject","delete","Delete","Unavailable","","","No observed implemented action","Not available"
"diesel_req_approve","Diesel Requirements — Approve / Reject","view_reports","Reports","Unavailable","","","No observed implemented action","Not available"
"diesel_req_approve","Diesel Requirements — Approve / Reject","export","Export","Unavailable","","","No observed implemented action","Not available"
"diesel_req_approve","Diesel Requirements — Approve / Reject","approve","Approve","Available in current map","client/src/pages/DieselRequirements.tsx:535 sectionCan shared helper/component (see caller inventory)","server/routes.ts:11044 assertApprove PATCH ""/api/diesel-requirements/:id/approve"" | server/routes.ts:11078 assertApprove PATCH ""/api/diesel-requirements/:id/reject""","Observed reference; per-operation enforcement must be checked","Allow approve, reject actions in Diesel Requirements — Approve / Reject."
"diesel_req_approve","Diesel Requirements — Approve / Reject","notify","Receive Notifications","Available in current map","","server/routes.ts:11028 sendPushToSection POST ""/api/diesel-requirements""","Observed reference; per-operation enforcement must be checked","Receive notifications for Diesel Requirements — Approve / Reject, when user notifications and a device subscription are enabled."
"irn_view","Internal Requisitions — View","view","View","Available in current map","client/src/App.tsx:355 gatedEither path=""/irn"" component={gatedEither(IrnListPage, ""irn_view"", ""irn_raise"", ""irn_approve"")} | client/src/App.tsx:357 gatedEither path=""/irn/:id"" component={gatedEither(IrnDetailPage, ""irn_view"", ""irn_raise"", ""irn_approve"")} | client/src/components/HubShell.tsx:75 sectionVisible shared helper/component (see caller inventory) | client/src/pages/FinanceHub.tsx:50 sectionVisible shared helper/component (see caller inventory) | client/src/pages/FinanceHub.tsx:81 sectionVisible shared helper/component (see caller inventory) | client/src/pages/FinanceHub.tsx:121 sectionVisible shared helper/component (see caller inventory) | client/src/pages/FinanceHub.tsx:144 sectionVisible HubActionTile navigation: href={`/irn?returnTo=${HUB}`} | client/src/pages/Home.tsx:139 sectionVisible shared helper/component (see caller inventory) | client/src/pages/StoresHub.tsx:35 sectionVisible shared helper/component (see caller inventory) | client/src/pages/StoresHub.tsx:206 sectionVisible HubActionTile navigation: href={`/irn?returnTo=${HUB}`}","","Observed reference; per-operation enforcement must be checked","Open Internal Requisitions — View. Other action switches do not grant page access. Shared pages or actions also accept: Internal Requisitions — Raise (View); Internal Requisitions — Approve / Issue (View)."
"irn_view","Internal Requisitions — View","create","Create","Unavailable","","","No observed implemented action","Not available"
"irn_view","Internal Requisitions — View","edit","Edit","Unavailable","","","No observed implemented action","Not available"
"irn_view","Internal Requisitions — View","delete","Delete","Unavailable","","","No observed implemented action","Not available"
"irn_view","Internal Requisitions — View","view_reports","Reports","Unavailable","","","No observed implemented action","Not available"
"irn_view","Internal Requisitions — View","export","Export","Available in current map","","server/routes.ts:10077 assertReportExport GET ""/api/irn/:id/issue-voucher""","Observed reference; per-operation enforcement must be checked","Export data where Internal Requisitions — View's Export permission is checked. Shared pages or actions also accept: Internal Requisitions — Raise (Export)."
"irn_view","Internal Requisitions — View","approve","Approve","Unavailable","","","No observed implemented action","Not available"
"irn_view","Internal Requisitions — View","notify","Receive Notifications","Available in current map","","server/routes.ts:9856 sendPushToSection POST ""/api/irn"" | server/routes.ts:9895 sendPushToSection PATCH ""/api/irn/:id/stores-verify"" | server/routes.ts:9923 sendPushToSection PATCH ""/api/irn/:id/approve"" | server/routes.ts:9925 sendPushToSection PATCH ""/api/irn/:id/approve"" | server/routes.ts:9956 sendPushToSection PATCH ""/api/irn/:id/close"" | server/routes.ts:10050 sendPushToSection POST ""/api/irn/:id/record-issue""","Observed reference; per-operation enforcement must be checked","Receive notifications for Internal Requisitions — View, when user notifications and a device subscription are enabled."
"irn_raise","Internal Requisitions — Raise","view","View","Available in current map","client/src/App.tsx:355 gatedEither path=""/irn"" component={gatedEither(IrnListPage, ""irn_view"", ""irn_raise"", ""irn_approve"")} | client/src/App.tsx:356 gated path=""/irn/new"" component={gated(IrnRaisePage, ""irn_raise"")} | client/src/App.tsx:357 gatedEither path=""/irn/:id"" component={gatedEither(IrnDetailPage, ""irn_view"", ""irn_raise"", ""irn_approve"")} | client/src/components/HubShell.tsx:75 sectionVisible shared helper/component (see caller inventory) | client/src/pages/EquipmentHub.tsx:211 sectionVisible HubActionTile navigation: href=""/irn/new?from=equipment&returnTo=/equipment/hub"" | client/src/pages/FieldHome.tsx:410 sectionVisible shared helper/component (see caller inventory) | client/src/pages/FieldHome.tsx:856 sectionVisible shared helper/component (see caller inventory) | client/src/pages/FinanceHub.tsx:50 sectionVisible shared helper/component (see caller inventory) | client/src/pages/FinanceHub.tsx:81 sectionVisible shared helper/component (see caller inventory) | client/src/pages/FinanceHub.tsx:121 sectionVisible shared helper/component (see caller inventory) | client/src/pages/FinanceHub.tsx:134 sectionVisible HubActionTile navigation: href={`/irn/new?returnTo=${HUB}`} | client/src/pages/Home.tsx:139 sectionVisible shared helper/component (see caller inventory) | client/src/pages/SiteHub.tsx:208 sectionVisible HubActionTile navigation: href=""/irn/new?from=site&returnTo=/site/hub"" | client/src/pages/StoresHub.tsx:35 sectionVisible shared helper/component (see caller inventory) | client/src/pages/StoresHub.tsx:196 sectionVisible HubActionTile navigation: href={`/irn/new?returnTo=${HUB}`}","","Observed reference; per-operation enforcement must be checked","Open Internal Requisitions — Raise. Other action switches do not grant page access. Shared pages or actions also accept: Internal Requisitions — View (View); Internal Requisitions — Approve / Issue (View)."
"irn_raise","Internal Requisitions — Raise","create","Create","Available in current map","client/src/pages/irn/IrnListPage.tsx:238 sectionCan shared helper/component (see caller inventory)","server/routes.ts:9852 assertCreate POST ""/api/irn""","Observed reference; per-operation enforcement must be checked","Create records in Internal Requisitions — Raise."
"irn_raise","Internal Requisitions — Raise","edit","Edit","Unavailable","","","No observed implemented action","Not available"
"irn_raise","Internal Requisitions — Raise","delete","Delete","Available in current map","client/src/components/AttachmentGallery.tsx:98 sectionCan shared helper/component (see caller inventory)","server/routes.ts:1547 assertDelete DELETE ""/api/attachments/:id""","Observed reference; per-operation enforcement must be checked","Delete records where Internal Requisitions — Raise's Delete permission is checked."
"irn_raise","Internal Requisitions — Raise","view_reports","Reports","Unavailable","","","No observed implemented action","Not available"
"irn_raise","Internal Requisitions — Raise","export","Export","Available in current map","","server/routes.ts:10077 assertReportExport GET ""/api/irn/:id/issue-voucher""","Observed reference; per-operation enforcement must be checked","Export data where Internal Requisitions — Raise's Export permission is checked. Shared pages or actions also accept: Internal Requisitions — View (Export)."
"irn_raise","Internal Requisitions — Raise","approve","Approve","Unavailable","","","No observed implemented action","Not available"
"irn_raise","Internal Requisitions — Raise","notify","Receive Notifications","Unavailable","","","No observed implemented action","Not available"
"irn_approve","Internal Requisitions — Approve / Issue","view","View","Available in current map","client/src/App.tsx:355 gatedEither path=""/irn"" component={gatedEither(IrnListPage, ""irn_view"", ""irn_raise"", ""irn_approve"")} | client/src/App.tsx:357 gatedEither path=""/irn/:id"" component={gatedEither(IrnDetailPage, ""irn_view"", ""irn_raise"", ""irn_approve"")}","","Observed reference; per-operation enforcement must be checked","Open Internal Requisitions — Approve / Issue. Other action switches do not grant page access. Shared pages or actions also accept: Internal Requisitions — View (View); Internal Requisitions — Raise (View)."
"irn_approve","Internal Requisitions — Approve / Issue","create","Create","Available in current map","client/src/pages/irn/IrnDetailPage.tsx:81 sectionCan shared helper/component (see caller inventory)","","Observed reference; per-operation enforcement must be checked","Show the IRN approval action. The server separately requires IRN Approve to accept approval."
"irn_approve","Internal Requisitions — Approve / Issue","edit","Edit","Unavailable","","","No observed implemented action","Not available"
"irn_approve","Internal Requisitions — Approve / Issue","delete","Delete","Unavailable","","","No observed implemented action","Not available"
"irn_approve","Internal Requisitions — Approve / Issue","view_reports","Reports","Unavailable","","","No observed implemented action","Not available"
"irn_approve","Internal Requisitions — Approve / Issue","export","Export","Unavailable","","","No observed implemented action","Not available"
"irn_approve","Internal Requisitions — Approve / Issue","approve","Approve","Available in current map","client/src/pages/WorkDemand.tsx:1785 direct matrix read shared helper/component (see caller inventory) | client/src/pages/irn/IrnDetailPage.tsx:82 sectionCan shared helper/component (see caller inventory)","server/routes.ts:9905 assertApprove PATCH ""/api/irn/:id/approve"" | server/routes.ts:9938 direct matrix read PATCH ""/api/irn/:id/close"" | server/routes.ts:9968 direct matrix read PATCH ""/api/irn/:id/reopen"" | server/routes.ts:20508 assertApprove POST ""/api/material-requirements/:id/allocations""","Observed reference; per-operation enforcement must be checked","Allow approve, close, reopen actions in Internal Requisitions — Approve / Issue."
"irn_approve","Internal Requisitions — Approve / Issue","notify","Receive Notifications","Unavailable","","","No observed implemented action","Not available"
"plant_shift_logs","Shift Log — File & View","view","View","Available in current map","client/src/App.tsx:330 gatedEither path=""/plant/shift-log-manpower-review"" component={gatedEither(PlantShiftLogManpowerReview, ""plant_manpower_review"", ""plant_shift_logs"")} | client/src/App.tsx:331 gated path=""/plant/shift-log"" component={gated(PlantShiftLog, ""plant_shift_logs"")} | client/src/App.tsx:332 gated path=""/plant/shift-log/:date"" component={gated(PlantShiftLog, ""plant_shift_logs"")} | client/src/pages/HmpHub.tsx:57 sectionVisible shared helper/component (see caller inventory) | client/src/pages/Plant.tsx:173 sectionVisible shared helper/component (see caller inventory) | client/src/pages/Plant.tsx:323 sectionVisible shared helper/component (see caller inventory) | client/src/pages/Plant.tsx:605 sectionVisible shared helper/component (see caller inventory) | client/src/pages/PlantHome.tsx:15 sectionVisible shared helper/component (see caller inventory) | client/src/pages/ReportsHub.tsx:31 sectionVisible shared helper/component (see caller inventory)","","Observed reference; per-operation enforcement must be checked","Open Shift Log — File & View. Other action switches do not grant page access. Shared pages or actions also accept: Shift Log — Manpower Review Report (View)."
"plant_shift_logs","Shift Log — File & View","create","Create","Available in current map","","server/routes.ts:7736 assertCreate POST ""/api/plant-module/shift-logs""","Observed reference; per-operation enforcement must be checked","Create records in Shift Log — File & View."
"plant_shift_logs","Shift Log — File & View","edit","Edit","Available in current map","client/src/pages/PlantShiftLog.tsx:1270 EditPermissionButton mapped record type shared helper/component (see caller inventory)","server/routes.ts:3895 assertEdit POST ""/api/plant/:id/clone"" | server/routes.ts:7734 assertEdit POST ""/api/plant-module/shift-logs"" | server/routes.ts:7771 assertEdit POST ""/api/plant-module/shift-logs/:id/finalize"" | server/routes.ts:7798 assertEdit PATCH ""/api/plant-module/shift-logs/:id/dryer-source""","Observed reference; per-operation enforcement must be checked","Edit records in Shift Log — File & View. This does not grant deletion or cancellation."
"plant_shift_logs","Shift Log — File & View","delete","Delete","Unavailable","","","No observed implemented action","Not available"
"plant_shift_logs","Shift Log — File & View","view_reports","Reports","Unavailable","","","No observed implemented action","Not available"
"plant_shift_logs","Shift Log — File & View","export","Export","Available in current map","client/src/pages/PlantShiftLog.tsx:1123 ReportExportGate shared helper/component (see caller inventory) | client/src/pages/PlantShiftLogManpowerReview.tsx:2670 ReportExportGate shared helper/component (see caller inventory)","","Observed reference; per-operation enforcement must be checked","Export data where Shift Log — File & View's Export permission is checked. Shared pages or actions also accept: Shift Log — Manpower Review Report (Export)."
"plant_shift_logs","Shift Log — File & View","approve","Approve","Unavailable","","","No observed implemented action","Not available"
"plant_shift_logs","Shift Log — File & View","notify","Receive Notifications","Available in current map","","server/routes.ts:7746 sendPushToSection POST ""/api/plant-module/shift-logs"" | server/routes.ts:7756 sendPushToSection POST ""/api/plant-module/shift-logs""","Observed reference; per-operation enforcement must be checked","Receive notifications for Shift Log — File & View, when user notifications and a device subscription are enabled."
"plant_manpower_review","Shift Log — Manpower Review Report","view","View","Available in current map","client/src/App.tsx:330 gatedEither path=""/plant/shift-log-manpower-review"" component={gatedEither(PlantShiftLogManpowerReview, ""plant_manpower_review"", ""plant_shift_logs"")}","","Observed reference; per-operation enforcement must be checked","Open Shift Log — Manpower Review Report. Other action switches do not grant page access. Shared pages or actions also accept: Shift Log — File & View (View)."
"plant_manpower_review","Shift Log — Manpower Review Report","create","Create","Unavailable","","","No observed implemented action","Not available"
"plant_manpower_review","Shift Log — Manpower Review Report","edit","Edit","Unavailable","","","No observed implemented action","Not available"
"plant_manpower_review","Shift Log — Manpower Review Report","delete","Delete","Unavailable","","","No observed implemented action","Not available"
"plant_manpower_review","Shift Log — Manpower Review Report","view_reports","Reports","Unavailable","","","No observed implemented action","Not available"
"plant_manpower_review","Shift Log — Manpower Review Report","export","Export","Available in current map","client/src/pages/PlantShiftLogManpowerReview.tsx:2670 ReportExportGate shared helper/component (see caller inventory)","","Observed reference; per-operation enforcement must be checked","Export data where Shift Log — Manpower Review Report's Export permission is checked. Shared pages or actions also accept: Shift Log — File & View (Export)."
"plant_manpower_review","Shift Log — Manpower Review Report","approve","Approve","Unavailable","","","No observed implemented action","Not available"
"plant_manpower_review","Shift Log — Manpower Review Report","notify","Receive Notifications","Unavailable","","","No observed implemented action","Not available"
"plant_heating","Heating Sessions — Log & View","view","View","Available in current map","client/src/App.tsx:336 gated path=""/plant/heating-sessions"" component={gated(PlantHeatingSessions, ""plant_heating"")} | client/src/App.tsx:337 gated path=""/plant/heating-sessions/:date"" component={gated(PlantHeatingSessions, ""plant_heating"")} | client/src/App.tsx:338 gatedEither path=""/plant/heating-trends"" component={gatedEither(PlantHeatingTrends, ""plant_heating_trends"", ""plant_heating"")} | client/src/App.tsx:340 gated path=""/plant/heating-mismatch/:date"" component={gated(PlantHeatingMismatch, ""plant_heating"")} | client/src/App.tsx:341 gated path=""/plant/ldo-mismatch/:date"" component={gated(PlantLdoMismatch, ""plant_heating"")} | client/src/pages/HmpHub.tsx:58 sectionVisible shared helper/component (see caller inventory) | client/src/pages/Plant.tsx:174 sectionVisible shared helper/component (see caller inventory) | client/src/pages/Plant.tsx:181 sectionVisible shared helper/component (see caller inventory) | client/src/pages/Plant.tsx:340 sectionVisible shared helper/component (see caller inventory) | client/src/pages/Plant.tsx:623 sectionVisible shared helper/component (see caller inventory) | client/src/pages/Plant.tsx:845 sectionVisible shared helper/component (see caller inventory) | client/src/pages/PlantHome.tsx:17 sectionVisible shared helper/component (see caller inventory) | client/src/pages/ReportsHub.tsx:28 sectionVisible shared helper/component (see caller inventory)","","Observed reference; per-operation enforcement must be checked","Open Heating Sessions — Log & View. Other action switches do not grant page access. Shared pages or actions also accept: Heating Trends Report (View)."
"plant_heating","Heating Sessions — Log & View","create","Create","Available in current map","","server/routes.ts:8797 assertCreate POST ""/api/plant-module/heating-sessions""","Observed reference; per-operation enforcement must be checked","Create records in Heating Sessions — Log & View."
"plant_heating","Heating Sessions — Log & View","edit","Edit","Available in current map","client/src/pages/PlantHeatingSessions.tsx:1339 EditPermissionButton mapped record type shared helper/component (see caller inventory)","server/routes.ts:8748 assertEdit PATCH ""/api/plant-module/heating-sessions/align-dryer-source"" | server/routes.ts:8767 assertEdit PATCH ""/api/plant-module/heating-sessions/:id"" | server/routes.ts:8826 assertEdit PUT ""/api/plant-module/heating-sessions/:id"" | server/routes.ts:8865 assertEdit PATCH ""/api/plant-module/heating-sessions/:id/resync-flow"" | server/routes.ts:8883 assertEdit POST ""/api/plant-module/heating-sessions/:id/finalize""","Observed reference; per-operation enforcement must be checked","Edit records in Heating Sessions — Log & View. This does not grant deletion or cancellation."
"plant_heating","Heating Sessions — Log & View","delete","Delete","Unavailable","","","No observed implemented action","Not available"
"plant_heating","Heating Sessions — Log & View","view_reports","Reports","Unavailable","","","No observed implemented action","Not available"
"plant_heating","Heating Sessions — Log & View","export","Export","Available in current map","client/src/pages/PlantHeatingTrends.tsx:161 ReportExportGate shared helper/component (see caller inventory) | client/src/pages/PlantLdoMismatch.tsx:1414 ReportExportGate shared helper/component (see caller inventory)","server/routes.ts:8938 assertReportExport GET ""/api/plant-module/heating-trends/excel""","Observed reference; per-operation enforcement must be checked","Export data where Heating Sessions — Log & View's Export permission is checked. Shared pages or actions also accept: Heating Trends Report (Export)."
"plant_heating","Heating Sessions — Log & View","approve","Approve","Unavailable","","","No observed implemented action","Not available"
"plant_heating","Heating Sessions — Log & View","notify","Receive Notifications","Unavailable","","","No observed implemented action","Not available"
"plant_heating_trends","Heating Trends Report","view","View","Available in current map","client/src/App.tsx:338 gatedEither path=""/plant/heating-trends"" component={gatedEither(PlantHeatingTrends, ""plant_heating_trends"", ""plant_heating"")}","","Observed reference; per-operation enforcement must be checked","Open Heating Trends Report. Other action switches do not grant page access. Shared pages or actions also accept: Heating Sessions — Log & View (View)."
"plant_heating_trends","Heating Trends Report","create","Create","Unavailable","","","No observed implemented action","Not available"
"plant_heating_trends","Heating Trends Report","edit","Edit","Unavailable","","","No observed implemented action","Not available"
"plant_heating_trends","Heating Trends Report","delete","Delete","Unavailable","","","No observed implemented action","Not available"
"plant_heating_trends","Heating Trends Report","view_reports","Reports","Unavailable","","","No observed implemented action","Not available"
"plant_heating_trends","Heating Trends Report","export","Export","Available in current map","client/src/pages/PlantHeatingTrends.tsx:161 ReportExportGate shared helper/component (see caller inventory)","server/routes.ts:8938 assertReportExport GET ""/api/plant-module/heating-trends/excel""","Observed reference; per-operation enforcement must be checked","Export data where Heating Trends Report's Export permission is checked. Shared pages or actions also accept: Heating Sessions — Log & View (Export)."
"plant_heating_trends","Heating Trends Report","approve","Approve","Unavailable","","","No observed implemented action","Not available"
"plant_heating_trends","Heating Trends Report","notify","Receive Notifications","Unavailable","","","No observed implemented action","Not available"
"plant_equipment","Equipment Usage — Log & View","view","View","Available in current map","client/src/App.tsx:237 gatedEither path=""/equipment/hub"" component={gatedEither(EquipmentHub, ""equipment_hub"", ""equipment_performance_report"", ""plant_equipment"")} | client/src/App.tsx:277 gatedEither path=""/reports/equipment-performance"" component={gatedEither(EquipmentPerformanceReport, ""equipment_performance_report"", ""plant_equipment"")} | client/src/App.tsx:278 gatedEither path=""/equipment/status"" component={gatedEither(EquipmentStatus, ""equipment_hub"", ""plant_equipment"", ""equipment_performance_report"")} | client/src/App.tsx:296 gatedEither path=""/site/requirements"" component={gatedEither(SiteRequirementsList, ""site_dprs"", ""stores_inventory"", ""plant_equipment"", ""labour_management"")} | client/src/App.tsx:307 gated path=""/plant/equipment-usage"" component={gated(PlantEquipmentUsage, ""plant_equipment"")} | client/src/App.tsx:308 gatedEither path=""/plant/generator-logs"" component={gatedEither(PlantGeneratorLogs, ""plant_generator_logs"", ""plant_equipment"")} | client/src/App.tsx:309 gatedEither path=""/plant/maintenance"" component={gatedEither(PlantMaintenance, ""plant_maintenance"", ""plant_equipment"")} | client/src/App.tsx:350 gated path=""/equipment/hire-billing"" component={gated(EquipmentHireBilling, ""plant_equipment"")} | client/src/components/HubShell.tsx:132 sectionVisible shared helper/component (see caller inventory) | client/src/pages/DprDetails.tsx:38 sectionCan shared helper/component (see caller inventory) | client/src/pages/EquipmentHub.tsx:32 sectionVisible shared helper/component (see caller inventory) | client/src/pages/EquipmentHub.tsx:33 sectionVisible shared helper/component (see caller inventory) | client/src/pages/HmpHub.tsx:68 sectionVisible shared helper/component (see caller inventory) | client/src/pages/Plant.tsx:163 sectionVisible shared helper/component (see caller inventory) | client/src/pages/Plant.tsx:178 sectionVisible shared helper/component (see caller inventory) | client/src/pages/Plant.tsx:401 sectionVisible shared helper/component (see caller inventory) | client/src/pages/Plant.tsx:408 sectionVisible shared helper/component (see caller inventory) | client/src/pages/Plant.tsx:425 sectionVisible shared helper/component (see caller inventory) | client/src/pages/Plant.tsx:490 sectionVisible shared helper/component (see caller inventory) | client/src/pages/Plant.tsx:544 sectionVisible shared helper/component (see caller inventory) | client/src/pages/Plant.tsx:562 sectionVisible shared helper/component (see caller inventory) | client/src/pages/PlantHome.tsx:14 sectionVisible shared helper/component (see caller inventory) | client/src/pages/PlantMaintenance.tsx:966 sectionVisible shared helper/component (see caller inventory) | client/src/pages/ReportsHub.tsx:40 sectionVisible shared helper/component (see caller inventory) | client/src/pages/SiteHub.tsx:228 sectionVisible HubActionTile navigation: href=""/site/requirements?returnTo=/site/hub"" | client/src/pages/SiteReport.tsx:43 sectionCan shared helper/component (see caller inventory) | client/src/pages/SiteRequirementsList.tsx:1415 sectionVisible shared helper/component (see caller inventory) | client/src/pages/SiteRequirementsList.tsx:1417 sectionVisible shared helper/component (see caller inventory)","server/routes.ts:4330 assertView GET ""/api/equipment-hire/statements"" | server/routes.ts:4405 assertView GET ""/api/equipment-hire/statements/:id"" | server/routes.ts:4486 assertView POST ""/api/equipment-hire/statements/:id/create-vendor-bill"" | server/routes.ts:5524 assertViewEither GET ""/api/reports/equipment-performance"" | server/routes.ts:5564 direct matrix read GET ""/api/reports/equipment-status"" | server/routes.ts:5726 direct matrix read GET ""/api/equipment/:equipmentId/latest-closing"" | server/routes.ts:5977 assertView GET ""/api/plant-module/equipment-usage/incoming"" | server/routes.ts:13817 assertView GET ""/api/maintenance/logs"" | server/routes.ts:13849 assertView GET ""/api/maintenance/logs/:id"" | server/routes.ts:14029 assertView GET ""/api/maintenance/health-summary"" | server/routes.ts:14040 assertView GET ""/api/maintenance/open-count""","Observed reference; per-operation enforcement must be checked","Open Equipment Usage — Log & View. Other action switches do not grant page access. Shared pages or actions also accept: Equipment & Fleet Hub (entry page) (View); Equipment Performance — View Report (View); Site DPRs — File & View (View); Stores — GRNs, Issues & Ledger (View); Site Requirements — Labour Allocation (View); Generator (DG) Logs (View); Equipment Maintenance Logs (View)."
"plant_equipment","Equipment Usage — Log & View","create","Create","Available in current map","client/src/pages/PlantEquipmentUsage.tsx:60 sectionCan shared helper/component (see caller inventory) | client/src/pages/PlantGeneratorLogs.tsx:27 sectionCan shared helper/component (see caller inventory) | client/src/pages/PlantMaintenance.tsx:987 sectionCan shared helper/component (see caller inventory) | client/src/pages/PlantMaintenance.tsx:1043 sectionCan shared helper/component (see caller inventory)","server/routes.ts:1494 assertCreateOrEdit POST ""/api/attachments"" | server/routes.ts:6030 assertCreate POST ""/api/plant-module/equipment-usage"" | server/routes.ts:6149 assertCreate POST ""/api/plant-module/generator-logs"" | server/routes.ts:6237 assertCreate POST ""/api/plant-module/generator-logs/from-equipment-usage"" | server/routes.ts:13862 assertCreate POST ""/api/maintenance/logs"" | server/routes.ts:13993 assertCreate POST ""/api/maintenance/logs/:id/parts"" | server/routes.ts:23401 direct matrix read PATCH ""/api/site-requirements/:id/item-status""","Observed reference; per-operation enforcement must be checked","Create records in Equipment Usage — Log & View."
"plant_equipment","Equipment Usage — Log & View","edit","Edit","Available in current map","client/src/pages/PlantEquipmentUsage.tsx:62 sectionCan shared helper/component (see caller inventory) | client/src/pages/PlantEquipmentUsage.tsx:2156 EditPermissionButton mapped record type shared helper/component (see caller inventory) | client/src/pages/PlantMaintenance.tsx:1055 sectionCan shared helper/component (see caller inventory)","server/routes.ts:1494 assertCreateOrEdit POST ""/api/attachments"" | server/routes.ts:4354 assertEdit POST ""/api/equipment-hire/statements"" | server/routes.ts:4415 assertEdit PATCH ""/api/equipment-hire/statements/:id/exceptions"" | server/routes.ts:4454 assertEdit POST ""/api/equipment-hire/statements/:id/review"" | server/routes.ts:5992 assertEdit POST ""/api/plant-module/equipment-usage/:id/complete-incoming"" | server/routes.ts:6055 assertEdit PUT ""/api/plant-module/equipment-usage/:id"" | server/routes.ts:13877 assertEdit PATCH ""/api/maintenance/logs/:id""","Observed reference; per-operation enforcement must be checked","Edit records in Equipment Usage — Log & View. This does not grant deletion or cancellation."
"plant_equipment","Equipment Usage — Log & View","delete","Delete","Available in current map","client/src/components/AttachmentGallery.tsx:104 sectionCan shared helper/component (see caller inventory) | client/src/pages/PlantMaintenance.tsx:724 DeleteGate shared helper/component (see caller inventory) | client/src/pages/PlantMaintenance.tsx:749 DeleteGate shared helper/component (see caller inventory)","server/routes.ts:1553 assertDelete DELETE ""/api/attachments/:id"" | server/routes.ts:13935 assertDeleteOrCancel POST ""/api/maintenance/logs/:id/cancel"" | server/routes.ts:14011 assertDelete DELETE ""/api/maintenance/parts/:partId""","Observed reference; per-operation enforcement must be checked","Delete records where Equipment Usage — Log & View's Delete permission is checked."
"plant_equipment","Equipment Usage — Log & View","view_reports","Reports","Unavailable","","","No observed implemented action","Not available"
"plant_equipment","Equipment Usage — Log & View","export","Export","Available in current map","client/src/pages/PlantEquipmentUsage.tsx:64 sectionCan shared helper/component (see caller inventory) | client/src/pages/PlantGeneratorLogs.tsx:28 sectionCan shared helper/component (see caller inventory)","","Observed reference; per-operation enforcement must be checked","Export data where Equipment Usage — Log & View's Export permission is checked."
"plant_equipment","Equipment Usage — Log & View","approve","Approve","Unavailable","","","No observed implemented action","Not available"
"plant_equipment","Equipment Usage — Log & View","notify","Receive Notifications","Available in current map","","server/routes.ts:6035 sendPushToSection POST ""/api/plant-module/equipment-usage"" | server/routes.ts:6065 sendPushToSection PUT ""/api/plant-module/equipment-usage/:id"" | server/routes.ts:6094 sendPushToSection DELETE ""/api/plant-module/equipment-usage/:id""","Observed reference; per-operation enforcement must be checked","Receive notifications for Equipment Usage — Log & View, when user notifications and a device subscription are enabled."
"plant_generator_logs","Generator (DG) Logs","view","View","Available in current map","client/src/App.tsx:308 gatedEither path=""/plant/generator-logs"" component={gatedEither(PlantGeneratorLogs, ""plant_generator_logs"", ""plant_equipment"")}","","Observed reference; per-operation enforcement must be checked","Open Generator (DG) Logs. Other action switches do not grant page access. Shared pages or actions also accept: Equipment Usage — Log & View (View)."
"plant_generator_logs","Generator (DG) Logs","create","Create","Unavailable","","","No observed implemented action","Not available"
"plant_generator_logs","Generator (DG) Logs","edit","Edit","Unavailable","","","No observed implemented action","Not available"
"plant_generator_logs","Generator (DG) Logs","delete","Delete","Unavailable","","","No observed implemented action","Not available"
"plant_generator_logs","Generator (DG) Logs","view_reports","Reports","Unavailable","","","No observed implemented action","Not available"
"plant_generator_logs","Generator (DG) Logs","export","Export","Unavailable","","","No observed implemented action","Not available"
"plant_generator_logs","Generator (DG) Logs","approve","Approve","Unavailable","","","No observed implemented action","Not available"
"plant_generator_logs","Generator (DG) Logs","notify","Receive Notifications","Available in current map","","server/routes.ts:6151 sendPushToSection POST ""/api/plant-module/generator-logs""","Observed reference; per-operation enforcement must be checked","Receive notifications for Generator (DG) Logs, when user notifications and a device subscription are enabled."
"plant_maintenance","Equipment Maintenance Logs","view","View","Available in current map","client/src/App.tsx:309 gatedEither path=""/plant/maintenance"" component={gatedEither(PlantMaintenance, ""plant_maintenance"", ""plant_equipment"")}","","Observed reference; per-operation enforcement must be checked","Open Equipment Maintenance Logs. Other action switches do not grant page access. Shared pages or actions also accept: Equipment Usage — Log & View (View)."
"plant_maintenance","Equipment Maintenance Logs","create","Create","Unavailable","","","No observed implemented action","Not available"
"plant_maintenance","Equipment Maintenance Logs","edit","Edit","Unavailable","","","No observed implemented action","Not available"
"plant_maintenance","Equipment Maintenance Logs","delete","Delete","Unavailable","","","No observed implemented action","Not available"
"plant_maintenance","Equipment Maintenance Logs","view_reports","Reports","Unavailable","","","No observed implemented action","Not available"
"plant_maintenance","Equipment Maintenance Logs","export","Export","Unavailable","","","No observed implemented action","Not available"
"plant_maintenance","Equipment Maintenance Logs","approve","Approve","Unavailable","","","No observed implemented action","Not available"
"plant_maintenance","Equipment Maintenance Logs","notify","Receive Notifications","Unavailable","","","No observed implemented action","Not available"
"plant_production","Production & Dispatches","view","View","Available in current map","client/src/App.tsx:306 gated path=""/plant/dispatches"" component={gated(PlantDispatches, ""plant_production"")} | client/src/App.tsx:310 gatedEither path=""/plant/rmc"" component={gatedEither(RmcHub, ""rmc_operations"", ""rmc_batch_records"", ""plant_production"")} | client/src/App.tsx:311 gatedEither path=""/plant/rmc/mix-designs"" component={gatedEither(RmcMixDesigns, ""rmc_mix_designs"", ""rmc_operations"", ""plant_production"")} | client/src/App.tsx:312 gatedEither path=""/plant/rmc/batch-records"" component={gatedEither(RmcBatchRecords, ""rmc_batch_records"", ""rmc_operations"", ""plant_production"")} | client/src/App.tsx:314 gatedEither path=""/plant/rmc/cube-tests"" component={gatedEither(RmcCubeTests, ""rmc_cube_tests"", ""rmc_operations"", ""plant_production"")} | client/src/App.tsx:316 gatedEither path=""/plant/rmc/delivery-challans"" component={gatedEither(RmcDeliveryChallans, ""rmc_delivery_challans"", ""rmc_operations"", ""plant_production"")} | client/src/App.tsx:339 gatedEither path=""/plant/dispatch-summary"" component={gatedEither(PlantProjectReport, ""plant_daily_reports"", ""plant_production"")} | client/src/pages/HmpHub.tsx:59 sectionVisible shared helper/component (see caller inventory) | client/src/pages/Plant.tsx:172 sectionVisible shared helper/component (see caller inventory) | client/src/pages/Plant.tsx:306 sectionVisible shared helper/component (see caller inventory) | client/src/pages/Plant.tsx:499 sectionVisible shared helper/component (see caller inventory) | client/src/pages/Plant.tsx:519 sectionVisible shared helper/component (see caller inventory) | client/src/pages/Plant.tsx:526 sectionVisible shared helper/component (see caller inventory) | client/src/pages/Plant.tsx:658 sectionVisible shared helper/component (see caller inventory) | client/src/pages/Plant.tsx:704 sectionVisible shared helper/component (see caller inventory) | client/src/pages/Plant.tsx:720 sectionVisible shared helper/component (see caller inventory) | client/src/pages/Plant.tsx:754 sectionVisible shared helper/component (see caller inventory) | client/src/pages/Plant.tsx:778 sectionVisible shared helper/component (see caller inventory) | client/src/pages/PlantHome.tsx:13 sectionVisible shared helper/component (see caller inventory) | client/src/pages/ReportsHub.tsx:29 sectionVisible shared helper/component (see caller inventory) | client/src/pages/RmcHub.tsx:77 sectionVisible shared helper/component (see caller inventory)","server/routes.ts:14063 assertView GET ""/api/rmc/mix-designs"" | server/routes.ts:14072 assertView GET ""/api/rmc/mix-designs/:id"" | server/routes.ts:14116 assertView GET ""/api/rmc/today-summary"" | server/routes.ts:14126 assertView GET ""/api/rmc/summary-range"" | server/routes.ts:14138 assertView GET ""/api/rmc/batch-records"" | server/routes.ts:14154 assertView GET ""/api/rmc/batch-records/export"" | server/routes.ts:14198 assertView GET ""/api/rmc/batch-records/:id"" | server/routes.ts:14266 assertView GET ""/api/rmc/cube-tests/export"" | server/routes.ts:14315 assertView GET ""/api/rmc/cube-tests/stats"" | server/routes.ts:14324 assertView GET ""/api/rmc/cube-tests"" | server/routes.ts:14839 assertView GET ""/api/reports/plant-project-dispatch-summary""","Observed reference; per-operation enforcement must be checked","Open Production & Dispatches. Other action switches do not grant page access. Shared pages or actions also accept: RMC Operations (legacy) (View); RMC Batch Records (View); RMC Mix Designs (View); RMC Cube Tests (QC) (View); RMC Delivery Challans (View); Daily Plant Reports (single day + PDF bulk) (View)."
"plant_production","Production & Dispatches","create","Create","Available in current map","client/src/pages/PlantDispatches.tsx:37 sectionCan shared helper/component (see caller inventory) | client/src/pages/RmcBatchRecords.tsx:119 sectionCan shared helper/component (see caller inventory) | client/src/pages/RmcCubeTests.tsx:51 sectionCan shared helper/component (see caller inventory) | client/src/pages/RmcMixDesigns.tsx:40 sectionCan shared helper/component (see caller inventory)","server/routes.ts:5294 assertCreate POST ""/api/plant-module/dispatches"" | server/routes.ts:14081 assertCreate POST ""/api/rmc/mix-designs"" | server/routes.ts:14207 assertCreate POST ""/api/rmc/batch-records"" | server/routes.ts:14338 assertCreate POST ""/api/rmc/cube-tests""","Observed reference; per-operation enforcement must be checked","Create records in Production & Dispatches."
"plant_production","Production & Dispatches","edit","Edit","Available in current map","client/src/pages/PlantDispatches.tsx:38 sectionCan shared helper/component (see caller inventory) | client/src/pages/PlantDispatches.tsx:1533 EditPermissionButton mapped record type shared helper/component (see caller inventory) | client/src/pages/RmcBatchRecords.tsx:120 sectionCan shared helper/component (see caller inventory) | client/src/pages/RmcCubeTests.tsx:52 sectionCan shared helper/component (see caller inventory) | client/src/pages/RmcMixDesigns.tsx:41 sectionCan shared helper/component (see caller inventory)","server/routes.ts:5320 assertEdit PUT ""/api/plant-module/dispatches/:id"" | server/routes.ts:14093 assertEdit PATCH ""/api/rmc/mix-designs/:id"" | server/routes.ts:14228 assertEdit PATCH ""/api/rmc/batch-records/:id"" | server/routes.ts:14360 assertEdit PATCH ""/api/rmc/cube-tests/:id""","Observed reference; per-operation enforcement must be checked","Edit records in Production & Dispatches. This does not grant deletion or cancellation."
"plant_production","Production & Dispatches","delete","Delete","Available in current map","client/src/components/AttachmentGallery.tsx:102 sectionCan shared helper/component (see caller inventory)","server/routes.ts:1551 assertDelete DELETE ""/api/attachments/:id""","Observed reference; per-operation enforcement must be checked","Delete records where Production & Dispatches's Delete permission is checked."
"plant_production","Production & Dispatches","view_reports","Reports","Unavailable","","","No observed implemented action","Not available"
"plant_production","Production & Dispatches","export","Export","Available in current map","client/src/pages/PlantDispatches.tsx:39 sectionCan shared helper/component (see caller inventory) | client/src/pages/PlantProjectReport.tsx:261 ReportExportGate shared helper/component (see caller inventory) | client/src/pages/RmcBatchRecords.tsx:42 ReportExportGate shared helper/component (see caller inventory) | client/src/pages/RmcBatchRecords.tsx:378 ReportExportGate shared helper/component (see caller inventory) | client/src/pages/RmcCubeTests.tsx:194 ReportExportGate shared helper/component (see caller inventory) | client/src/pages/RmcDeliveryChallans.tsx:22 ReportExportGate shared helper/component (see caller inventory) | client/src/pages/RmcDeliveryChallans.tsx:189 ReportExportGate shared helper/component (see caller inventory)","","Observed reference; per-operation enforcement must be checked","Export data where Production & Dispatches's Export permission is checked. Shared pages or actions also accept: Daily Plant Reports (single day + PDF bulk) (Export); RMC Batch Records (Export); RMC Operations (legacy) (Export); RMC Cube Tests (QC) (Export); RMC Delivery Challans (Export)."
"plant_production","Production & Dispatches","approve","Approve","Unavailable","","","No observed implemented action","Not available"
"plant_production","Production & Dispatches","notify","Receive Notifications","Available in current map","","server/routes.ts:5303 sendPushToSection POST ""/api/plant-module/dispatches"" | server/routes.ts:5434 sendPushToSection PUT ""/api/plant-module/dispatches/:id"" | server/routes.ts:5451 sendPushToSection DELETE ""/api/plant-module/dispatches/:id""","Observed reference; per-operation enforcement must be checked","Receive notifications for Production & Dispatches, when user notifications and a device subscription are enabled."
"plant_materials","Material Receipts / Issues / Returns","view","View","Available in current map","client/src/App.tsx:303 gated path=""/plant/material-receipts"" component={gated(PlantMaterialReceipts, ""plant_materials"")} | client/src/App.tsx:304 gated path=""/plant/material-issues"" component={gated(PlantMaterialIssues, ""plant_materials"")} | client/src/App.tsx:305 gated path=""/plant/material-returns"" component={gated(PlantMaterialReturns, ""plant_materials"")} | client/src/App.tsx:313 gatedEither path=""/plant/rmc/raw-materials"" component={gatedEither(RmcRawMaterials, ""rmc_raw_materials"", ""rmc_operations"", ""plant_materials"")} | client/src/App.tsx:317 gatedEither path=""/plant/stock"" component={gatedEither(PlantStock, ""plant_stock"", ""plant_materials"")} | client/src/App.tsx:328 gated path=""/stores/pending-plant-receipts"" component={gated(PendingPlantReceipts, ""plant_materials"")} | client/src/pages/Plant.tsx:737 sectionVisible shared helper/component (see caller inventory) | client/src/pages/PlantHome.tsx:11 sectionVisible shared helper/component (see caller inventory) | client/src/pages/ReportsHub.tsx:34 sectionVisible shared helper/component (see caller inventory) | client/src/pages/StoresHome.tsx:18 sectionVisible shared helper/component (see caller inventory) | client/src/pages/StoresHub.tsx:34 sectionVisible shared helper/component (see caller inventory)","server/routes.ts:10760 assertView GET ""/api/pending-plant-receipts/count"" | server/routes.ts:10771 assertView GET ""/api/pending-plant-receipts"" | server/routes.ts:10787 assertView PATCH ""/api/pending-plant-receipts/:id"" | server/routes.ts:14383 assertView GET ""/api/rmc/raw-materials"" | server/routes.ts:14441 assertView GET ""/api/rmc/stock-summary""","Observed reference; per-operation enforcement must be checked","Open Material Receipts / Issues / Returns. Other action switches do not grant page access. Shared pages or actions also accept: RMC Raw Materials (View); RMC Operations (legacy) (View); Material Stock Ledger (View)."
"plant_materials","Material Receipts / Issues / Returns","create","Create","Available in current map","client/src/pages/DieselRequirements.tsx:619 sectionCan shared helper/component (see caller inventory) | client/src/pages/RmcRawMaterials.tsx:52 sectionCan shared helper/component (see caller inventory) | client/src/pages/StoresDieselRegister.tsx:130 sectionCan shared helper/component (see caller inventory)","server/routes.ts:4713 assertCreate POST ""/api/plant-module/material-receipts"" | server/routes.ts:5064 assertCreate POST ""/api/plant-module/material-issues"" | server/routes.ts:5142 assertCreate POST ""/api/plant-module/material-returns"" | server/routes.ts:14397 assertCreate POST ""/api/rmc/raw-materials""","Observed reference; per-operation enforcement must be checked","Create records in Material Receipts / Issues / Returns."
"plant_materials","Material Receipts / Issues / Returns","edit","Edit","Available in current map","client/src/pages/PlantMaterialReceipts.tsx:57 sectionCan shared helper/component (see caller inventory) | client/src/pages/PlantMaterialReceipts.tsx:1898 EditPermissionButton mapped record type shared helper/component (see caller inventory) | client/src/pages/RmcRawMaterials.tsx:53 sectionCan shared helper/component (see caller inventory)","server/routes.ts:4822 direct matrix read PUT ""/api/plant-module/material-receipts/:id"" | server/routes.ts:4851 assertEdit PUT ""/api/plant-module/material-receipts/:id"" | server/routes.ts:4927 assertEdit POST ""/api/plant-module/material-receipts/:id/final-submit"" | server/routes.ts:5088 assertEdit PUT ""/api/plant-module/material-issues/:id"" | server/routes.ts:5171 assertEdit PUT ""/api/plant-module/material-returns/:id"" | server/routes.ts:14409 assertEdit PATCH ""/api/rmc/raw-materials/:id""","Observed reference; per-operation enforcement must be checked","Edit records in Material Receipts / Issues / Returns. This does not grant deletion or cancellation."
"plant_materials","Material Receipts / Issues / Returns","delete","Delete","Available in current map","client/src/components/AttachmentGallery.tsx:96 sectionCan shared helper/component (see caller inventory) | client/src/pages/PlantMaterialReceipts.tsx:1906 sectionCan shared helper/component (see caller inventory) | client/src/pages/PlantMaterialReceipts.tsx:1915 sectionCan shared helper/component (see caller inventory)","server/routes.ts:1545 assertDelete DELETE ""/api/attachments/:id"" | server/routes.ts:4996 assertDeleteOrCancel POST ""/api/plant-module/material-receipts/:id/cancel""","Observed reference; per-operation enforcement must be checked","Delete records where Material Receipts / Issues / Returns's Delete permission is checked."
"plant_materials","Material Receipts / Issues / Returns","view_reports","Reports","Unavailable","","","No observed implemented action","Not available"
"plant_materials","Material Receipts / Issues / Returns","export","Export","Available in current map","client/src/pages/PlantMaterialIssues.tsx:41 sectionCan shared helper/component (see caller inventory) | client/src/pages/PlantMaterialReceipts.tsx:58 sectionCan shared helper/component (see caller inventory) | client/src/pages/PlantMaterialReturns.tsx:30 sectionCan shared helper/component (see caller inventory)","","Observed reference; per-operation enforcement must be checked","Export data where Material Receipts / Issues / Returns's Export permission is checked."
"plant_materials","Material Receipts / Issues / Returns","approve","Approve","Unavailable","","","No observed implemented action","Not available"
"plant_materials","Material Receipts / Issues / Returns","notify","Receive Notifications","Available in current map","","server/routes.ts:4781 sendPushToSection POST ""/api/plant-module/material-receipts"" | server/routes.ts:4910 sendPushToSection PUT ""/api/plant-module/material-receipts/:id"" | server/routes.ts:4978 sendPushToSection DELETE ""/api/plant-module/material-receipts/:id"" | server/routes.ts:5016 sendPushToSection POST ""/api/plant-module/material-receipts/:id/cancel"" | server/routes.ts:5074 sendPushToSection POST ""/api/plant-module/material-issues"" | server/routes.ts:5092 sendPushToSection PUT ""/api/plant-module/material-issues/:id"" | server/routes.ts:5108 sendPushToSection DELETE ""/api/plant-module/material-issues/:id"" | server/routes.ts:5152 sendPushToSection POST ""/api/plant-module/material-returns"" | server/routes.ts:5175 sendPushToSection PUT ""/api/plant-module/material-returns/:id"" | server/routes.ts:5197 sendPushToSection DELETE ""/api/plant-module/material-returns/:id"" | server/routes.ts:11122 sendPushToSection PATCH ""/api/diesel-requirements/:id/purchase-update""","Observed reference; per-operation enforcement must be checked","Receive notifications for Material Receipts / Issues / Returns, when user notifications and a device subscription are enabled."
"plant_bitumen","Bitumen Stock Tracker","view","View","Available in current map","client/src/App.tsx:322 gated path=""/plant/bitumen-stock"" component={gated(PlantBitumenStock, ""plant_bitumen"")} | client/src/pages/HmpHub.tsx:61 sectionVisible shared helper/component (see caller inventory) | client/src/pages/Plant.tsx:186 sectionVisible shared helper/component (see caller inventory) | client/src/pages/Plant.tsx:1074 sectionVisible shared helper/component (see caller inventory)","server/routes.ts:7147 assertView GET ""/api/plant-module/bitumen-dip-readings""","Observed reference; per-operation enforcement must be checked","Open Bitumen Stock Tracker. Other action switches do not grant page access."
"plant_bitumen","Bitumen Stock Tracker","create","Create","Available in current map","","server/routes.ts:7164 assertCreate POST ""/api/plant-module/bitumen-dip-readings""","Observed reference; per-operation enforcement must be checked","Create records in Bitumen Stock Tracker."
"plant_bitumen","Bitumen Stock Tracker","edit","Edit","Available in current map","","server/routes.ts:7179 assertEdit PATCH ""/api/plant-module/bitumen-dip-readings/:id""","Observed reference; per-operation enforcement must be checked","Edit records in Bitumen Stock Tracker. This does not grant deletion or cancellation."
"plant_bitumen","Bitumen Stock Tracker","delete","Delete","Unavailable","","","No observed implemented action","Not available"
"plant_bitumen","Bitumen Stock Tracker","view_reports","Reports","Unavailable","","","No observed implemented action","Not available"
"plant_bitumen","Bitumen Stock Tracker","export","Export","Available in current map","client/src/pages/PlantBitumenStock.tsx:57 sectionCan shared helper/component (see caller inventory)","","Observed reference; per-operation enforcement must be checked","Export data where Bitumen Stock Tracker's Export permission is checked."
"plant_bitumen","Bitumen Stock Tracker","approve","Approve","Unavailable","","","No observed implemented action","Not available"
"plant_bitumen","Bitumen Stock Tracker","notify","Receive Notifications","Available in current map","","server/routes.ts:7167 sendPushToSection POST ""/api/plant-module/bitumen-dip-readings"" | server/routes.ts:7183 sendPushToSection PATCH ""/api/plant-module/bitumen-dip-readings/:id"" | server/routes.ts:7199 sendPushToSection DELETE ""/api/plant-module/bitumen-dip-readings/:id""","Observed reference; per-operation enforcement must be checked","Receive notifications for Bitumen Stock Tracker, when user notifications and a device subscription are enabled."
"plant_ldo","LDO Flow Meter","view","View","Available in current map","client/src/App.tsx:323 gated path=""/plant/ldo-flow-meter"" component={gated(PlantLdoFlowMeter, ""plant_ldo"")} | client/src/pages/HmpHub.tsx:62 sectionVisible shared helper/component (see caller inventory) | client/src/pages/Plant.tsx:187 sectionVisible shared helper/component (see caller inventory) | client/src/pages/Plant.tsx:1091 sectionVisible shared helper/component (see caller inventory)","server/routes.ts:7212 assertView GET ""/api/plant-module/ldo-flow-readings"" | server/routes.ts:7391 assertView GET ""/api/plant-module/ldo-dip-readings""","Observed reference; per-operation enforcement must be checked","Open LDO Flow Meter. Other action switches do not grant page access."
"plant_ldo","LDO Flow Meter","create","Create","Available in current map","","server/routes.ts:7236 assertCreate POST ""/api/plant-module/ldo-flow-readings"" | server/routes.ts:7408 assertCreate POST ""/api/plant-module/ldo-dip-readings""","Observed reference; per-operation enforcement must be checked","Create records in LDO Flow Meter."
"plant_ldo","LDO Flow Meter","edit","Edit","Available in current map","","server/routes.ts:7255 assertEdit PATCH ""/api/plant-module/ldo-flow-readings/:id"" | server/routes.ts:7423 assertEdit PATCH ""/api/plant-module/ldo-dip-readings/:id""","Observed reference; per-operation enforcement must be checked","Edit records in LDO Flow Meter. This does not grant deletion or cancellation."
"plant_ldo","LDO Flow Meter","delete","Delete","Unavailable","","","No observed implemented action","Not available"
"plant_ldo","LDO Flow Meter","view_reports","Reports","Unavailable","","","No observed implemented action","Not available"
"plant_ldo","LDO Flow Meter","export","Export","Available in current map","client/src/pages/PlantLdoFlowMeter.tsx:60 sectionCan shared helper/component (see caller inventory)","","Observed reference; per-operation enforcement must be checked","Export data where LDO Flow Meter's Export permission is checked."
"plant_ldo","LDO Flow Meter","approve","Approve","Unavailable","","","No observed implemented action","Not available"
"plant_ldo","LDO Flow Meter","notify","Receive Notifications","Available in current map","","server/routes.ts:7239 sendPushToSection POST ""/api/plant-module/ldo-flow-readings"" | server/routes.ts:7260 sendPushToSection PATCH ""/api/plant-module/ldo-flow-readings/:id"" | server/routes.ts:7273 sendPushToSection DELETE ""/api/plant-module/ldo-flow-readings/:id"" | server/routes.ts:7411 sendPushToSection POST ""/api/plant-module/ldo-dip-readings"" | server/routes.ts:7427 sendPushToSection PATCH ""/api/plant-module/ldo-dip-readings/:id"" | server/routes.ts:7440 sendPushToSection DELETE ""/api/plant-module/ldo-dip-readings/:id""","Observed reference; per-operation enforcement must be checked","Receive notifications for LDO Flow Meter, when user notifications and a device subscription are enabled."
"plant_daily_reports","Daily Plant Reports (single day + PDF bulk)","view","View","Available in current map","client/src/App.tsx:315 gatedEither path=""/plant/rmc/daily-report"" component={gatedEither(RmcDailyReport, ""rmc_daily_report"", ""plant_daily_reports"")} | client/src/App.tsx:333 gated path=""/plant/daily-reports"" component={gated(PlantDailyReports, ""plant_daily_reports"")} | client/src/App.tsx:334 gated path=""/plant/daily-report"" component={gated(PlantDailyReport, ""plant_daily_reports"")} | client/src/App.tsx:335 gated path=""/plant/daily-report/:date"" component={gated(PlantDailyReport, ""plant_daily_reports"")} | client/src/App.tsx:339 gatedEither path=""/plant/dispatch-summary"" component={gatedEither(PlantProjectReport, ""plant_daily_reports"", ""plant_production"")} | client/src/pages/Plant.tsx:180 sectionVisible shared helper/component (see caller inventory) | client/src/pages/Plant.tsx:813 sectionVisible shared helper/component (see caller inventory) | client/src/pages/Plant.tsx:829 sectionVisible shared helper/component (see caller inventory) | client/src/pages/Plant.tsx:861 sectionVisible shared helper/component (see caller inventory) | client/src/pages/PlantHome.tsx:16 sectionVisible shared helper/component (see caller inventory) | client/src/pages/ReportsHub.tsx:26 sectionVisible shared helper/component (see caller inventory) | client/src/pages/RmcHub.tsx:78 sectionVisible shared helper/component (see caller inventory)","server/routes.ts:14432 assertView GET ""/api/rmc/plants"" | server/routes.ts:14451 assertView GET ""/api/rmc/daily-report"" | server/routes.ts:14464 assertView GET ""/api/rmc/daily-report/pdf"" | server/routes.ts:14720 assertView GET ""/api/rmc/daily-report/export""","Observed reference; per-operation enforcement must be checked","Open Daily Plant Reports (single day + PDF bulk). Other action switches do not grant page access. Shared pages or actions also accept: RMC Daily Report (View); Production & Dispatches (View)."
"plant_daily_reports","Daily Plant Reports (single day + PDF bulk)","create","Create","Unavailable","","","No observed implemented action","Not available"
"plant_daily_reports","Daily Plant Reports (single day + PDF bulk)","edit","Edit","Available in current map","client/src/pages/PlantDetails.tsx:21 sectionCan shared helper/component (see caller inventory)","","Observed reference; per-operation enforcement must be checked","Edit records in Daily Plant Reports (single day + PDF bulk). This does not grant deletion or cancellation."
"plant_daily_reports","Daily Plant Reports (single day + PDF bulk)","delete","Delete","Unavailable","","","No observed implemented action","Not available"
"plant_daily_reports","Daily Plant Reports (single day + PDF bulk)","view_reports","Reports","Unavailable","","","No observed implemented action","Not available"
"plant_daily_reports","Daily Plant Reports (single day + PDF bulk)","export","Export","Available in current map","client/src/pages/PlantDailyReport.tsx:205 ReportExportGate shared helper/component (see caller inventory) | client/src/pages/PlantDailyReports.tsx:466 ReportExportGate shared helper/component (see caller inventory) | client/src/pages/PlantDailyReports.tsx:908 ReportExportGate shared helper/component (see caller inventory) | client/src/pages/PlantProjectReport.tsx:261 ReportExportGate shared helper/component (see caller inventory) | client/src/pages/RmcDailyReport.tsx:83 ReportExportGate shared helper/component (see caller inventory)","server/routes.ts:8350 assertReportExport GET ""/api/plant-module/daily-reports-export"" | server/routes.ts:8513 assertReportExport POST ""/api/plant-module/daily-reports/bulk-zip"" | server/routes.ts:8656 assertReportExport GET ""/api/plant-module/daily-reports/:date/pdf""","Observed reference; per-operation enforcement must be checked","Export data where Daily Plant Reports (single day + PDF bulk)'s Export permission is checked. Shared pages or actions also accept: Production & Dispatches (Export); RMC Daily Report (Export)."
"plant_daily_reports","Daily Plant Reports (single day + PDF bulk)","approve","Approve","Unavailable","","","No observed implemented action","Not available"
"plant_daily_reports","Daily Plant Reports (single day + PDF bulk)","notify","Receive Notifications","Available in current map","","server/routes.ts:3875 sendPushToSection POST ""/api/plant"" | server/routes.ts:3904 sendPushToSection POST ""/api/plant/:id/clone"" | server/routes.ts:3926 sendPushToSection PATCH ""/api/plant/:id"" | server/routes.ts:3947 sendPushToSection DELETE ""/api/plant/:id""","Observed reference; per-operation enforcement must be checked","Receive notifications for Daily Plant Reports (single day + PDF bulk), when user notifications and a device subscription are enabled."
"plant_stock","Material Stock Ledger","view","View","Available in current map","client/src/App.tsx:317 gatedEither path=""/plant/stock"" component={gatedEither(PlantStock, ""plant_stock"", ""plant_materials"")} | client/src/App.tsx:318 gatedEither path=""/plant/stock-reconciliation"" component={gatedEither(PlantStockReconciliation, ""stock_reconciliation"", ""plant_stock"")} | client/src/App.tsx:326 gatedEither path=""/plant/stock-reassign"" component={gatedEither(PlantStockReassign, ""admin_ledger_tools"", ""plant_stock"")} | client/src/App.tsx:327 gatedEither path=""/plant/stock-transfer"" component={gatedEither(PlantStockTransfer, ""admin_ledger_tools"", ""plant_stock"")} | client/src/App.tsx:329 gatedEither path=""/plant/ledger-rebuild"" component={gatedEither(PlantLedgerRebuild, ""admin_ledger_tools"", ""plant_stock"")} | client/src/App.tsx:342 gatedEither path=""/plant/ldo-reconciliation"" component={gatedEither(PlantLdoReconciliation, ""plant_ldo_reconciliation"", ""plant_stock"")} | client/src/pages/HmpHub.tsx:60 sectionVisible shared helper/component (see caller inventory) | client/src/pages/Plant.tsx:182 sectionVisible shared helper/component (see caller inventory) | client/src/pages/Plant.tsx:1006 sectionVisible shared helper/component (see caller inventory) | client/src/pages/PlantHome.tsx:12 sectionVisible shared helper/component (see caller inventory) | client/src/pages/ReportsHub.tsx:35 sectionVisible shared helper/component (see caller inventory)","server/routes.ts:6385 direct matrix read POST ""/api/plant-module/stock-reconciliation-drafts"" | server/routes.ts:6438 direct matrix read GET ""/api/plant-module/stock-reconciliations"" | server/routes.ts:7546 assertView GET ""/api/plant-module/ldo-reports/contractor"" | server/routes.ts:7559 assertView GET ""/api/plant-module/ldo-reconciliation""","Observed reference; per-operation enforcement must be checked","Open Material Stock Ledger. Other action switches do not grant page access. Shared pages or actions also accept: Material Receipts / Issues / Returns (View); Physical Stock Reconciliation (View); Stock Ledger Rebuild / Reassign / Transfer (View); LDO Book vs Physical Reconciliation (View)."
"plant_stock","Material Stock Ledger","create","Create","Available in current map","client/src/pages/PlantBitumenStock.tsx:54 sectionCan shared helper/component (see caller inventory) | client/src/pages/PlantLdoFlowMeter.tsx:57 sectionCan shared helper/component (see caller inventory) | client/src/pages/PlantMaterialIssues.tsx:38 sectionCan shared helper/component (see caller inventory) | client/src/pages/PlantMaterialReceipts.tsx:55 sectionCan shared helper/component (see caller inventory) | client/src/pages/PlantMaterialReturns.tsx:28 sectionCan shared helper/component (see caller inventory) | client/src/pages/PlantStockTransfer.tsx:41 sectionCan shared helper/component (see caller inventory)","server/routes.ts:5234 assertCreate POST ""/api/plant-module/opening-stocks"" | server/routes.ts:6558 assertCreate POST ""/api/plant-module/stock-transfer"" | server/routes.ts:9667 direct matrix read PATCH ""/api/purchase-indents/items/:itemId/link-receipt""","Observed reference; per-operation enforcement must be checked","Create records in Material Stock Ledger."
"plant_stock","Material Stock Ledger","edit","Edit","Available in current map","client/src/pages/PlantBitumenStock.tsx:55 sectionCan shared helper/component (see caller inventory) | client/src/pages/PlantLdoFlowMeter.tsx:58 sectionCan shared helper/component (see caller inventory) | client/src/pages/PlantMaterialIssues.tsx:39 sectionCan shared helper/component (see caller inventory) | client/src/pages/PlantMaterialReceipts.tsx:56 sectionCan shared helper/component (see caller inventory) | client/src/pages/PlantMaterialReturns.tsx:29 sectionCan shared helper/component (see caller inventory)","server/routes.ts:5249 assertEdit PUT ""/api/plant-module/opening-stocks/:id""","Observed reference; per-operation enforcement must be checked","Edit records in Material Stock Ledger. This does not grant deletion or cancellation."
"plant_stock","Material Stock Ledger","delete","Delete","Unavailable","","","No observed implemented action","Not available"
"plant_stock","Material Stock Ledger","view_reports","Reports","Unavailable","","","No observed implemented action","Not available"
"plant_stock","Material Stock Ledger","export","Export","Available in current map","client/src/pages/PlantLdoReconciliation.tsx:70 sectionCan shared helper/component (see caller inventory) | client/src/pages/PlantStock.tsx:67 sectionCan shared helper/component (see caller inventory)","","Observed reference; per-operation enforcement must be checked","Export data where Material Stock Ledger's Export permission is checked."
"plant_stock","Material Stock Ledger","approve","Approve","Unavailable","","","No observed implemented action","Not available"
"plant_stock","Material Stock Ledger","notify","Receive Notifications","Available in current map","","server/routes.ts:5237 sendPushToSection POST ""/api/plant-module/opening-stocks"" | server/routes.ts:5253 sendPushToSection PUT ""/api/plant-module/opening-stocks/:id"" | server/routes.ts:5269 sendPushToSection DELETE ""/api/plant-module/opening-stocks/:id""","Observed reference; per-operation enforcement must be checked","Receive notifications for Material Stock Ledger, when user notifications and a device subscription are enabled."
"plant_ldo_reconciliation","LDO Book vs Physical Reconciliation","view","View","Available in current map","client/src/App.tsx:342 gatedEither path=""/plant/ldo-reconciliation"" component={gatedEither(PlantLdoReconciliation, ""plant_ldo_reconciliation"", ""plant_stock"")}","","Observed reference; per-operation enforcement must be checked","Open LDO Book vs Physical Reconciliation. Other action switches do not grant page access. Shared pages or actions also accept: Material Stock Ledger (View)."
"plant_ldo_reconciliation","LDO Book vs Physical Reconciliation","create","Create","Unavailable","","","No observed implemented action","Not available"
"plant_ldo_reconciliation","LDO Book vs Physical Reconciliation","edit","Edit","Unavailable","","","No observed implemented action","Not available"
"plant_ldo_reconciliation","LDO Book vs Physical Reconciliation","delete","Delete","Unavailable","","","No observed implemented action","Not available"
"plant_ldo_reconciliation","LDO Book vs Physical Reconciliation","view_reports","Reports","Unavailable","","","No observed implemented action","Not available"
"plant_ldo_reconciliation","LDO Book vs Physical Reconciliation","export","Export","Unavailable","","","No observed implemented action","Not available"
"plant_ldo_reconciliation","LDO Book vs Physical Reconciliation","approve","Approve","Unavailable","","","No observed implemented action","Not available"
"plant_ldo_reconciliation","LDO Book vs Physical Reconciliation","notify","Receive Notifications","Unavailable","","","No observed implemented action","Not available"
"plant_variance","Stock Variance Report","view","View","Available in current map","client/src/App.tsx:319 gated path=""/plant/variance-report"" component={gated(PlantVarianceReport, ""plant_variance"")} | client/src/pages/Plant.tsx:183 sectionVisible shared helper/component (see caller inventory) | client/src/pages/Plant.tsx:1023 sectionVisible shared helper/component (see caller inventory) | client/src/pages/ReportsHub.tsx:36 sectionVisible shared helper/component (see caller inventory)","server/routes.ts:5474 assertView GET ""/api/plant-module/dispatches/variance-report""","Observed reference; per-operation enforcement must be checked","Open Stock Variance Report. Other action switches do not grant page access."
"plant_variance","Stock Variance Report","create","Create","Unavailable","","","No observed implemented action","Not available"
"plant_variance","Stock Variance Report","edit","Edit","Unavailable","","","No observed implemented action","Not available"
"plant_variance","Stock Variance Report","delete","Delete","Unavailable","","","No observed implemented action","Not available"
"plant_variance","Stock Variance Report","view_reports","Reports","Unavailable","","","No observed implemented action","Not available"
"plant_variance","Stock Variance Report","export","Export","Unavailable","","","No observed implemented action","Not available"
"plant_variance","Stock Variance Report","approve","Approve","Unavailable","","","No observed implemented action","Not available"
"plant_variance","Stock Variance Report","notify","Receive Notifications","Unavailable","","","No observed implemented action","Not available"
"plant_audit","Audit Report","view","View","Available in current map","client/src/App.tsx:320 gated path=""/plant/audit-report"" component={gated(PlantAuditReport, ""plant_audit"")} | client/src/pages/Plant.tsx:184 sectionVisible shared helper/component (see caller inventory) | client/src/pages/Plant.tsx:1040 sectionVisible shared helper/component (see caller inventory) | client/src/pages/ReportsHub.tsx:37 sectionVisible shared helper/component (see caller inventory)","server/routes.ts:5490 assertView GET ""/api/plant-module/consumption-audit-log""","Observed reference; per-operation enforcement must be checked","Open Audit Report. Other action switches do not grant page access."
"plant_audit","Audit Report","create","Create","Unavailable","","","No observed implemented action","Not available"
"plant_audit","Audit Report","edit","Edit","Unavailable","","","No observed implemented action","Not available"
"plant_audit","Audit Report","delete","Delete","Unavailable","","","No observed implemented action","Not available"
"plant_audit","Audit Report","view_reports","Reports","Unavailable","","","No observed implemented action","Not available"
"plant_audit","Audit Report","export","Export","Unavailable","","","No observed implemented action","Not available"
"plant_audit","Audit Report","approve","Approve","Unavailable","","","No observed implemented action","Not available"
"plant_audit","Audit Report","notify","Receive Notifications","Unavailable","","","No observed implemented action","Not available"
"plant_diesel_proc","Diesel Procurement Report","view","View","Available in current map","client/src/App.tsx:321 gated path=""/plant/diesel-procurement"" component={gated(PlantDieselProcurementReport, ""plant_diesel_proc"")} | client/src/pages/Plant.tsx:185 sectionVisible shared helper/component (see caller inventory) | client/src/pages/Plant.tsx:1057 sectionVisible shared helper/component (see caller inventory) | client/src/pages/ReportsHub.tsx:30 sectionVisible shared helper/component (see caller inventory)","","Observed reference; per-operation enforcement must be checked","Open Diesel Procurement Report. Other action switches do not grant page access."
"plant_diesel_proc","Diesel Procurement Report","create","Create","Unavailable","","","No observed implemented action","Not available"
"plant_diesel_proc","Diesel Procurement Report","edit","Edit","Unavailable","","","No observed implemented action","Not available"
"plant_diesel_proc","Diesel Procurement Report","delete","Delete","Unavailable","","","No observed implemented action","Not available"
"plant_diesel_proc","Diesel Procurement Report","view_reports","Reports","Unavailable","","","No observed implemented action","Not available"
"plant_diesel_proc","Diesel Procurement Report","export","Export","Available in current map","client/src/pages/PlantDieselProcurementReport.tsx:237 ReportExportGate shared helper/component (see caller inventory)","","Observed reference; per-operation enforcement must be checked","Export data where Diesel Procurement Report's Export permission is checked."
"plant_diesel_proc","Diesel Procurement Report","approve","Approve","Unavailable","","","No observed implemented action","Not available"
"plant_diesel_proc","Diesel Procurement Report","notify","Receive Notifications","Unavailable","","","No observed implemented action","Not available"
"stock_reconciliation","Physical Stock Reconciliation","view","View","Available in current map","client/src/App.tsx:318 gatedEither path=""/plant/stock-reconciliation"" component={gatedEither(PlantStockReconciliation, ""stock_reconciliation"", ""plant_stock"")} | client/src/pages/PlantStock.tsx:1806 sectionCan shared helper/component (see caller inventory)","server/routes.ts:6385 direct matrix read POST ""/api/plant-module/stock-reconciliation-drafts"" | server/routes.ts:6438 direct matrix read GET ""/api/plant-module/stock-reconciliations""","Observed reference; per-operation enforcement must be checked","Open Physical Stock Reconciliation. Other action switches do not grant page access. Shared pages or actions also accept: Material Stock Ledger (View)."
"stock_reconciliation","Physical Stock Reconciliation","create","Create","Available in current map","client/src/pages/PlantStockReconciliation.tsx:64 sectionCan shared helper/component (see caller inventory)","server/routes.ts:6340 assertCreate POST ""/api/plant-module/stock-reconciliation"" | server/routes.ts:6398 direct matrix read POST ""/api/plant-module/stock-reconciliation-drafts"" | server/routes.ts:6414 assertCreate POST ""/api/plant-module/stock-reconciliation-drafts/:id/reject""","Observed reference; per-operation enforcement must be checked","Create records in Physical Stock Reconciliation."
"stock_reconciliation","Physical Stock Reconciliation","edit","Edit","Unavailable","","","No observed implemented action","Not available"
"stock_reconciliation","Physical Stock Reconciliation","delete","Delete","Unavailable","","","No observed implemented action","Not available"
"stock_reconciliation","Physical Stock Reconciliation","view_reports","Reports","Unavailable","","","No observed implemented action","Not available"
"stock_reconciliation","Physical Stock Reconciliation","export","Export","Unavailable","","","No observed implemented action","Not available"
"stock_reconciliation","Physical Stock Reconciliation","approve","Approve","Unavailable","","","No observed implemented action","Not available"
"stock_reconciliation","Physical Stock Reconciliation","notify","Receive Notifications","Unavailable","","","No observed implemented action","Not available"
"equipment_performance_report","Equipment Performance — View Report","view","View","Available in current map","client/src/App.tsx:237 gatedEither path=""/equipment/hub"" component={gatedEither(EquipmentHub, ""equipment_hub"", ""equipment_performance_report"", ""plant_equipment"")} | client/src/App.tsx:277 gatedEither path=""/reports/equipment-performance"" component={gatedEither(EquipmentPerformanceReport, ""equipment_performance_report"", ""plant_equipment"")} | client/src/App.tsx:278 gatedEither path=""/equipment/status"" component={gatedEither(EquipmentStatus, ""equipment_hub"", ""plant_equipment"", ""equipment_performance_report"")} | client/src/components/HubShell.tsx:132 sectionVisible shared helper/component (see caller inventory) | client/src/pages/DprDetails.tsx:38 sectionCan shared helper/component (see caller inventory) | client/src/pages/EquipmentHub.tsx:32 sectionVisible shared helper/component (see caller inventory) | client/src/pages/EquipmentHub.tsx:33 sectionVisible shared helper/component (see caller inventory) | client/src/pages/ReportsHub.tsx:40 sectionVisible shared helper/component (see caller inventory) | client/src/pages/SiteReport.tsx:43 sectionCan shared helper/component (see caller inventory)","server/routes.ts:5524 assertViewEither GET ""/api/reports/equipment-performance"" | server/routes.ts:5565 direct matrix read GET ""/api/reports/equipment-status""","Observed reference; per-operation enforcement must be checked","Open Equipment Performance — View Report. Other action switches do not grant page access. Shared pages or actions also accept: Equipment & Fleet Hub (entry page) (View); Equipment Usage — Log & View (View)."
"equipment_performance_report","Equipment Performance — View Report","create","Create","Unavailable","","","No observed implemented action","Not available"
"equipment_performance_report","Equipment Performance — View Report","edit","Edit","Unavailable","","","No observed implemented action","Not available"
"equipment_performance_report","Equipment Performance — View Report","delete","Delete","Unavailable","","","No observed implemented action","Not available"
"equipment_performance_report","Equipment Performance — View Report","view_reports","Reports","Unavailable","","","No observed implemented action","Not available"
"equipment_performance_report","Equipment Performance — View Report","export","Export","Unavailable","","","No observed implemented action","Not available"
"equipment_performance_report","Equipment Performance — View Report","approve","Approve","Unavailable","","","No observed implemented action","Not available"
"equipment_performance_report","Equipment Performance — View Report","notify","Receive Notifications","Unavailable","","","No observed implemented action","Not available"
"rmc_operations","RMC Operations (legacy)","view","View","Available in current map","client/src/App.tsx:310 gatedEither path=""/plant/rmc"" component={gatedEither(RmcHub, ""rmc_operations"", ""rmc_batch_records"", ""plant_production"")} | client/src/App.tsx:311 gatedEither path=""/plant/rmc/mix-designs"" component={gatedEither(RmcMixDesigns, ""rmc_mix_designs"", ""rmc_operations"", ""plant_production"")} | client/src/App.tsx:312 gatedEither path=""/plant/rmc/batch-records"" component={gatedEither(RmcBatchRecords, ""rmc_batch_records"", ""rmc_operations"", ""plant_production"")} | client/src/App.tsx:313 gatedEither path=""/plant/rmc/raw-materials"" component={gatedEither(RmcRawMaterials, ""rmc_raw_materials"", ""rmc_operations"", ""plant_materials"")} | client/src/App.tsx:314 gatedEither path=""/plant/rmc/cube-tests"" component={gatedEither(RmcCubeTests, ""rmc_cube_tests"", ""rmc_operations"", ""plant_production"")} | client/src/App.tsx:316 gatedEither path=""/plant/rmc/delivery-challans"" component={gatedEither(RmcDeliveryChallans, ""rmc_delivery_challans"", ""rmc_operations"", ""plant_production"")}","","Observed reference; per-operation enforcement must be checked","Open RMC Operations (legacy). Other action switches do not grant page access. Shared pages or actions also accept: RMC Batch Records (View); Production & Dispatches (View); RMC Mix Designs (View); RMC Raw Materials (View); Material Receipts / Issues / Returns (View); RMC Cube Tests (QC) (View); RMC Delivery Challans (View)."
"rmc_operations","RMC Operations (legacy)","create","Create","Unavailable","","","No observed implemented action","Not available"
"rmc_operations","RMC Operations (legacy)","edit","Edit","Unavailable","","","No observed implemented action","Not available"
"rmc_operations","RMC Operations (legacy)","delete","Delete","Unavailable","","","No observed implemented action","Not available"
"rmc_operations","RMC Operations (legacy)","view_reports","Reports","Unavailable","","","No observed implemented action","Not available"
"rmc_operations","RMC Operations (legacy)","export","Export","Available in current map","client/src/pages/RmcBatchRecords.tsx:42 ReportExportGate shared helper/component (see caller inventory) | client/src/pages/RmcBatchRecords.tsx:378 ReportExportGate shared helper/component (see caller inventory) | client/src/pages/RmcCubeTests.tsx:194 ReportExportGate shared helper/component (see caller inventory) | client/src/pages/RmcDeliveryChallans.tsx:22 ReportExportGate shared helper/component (see caller inventory) | client/src/pages/RmcDeliveryChallans.tsx:189 ReportExportGate shared helper/component (see caller inventory)","","Observed reference; per-operation enforcement must be checked","Export data where RMC Operations (legacy)'s Export permission is checked. Shared pages or actions also accept: RMC Batch Records (Export); Production & Dispatches (Export); RMC Cube Tests (QC) (Export); RMC Delivery Challans (Export)."
"rmc_operations","RMC Operations (legacy)","approve","Approve","Unavailable","","","No observed implemented action","Not available"
"rmc_operations","RMC Operations (legacy)","notify","Receive Notifications","Unavailable","","","No observed implemented action","Not available"
"rmc_batch_records","RMC Batch Records","view","View","Available in current map","client/src/App.tsx:310 gatedEither path=""/plant/rmc"" component={gatedEither(RmcHub, ""rmc_operations"", ""rmc_batch_records"", ""plant_production"")} | client/src/App.tsx:312 gatedEither path=""/plant/rmc/batch-records"" component={gatedEither(RmcBatchRecords, ""rmc_batch_records"", ""rmc_operations"", ""plant_production"")}","","Observed reference; per-operation enforcement must be checked","Open RMC Batch Records. Other action switches do not grant page access. Shared pages or actions also accept: RMC Operations (legacy) (View); Production & Dispatches (View)."
"rmc_batch_records","RMC Batch Records","create","Create","Unavailable","","","No observed implemented action","Not available"
"rmc_batch_records","RMC Batch Records","edit","Edit","Unavailable","","","No observed implemented action","Not available"
"rmc_batch_records","RMC Batch Records","delete","Delete","Unavailable","","","No observed implemented action","Not available"
"rmc_batch_records","RMC Batch Records","view_reports","Reports","Unavailable","","","No observed implemented action","Not available"
"rmc_batch_records","RMC Batch Records","export","Export","Available in current map","client/src/pages/RmcBatchRecords.tsx:42 ReportExportGate shared helper/component (see caller inventory) | client/src/pages/RmcBatchRecords.tsx:378 ReportExportGate shared helper/component (see caller inventory)","server/routes.ts:14152 assertExport GET ""/api/rmc/batch-records/export""","Observed reference; per-operation enforcement must be checked","Export data where RMC Batch Records's Export permission is checked. Shared pages or actions also accept: RMC Operations (legacy) (Export); Production & Dispatches (Export)."
"rmc_batch_records","RMC Batch Records","approve","Approve","Unavailable","","","No observed implemented action","Not available"
"rmc_batch_records","RMC Batch Records","notify","Receive Notifications","Unavailable","","","No observed implemented action","Not available"
"rmc_mix_designs","RMC Mix Designs","view","View","Available in current map","client/src/App.tsx:311 gatedEither path=""/plant/rmc/mix-designs"" component={gatedEither(RmcMixDesigns, ""rmc_mix_designs"", ""rmc_operations"", ""plant_production"")}","","Observed reference; per-operation enforcement must be checked","Open RMC Mix Designs. Other action switches do not grant page access. Shared pages or actions also accept: RMC Operations (legacy) (View); Production & Dispatches (View)."
"rmc_mix_designs","RMC Mix Designs","create","Create","Unavailable","","","No observed implemented action","Not available"
"rmc_mix_designs","RMC Mix Designs","edit","Edit","Unavailable","","","No observed implemented action","Not available"
"rmc_mix_designs","RMC Mix Designs","delete","Delete","Unavailable","","","No observed implemented action","Not available"
"rmc_mix_designs","RMC Mix Designs","view_reports","Reports","Unavailable","","","No observed implemented action","Not available"
"rmc_mix_designs","RMC Mix Designs","export","Export","Unavailable","","","No observed implemented action","Not available"
"rmc_mix_designs","RMC Mix Designs","approve","Approve","Unavailable","","","No observed implemented action","Not available"
"rmc_mix_designs","RMC Mix Designs","notify","Receive Notifications","Unavailable","","","No observed implemented action","Not available"
"rmc_cube_tests","RMC Cube Tests (QC)","view","View","Available in current map","client/src/App.tsx:314 gatedEither path=""/plant/rmc/cube-tests"" component={gatedEither(RmcCubeTests, ""rmc_cube_tests"", ""rmc_operations"", ""plant_production"")}","","Observed reference; per-operation enforcement must be checked","Open RMC Cube Tests (QC). Other action switches do not grant page access. Shared pages or actions also accept: RMC Operations (legacy) (View); Production & Dispatches (View)."
"rmc_cube_tests","RMC Cube Tests (QC)","create","Create","Unavailable","","","No observed implemented action","Not available"
"rmc_cube_tests","RMC Cube Tests (QC)","edit","Edit","Unavailable","","","No observed implemented action","Not available"
"rmc_cube_tests","RMC Cube Tests (QC)","delete","Delete","Available in current map","client/src/components/AttachmentGallery.tsx:105 sectionCan shared helper/component (see caller inventory)","server/routes.ts:1554 assertDelete DELETE ""/api/attachments/:id""","Observed reference; per-operation enforcement must be checked","Delete records where RMC Cube Tests (QC)'s Delete permission is checked."
"rmc_cube_tests","RMC Cube Tests (QC)","view_reports","Reports","Unavailable","","","No observed implemented action","Not available"
"rmc_cube_tests","RMC Cube Tests (QC)","export","Export","Available in current map","client/src/pages/RmcCubeTests.tsx:194 ReportExportGate shared helper/component (see caller inventory)","server/routes.ts:14264 assertExport GET ""/api/rmc/cube-tests/export""","Observed reference; per-operation enforcement must be checked","Export data where RMC Cube Tests (QC)'s Export permission is checked. Shared pages or actions also accept: RMC Operations (legacy) (Export); Production & Dispatches (Export)."
"rmc_cube_tests","RMC Cube Tests (QC)","approve","Approve","Unavailable","","","No observed implemented action","Not available"
"rmc_cube_tests","RMC Cube Tests (QC)","notify","Receive Notifications","Unavailable","","","No observed implemented action","Not available"
"rmc_raw_materials","RMC Raw Materials","view","View","Available in current map","client/src/App.tsx:313 gatedEither path=""/plant/rmc/raw-materials"" component={gatedEither(RmcRawMaterials, ""rmc_raw_materials"", ""rmc_operations"", ""plant_materials"")}","","Observed reference; per-operation enforcement must be checked","Open RMC Raw Materials. Other action switches do not grant page access. Shared pages or actions also accept: RMC Operations (legacy) (View); Material Receipts / Issues / Returns (View)."
"rmc_raw_materials","RMC Raw Materials","create","Create","Unavailable","","","No observed implemented action","Not available"
"rmc_raw_materials","RMC Raw Materials","edit","Edit","Unavailable","","","No observed implemented action","Not available"
"rmc_raw_materials","RMC Raw Materials","delete","Delete","Unavailable","","","No observed implemented action","Not available"
"rmc_raw_materials","RMC Raw Materials","view_reports","Reports","Unavailable","","","No observed implemented action","Not available"
"rmc_raw_materials","RMC Raw Materials","export","Export","Unavailable","","","No observed implemented action","Not available"
"rmc_raw_materials","RMC Raw Materials","approve","Approve","Unavailable","","","No observed implemented action","Not available"
"rmc_raw_materials","RMC Raw Materials","notify","Receive Notifications","Unavailable","","","No observed implemented action","Not available"
"rmc_delivery_challans","RMC Delivery Challans","view","View","Available in current map","client/src/App.tsx:316 gatedEither path=""/plant/rmc/delivery-challans"" component={gatedEither(RmcDeliveryChallans, ""rmc_delivery_challans"", ""rmc_operations"", ""plant_production"")}","","Observed reference; per-operation enforcement must be checked","Open RMC Delivery Challans. Other action switches do not grant page access. Shared pages or actions also accept: RMC Operations (legacy) (View); Production & Dispatches (View)."
"rmc_delivery_challans","RMC Delivery Challans","create","Create","Unavailable","","","No observed implemented action","Not available"
"rmc_delivery_challans","RMC Delivery Challans","edit","Edit","Unavailable","","","No observed implemented action","Not available"
"rmc_delivery_challans","RMC Delivery Challans","delete","Delete","Unavailable","","","No observed implemented action","Not available"
"rmc_delivery_challans","RMC Delivery Challans","view_reports","Reports","Unavailable","","","No observed implemented action","Not available"
"rmc_delivery_challans","RMC Delivery Challans","export","Export","Available in current map","client/src/pages/RmcDeliveryChallans.tsx:22 ReportExportGate shared helper/component (see caller inventory) | client/src/pages/RmcDeliveryChallans.tsx:189 ReportExportGate shared helper/component (see caller inventory)","","Observed reference; per-operation enforcement must be checked","Export data where RMC Delivery Challans's Export permission is checked. Shared pages or actions also accept: RMC Operations (legacy) (Export); Production & Dispatches (Export)."
"rmc_delivery_challans","RMC Delivery Challans","approve","Approve","Unavailable","","","No observed implemented action","Not available"
"rmc_delivery_challans","RMC Delivery Challans","notify","Receive Notifications","Unavailable","","","No observed implemented action","Not available"
"rmc_daily_report","RMC Daily Report","view","View","Available in current map","client/src/App.tsx:315 gatedEither path=""/plant/rmc/daily-report"" component={gatedEither(RmcDailyReport, ""rmc_daily_report"", ""plant_daily_reports"")}","","Observed reference; per-operation enforcement must be checked","Open RMC Daily Report. Other action switches do not grant page access. Shared pages or actions also accept: Daily Plant Reports (single day + PDF bulk) (View)."
"rmc_daily_report","RMC Daily Report","create","Create","Unavailable","","","No observed implemented action","Not available"
"rmc_daily_report","RMC Daily Report","edit","Edit","Unavailable","","","No observed implemented action","Not available"
"rmc_daily_report","RMC Daily Report","delete","Delete","Unavailable","","","No observed implemented action","Not available"
"rmc_daily_report","RMC Daily Report","view_reports","Reports","Unavailable","","","No observed implemented action","Not available"
"rmc_daily_report","RMC Daily Report","export","Export","Available in current map","client/src/pages/RmcDailyReport.tsx:83 ReportExportGate shared helper/component (see caller inventory)","server/routes.ts:14462 assertExport GET ""/api/rmc/daily-report/pdf"" | server/routes.ts:14718 assertExport GET ""/api/rmc/daily-report/export""","Observed reference; per-operation enforcement must be checked","Export data where RMC Daily Report's Export permission is checked. Shared pages or actions also accept: Daily Plant Reports (single day + PDF bulk) (Export)."
"rmc_daily_report","RMC Daily Report","approve","Approve","Unavailable","","","No observed implemented action","Not available"
"rmc_daily_report","RMC Daily Report","notify","Receive Notifications","Unavailable","","","No observed implemented action","Not available"
"vendor_bills","Vendor Bills (legacy)","view","View","Available in current map","client/src/App.tsx:347 gatedEither path=""/plant/vendor-bills"" component={gatedEither(VendorBills, ""vendor_bills_view"", ""vendor_bills"")} | client/src/App.tsx:348 gatedEither path=""/finance/vendor-bills"" component={gatedEither(VendorBills, ""vendor_bills_view"", ""vendor_bills"")} | client/src/pages/FinanceHub.tsx:163 sectionVisible HubActionTile navigation: href={`/plant/vendor-bills?returnTo=${HUB}`} | client/src/pages/Plant.tsx:188 sectionVisible shared helper/component (see caller inventory) | client/src/pages/Plant.tsx:1268 sectionVisible shared helper/component (see caller inventory) | client/src/pages/PlantHome.tsx:18 sectionVisible shared helper/component (see caller inventory) | client/src/pages/ReportsHub.tsx:39 sectionVisible shared helper/component (see caller inventory) | client/src/pages/VendorBills.tsx:574 sectionVisible shared helper/component (see caller inventory)","server/routes.ts:11739 assertViewEither GET ""/api/vendor-bills/equipment-hire-discovery"" | server/routes.ts:11835 assertView GET ""/api/vendor-bills/hire-activities"" | server/routes.ts:11889 direct matrix read GET ""/api/vendor-bills/company-accounts""","Observed reference; per-operation enforcement must be checked","Open Vendor Bills (legacy). Other action switches do not grant page access. Shared pages or actions also accept: Vendor Bills — View List (View); Vendor Bills — Raise / Create (View)."
"vendor_bills","Vendor Bills (legacy)","create","Create","Available in current map","client/src/pages/VendorBills.tsx:572 sectionCan shared helper/component (see caller inventory)","server/routes.ts:4487 assertCreateEither POST ""/api/equipment-hire/statements/:id/create-vendor-bill"" | server/routes.ts:11928 assertCreateEither POST ""/api/vendor-bills"" | server/routes.ts:12630 assertCreateEither POST ""/api/vendor-bills/check-duplicates""","Observed reference; per-operation enforcement must be checked","Create records in Vendor Bills (legacy). Shared pages or actions also accept: Vendor Bills — Raise / Create (Create)."
"vendor_bills","Vendor Bills (legacy)","edit","Edit","Available in current map","client/src/pages/VendorBills.tsx:573 sectionCan shared helper/component (see caller inventory)","server/routes.ts:12019 assertEditEither PUT ""/api/vendor-bills/:id"" | server/routes.ts:12091 assertEdit PATCH ""/api/vendor-bills/:id/status""","Observed reference; per-operation enforcement must be checked","Edit records in Vendor Bills (legacy). This does not grant deletion or cancellation. Shared pages or actions also accept: Vendor Bills — Raise / Create (Edit)."
"vendor_bills","Vendor Bills (legacy)","delete","Delete","Unavailable","","","No observed implemented action","Not available"
"vendor_bills","Vendor Bills (legacy)","view_reports","Reports","Available in current map","client/src/pages/VendorBills.tsx:4989 sectionCan shared helper/component (see caller inventory)","server/routes.ts:11777 direct matrix read GET ""/api/vendor-bills/payables-preview""","Observed reference; per-operation enforcement must be checked","View on-screen reports for Vendor Bills (legacy); downloading and printing require Export."
"vendor_bills","Vendor Bills (legacy)","export","Export","Available in current map","client/src/pages/VendorBills.tsx:580 sectionCan shared helper/component (see caller inventory)","server/routes.ts:11399 assertReportExport GET ""/api/vendor-bills/export"" | server/routes.ts:11775 assertReportExport GET ""/api/vendor-bills/payables-preview"" | server/routes.ts:12123 assertReportExport GET ""/api/vendor-bills/:id/pdf""","Observed reference; per-operation enforcement must be checked","Export data where Vendor Bills (legacy)'s Export permission is checked. Shared pages or actions also accept: Vendor Bills — View List (Export)."
"vendor_bills","Vendor Bills (legacy)","approve","Approve","Unavailable","","","No observed implemented action","Not available"
"vendor_bills","Vendor Bills (legacy)","notify","Receive Notifications","Unavailable","","","No observed implemented action","Not available"
"vendor_bills_view","Vendor Bills — View List","view","View","Available in current map","client/src/App.tsx:347 gatedEither path=""/plant/vendor-bills"" component={gatedEither(VendorBills, ""vendor_bills_view"", ""vendor_bills"")} | client/src/App.tsx:348 gatedEither path=""/finance/vendor-bills"" component={gatedEither(VendorBills, ""vendor_bills_view"", ""vendor_bills"")} | client/src/pages/FinanceHub.tsx:163 sectionVisible HubActionTile navigation: href={`/plant/vendor-bills?returnTo=${HUB}`} | client/src/pages/Plant.tsx:189 sectionVisible shared helper/component (see caller inventory) | client/src/pages/Plant.tsx:1268 sectionVisible shared helper/component (see caller inventory) | client/src/pages/PlantHome.tsx:19 sectionVisible shared helper/component (see caller inventory) | client/src/pages/ReportsHub.tsx:39 sectionVisible shared helper/component (see caller inventory) | client/src/pages/VendorBills.tsx:574 sectionVisible shared helper/component (see caller inventory)","","Observed reference; per-operation enforcement must be checked","Open Vendor Bills — View List. Other action switches do not grant page access. Shared pages or actions also accept: Vendor Bills (legacy) (View)."
"vendor_bills_view","Vendor Bills — View List","create","Create","Unavailable","","","No observed implemented action","Not available"
"vendor_bills_view","Vendor Bills — View List","edit","Edit","Unavailable","","","No observed implemented action","Not available"
"vendor_bills_view","Vendor Bills — View List","delete","Delete","Unavailable","","","No observed implemented action","Not available"
"vendor_bills_view","Vendor Bills — View List","view_reports","Reports","Available in current map","client/src/pages/VendorBills.tsx:4989 sectionCan shared helper/component (see caller inventory)","server/routes.ts:11778 direct matrix read GET ""/api/vendor-bills/payables-preview""","Observed reference; per-operation enforcement must be checked","View on-screen reports for Vendor Bills — View List; downloading and printing require Export."
"vendor_bills_view","Vendor Bills — View List","export","Export","Available in current map","client/src/pages/VendorBills.tsx:580 sectionCan shared helper/component (see caller inventory)","server/routes.ts:11399 assertReportExport GET ""/api/vendor-bills/export"" | server/routes.ts:11775 assertReportExport GET ""/api/vendor-bills/payables-preview"" | server/routes.ts:12123 assertReportExport GET ""/api/vendor-bills/:id/pdf""","Observed reference; per-operation enforcement must be checked","Export data where Vendor Bills — View List's Export permission is checked. Shared pages or actions also accept: Vendor Bills (legacy) (Export)."
"vendor_bills_view","Vendor Bills — View List","approve","Approve","Unavailable","","","No observed implemented action","Not available"
"vendor_bills_view","Vendor Bills — View List","notify","Receive Notifications","Available in current map","","server/routes.ts:12108 sendPushToSection PATCH ""/api/vendor-bills/:id/status""","Observed reference; per-operation enforcement must be checked","Receive notifications for Vendor Bills — View List, when user notifications and a device subscription are enabled."
"vendor_bills_raise","Vendor Bills — Raise / Create","view","View","Available in current map","client/src/pages/FinanceHub.tsx:163 sectionVisible HubActionTile navigation: href={`/plant/vendor-bills?returnTo=${HUB}`} | client/src/pages/Plant.tsx:190 sectionVisible shared helper/component (see caller inventory) | client/src/pages/Plant.tsx:1268 sectionVisible shared helper/component (see caller inventory) | client/src/pages/PlantHome.tsx:20 sectionVisible shared helper/component (see caller inventory) | client/src/pages/ReportsHub.tsx:39 sectionVisible shared helper/component (see caller inventory)","server/routes.ts:11739 assertViewEither GET ""/api/vendor-bills/equipment-hire-discovery""","Observed reference; per-operation enforcement must be checked","Open Vendor Bills — Raise / Create. Other action switches do not grant page access. Shared pages or actions also accept: Vendor Bills (legacy) (View)."
"vendor_bills_raise","Vendor Bills — Raise / Create","create","Create","Available in current map","client/src/pages/VendorBills.tsx:572 sectionCan shared helper/component (see caller inventory)","server/routes.ts:4487 assertCreateEither POST ""/api/equipment-hire/statements/:id/create-vendor-bill"" | server/routes.ts:11928 assertCreateEither POST ""/api/vendor-bills"" | server/routes.ts:12630 assertCreateEither POST ""/api/vendor-bills/check-duplicates""","Observed reference; per-operation enforcement must be checked","Create records in Vendor Bills — Raise / Create. Shared pages or actions also accept: Vendor Bills (legacy) (Create)."
"vendor_bills_raise","Vendor Bills — Raise / Create","edit","Edit","Available in current map","","server/routes.ts:12019 assertEditEither PUT ""/api/vendor-bills/:id""","Observed reference; per-operation enforcement must be checked","Edit records in Vendor Bills — Raise / Create. This does not grant deletion or cancellation. Shared pages or actions also accept: Vendor Bills (legacy) (Edit)."
"vendor_bills_raise","Vendor Bills — Raise / Create","delete","Delete","Available in current map","client/src/components/AttachmentGallery.tsx:101 sectionCan shared helper/component (see caller inventory)","server/routes.ts:1550 assertDelete DELETE ""/api/attachments/:id""","Observed reference; per-operation enforcement must be checked","Delete records where Vendor Bills — Raise / Create's Delete permission is checked."
"vendor_bills_raise","Vendor Bills — Raise / Create","view_reports","Reports","Unavailable","","","No observed implemented action","Not available"
"vendor_bills_raise","Vendor Bills — Raise / Create","export","Export","Unavailable","","","No observed implemented action","Not available"
"vendor_bills_raise","Vendor Bills — Raise / Create","approve","Approve","Unavailable","","","No observed implemented action","Not available"
"vendor_bills_raise","Vendor Bills — Raise / Create","notify","Receive Notifications","Available in current map","","server/routes.ts:12100 sendPushToSection PATCH ""/api/vendor-bills/:id/status"" | server/routes.ts:12103 sendPushToSection PATCH ""/api/vendor-bills/:id/status""","Observed reference; per-operation enforcement must be checked","Receive notifications for Vendor Bills — Raise / Create, when user notifications and a device subscription are enabled."
"vendor_bills_verify","Vendor Bills — Mark Verified","view","View","Available in current map","client/src/pages/FinanceHub.tsx:163 sectionVisible HubActionTile navigation: href={`/plant/vendor-bills?returnTo=${HUB}`} | client/src/pages/Plant.tsx:191 sectionVisible shared helper/component (see caller inventory) | client/src/pages/Plant.tsx:1268 sectionVisible shared helper/component (see caller inventory) | client/src/pages/PlantHome.tsx:21 sectionVisible shared helper/component (see caller inventory) | client/src/pages/ReportsHub.tsx:39 sectionVisible shared helper/component (see caller inventory)","","Observed reference; per-operation enforcement must be checked","Open Vendor Bills — Mark Verified. Other action switches do not grant page access."
"vendor_bills_verify","Vendor Bills — Mark Verified","create","Create","Unavailable","","","No observed implemented action","Not available"
"vendor_bills_verify","Vendor Bills — Mark Verified","edit","Edit","Available in current map","client/src/pages/VendorBills.tsx:573 sectionCan shared helper/component (see caller inventory)","","Observed reference; per-operation enforcement must be checked","Edit records in Vendor Bills — Mark Verified. This does not grant deletion or cancellation."
"vendor_bills_verify","Vendor Bills — Mark Verified","delete","Delete","Unavailable","","","No observed implemented action","Not available"
"vendor_bills_verify","Vendor Bills — Mark Verified","view_reports","Reports","Unavailable","","","No observed implemented action","Not available"
"vendor_bills_verify","Vendor Bills — Mark Verified","export","Export","Unavailable","","","No observed implemented action","Not available"
"vendor_bills_verify","Vendor Bills — Mark Verified","approve","Approve","Available in current map","","server/routes.ts:12082 assertApprove PATCH ""/api/vendor-bills/:id/status""","Observed reference; per-operation enforcement must be checked","Allow approval actions in Vendor Bills — Mark Verified."
"vendor_bills_verify","Vendor Bills — Mark Verified","notify","Receive Notifications","Unavailable","","","No observed implemented action","Not available"
"vendor_bills_approve","Vendor Bills — Final Approve / Mark Paid","view","View","Available in current map","client/src/pages/FinanceHub.tsx:163 sectionVisible HubActionTile navigation: href={`/plant/vendor-bills?returnTo=${HUB}`} | client/src/pages/Plant.tsx:192 sectionVisible shared helper/component (see caller inventory) | client/src/pages/Plant.tsx:1268 sectionVisible shared helper/component (see caller inventory) | client/src/pages/PlantHome.tsx:22 sectionVisible shared helper/component (see caller inventory) | client/src/pages/ReportsHub.tsx:39 sectionVisible shared helper/component (see caller inventory)","","Observed reference; per-operation enforcement must be checked","Open Vendor Bills — Final Approve / Mark Paid. Other action switches do not grant page access."
"vendor_bills_approve","Vendor Bills — Final Approve / Mark Paid","create","Create","Unavailable","","","No observed implemented action","Not available"
"vendor_bills_approve","Vendor Bills — Final Approve / Mark Paid","edit","Edit","Available in current map","client/src/pages/VendorBills.tsx:573 sectionCan shared helper/component (see caller inventory)","","Observed reference; per-operation enforcement must be checked","Edit records in Vendor Bills — Final Approve / Mark Paid. This does not grant deletion or cancellation."
"vendor_bills_approve","Vendor Bills — Final Approve / Mark Paid","delete","Delete","Unavailable","","","No observed implemented action","Not available"
"vendor_bills_approve","Vendor Bills — Final Approve / Mark Paid","view_reports","Reports","Unavailable","","","No observed implemented action","Not available"
"vendor_bills_approve","Vendor Bills — Final Approve / Mark Paid","export","Export","Unavailable","","","No observed implemented action","Not available"
"vendor_bills_approve","Vendor Bills — Final Approve / Mark Paid","approve","Approve","Available in current map","client/src/pages/VendorBills.tsx:579 sectionCan shared helper/component (see caller inventory)","server/routes.ts:4470 assertApprove POST ""/api/equipment-hire/statements/:id/approve"" | server/routes.ts:12043 assertApprove PATCH ""/api/vendor-bills/:id/payment-details"" | server/routes.ts:12075 assertApprove PATCH ""/api/vendor-bills/:id/status"" | server/routes.ts:12089 assertApprove PATCH ""/api/vendor-bills/:id/status""","Observed reference; per-operation enforcement must be checked","Allow approve actions in Vendor Bills — Final Approve / Mark Paid."
"vendor_bills_approve","Vendor Bills — Final Approve / Mark Paid","notify","Receive Notifications","Available in current map","","server/routes.ts:11957 sendPushToSection POST ""/api/vendor-bills"" | server/routes.ts:12106 sendPushToSection PATCH ""/api/vendor-bills/:id/status""","Observed reference; per-operation enforcement must be checked","Receive notifications for Vendor Bills — Final Approve / Mark Paid, when user notifications and a device subscription are enabled."
"vendor_bill_aliases","Vendor Aliases (merge duplicate names)","view","View","Available in current map","","","Retained unwired control","No implemented page is controlled by this legacy switch. Retained unchanged under PERM-02 D3; it does not grant access."
"vendor_bill_aliases","Vendor Aliases (merge duplicate names)","create","Create","Unavailable","","","No observed implemented action","Not available"
"vendor_bill_aliases","Vendor Aliases (merge duplicate names)","edit","Edit","Unavailable","","","No observed implemented action","Not available"
"vendor_bill_aliases","Vendor Aliases (merge duplicate names)","delete","Delete","Unavailable","","","No observed implemented action","Not available"
"vendor_bill_aliases","Vendor Aliases (merge duplicate names)","view_reports","Reports","Unavailable","","","No observed implemented action","Not available"
"vendor_bill_aliases","Vendor Aliases (merge duplicate names)","export","Export","Unavailable","","","No observed implemented action","Not available"
"vendor_bill_aliases","Vendor Aliases (merge duplicate names)","approve","Approve","Unavailable","","","No observed implemented action","Not available"
"vendor_bill_aliases","Vendor Aliases (merge duplicate names)","notify","Receive Notifications","Unavailable","","","No observed implemented action","Not available"
"reports","Reports (legacy)","view","View","Available in current map","client/src/App.tsx:392 gatedEither path=""/admin/reports"" component={gatedEither(AdminReports, ""report_management"", ""reports"")} | client/src/App.tsx:393 gatedEither path=""/admin/management-report"" component={gatedEither(ManagementReport, ""report_management"", ""reports"", ""admin_settings"")} | client/src/App.tsx:394 gatedEither path=""/admin/concrete-estimates"" component={gatedEither(ConcreteEstimates, ""concrete_calculator"", ""concrete_estimates_manage"", ""reports"", ""admin_settings"")} | client/src/pages/ReportsHub.tsx:25 sectionVisible shared helper/component (see caller inventory)","server/management-report.ts:42 direct matrix read shared helper/component (see caller inventory) | server/management-report.ts:108 direct matrix read GET ""/api/admin/management-report/accessible-sites"" | server/management-report.ts:138 assertViewReportOrAdmin -> server/management-report.ts:35 GET ""/api/admin/management-report/materials"" | server/management-report.ts:271 assertViewReportOrAdmin -> server/management-report.ts:35 GET ""/api/admin/management-report/production"" | server/management-report.ts:343 assertViewReportOrAdmin -> server/management-report.ts:35 GET ""/api/admin/management-report/fuel"" | server/management-report.ts:453 assertViewReportOrAdmin -> server/management-report.ts:35 GET ""/api/admin/management-report/labour"" | server/management-report.ts:498 assertViewReportOrAdmin -> server/management-report.ts:35 GET ""/api/admin/management-report/financials""","Observed reference; per-operation enforcement must be checked","Open Reports (legacy). Other action switches do not grant page access. Shared pages or actions also accept: Management Report (View); Admin Settings (legacy) (View); Concrete Rate Calculator (v1 & v2) (View); Concrete Estimates — Manage (View)."
"reports","Reports (legacy)","create","Create","Unavailable","","","No observed implemented action","Not available"
"reports","Reports (legacy)","edit","Edit","Unavailable","","","No observed implemented action","Not available"
"reports","Reports (legacy)","delete","Delete","Unavailable","","","No observed implemented action","Not available"
"reports","Reports (legacy)","view_reports","Reports","Unavailable","","","No observed implemented action","Not available"
"reports","Reports (legacy)","export","Export","Available in current map","client/src/pages/ManagementReport.tsx:382 ReportExportGate shared helper/component (see caller inventory)","","Observed reference; per-operation enforcement must be checked","Export data where Reports (legacy)'s Export permission is checked. Shared pages or actions also accept: Management Report (Export); Admin Settings (legacy) (Export)."
"reports","Reports (legacy)","approve","Approve","Unavailable","","","No observed implemented action","Not available"
"reports","Reports (legacy)","notify","Receive Notifications","Unavailable","","","No observed implemented action","Not available"
"report_management","Management Report","view","View","Available in current map","client/src/App.tsx:392 gatedEither path=""/admin/reports"" component={gatedEither(AdminReports, ""report_management"", ""reports"")} | client/src/App.tsx:393 gatedEither path=""/admin/management-report"" component={gatedEither(ManagementReport, ""report_management"", ""reports"", ""admin_settings"")}","server/management-report.ts:42 direct matrix read shared helper/component (see caller inventory) | server/management-report.ts:108 direct matrix read GET ""/api/admin/management-report/accessible-sites"" | server/management-report.ts:138 assertViewReportOrAdmin -> server/management-report.ts:35 GET ""/api/admin/management-report/materials"" | server/management-report.ts:271 assertViewReportOrAdmin -> server/management-report.ts:35 GET ""/api/admin/management-report/production"" | server/management-report.ts:343 assertViewReportOrAdmin -> server/management-report.ts:35 GET ""/api/admin/management-report/fuel"" | server/management-report.ts:453 assertViewReportOrAdmin -> server/management-report.ts:35 GET ""/api/admin/management-report/labour"" | server/management-report.ts:498 assertViewReportOrAdmin -> server/management-report.ts:35 GET ""/api/admin/management-report/financials""","Observed reference; per-operation enforcement must be checked","Open Management Report. Other action switches do not grant page access. Shared pages or actions also accept: Reports (legacy) (View); Admin Settings (legacy) (View)."
"report_management","Management Report","create","Create","Unavailable","","","No observed implemented action","Not available"
"report_management","Management Report","edit","Edit","Unavailable","","","No observed implemented action","Not available"
"report_management","Management Report","delete","Delete","Unavailable","","","No observed implemented action","Not available"
"report_management","Management Report","view_reports","Reports","Unavailable","","","No observed implemented action","Not available"
"report_management","Management Report","export","Export","Available in current map","client/src/pages/ManagementReport.tsx:382 ReportExportGate shared helper/component (see caller inventory)","","Observed reference; per-operation enforcement must be checked","Export data where Management Report's Export permission is checked. Shared pages or actions also accept: Reports (legacy) (Export); Admin Settings (legacy) (Export)."
"report_management","Management Report","approve","Approve","Unavailable","","","No observed implemented action","Not available"
"report_management","Management Report","notify","Receive Notifications","Unavailable","","","No observed implemented action","Not available"
"report_site_purchases","Site Purchases Report","view","View","Available in current map","client/src/App.tsx:294 gatedEither path=""/site/purchases"" component={gatedEither(SitePurchasesReport, ""report_site_purchases"", ""site_procurement"")}","","Observed reference; per-operation enforcement must be checked","Open Site Purchases Report. Other action switches do not grant page access. Shared pages or actions also accept: Purchase Indents (legacy) (View)."
"report_site_purchases","Site Purchases Report","create","Create","Unavailable","","","No observed implemented action","Not available"
"report_site_purchases","Site Purchases Report","edit","Edit","Available in current map","","server/routes.ts:1685 assertEdit PUT ""/api/site-purchases/:id""","Observed reference; per-operation enforcement must be checked","Edit records in Site Purchases Report. This does not grant deletion or cancellation."
"report_site_purchases","Site Purchases Report","delete","Delete","Unavailable","","","No observed implemented action","Not available"
"report_site_purchases","Site Purchases Report","view_reports","Reports","Unavailable","","","No observed implemented action","Not available"
"report_site_purchases","Site Purchases Report","export","Export","Unavailable","","","No observed implemented action","Not available"
"report_site_purchases","Site Purchases Report","approve","Approve","Unavailable","","","No observed implemented action","Not available"
"report_site_purchases","Site Purchases Report","notify","Receive Notifications","Unavailable","","","No observed implemented action","Not available"
"stores_inventory","Stores — GRNs, Issues & Ledger","view","View","Available in current map","client/src/App.tsx:250 gatedEither path=""/stores/hub"" component={gatedEither(StoresHub, ""stores_hub"", ""stores_inventory"")} | client/src/App.tsx:296 gatedEither path=""/site/requirements"" component={gatedEither(SiteRequirementsList, ""site_dprs"", ""stores_inventory"", ""plant_equipment"", ""labour_management"")} | client/src/App.tsx:375 gated path=""/stores"" component={gated(StoresHome, ""stores_inventory"")} | client/src/App.tsx:376 gated path=""/stores/items"" component={gated(StoresItems, ""stores_inventory"")} | client/src/App.tsx:377 gated path=""/stores/grns"" component={gated(StoresGrn, ""stores_inventory"")} | client/src/App.tsx:378 gated path=""/stores/grns/new"" component={gated(() => <StoresGrn isNew />, ""stores_inventory"")} | client/src/App.tsx:379 gated path=""/stores/grns/:id"" component={gated((p: any) => <StoresGrn detailId={parseInt(p.id)} />, ""stores_inventory"")} | client/src/App.tsx:380 gated path=""/stores/issues"" component={gated(StoresIssue, ""stores_inventory"")} | client/src/App.tsx:381 gated path=""/stores/issues/new"" component={gated(() => <StoresIssue isNew />, ""stores_inventory"")} | client/src/App.tsx:382 gated path=""/stores/issues/:id"" component={gated((p: any) => <StoresIssue detailId={parseInt(p.id)} />, ""stores_inventory"")} | client/src/App.tsx:383 gated path=""/stores/ledger/:itemId"" component={gated(StoresLedger, ""stores_inventory"")} | client/src/App.tsx:384 gatedEither path=""/stores/diesel-register"" component={gatedEither(StoresDieselRegister, ""diesel_req_view"", ""site_diesel"", ""stores_inventory"")} | client/src/components/HubShell.tsx:133 sectionVisible shared helper/component (see caller inventory) | client/src/pages/DieselRequirements.tsx:1159 sectionCan shared helper/component (see caller inventory) | client/src/pages/PurchaseIndents.tsx:679 sectionCan shared helper/component (see caller inventory) | client/src/pages/SiteHub.tsx:227 sectionVisible HubActionTile navigation: href=""/site/requirements?returnTo=/site/hub"" | client/src/pages/SiteRequirementsList.tsx:1414 sectionVisible shared helper/component (see caller inventory) | client/src/pages/SiteRequirementsList.tsx:1417 sectionVisible shared helper/component (see caller inventory) | client/src/pages/StoresDieselRegister.tsx:129 sectionVisible shared helper/component (see caller inventory) | client/src/pages/StoresHome.tsx:27 sectionVisible shared helper/component (see caller inventory) | client/src/pages/StoresHub.tsx:33 sectionVisible shared helper/component (see caller inventory)","server/routes.ts:241 direct matrix read shared helper/component (see caller inventory) | server/routes.ts:13129 assertView GET ""/api/stores/items"" | server/routes.ts:13141 assertView GET ""/api/stores/stock-balance"" | server/routes.ts:13188 assertView GET ""/api/stores/grns/pending-receipt-count"" | server/routes.ts:13208 assertView GET ""/api/stores/grns"" | server/routes.ts:13236 assertView GET ""/api/stores/grns/supplier-history"" | server/routes.ts:13255 assertView GET ""/api/stores/grns/recent-items"" | server/routes.ts:13267 assertView GET ""/api/stores/grns/recent-suppliers"" | server/routes.ts:13282 assertView GET ""/api/stores/grns/stale"" | server/routes.ts:13298 assertView GET ""/api/stores/grns/:id"" | server/routes.ts:13494 assertView GET ""/api/stores/issues/recent-items"" | server/routes.ts:13506 assertView GET ""/api/stores/issues"" | server/routes.ts:13529 assertView GET ""/api/stores/issues/:id"" | server/routes.ts:13614 assertView GET ""/api/stores/stock-summary"" | server/routes.ts:13626 assertView GET ""/api/stores/ledger/:itemId"" | server/routes.ts:13641 assertView GET ""/api/stores/next-doc-number"" | server/routes.ts:13656 assertView GET ""/api/stores/indent-grn-counts"" | server/routes.ts:13667 assertView GET ""/api/stores/indent-fulfilment-status"" | server/routes.ts:13678 assertView GET ""/api/stores/indent-received-per-item"" | server/routes.ts:1441 assertDieselOrStoresView -> server/routes.ts:232 GET ""/api/attachments"" | server/routes.ts:1469 assertDieselOrStoresView -> server/routes.ts:232 GET ""/api/attachments/counts"" | server/routes.ts:10826 assertDieselOrStoresView -> server/routes.ts:232 GET ""/api/diesel-requirements"" | server/routes.ts:10842 assertDieselOrStoresView -> server/routes.ts:232 GET ""/api/diesel-requirements/summary"" | server/routes.ts:10859 assertDieselOrStoresView -> server/routes.ts:232 GET ""/api/diesel-requirements/daily-report"" | server/routes.ts:10880 assertDieselOrStoresView -> server/routes.ts:232 GET ""/api/diesel-requirements/comparison"" | server/routes.ts:10911 assertDieselOrStoresView -> server/routes.ts:232 GET ""/api/diesel-requirements/recent-items"" | server/routes.ts:10929 assertDieselOrStoresView -> server/routes.ts:232 GET ""/api/diesel-requirements/receipt-status"" | server/routes.ts:11010 assertDieselOrStoresView -> server/routes.ts:232 GET ""/api/diesel-requirements/:id""","Observed reference; per-operation enforcement must be checked","Open Stores — GRNs, Issues & Ledger. Other action switches do not grant page access. Shared pages or actions also accept: Stores & Inventory Hub (entry page) (View); Site DPRs — File & View (View); Equipment Usage — Log & View (View); Site Requirements — Labour Allocation (View); Diesel Requirements — View List (View); Diesel Requirements (legacy) (View); Diesel Requirements (legacy) (View / Create / Edit); Diesel Requirements — Raise / Submit (View / Create / Edit)."
"stores_inventory","Stores — GRNs, Issues & Ledger","create","Create","Available in current map","client/src/pages/PurchaseIndents.tsx:680 sectionCan shared helper/component (see caller inventory) | client/src/pages/irn/IrnDetailPage.tsx:80 sectionCan shared helper/component (see caller inventory) | client/src/pages/irn/IrnDetailPage.tsx:82 sectionCan shared helper/component (see caller inventory)","server/routes.ts:9564 assertCreate PATCH ""/api/purchase-indents/:id/stores-verify"" | server/routes.ts:9594 assertCreate PATCH ""/api/purchase-indents/:id/stores-bypass"" | server/routes.ts:9866 assertCreate PATCH ""/api/irn/:id/stores-verify"" | server/routes.ts:9939 direct matrix read PATCH ""/api/irn/:id/close"" | server/routes.ts:10038 assertCreate POST ""/api/irn/:id/record-issue"" | server/routes.ts:13152 assertCreate POST ""/api/stores/items"" | server/routes.ts:13317 assertCreate POST ""/api/stores/grns"" | server/routes.ts:13548 assertCreate POST ""/api/stores/issues"" | server/routes.ts:23400 direct matrix read PATCH ""/api/site-requirements/:id/item-status""","Observed reference; per-operation enforcement must be checked","Create records in Stores — GRNs, Issues & Ledger. Shared pages or actions also accept: Diesel Requirements (legacy) (View / Create / Edit); Diesel Requirements — Raise / Submit (View / Create / Edit)."
"stores_inventory","Stores — GRNs, Issues & Ledger","edit","Edit","Available in current map","client/src/pages/StoresGrn.tsx:900 EditPermissionButton mapped record type shared helper/component (see caller inventory)","server/routes.ts:13163 assertEdit PATCH ""/api/stores/items/:id"" | server/routes.ts:13175 assertEdit POST ""/api/stores/items/:id/toggle"" | server/routes.ts:13361 assertEdit PATCH ""/api/stores/grns/:id"" | server/routes.ts:13445 assertEdit PUT ""/api/stores/grns/:id""","Observed reference; per-operation enforcement must be checked","Edit records in Stores — GRNs, Issues & Ledger. This does not grant deletion or cancellation. Shared pages or actions also accept: Diesel Requirements (legacy) (View / Create / Edit); Diesel Requirements — Raise / Submit (View / Create / Edit)."
"stores_inventory","Stores — GRNs, Issues & Ledger","delete","Delete","Available in current map","client/src/components/AttachmentGallery.tsx:100 sectionCan shared helper/component (see caller inventory)","server/routes.ts:1549 assertDelete DELETE ""/api/attachments/:id""","Observed reference; per-operation enforcement must be checked","Delete records where Stores — GRNs, Issues & Ledger's Delete permission is checked."
"stores_inventory","Stores — GRNs, Issues & Ledger","view_reports","Reports","Unavailable","","","No observed implemented action","Not available"
"stores_inventory","Stores — GRNs, Issues & Ledger","export","Export","Unavailable","","","No observed implemented action","Not available"
"stores_inventory","Stores — GRNs, Issues & Ledger","approve","Approve","Unavailable","","","No observed implemented action","Not available"
"stores_inventory","Stores — GRNs, Issues & Ledger","notify","Receive Notifications","Available in current map","","server/routes.ts:13351 sendPushToSection POST ""/api/stores/grns"" | server/routes.ts:13576 sendPushToSection POST ""/api/stores/issues""","Observed reference; per-operation enforcement must be checked","Receive notifications for Stores — GRNs, Issues & Ledger, when user notifications and a device subscription are enabled."
"labour_management","Site Requirements — Labour Allocation","view","View","Available in current map","client/src/App.tsx:296 gatedEither path=""/site/requirements"" component={gatedEither(SiteRequirementsList, ""site_dprs"", ""stores_inventory"", ""plant_equipment"", ""labour_management"")} | client/src/pages/SiteHub.tsx:228 sectionVisible HubActionTile navigation: href=""/site/requirements?returnTo=/site/hub"" | client/src/pages/SiteRequirementsList.tsx:1416 sectionVisible shared helper/component (see caller inventory)","","Observed reference; per-operation enforcement must be checked","Open Site Requirements — Labour Allocation. Other action switches do not grant page access. Shared pages or actions also accept: Site DPRs — File & View (View); Stores — GRNs, Issues & Ledger (View); Equipment Usage — Log & View (View)."
"labour_management","Site Requirements — Labour Allocation","create","Create","Available in current map","","server/routes.ts:23402 direct matrix read PATCH ""/api/site-requirements/:id/item-status""","Observed reference; per-operation enforcement must be checked","Update Labour Allocation Status on Site Requirements. Create is the existing permission key for this operation."
"labour_management","Site Requirements — Labour Allocation","edit","Edit","Unavailable","","","No observed implemented action","Not available"
"labour_management","Site Requirements — Labour Allocation","delete","Delete","Unavailable","","","No observed implemented action","Not available"
"labour_management","Site Requirements — Labour Allocation","view_reports","Reports","Unavailable","","","No observed implemented action","Not available"
"labour_management","Site Requirements — Labour Allocation","export","Export","Unavailable","","","No observed implemented action","Not available"
"labour_management","Site Requirements — Labour Allocation","approve","Approve","Unavailable","","","No observed implemented action","Not available"
"labour_management","Site Requirements — Labour Allocation","notify","Receive Notifications","Unavailable","","","No observed implemented action","Not available"
"estimator_portal","Estimator Portal (login + hub)","view","View","Available in current map","client/src/App.tsx:218 gated path=""/estimator-hub"" component={gated(EstimatorHub, ""estimator_portal"")} | client/src/components/HubShell.tsx:120 sectionVisible shared helper/component (see caller inventory)","","Observed reference; per-operation enforcement must be checked","Open Estimator Portal (login + hub). Other action switches do not grant page access."
"estimator_portal","Estimator Portal (login + hub)","create","Create","Unavailable","","","No observed implemented action","Not available"
"estimator_portal","Estimator Portal (login + hub)","edit","Edit","Unavailable","","","No observed implemented action","Not available"
"estimator_portal","Estimator Portal (login + hub)","delete","Delete","Unavailable","","","No observed implemented action","Not available"
"estimator_portal","Estimator Portal (login + hub)","view_reports","Reports","Unavailable","","","No observed implemented action","Not available"
"estimator_portal","Estimator Portal (login + hub)","export","Export","Unavailable","","","No observed implemented action","Not available"
"estimator_portal","Estimator Portal (login + hub)","approve","Approve","Unavailable","","","No observed implemented action","Not available"
"estimator_portal","Estimator Portal (login + hub)","notify","Receive Notifications","Unavailable","","","No observed implemented action","Not available"
"mix_calculator","Bituminous Mix Rate Calculator","view","View","Available in current map","client/src/App.tsx:221 gated path=""/admin/mix-estimates"" component={gated(MixEstimates, ""mix_calculator"")} | client/src/App.tsx:222 gated path=""/admin/mix-impact"" component={gated(MixImpact, ""mix_calculator"")} | client/src/App.tsx:223 gated path=""/admin/mix-comparison"" component={gated(MixComparativeReport, ""mix_calculator"")} | client/src/App.tsx:224 gated path=""/admin/scenario-comparison"" component={gated(ScenarioComparison, ""mix_calculator"")} | client/src/components/HubShell.tsx:121 sectionVisible shared helper/component (see caller inventory)","","Observed reference; per-operation enforcement must be checked","Open Bituminous Mix Rate Calculator. Other action switches do not grant page access."
"mix_calculator","Bituminous Mix Rate Calculator","create","Create","Available in current map","client/src/pages/MixEstimates.tsx:49 sectionCan shared helper/component (see caller inventory) | client/src/pages/MixImpact.tsx:575 sectionCan shared helper/component (see caller inventory) | client/src/pages/ScenarioComparison.tsx:40 sectionCan shared helper/component (see caller inventory)","server/routes.ts:165 direct matrix read shared helper/component (see caller inventory) | server/routes.ts:166 direct matrix read shared helper/component (see caller inventory) | server/routes.ts:12834 assertMixCalcWrite POST ""/api/mix-estimates"" | server/routes.ts:12848 assertMixCalcWrite PUT ""/api/mix-estimates/:id"" | server/routes.ts:12890 assertMixCalcWrite POST ""/api/price-scenarios"" | server/routes.ts:12917 assertMixCalcWrite PATCH ""/api/price-scenarios/:id"" | server/routes.ts:12944 assertMixCalcWrite PATCH ""/api/mix-estimates/rename-contractor"" | server/routes.ts:12957 assertMixCalcWrite PATCH ""/api/mix-estimates/rename-project""","Observed reference; per-operation enforcement must be checked","Create records in Bituminous Mix Rate Calculator."
"mix_calculator","Bituminous Mix Rate Calculator","edit","Edit","Available in current map","client/src/pages/MixImpact.tsx:575 sectionCan shared helper/component (see caller inventory) | client/src/pages/ScenarioComparison.tsx:40 sectionCan shared helper/component (see caller inventory)","server/routes.ts:166 direct matrix read shared helper/component (see caller inventory) | server/routes.ts:12848 assertMixCalcWrite PUT ""/api/mix-estimates/:id"" | server/routes.ts:12917 assertMixCalcWrite PATCH ""/api/price-scenarios/:id"" | server/routes.ts:12944 assertMixCalcWrite PATCH ""/api/mix-estimates/rename-contractor"" | server/routes.ts:12957 assertMixCalcWrite PATCH ""/api/mix-estimates/rename-project""","Observed reference; per-operation enforcement must be checked","Edit records in Bituminous Mix Rate Calculator. This does not grant deletion or cancellation."
"mix_calculator","Bituminous Mix Rate Calculator","delete","Delete","Available in current map","","server/routes.ts:167 direct matrix read shared helper/component (see caller inventory) | server/routes.ts:12865 assertMixCalcWrite DELETE ""/api/mix-estimates/:id"" | server/routes.ts:12931 assertMixCalcWrite DELETE ""/api/price-scenarios/:id""","Observed reference; per-operation enforcement must be checked","Delete records where Bituminous Mix Rate Calculator's Delete permission is checked."
"mix_calculator","Bituminous Mix Rate Calculator","view_reports","Reports","Unavailable","","","No observed implemented action","Not available"
"mix_calculator","Bituminous Mix Rate Calculator","export","Export","Available in current map","client/src/pages/MixComparativeReport.tsx:77 ReportExportGate shared helper/component (see caller inventory) | client/src/pages/MixImpact.tsx:708 ReportExportGate shared helper/component (see caller inventory) | client/src/pages/ScenarioComparison.tsx:176 ReportExportGate shared helper/component (see caller inventory)","","Observed reference; per-operation enforcement must be checked","Export data where Bituminous Mix Rate Calculator's Export permission is checked."
"mix_calculator","Bituminous Mix Rate Calculator","approve","Approve","Unavailable","","","No observed implemented action","Not available"
"mix_calculator","Bituminous Mix Rate Calculator","notify","Receive Notifications","Unavailable","","","No observed implemented action","Not available"
"concrete_calculator","Concrete Rate Calculator (v1 & v2)","view","View","Available in current map","client/src/App.tsx:219 gated path=""/concrete-calculator"" component={gated(ConcreteCalculator, ""concrete_calculator"")} | client/src/App.tsx:220 gated path=""/concrete-calculator-v2"" component={gated(ConcreteCalculatorV2, ""concrete_calculator"")} | client/src/App.tsx:394 gatedEither path=""/admin/concrete-estimates"" component={gatedEither(ConcreteEstimates, ""concrete_calculator"", ""concrete_estimates_manage"", ""reports"", ""admin_settings"")} | client/src/components/HubShell.tsx:122 sectionVisible shared helper/component (see caller inventory)","","Observed reference; per-operation enforcement must be checked","Open Concrete Rate Calculator (v1 & v2). Other action switches do not grant page access. Shared pages or actions also accept: Concrete Estimates — Manage (View); Reports (legacy) (View); Admin Settings (legacy) (View)."
"concrete_calculator","Concrete Rate Calculator (v1 & v2)","create","Create","Unavailable","","","No observed implemented action","Not available"
"concrete_calculator","Concrete Rate Calculator (v1 & v2)","edit","Edit","Unavailable","","","No observed implemented action","Not available"
"concrete_calculator","Concrete Rate Calculator (v1 & v2)","delete","Delete","Unavailable","","","No observed implemented action","Not available"
"concrete_calculator","Concrete Rate Calculator (v1 & v2)","view_reports","Reports","Unavailable","","","No observed implemented action","Not available"
"concrete_calculator","Concrete Rate Calculator (v1 & v2)","export","Export","Available in current map","client/src/pages/ConcreteCalculator.tsx:3871 ReportExportGate shared helper/component (see caller inventory) | client/src/pages/ConcreteCalculator.tsx:3972 ReportExportGate shared helper/component (see caller inventory) | client/src/pages/ConcreteCalculator.tsx:4116 ReportExportGate shared helper/component (see caller inventory) | client/src/pages/ConcreteCalculator.tsx:4281 ReportExportGate shared helper/component (see caller inventory) | client/src/pages/ConcreteCalculator.tsx:4387 ReportExportGate shared helper/component (see caller inventory)","","Observed reference; per-operation enforcement must be checked","Export data where Concrete Rate Calculator (v1 & v2)'s Export permission is checked."
"concrete_calculator","Concrete Rate Calculator (v1 & v2)","approve","Approve","Unavailable","","","No observed implemented action","Not available"
"concrete_calculator","Concrete Rate Calculator (v1 & v2)","notify","Receive Notifications","Unavailable","","","No observed implemented action","Not available"
"qto_boq","QTO & BOQ Estimator","view","View","Available in current map","client/src/App.tsx:360 gatedEither path=""/work-program"" component={gatedEither(BoqProjects, ""qto_boq"", ""work_programme"", ""work_programme_review"", ""planning_masters"")} | client/src/App.tsx:362 gated path=""/work-program/:id"" component={gated(BoqProjectDetail, ""qto_boq"")} | client/src/App.tsx:368 gatedEither path=""/work-program/:id/scope"" component={gatedEither(ScopeSetup, ""project_scope"", ""qto_boq"", ""work_programme"", ""work_programme_review"", ""planning_masters"")} | client/src/components/HubShell.tsx:123 sectionVisible shared helper/component (see caller inventory) | client/src/components/HubShell.tsx:136 sectionVisible shared helper/component (see caller inventory) | client/src/pages/BoqProjects.tsx:319 sectionCan shared helper/component (see caller inventory)","server/routes.ts:16131 assertViewEither GET ""/api/boq/projects/:id/programme-status"" | server/routes.ts:22433 assertViewEither GET ""/api/snl/sources"" | server/routes.ts:22442 assertViewEither GET ""/api/snl/sources/:id"" | server/routes.ts:22453 assertViewEither GET ""/api/snl/sources/:id/items"" | server/routes.ts:22479 assertViewEither GET ""/api/snl/items/:id"" | server/routes.ts:22490 assertViewEither GET ""/api/snl/search"" | server/routes.ts:22518 assertViewEither GET ""/api/snl/mappings/:boqItemId""","Observed reference; per-operation enforcement must be checked","Open QTO & BOQ Estimator. Other action switches do not grant page access. Shared pages or actions also accept: Work Programme — Programme & Execution Setup (View); Work Programme — Review & Demand (View); Work Programme — Planning Masters (View); Project Scope & Working Reaches (View); Norms Library (SNL) (View)."
"qto_boq","QTO & BOQ Estimator","create","Create","Unavailable","","","No observed implemented action","Not available"
"qto_boq","QTO & BOQ Estimator","edit","Edit","Available in current map","client/src/pages/BoqProjects.tsx:386 sectionCan shared helper/component (see caller inventory) | client/src/pages/BoqProjects.tsx:505 sectionCan shared helper/component (see caller inventory)","server/routes.ts:14929 assertEdit PATCH ""/api/boq/projects/:id"" | server/routes.ts:15461 assertEdit POST ""/api/boq/projects/:id/duplicate"" | server/routes.ts:15583 assertEdit PATCH ""/api/boq/items/:id"" | server/routes.ts:15607 assertEdit POST ""/api/boq/projects/:id/auto-map-all""","Observed reference; per-operation enforcement must be checked","Edit records in QTO & BOQ Estimator. This does not grant deletion or cancellation."
"qto_boq","QTO & BOQ Estimator","delete","Delete","Available in current map","client/src/pages/BoqProjectDetail.tsx:588 DeleteGate shared helper/component (see caller inventory) | client/src/pages/BoqProjectDetail.tsx:1572 DeleteGate shared helper/component (see caller inventory)","server/routes.ts:15495 assertDelete DELETE ""/api/boq/categories/:id"" | server/routes.ts:15694 assertDelete DELETE ""/api/boq/items/:id"" | server/routes.ts:15753 assertDelete DELETE ""/api/boq/revisions/:id""","Observed reference; per-operation enforcement must be checked","Delete records where QTO & BOQ Estimator's Delete permission is checked."
"qto_boq","QTO & BOQ Estimator","view_reports","Reports","Unavailable","","","No observed implemented action","Not available"
"qto_boq","QTO & BOQ Estimator","export","Export","Unavailable","","","No observed implemented action","Not available"
"qto_boq","QTO & BOQ Estimator","approve","Approve","Unavailable","","","No observed implemented action","Not available"
"qto_boq","QTO & BOQ Estimator","notify","Receive Notifications","Unavailable","","","No observed implemented action","Not available"
"planning_masters","Work Programme — Planning Masters","view","View","Available in current map","client/src/App.tsx:360 gatedEither path=""/work-program"" component={gatedEither(BoqProjects, ""qto_boq"", ""work_programme"", ""work_programme_review"", ""planning_masters"")} | client/src/App.tsx:361 gated path=""/work-program/planning-masters"" component={gated(PlanningMasters, ""planning_masters"")} | client/src/App.tsx:368 gatedEither path=""/work-program/:id/scope"" component={gatedEither(ScopeSetup, ""project_scope"", ""qto_boq"", ""work_programme"", ""work_programme_review"", ""planning_masters"")} | client/src/App.tsx:369 gated path=""/work-program/:id/geometry"" component={gated(RoadGeometry, ""planning_masters"")} | client/src/components/HubShell.tsx:136 sectionVisible shared helper/component (see caller inventory) | client/src/pages/BoqProjectDetail.tsx:2044 sectionVisible shared helper/component (see caller inventory)","server/routes.ts:14967 assertViewEither GET ""/api/boq/projects/:id/program-settings"" | server/routes.ts:14993 assertView GET ""/api/boq/projects/:id/road-geometry"" | server/routes.ts:20567 assertView GET ""/api/planning/equipment-types"" | server/routes.ts:22345 assertView GET ""/api/planning/labour-types"" | server/routes.ts:22400 assertViewEither GET ""/api/planning/mix-templates"" | server/routes.ts:22410 assertViewEither GET ""/api/planning/mix-templates/:id/components""","Observed reference; per-operation enforcement must be checked","Open Work Programme — Planning Masters. Other action switches do not grant page access. Shared pages or actions also accept: QTO & BOQ Estimator (View); Work Programme — Programme & Execution Setup (View); Work Programme — Review & Demand (View); Project Scope & Working Reaches (View)."
"planning_masters","Work Programme — Planning Masters","create","Create","Unavailable","","","No observed implemented action","Not available"
"planning_masters","Work Programme — Planning Masters","edit","Edit","Available in current map","","server/routes.ts:15009 assertEdit PUT ""/api/boq/projects/:id/road-geometry"" | server/routes.ts:22313 assertEdit POST ""/api/planning/equipment-types"" | server/routes.ts:22323 assertEdit PATCH ""/api/planning/equipment-types/:id"" | server/routes.ts:22355 assertEdit POST ""/api/planning/labour-types"" | server/routes.ts:22365 assertEdit PATCH ""/api/planning/labour-types/:id""","Observed reference; per-operation enforcement must be checked","Edit records in Work Programme — Planning Masters. This does not grant deletion or cancellation."
"planning_masters","Work Programme — Planning Masters","delete","Delete","Unavailable","","","No observed implemented action","Not available"
"planning_masters","Work Programme — Planning Masters","view_reports","Reports","Unavailable","","","No observed implemented action","Not available"
"planning_masters","Work Programme — Planning Masters","export","Export","Unavailable","","","No observed implemented action","Not available"
"planning_masters","Work Programme — Planning Masters","approve","Approve","Unavailable","","","No observed implemented action","Not available"
"planning_masters","Work Programme — Planning Masters","notify","Receive Notifications","Unavailable","","","No observed implemented action","Not available"
"work_programme","Work Programme — Programme & Execution Setup","view","View","Available in current map","client/src/App.tsx:360 gatedEither path=""/work-program"" component={gatedEither(BoqProjects, ""qto_boq"", ""work_programme"", ""work_programme_review"", ""planning_masters"")} | client/src/App.tsx:363 gated path=""/work-program/:id/settings"" component={gated(BoqProgramSettings, ""work_programme"")} | client/src/App.tsx:364 gated path=""/work-program/:id/programme"" component={gated(WorkProgramme, ""work_programme"")} | client/src/App.tsx:367 gated path=""/work-program/:id/execution-arrangements"" component={gated(ExecutionArrangements, ""work_programme"")} | client/src/App.tsx:368 gatedEither path=""/work-program/:id/scope"" component={gatedEither(ScopeSetup, ""project_scope"", ""qto_boq"", ""work_programme"", ""work_programme_review"", ""planning_masters"")} | client/src/components/HubShell.tsx:136 sectionVisible shared helper/component (see caller inventory) | client/src/pages/BoqProjectDetail.tsx:2058 sectionVisible shared helper/component (see caller inventory) | client/src/pages/BoqProjects.tsx:320 sectionCan shared helper/component (see caller inventory)","server/routes.ts:14967 assertViewEither GET ""/api/boq/projects/:id/program-settings"" | server/routes.ts:15413 assertViewEither GET ""/api/boq/projects/:id/mix-links"" | server/routes.ts:15767 assertViewEither GET ""/api/boq/projects/:id/programme"" | server/routes.ts:16131 assertViewEither GET ""/api/boq/projects/:id/programme-status"" | server/routes.ts:16851 assertViewEither GET ""/api/boq/projects/:id/monthly-targets"" | server/routes.ts:18440 assertViewEither GET ""/api/boq/projects/:id/earthwork-arrangements"" | server/routes.ts:18453 assertViewEither GET ""/api/boq/projects/:id/earthwork-arrangements/item/:itemId"" | server/routes.ts:19065 assertViewEither GET ""/api/earthwork-arrangements/:id/execution-evidence"" | server/routes.ts:19869 assertViewEither GET ""/api/boq/projects/:id/arrangement-programme-allocations"" | server/routes.ts:20046 assertViewEither GET ""/api/earthwork-arrangements/:id/progress"" | server/routes.ts:22400 assertViewEither GET ""/api/planning/mix-templates"" | server/routes.ts:22410 assertViewEither GET ""/api/planning/mix-templates/:id/components""","Observed reference; per-operation enforcement must be checked","Open Work Programme — Programme & Execution Setup. Other action switches do not grant page access. Shared pages or actions also accept: QTO & BOQ Estimator (View); Work Programme — Review & Demand (View); Work Programme — Planning Masters (View); Project Scope & Working Reaches (View)."
"work_programme","Work Programme — Programme & Execution Setup","create","Create","Unavailable","","","No observed implemented action","Not available"
"work_programme","Work Programme — Programme & Execution Setup","edit","Edit","Available in current map","client/src/pages/ExecutionArrangements.tsx:116 sectionCan shared helper/component (see caller inventory)","server/routes.ts:15082 assertEdit PUT ""/api/boq/projects/:id/program-settings"" | server/routes.ts:15424 assertEdit POST ""/api/boq/projects/:id/mix-links"" | server/routes.ts:15436 assertEdit PUT ""/api/boq/projects/:id/mix-links"" | server/routes.ts:15795 assertEdit POST ""/api/boq/projects/:id/programme/publish-baseline"" | server/routes.ts:16001 assertEdit POST ""/api/boq/programme/bars/:id/revision-preview"" | server/routes.ts:16012 assertEdit POST ""/api/boq/programme/bars/:id/revise-schedule"" | server/routes.ts:16262 assertEdit POST ""/api/boq/projects/:id/programme"" | server/routes.ts:16297 assertEdit POST ""/api/boq/projects/:id/programme/bulk"" | server/routes.ts:16320 assertEdit PATCH ""/api/boq/programme/bars/:id"" | server/routes.ts:16437 assertEdit POST ""/api/boq/projects/:id/programme/bulk-side"" | server/routes.ts:16480 assertEdit POST ""/api/boq/programme/bars/:id/split-by-side"" | server/routes.ts:18691 assertEdit POST ""/api/boq/projects/:id/earthwork-arrangements"" | server/routes.ts:19189 assertEdit PATCH ""/api/earthwork-arrangements/:id"" | server/routes.ts:19972 assertEdit POST ""/api/earthwork-arrangements/:id/programme-allocations"" | server/routes.ts:19997 assertEdit PATCH ""/api/earthwork-arrangements/:id/programme-allocations/:allocId"" | server/routes.ts:20578 assertEdit POST ""/api/boq/projects/:id/auto-sequence"" | server/routes.ts:21304 assertEdit POST ""/api/boq/projects/:id/parse-structure-schedule"" | server/routes.ts:21807 assertEdit POST ""/api/boq/projects/:id/auto-sequence-structures"" | server/routes.ts:21836 assertEdit POST ""/api/boq/projects/:id/import-structure"" | server/routes.ts:22147 assertEdit POST ""/api/boq/projects/:id/programme/restore""","Observed reference; per-operation enforcement must be checked","Edit records in Work Programme — Programme & Execution Setup. This does not grant deletion or cancellation."
"work_programme","Work Programme — Programme & Execution Setup","delete","Delete","Available in current map","client/src/pages/BoqProgramSettings.tsx:201 DeleteGate shared helper/component (see caller inventory) | client/src/pages/WorkProgramme.tsx:1534 DeleteGate shared helper/component (see caller inventory) | client/src/pages/WorkProgramme.tsx:1829 DeleteGate shared helper/component (see caller inventory)","server/routes.ts:15450 assertDelete DELETE ""/api/boq/projects/:id/mix-links/:linkId"" | server/routes.ts:16384 assertDelete DELETE ""/api/boq/programme/bars/:id"" | server/routes.ts:16405 assertDeleteOrCancel DELETE ""/api/boq/programme/bars/:id"" | server/routes.ts:16752 assertDelete POST ""/api/boq/projects/:id/programme/clean-structure-bars"" | server/routes.ts:19811 assertDelete DELETE ""/api/earthwork-arrangements/:id"" | server/routes.ts:20022 assertDelete DELETE ""/api/earthwork-arrangements/:id/programme-allocations/:allocId""","Observed reference; per-operation enforcement must be checked","Delete records where Work Programme — Programme & Execution Setup's Delete permission is checked."
"work_programme","Work Programme — Programme & Execution Setup","view_reports","Reports","Unavailable","","","No observed implemented action","Not available"
"work_programme","Work Programme — Programme & Execution Setup","export","Export","Unavailable","","","No observed implemented action","Not available"
"work_programme","Work Programme — Programme & Execution Setup","approve","Approve","Available in current map","","server/routes.ts:19472 assertApprove PATCH ""/api/earthwork-arrangements/:id"" | server/routes.ts:19556 assertApprove PATCH ""/api/earthwork-arrangements/:id""","Observed reference; per-operation enforcement must be checked","Allow approval actions in Work Programme — Programme & Execution Setup."
"work_programme","Work Programme — Programme & Execution Setup","notify","Receive Notifications","Unavailable","","","No observed implemented action","Not available"
"work_programme_review","Work Programme — Review & Demand","view","View","Available in current map","client/src/App.tsx:360 gatedEither path=""/work-program"" component={gatedEither(BoqProjects, ""qto_boq"", ""work_programme"", ""work_programme_review"", ""planning_masters"")} | client/src/App.tsx:365 gated path=""/work-program/:id/demand"" component={gated(WorkDemand, ""work_programme_review"")} | client/src/App.tsx:366 gated path=""/work-program/:id/earthwork"" component={gated(EarthworkControl, ""work_programme_review"")} | client/src/App.tsx:368 gatedEither path=""/work-program/:id/scope"" component={gatedEither(ScopeSetup, ""project_scope"", ""qto_boq"", ""work_programme"", ""work_programme_review"", ""planning_masters"")} | client/src/App.tsx:370 gated path=""/work-program/:id/resource-review"" component={gated(ResourceReview, ""work_programme_review"")} | client/src/App.tsx:371 gated path=""/work-program/:id/item-review"" component={gated(BoqItemReview, ""work_programme_review"")} | client/src/components/HubShell.tsx:136 sectionVisible shared helper/component (see caller inventory) | client/src/pages/BoqProjectDetail.tsx:2071 sectionVisible shared helper/component (see caller inventory) | client/src/pages/BoqProjectDetail.tsx:2084 sectionVisible shared helper/component (see caller inventory) | client/src/pages/BoqProjectDetail.tsx:2097 sectionVisible shared helper/component (see caller inventory) | client/src/pages/BoqProjects.tsx:321 sectionCan shared helper/component (see caller inventory)","server/routes.ts:14967 assertViewEither GET ""/api/boq/projects/:id/program-settings"" | server/routes.ts:15413 assertViewEither GET ""/api/boq/projects/:id/mix-links"" | server/routes.ts:15767 assertViewEither GET ""/api/boq/projects/:id/programme"" | server/routes.ts:16131 assertViewEither GET ""/api/boq/projects/:id/programme-status"" | server/routes.ts:16851 assertViewEither GET ""/api/boq/projects/:id/monthly-targets"" | server/routes.ts:16863 assertView GET ""/api/boq/projects/:id/plan-vs-actual"" | server/routes.ts:17108 assertView GET ""/api/boq/projects/:id/resource-review"" | server/routes.ts:17742 assertView GET ""/api/boq/projects/:id/bom"" | server/routes.ts:17782 assertView GET ""/api/boq/projects/:id/shortage-check"" | server/routes.ts:18440 assertViewEither GET ""/api/boq/projects/:id/earthwork-arrangements"" | server/routes.ts:18453 assertViewEither GET ""/api/boq/projects/:id/earthwork-arrangements/item/:itemId"" | server/routes.ts:18606 assertView shared helper/component (see caller inventory) | server/routes.ts:19065 assertViewEither GET ""/api/earthwork-arrangements/:id/execution-evidence"" | server/routes.ts:19869 assertViewEither GET ""/api/boq/projects/:id/arrangement-programme-allocations"" | server/routes.ts:20046 assertViewEither GET ""/api/earthwork-arrangements/:id/progress"" | server/routes.ts:20062 assertView GET ""/api/boq/projects/:id/earthwork-baselines/item/:itemId"" | server/routes.ts:20104 assertView GET ""/api/boq/projects/:id/earthwork-forecasts/item/:itemId"" | server/routes.ts:22400 assertViewEither GET ""/api/planning/mix-templates"" | server/routes.ts:22410 assertViewEither GET ""/api/planning/mix-templates/:id/components"" | server/routes.ts:22433 assertViewEither GET ""/api/snl/sources"" | server/routes.ts:22442 assertViewEither GET ""/api/snl/sources/:id"" | server/routes.ts:22453 assertViewEither GET ""/api/snl/sources/:id/items"" | server/routes.ts:22479 assertViewEither GET ""/api/snl/items/:id"" | server/routes.ts:22490 assertViewEither GET ""/api/snl/search"" | server/routes.ts:22518 assertViewEither GET ""/api/snl/mappings/:boqItemId""","Observed reference; per-operation enforcement must be checked","Open Work Programme — Review & Demand. Other action switches do not grant page access. Shared pages or actions also accept: QTO & BOQ Estimator (View); Work Programme — Programme & Execution Setup (View); Work Programme — Planning Masters (View); Project Scope & Working Reaches (View); Norms Library (SNL) (View)."
"work_programme_review","Work Programme — Review & Demand","create","Create","Unavailable","","","No observed implemented action","Not available"
"work_programme_review","Work Programme — Review & Demand","edit","Edit","Available in current map","","server/routes.ts:15650 assertEdit PATCH ""/api/boq/items/:id/work-type"" | server/routes.ts:15666 assertEdit PATCH ""/api/boq/items/:id/planning-include"" | server/routes.ts:15680 assertEdit PATCH ""/api/boq/projects/:id/planning-include-bulk"" | server/routes.ts:17127 assertEdit PUT ""/api/boq/items/:itemId/equipment"" | server/routes.ts:17148 assertEdit PUT ""/api/boq/items/:itemId/labour"" | server/routes.ts:17169 assertEdit PUT ""/api/boq/items/:itemId/materials"" | server/routes.ts:18606 assertEdit shared helper/component (see caller inventory) | server/routes.ts:20078 assertEdit POST ""/api/boq/projects/:id/earthwork-baselines"" | server/routes.ts:20120 assertEdit POST ""/api/boq/projects/:id/earthwork-forecasts"" | server/routes.ts:20158 assertEdit PATCH ""/api/earthwork-forecasts/:id"" | server/routes.ts:20185 assertEdit PATCH ""/api/boq/items/:itemId/shoulder-class"" | server/routes.ts:20223 assertEdit PATCH ""/api/boq/items/:itemId/bulk-classification"" | server/routes.ts:22171 assertEdit POST ""/api/boq/projects/:id/auto-build-recipes""","Observed reference; per-operation enforcement must be checked","Edit records in Work Programme — Review & Demand. This does not grant deletion or cancellation."
"work_programme_review","Work Programme — Review & Demand","delete","Delete","Unavailable","","","No observed implemented action","Not available"
"work_programme_review","Work Programme — Review & Demand","view_reports","Reports","Unavailable","","","No observed implemented action","Not available"
"work_programme_review","Work Programme — Review & Demand","export","Export","Unavailable","","","No observed implemented action","Not available"
"work_programme_review","Work Programme — Review & Demand","approve","Approve","Unavailable","","","No observed implemented action","Not available"
"work_programme_review","Work Programme — Review & Demand","notify","Receive Notifications","Unavailable","","","No observed implemented action","Not available"
"norms_library","Norms Library (SNL)","view","View","Available in current map","client/src/App.tsx:372 gated path=""/norms"" component={gated(NormsLibrary, ""norms_library"")} | client/src/components/HubShell.tsx:137 sectionVisible shared helper/component (see caller inventory)","server/routes.ts:22433 assertViewEither GET ""/api/snl/sources"" | server/routes.ts:22442 assertViewEither GET ""/api/snl/sources/:id"" | server/routes.ts:22453 assertViewEither GET ""/api/snl/sources/:id/items"" | server/routes.ts:22479 assertViewEither GET ""/api/snl/items/:id"" | server/routes.ts:22490 assertViewEither GET ""/api/snl/search"" | server/routes.ts:22518 assertViewEither GET ""/api/snl/mappings/:boqItemId""","Observed reference; per-operation enforcement must be checked","Open Norms Library (SNL). Other action switches do not grant page access. Shared pages or actions also accept: QTO & BOQ Estimator (View); Work Programme — Review & Demand (View)."
"norms_library","Norms Library (SNL)","create","Create","Unavailable","","","No observed implemented action","Not available"
"norms_library","Norms Library (SNL)","edit","Edit","Available in current map","","server/routes.ts:22528 assertEdit POST ""/api/snl/mappings"" | server/routes.ts:22548 assertEdit POST ""/api/snl/mappings/:boqItemId/apply"" | server/routes.ts:22595 assertEdit POST ""/api/boq/projects/:id/snl/auto-map-all"" | server/routes.ts:22608 assertEdit POST ""/api/boq/projects/:id/snl/confirm-review""","Observed reference; per-operation enforcement must be checked","Edit records in Norms Library (SNL). This does not grant deletion or cancellation."
"norms_library","Norms Library (SNL)","delete","Delete","Available in current map","client/src/pages/BoqItemRecipes.tsx:1351 DeleteGate shared helper/component (see caller inventory)","server/routes.ts:22574 assertDelete DELETE ""/api/snl/mappings/:boqItemId""","Observed reference; per-operation enforcement must be checked","Delete records where Norms Library (SNL)'s Delete permission is checked."
"norms_library","Norms Library (SNL)","view_reports","Reports","Unavailable","","","No observed implemented action","Not available"
"norms_library","Norms Library (SNL)","export","Export","Available in current map","","server/routes.ts:22754 assertExport GET ""/api/snl/import-template""","Observed reference; per-operation enforcement must be checked","Export data where Norms Library (SNL)'s Export permission is checked."
"norms_library","Norms Library (SNL)","approve","Approve","Unavailable","","","No observed implemented action","Not available"
"norms_library","Norms Library (SNL)","notify","Receive Notifications","Unavailable","","","No observed implemented action","Not available"
"edit_requests_review","Edit Requests — Review & Approval","view","View","Available in current map","client/src/App.tsx:401 gated path=""/edit-requests"" component={gated(EditRequestsPage, ""edit_requests_review"")} | client/src/components/HubShell.tsx:84 sectionVisible shared helper/component (see caller inventory) | client/src/components/HubShell.tsx:88 sectionVisible shared helper/component (see caller inventory) | client/src/components/HubShell.tsx:139 sectionVisible shared helper/component (see caller inventory) | client/src/pages/EditRequestsPage.tsx:151 sectionVisible shared helper/component (see caller inventory)","server/routes.ts:1332 assertView GET ""/api/edit-requests/pending""","Observed reference; per-operation enforcement must be checked","Open Edit Requests — Review & Approval. Other action switches do not grant page access."
"edit_requests_review","Edit Requests — Review & Approval","create","Create","Unavailable","","","No observed implemented action","Not available"
"edit_requests_review","Edit Requests — Review & Approval","edit","Edit","Unavailable","","","No observed implemented action","Not available"
"edit_requests_review","Edit Requests — Review & Approval","delete","Delete","Unavailable","","","No observed implemented action","Not available"
"edit_requests_review","Edit Requests — Review & Approval","view_reports","Reports","Unavailable","","","No observed implemented action","Not available"
"edit_requests_review","Edit Requests — Review & Approval","export","Export","Unavailable","","","No observed implemented action","Not available"
"edit_requests_review","Edit Requests — Review & Approval","approve","Approve","Available in current map","client/src/pages/EditRequestsPage.tsx:150 sectionCan shared helper/component (see caller inventory)","server/routes.ts:1373 assertApprove POST ""/api/edit-requests/:id/approve"" | server/routes.ts:1401 assertApprove POST ""/api/edit-requests/:id/deny""","Observed reference; per-operation enforcement must be checked","Allow approve actions in Edit Requests — Review & Approval."
"edit_requests_review","Edit Requests — Review & Approval","notify","Receive Notifications","Unavailable","","","No observed implemented action","Not available"
"project_scope","Project Scope & Working Reaches","view","View","Available in current map","client/src/App.tsx:368 gatedEither path=""/work-program/:id/scope"" component={gatedEither(ScopeSetup, ""project_scope"", ""qto_boq"", ""work_programme"", ""work_programme_review"", ""planning_masters"")}","","Observed reference; per-operation enforcement must be checked","Open Project Scope & Working Reaches. Other action switches do not grant page access. Shared pages or actions also accept: QTO & BOQ Estimator (View); Work Programme — Programme & Execution Setup (View); Work Programme — Review & Demand (View); Work Programme — Planning Masters (View)."
"project_scope","Project Scope & Working Reaches","create","Create","Unavailable","","","No observed implemented action","Not available"
"project_scope","Project Scope & Working Reaches","edit","Edit","Available in current map","","server/routes.ts:15197 assertEdit POST ""/api/boq/projects/:id/scope-segments"" | server/routes.ts:15215 assertEdit PATCH ""/api/boq/scope-segments/:segId"" | server/routes.ts:15384 assertEdit PATCH ""/api/boq/projects/:id/corridor""","Observed reference; per-operation enforcement must be checked","Edit records in Project Scope & Working Reaches. This does not grant deletion or cancellation."
"project_scope","Project Scope & Working Reaches","delete","Delete","Available in current map","client/src/pages/ScopeSetup.tsx:588 DeleteGate shared helper/component (see caller inventory)","server/routes.ts:15331 assertDelete DELETE ""/api/boq/scope-segments/:segId""","Observed reference; per-operation enforcement must be checked","Delete records where Project Scope & Working Reaches's Delete permission is checked."
"project_scope","Project Scope & Working Reaches","view_reports","Reports","Unavailable","","","No observed implemented action","Not available"
"project_scope","Project Scope & Working Reaches","export","Export","Unavailable","","","No observed implemented action","Not available"
"project_scope","Project Scope & Working Reaches","approve","Approve","Available in current map","","server/routes.ts:2169 direct matrix read shared helper/component (see caller inventory) | server/routes.ts:15299 assertApprove POST ""/api/boq/scope-segments/:segId/confirm""","Observed reference; per-operation enforcement must be checked","Allow approval actions in Project Scope & Working Reaches."
"project_scope","Project Scope & Working Reaches","notify","Receive Notifications","Unavailable","","","No observed implemented action","Not available"
"rate_cards","Rate Cards — View & Edit","view","View","Available in current map","client/src/App.tsx:349 gatedEither path=""/plant/rate-cards"" component={gatedEither(RateCards, ""rate_cards"", ""vendor_masters_manage"", ""admin_settings"")} | client/src/components/HubShell.tsx:124 sectionVisible shared helper/component (see caller inventory) | client/src/pages/VendorBills.tsx:3477 sectionVisible shared helper/component (see caller inventory)","","Observed reference; per-operation enforcement must be checked","Open Rate Cards — View & Edit. Other action switches do not grant page access. Shared pages or actions also accept: Vendor Aliases & Rate Cards — Manage (View); Admin Settings (legacy) (View)."
"rate_cards","Rate Cards — View & Edit","create","Create","Unavailable","","","No observed implemented action","Not available"
"rate_cards","Rate Cards — View & Edit","edit","Edit","Unavailable","","","No observed implemented action","Not available"
"rate_cards","Rate Cards — View & Edit","delete","Delete","Unavailable","","","No observed implemented action","Not available"
"rate_cards","Rate Cards — View & Edit","view_reports","Reports","Unavailable","","","No observed implemented action","Not available"
"rate_cards","Rate Cards — View & Edit","export","Export","Unavailable","","","No observed implemented action","Not available"
"rate_cards","Rate Cards — View & Edit","approve","Approve","Unavailable","","","No observed implemented action","Not available"
"rate_cards","Rate Cards — View & Edit","notify","Receive Notifications","Unavailable","","","No observed implemented action","Not available"
"master_parties","Party / Job Master","view","View","Available in current map","client/src/App.tsx:397 gated path=""/masters/vendors"" component={gated(VendorMaster, ""master_parties"")} | client/src/App.tsx:398 gatedEither path=""/masters/section/:section"" component={gatedEither(PlantMasters, ""master_parties"", ""master_materials"", ""master_equipment"", ""master_personnel"", ""sites_plants_manage"", ""admin_settings"")} | client/src/components/HubShell.tsx:144 sectionVisible shared helper/component (see caller inventory) | client/src/pages/AdminMastersHub.tsx:34 sectionVisible HubActionTile navigation: href=""/masters/section/parties"" | client/src/pages/AdminMastersHub.tsx:43 sectionVisible HubActionTile navigation: href=""/masters/section/sites"" | client/src/pages/AdminMastersHub.tsx:52 sectionVisible HubActionTile navigation: href=""/masters/vendors"" | client/src/pages/Plant.tsx:194 sectionVisible shared helper/component (see caller inventory) | client/src/pages/Plant.tsx:2138 sectionVisible shared helper/component (see caller inventory) | client/src/pages/Plant.tsx:2139 sectionVisible shared helper/component (see caller inventory) | client/src/pages/PlantMasters.tsx:103 sectionVisible shared helper/component (see caller inventory)","server/vendor-master.ts:72 assertView shared helper/component (see caller inventory)","Observed reference; per-operation enforcement must be checked","Open Party / Job Master. Other action switches do not grant page access. Shared pages or actions also accept: Materials, Mix Types & Templates (View); Equipment Master (View); Personnel Master (View); Sites & Plant Reports — Manage (View); Admin Settings (legacy) (View)."
"master_parties","Party / Job Master","create","Create","Available in current map","client/src/pages/Plant.tsx:2152 sectionCan shared helper/component (see caller inventory) | client/src/pages/Plant.tsx:2450 sectionCan shared helper/component (see caller inventory)","server/routes.ts:3976 assertCreate POST ""/api/plant-module/parties""","Observed reference; per-operation enforcement must be checked","Create records in Party / Job Master."
"master_parties","Party / Job Master","edit","Edit","Available in current map","client/src/pages/Plant.tsx:2151 sectionCan shared helper/component (see caller inventory) | client/src/pages/Plant.tsx:2449 sectionCan shared helper/component (see caller inventory)","server/routes.ts:3986 assertEdit PATCH ""/api/plant-module/parties/:id""","Observed reference; per-operation enforcement must be checked","Edit records in Party / Job Master. This does not grant deletion or cancellation."
"master_parties","Party / Job Master","delete","Delete","Unavailable","","","No observed implemented action","Not available"
"master_parties","Party / Job Master","view_reports","Reports","Unavailable","","","No observed implemented action","Not available"
"master_parties","Party / Job Master","export","Export","Available in current map","client/src/pages/Plant.tsx:2452 sectionCan shared helper/component (see caller inventory)","","Observed reference; per-operation enforcement must be checked","Export data where Party / Job Master's Export permission is checked."
"master_parties","Party / Job Master","approve","Approve","Unavailable","","","No observed implemented action","Not available"
"master_parties","Party / Job Master","notify","Receive Notifications","Unavailable","","","No observed implemented action","Not available"
"master_materials","Materials, Mix Types & Templates","view","View","Available in current map","client/src/App.tsx:398 gatedEither path=""/masters/section/:section"" component={gatedEither(PlantMasters, ""master_parties"", ""master_materials"", ""master_equipment"", ""master_personnel"", ""sites_plants_manage"", ""admin_settings"")} | client/src/components/HubShell.tsx:144 sectionVisible shared helper/component (see caller inventory) | client/src/pages/AdminMastersHub.tsx:69 sectionVisible HubActionTile navigation: href=""/masters/section/materials"" | client/src/pages/AdminMastersHub.tsx:78 sectionVisible HubActionTile navigation: href=""/masters/section/mix-templates"" | client/src/pages/Plant.tsx:195 sectionVisible shared helper/component (see caller inventory) | client/src/pages/Plant.tsx:2140 sectionVisible shared helper/component (see caller inventory) | client/src/pages/Plant.tsx:2141 sectionVisible shared helper/component (see caller inventory) | client/src/pages/PlantMasters.tsx:103 sectionVisible shared helper/component (see caller inventory)","","Observed reference; per-operation enforcement must be checked","Open Materials, Mix Types & Templates. Other action switches do not grant page access. Shared pages or actions also accept: Party / Job Master (View); Equipment Master (View); Personnel Master (View); Sites & Plant Reports — Manage (View); Admin Settings (legacy) (View)."
"master_materials","Materials, Mix Types & Templates","create","Create","Available in current map","client/src/pages/Plant.tsx:2647 sectionCan shared helper/component (see caller inventory) | client/src/pages/Plant.tsx:3376 sectionCan shared helper/component (see caller inventory)","server/routes.ts:4018 assertCreate POST ""/api/plant-module/materials"" | server/routes.ts:4126 assertCreate POST ""/api/plant-module/mix-types"" | server/routes.ts:4204 assertCreate POST ""/api/plant-module/mix-templates""","Observed reference; per-operation enforcement must be checked","Create records in Materials, Mix Types & Templates."
"master_materials","Materials, Mix Types & Templates","edit","Edit","Available in current map","client/src/pages/Plant.tsx:2646 sectionCan shared helper/component (see caller inventory) | client/src/pages/Plant.tsx:3375 sectionCan shared helper/component (see caller inventory)","server/routes.ts:4028 assertEdit PATCH ""/api/plant-module/materials/:id"" | server/routes.ts:4063 assertEdit POST ""/api/plant-materials/:id/uom-conversions"" | server/routes.ts:4092 assertEdit PATCH ""/api/plant-materials/:id/uom-conversions/:convId"" | server/routes.ts:4136 assertEdit PATCH ""/api/plant-module/mix-types/:id"" | server/routes.ts:4217 assertEdit PATCH ""/api/plant-module/mix-templates/:id""","Observed reference; per-operation enforcement must be checked","Edit records in Materials, Mix Types & Templates. This does not grant deletion or cancellation."
"master_materials","Materials, Mix Types & Templates","delete","Delete","Unavailable","","","No observed implemented action","Not available"
"master_materials","Materials, Mix Types & Templates","view_reports","Reports","Unavailable","","","No observed implemented action","Not available"
"master_materials","Materials, Mix Types & Templates","export","Export","Available in current map","client/src/pages/Plant.tsx:2649 sectionCan shared helper/component (see caller inventory) | client/src/pages/Plant.tsx:3378 sectionCan shared helper/component (see caller inventory)","","Observed reference; per-operation enforcement must be checked","Export data where Materials, Mix Types & Templates's Export permission is checked."
"master_materials","Materials, Mix Types & Templates","approve","Approve","Unavailable","","","No observed implemented action","Not available"
"master_materials","Materials, Mix Types & Templates","notify","Receive Notifications","Unavailable","","","No observed implemented action","Not available"
"master_equipment","Equipment Master","view","View","Available in current map","client/src/App.tsx:398 gatedEither path=""/masters/section/:section"" component={gatedEither(PlantMasters, ""master_parties"", ""master_materials"", ""master_equipment"", ""master_personnel"", ""sites_plants_manage"", ""admin_settings"")} | client/src/components/HubShell.tsx:144 sectionVisible shared helper/component (see caller inventory) | client/src/pages/AdminMastersHub.tsx:95 sectionVisible HubActionTile navigation: href=""/masters/section/equipment"" | client/src/pages/Plant.tsx:196 sectionVisible shared helper/component (see caller inventory) | client/src/pages/Plant.tsx:2142 sectionVisible shared helper/component (see caller inventory) | client/src/pages/PlantMasters.tsx:103 sectionVisible shared helper/component (see caller inventory)","","Observed reference; per-operation enforcement must be checked","Open Equipment Master. Other action switches do not grant page access. Shared pages or actions also accept: Party / Job Master (View); Materials, Mix Types & Templates (View); Personnel Master (View); Sites & Plant Reports — Manage (View); Admin Settings (legacy) (View)."
"master_equipment","Equipment Master","create","Create","Available in current map","client/src/pages/Plant.tsx:4286 sectionCan shared helper/component (see caller inventory) | client/src/pages/PlantEquipmentUsage.tsx:61 sectionCan shared helper/component (see caller inventory)","server/routes.ts:4509 assertCreate POST ""/api/plant-module/equipment""","Observed reference; per-operation enforcement must be checked","Create records in Equipment Master."
"master_equipment","Equipment Master","edit","Edit","Available in current map","client/src/pages/Plant.tsx:4285 sectionCan shared helper/component (see caller inventory)","server/routes.ts:4519 assertEdit PATCH ""/api/plant-module/equipment/:id"" | server/routes.ts:4546 assertEdit PATCH ""/api/plant-module/equipment/:id/toggle-active""","Observed reference; per-operation enforcement must be checked","Edit records in Equipment Master. This does not grant deletion or cancellation."
"master_equipment","Equipment Master","delete","Delete","Unavailable","","","No observed implemented action","Not available"
"master_equipment","Equipment Master","view_reports","Reports","Unavailable","","","No observed implemented action","Not available"
"master_equipment","Equipment Master","export","Export","Available in current map","client/src/pages/Plant.tsx:4288 sectionCan shared helper/component (see caller inventory)","","Observed reference; per-operation enforcement must be checked","Export data where Equipment Master's Export permission is checked."
"master_equipment","Equipment Master","approve","Approve","Unavailable","","","No observed implemented action","Not available"
"master_equipment","Equipment Master","notify","Receive Notifications","Unavailable","","","No observed implemented action","Not available"
"master_personnel","Personnel Master","view","View","Available in current map","client/src/App.tsx:398 gatedEither path=""/masters/section/:section"" component={gatedEither(PlantMasters, ""master_parties"", ""master_materials"", ""master_equipment"", ""master_personnel"", ""sites_plants_manage"", ""admin_settings"")} | client/src/components/HubShell.tsx:144 sectionVisible shared helper/component (see caller inventory) | client/src/pages/AdminMastersHub.tsx:104 sectionVisible HubActionTile navigation: href=""/masters/section/personnel"" | client/src/pages/Plant.tsx:197 sectionVisible shared helper/component (see caller inventory) | client/src/pages/Plant.tsx:2143 sectionVisible shared helper/component (see caller inventory) | client/src/pages/PlantMasters.tsx:103 sectionVisible shared helper/component (see caller inventory)","","Observed reference; per-operation enforcement must be checked","Open Personnel Master. Other action switches do not grant page access. Shared pages or actions also accept: Party / Job Master (View); Materials, Mix Types & Templates (View); Equipment Master (View); Sites & Plant Reports — Manage (View); Admin Settings (legacy) (View)."
"master_personnel","Personnel Master","create","Create","Available in current map","client/src/pages/Plant.tsx:4815 sectionCan shared helper/component (see caller inventory)","server/routes.ts:1594 direct matrix read POST ""/api/personnel""","Observed reference; per-operation enforcement must be checked","Create records in Personnel Master."
"master_personnel","Personnel Master","edit","Edit","Available in current map","client/src/pages/Plant.tsx:4814 sectionCan shared helper/component (see caller inventory)","server/routes.ts:1623 assertEdit PATCH ""/api/personnel/:id"" | server/routes.ts:1636 assertEdit PATCH ""/api/personnel/:id/toggle-active""","Observed reference; per-operation enforcement must be checked","Edit records in Personnel Master. This does not grant deletion or cancellation."
"master_personnel","Personnel Master","delete","Delete","Unavailable","","","No observed implemented action","Not available"
"master_personnel","Personnel Master","view_reports","Reports","Unavailable","","","No observed implemented action","Not available"
"master_personnel","Personnel Master","export","Export","Unavailable","","","No observed implemented action","Not available"
"master_personnel","Personnel Master","approve","Approve","Unavailable","","","No observed implemented action","Not available"
"master_personnel","Personnel Master","notify","Receive Notifications","Unavailable","","","No observed implemented action","Not available"
"admin_settings","Admin Settings (legacy)","view","View","Available in current map","client/src/App.tsx:302 gatedEither path=""/plant/new"" component={gatedEither(PlantNew, ""site_management"", ""sites_plants_manage"", ""admin_settings"")} | client/src/App.tsx:324 gatedEither path=""/plant/ldo-backfill"" component={gatedEither(PlantLdoBackfill, ""admin_ldo_tools"", ""admin_settings"")} | client/src/App.tsx:325 gatedEither path=""/plant/ldo-dip-backfill"" component={gatedEither(PlantLdoDipBackfill, ""admin_ldo_tools"", ""admin_settings"")} | client/src/App.tsx:349 gatedEither path=""/plant/rate-cards"" component={gatedEither(RateCards, ""rate_cards"", ""vendor_masters_manage"", ""admin_settings"")} | client/src/App.tsx:351 gatedEither path=""/plant/data-sync"" component={gatedEither(DataSync, ""data_sync"", ""admin_settings"")} | client/src/App.tsx:352 gatedEither path=""/plant/:id"" component={gatedEither(PlantDetails, ""site_management"", ""sites_plants_manage"", ""admin_settings"")} | client/src/App.tsx:387 gatedEither path=""/admin/site-backfill"" component={gatedEither(SiteBackfill, ""site_management"", ""admin_settings"")} | client/src/App.tsx:388 gated path=""/admin/settings"" component={gated(AdminSettings, ""admin_settings"")} | client/src/App.tsx:389 gated path=""/admin/permission-migration-audit"" component={gated(PermissionMigrationAudit, ""admin_settings"")} | client/src/App.tsx:393 gatedEither path=""/admin/management-report"" component={gatedEither(ManagementReport, ""report_management"", ""reports"", ""admin_settings"")} | client/src/App.tsx:394 gatedEither path=""/admin/concrete-estimates"" component={gatedEither(ConcreteEstimates, ""concrete_calculator"", ""concrete_estimates_manage"", ""reports"", ""admin_settings"")} | client/src/App.tsx:398 gatedEither path=""/masters/section/:section"" component={gatedEither(PlantMasters, ""master_parties"", ""master_materials"", ""master_equipment"", ""master_personnel"", ""sites_plants_manage"", ""admin_settings"")} | client/src/pages/AdminMastersHub.tsx:43 sectionVisible HubActionTile navigation: href=""/masters/section/sites"" | client/src/pages/FinanceHub.tsx:172 sectionVisible HubActionTile navigation: href={`/plant/rate-cards?returnTo=${HUB}`} | client/src/pages/Plant.tsx:2139 sectionVisible shared helper/component (see caller inventory) | client/src/pages/PlantMasters.tsx:103 sectionVisible shared helper/component (see caller inventory) | client/src/pages/VendorBills.tsx:3477 sectionVisible shared helper/component (see caller inventory)","server/management-report.ts:42 direct matrix read shared helper/component (see caller inventory) | server/management-report.ts:108 direct matrix read GET ""/api/admin/management-report/accessible-sites"" | server/routes.ts:13966 assertView GET ""/api/admin/permission-migration-audit"" | server/management-report.ts:138 assertViewReportOrAdmin -> server/management-report.ts:35 GET ""/api/admin/management-report/materials"" | server/management-report.ts:271 assertViewReportOrAdmin -> server/management-report.ts:35 GET ""/api/admin/management-report/production"" | server/management-report.ts:343 assertViewReportOrAdmin -> server/management-report.ts:35 GET ""/api/admin/management-report/fuel"" | server/management-report.ts:453 assertViewReportOrAdmin -> server/management-report.ts:35 GET ""/api/admin/management-report/labour"" | server/management-report.ts:498 assertViewReportOrAdmin -> server/management-report.ts:35 GET ""/api/admin/management-report/financials""","Observed reference; per-operation enforcement must be checked","Open Admin Settings (legacy). Other action switches do not grant page access. Shared pages or actions also accept: Sites & Plants — Add / Configure (View); Sites & Plant Reports — Manage (View); LDO Backfill & Reconciliation Tools (View); Rate Cards — View & Edit (View); Vendor Aliases & Rate Cards — Manage (View); Data Export / Import (Admin Tool) (View); Management Report (View); Reports (legacy) (View); Concrete Rate Calculator (v1 & v2) (View); Concrete Estimates — Manage (View); Party / Job Master (View); Materials, Mix Types & Templates (View); Equipment Master (View); Personnel Master (View)."
"admin_settings","Admin Settings (legacy)","create","Create","Available in current map","client/src/pages/Plant.tsx:2152 sectionCan shared helper/component (see caller inventory)","server/routes.ts:1221 assertCreateEither POST ""/api/sites"" | server/routes.ts:1259 assertCreateEither POST ""/api/sites/seed"" | server/routes.ts:1821 assertCreateEither POST ""/api/notifications"" | server/routes.ts:3872 assertCreateEither POST ""/api/plant"" | server/routes.ts:11690 assertCreateEither POST ""/api/vendor-aliases"" | server/routes.ts:12560 assertCreateEither POST ""/api/vendor-rate-cards"" | server/routes.ts:12572 assertCreateEither PATCH ""/api/vendor-rate-cards/:id/transport-setup"" | server/routes.ts:12596 assertCreateEither POST ""/api/vendor-rate-cards/bulk-upsert"" | server/routes.ts:13004 assertCreateEither POST ""/api/concrete-estimates"" | server/routes.ts:13078 assertCreateEither POST ""/api/concrete/v2/estimates""","Observed reference; per-operation enforcement must be checked","Create records in Admin Settings (legacy). Shared pages or actions also accept: Sites & Plant Reports — Manage (Create); Admin Notifications — Create (Create); Vendor Aliases & Rate Cards — Manage (Create); Concrete Estimates — Manage (Create)."
"admin_settings","Admin Settings (legacy)","edit","Edit","Available in current map","client/src/pages/DataSync.tsx:20 sectionCan shared helper/component (see caller inventory) | client/src/pages/Plant.tsx:2151 sectionCan shared helper/component (see caller inventory)","server/routes.ts:1235 assertEditEither PATCH ""/api/sites/:id"" | server/routes.ts:3919 assertEditEither PATCH ""/api/plant/:id"" | server/routes.ts:13018 assertEditEither PATCH ""/api/concrete-estimates/:id"" | server/routes.ts:13092 assertEditEither PATCH ""/api/concrete/v2/estimates/:id""","Observed reference; per-operation enforcement must be checked","Edit records in Admin Settings (legacy). This does not grant deletion or cancellation. Shared pages or actions also accept: Sites & Plant Reports — Manage (Edit); Concrete Estimates — Manage (Edit)."
"admin_settings","Admin Settings (legacy)","delete","Delete","Unavailable","","","No observed implemented action","Not available"
"admin_settings","Admin Settings (legacy)","view_reports","Reports","Unavailable","","","No observed implemented action","Not available"
"admin_settings","Admin Settings (legacy)","export","Export","Available in current map","client/src/pages/ManagementReport.tsx:382 ReportExportGate shared helper/component (see caller inventory) | client/src/pages/Plant.tsx:110 sectionCan shared helper/component (see caller inventory)","server/routes.ts:3120 assertExport GET '/api/admin/admin-guide.pdf'","Observed reference; per-operation enforcement must be checked","Export data where Admin Settings (legacy)'s Export permission is checked. Shared pages or actions also accept: Management Report (Export); Reports (legacy) (Export)."
"admin_settings","Admin Settings (legacy)","approve","Approve","Unavailable","","","No observed implemented action","Not available"
"admin_settings","Admin Settings (legacy)","notify","Receive Notifications","Unavailable","","","No observed implemented action","Not available"
"site_management","Sites & Plants — Add / Configure","view","View","Available in current map","client/src/App.tsx:302 gatedEither path=""/plant/new"" component={gatedEither(PlantNew, ""site_management"", ""sites_plants_manage"", ""admin_settings"")} | client/src/App.tsx:352 gatedEither path=""/plant/:id"" component={gatedEither(PlantDetails, ""site_management"", ""sites_plants_manage"", ""admin_settings"")} | client/src/App.tsx:387 gatedEither path=""/admin/site-backfill"" component={gatedEither(SiteBackfill, ""site_management"", ""admin_settings"")}","","Observed reference; per-operation enforcement must be checked","Open Sites & Plants — Add / Configure. Other action switches do not grant page access. Shared pages or actions also accept: Sites & Plant Reports — Manage (View); Admin Settings (legacy) (View)."
"site_management","Sites & Plants — Add / Configure","create","Create","Unavailable","","","No observed implemented action","Not available"
"site_management","Sites & Plants — Add / Configure","edit","Edit","Unavailable","","","No observed implemented action","Not available"
"site_management","Sites & Plants — Add / Configure","delete","Delete","Unavailable","","","No observed implemented action","Not available"
"site_management","Sites & Plants — Add / Configure","view_reports","Reports","Unavailable","","","No observed implemented action","Not available"
"site_management","Sites & Plants — Add / Configure","export","Export","Unavailable","","","No observed implemented action","Not available"
"site_management","Sites & Plants — Add / Configure","approve","Approve","Unavailable","","","No observed implemented action","Not available"
"site_management","Sites & Plants — Add / Configure","notify","Receive Notifications","Unavailable","","","No observed implemented action","Not available"
"sites_plants_manage","Sites & Plant Reports — Manage","view","View","Available in current map","client/src/App.tsx:302 gatedEither path=""/plant/new"" component={gatedEither(PlantNew, ""site_management"", ""sites_plants_manage"", ""admin_settings"")} | client/src/App.tsx:352 gatedEither path=""/plant/:id"" component={gatedEither(PlantDetails, ""site_management"", ""sites_plants_manage"", ""admin_settings"")} | client/src/App.tsx:398 gatedEither path=""/masters/section/:section"" component={gatedEither(PlantMasters, ""master_parties"", ""master_materials"", ""master_equipment"", ""master_personnel"", ""sites_plants_manage"", ""admin_settings"")} | client/src/pages/AdminMastersHub.tsx:43 sectionVisible HubActionTile navigation: href=""/masters/section/sites"" | client/src/pages/Plant.tsx:2139 sectionVisible shared helper/component (see caller inventory) | client/src/pages/PlantMasters.tsx:103 sectionVisible shared helper/component (see caller inventory)","","Observed reference; per-operation enforcement must be checked","Open Sites & Plant Reports — Manage. Other action switches do not grant page access. Shared pages or actions also accept: Sites & Plants — Add / Configure (View); Admin Settings (legacy) (View); Party / Job Master (View); Materials, Mix Types & Templates (View); Equipment Master (View); Personnel Master (View)."
"sites_plants_manage","Sites & Plant Reports — Manage","create","Create","Available in current map","client/src/pages/Plant.tsx:2152 sectionCan shared helper/component (see caller inventory)","server/routes.ts:1221 assertCreateEither POST ""/api/sites"" | server/routes.ts:1259 assertCreateEither POST ""/api/sites/seed"" | server/routes.ts:3872 assertCreateEither POST ""/api/plant""","Observed reference; per-operation enforcement must be checked","Create records in Sites & Plant Reports — Manage. Shared pages or actions also accept: Admin Settings (legacy) (Create)."
"sites_plants_manage","Sites & Plant Reports — Manage","edit","Edit","Available in current map","client/src/pages/Plant.tsx:2151 sectionCan shared helper/component (see caller inventory)","server/routes.ts:1235 assertEditEither PATCH ""/api/sites/:id"" | server/routes.ts:3919 assertEditEither PATCH ""/api/plant/:id""","Observed reference; per-operation enforcement must be checked","Edit records in Sites & Plant Reports — Manage. This does not grant deletion or cancellation. Shared pages or actions also accept: Admin Settings (legacy) (Edit)."
"sites_plants_manage","Sites & Plant Reports — Manage","delete","Delete","Unavailable","","","No observed implemented action","Not available"
"sites_plants_manage","Sites & Plant Reports — Manage","view_reports","Reports","Unavailable","","","No observed implemented action","Not available"
"sites_plants_manage","Sites & Plant Reports — Manage","export","Export","Unavailable","","","No observed implemented action","Not available"
"sites_plants_manage","Sites & Plant Reports — Manage","approve","Approve","Unavailable","","","No observed implemented action","Not available"
"sites_plants_manage","Sites & Plant Reports — Manage","notify","Receive Notifications","Unavailable","","","No observed implemented action","Not available"
"vendor_masters_manage","Vendor Aliases & Rate Cards — Manage","view","View","Available in current map","client/src/App.tsx:349 gatedEither path=""/plant/rate-cards"" component={gatedEither(RateCards, ""rate_cards"", ""vendor_masters_manage"", ""admin_settings"")} | client/src/pages/FinanceHub.tsx:172 sectionVisible HubActionTile navigation: href={`/plant/rate-cards?returnTo=${HUB}`} | client/src/pages/VendorBills.tsx:3477 sectionVisible shared helper/component (see caller inventory)","","Observed reference; per-operation enforcement must be checked","Open Vendor Aliases & Rate Cards — Manage. Other action switches do not grant page access. Shared pages or actions also accept: Rate Cards — View & Edit (View); Admin Settings (legacy) (View)."
"vendor_masters_manage","Vendor Aliases & Rate Cards — Manage","create","Create","Available in current map","","server/routes.ts:11690 assertCreateEither POST ""/api/vendor-aliases"" | server/routes.ts:12560 assertCreateEither POST ""/api/vendor-rate-cards"" | server/routes.ts:12572 assertCreateEither PATCH ""/api/vendor-rate-cards/:id/transport-setup"" | server/routes.ts:12596 assertCreateEither POST ""/api/vendor-rate-cards/bulk-upsert""","Observed reference; per-operation enforcement must be checked","Create records in Vendor Aliases & Rate Cards — Manage. Shared pages or actions also accept: Admin Settings (legacy) (Create)."
"vendor_masters_manage","Vendor Aliases & Rate Cards — Manage","edit","Edit","Unavailable","","","No observed implemented action","Not available"
"vendor_masters_manage","Vendor Aliases & Rate Cards — Manage","delete","Delete","Unavailable","","","No observed implemented action","Not available"
"vendor_masters_manage","Vendor Aliases & Rate Cards — Manage","view_reports","Reports","Unavailable","","","No observed implemented action","Not available"
"vendor_masters_manage","Vendor Aliases & Rate Cards — Manage","export","Export","Unavailable","","","No observed implemented action","Not available"
"vendor_masters_manage","Vendor Aliases & Rate Cards — Manage","approve","Approve","Unavailable","","","No observed implemented action","Not available"
"vendor_masters_manage","Vendor Aliases & Rate Cards — Manage","notify","Receive Notifications","Unavailable","","","No observed implemented action","Not available"
"concrete_estimates_manage","Concrete Estimates — Manage","view","View","Available in current map","client/src/App.tsx:394 gatedEither path=""/admin/concrete-estimates"" component={gatedEither(ConcreteEstimates, ""concrete_calculator"", ""concrete_estimates_manage"", ""reports"", ""admin_settings"")}","","Observed reference; per-operation enforcement must be checked","Open Concrete Estimates — Manage. Other action switches do not grant page access. Shared pages or actions also accept: Concrete Rate Calculator (v1 & v2) (View); Reports (legacy) (View); Admin Settings (legacy) (View)."
"concrete_estimates_manage","Concrete Estimates — Manage","create","Create","Available in current map","","server/routes.ts:13004 assertCreateEither POST ""/api/concrete-estimates"" | server/routes.ts:13078 assertCreateEither POST ""/api/concrete/v2/estimates""","Observed reference; per-operation enforcement must be checked","Create records in Concrete Estimates — Manage. Shared pages or actions also accept: Admin Settings (legacy) (Create)."
"concrete_estimates_manage","Concrete Estimates — Manage","edit","Edit","Available in current map","","server/routes.ts:13018 assertEditEither PATCH ""/api/concrete-estimates/:id"" | server/routes.ts:13092 assertEditEither PATCH ""/api/concrete/v2/estimates/:id""","Observed reference; per-operation enforcement must be checked","Edit records in Concrete Estimates — Manage. This does not grant deletion or cancellation. Shared pages or actions also accept: Admin Settings (legacy) (Edit)."
"concrete_estimates_manage","Concrete Estimates — Manage","delete","Delete","Unavailable","","","No observed implemented action","Not available"
"concrete_estimates_manage","Concrete Estimates — Manage","view_reports","Reports","Unavailable","","","No observed implemented action","Not available"
"concrete_estimates_manage","Concrete Estimates — Manage","export","Export","Unavailable","","","No observed implemented action","Not available"
"concrete_estimates_manage","Concrete Estimates — Manage","approve","Approve","Unavailable","","","No observed implemented action","Not available"
"concrete_estimates_manage","Concrete Estimates — Manage","notify","Receive Notifications","Unavailable","","","No observed implemented action","Not available"
"admin_notifications_manage","Admin Notifications — Create","view","View","Available in current map","","","Retained unwired control","No implemented page is controlled by this legacy switch. Retained unchanged under PERM-02 D3; it does not grant access."
"admin_notifications_manage","Admin Notifications — Create","create","Create","Available in current map","","server/routes.ts:1821 assertCreateEither POST ""/api/notifications""","Observed reference; per-operation enforcement must be checked","Create administrative notification records. This is not a broadcast or announcement composer. Shared pages or actions also accept: Admin Settings (legacy) (Create)."
"admin_notifications_manage","Admin Notifications — Create","edit","Edit","Unavailable","","","No observed implemented action","Not available"
"admin_notifications_manage","Admin Notifications — Create","delete","Delete","Unavailable","","","No observed implemented action","Not available"
"admin_notifications_manage","Admin Notifications — Create","view_reports","Reports","Unavailable","","","No observed implemented action","Not available"
"admin_notifications_manage","Admin Notifications — Create","export","Export","Unavailable","","","No observed implemented action","Not available"
"admin_notifications_manage","Admin Notifications — Create","approve","Approve","Unavailable","","","No observed implemented action","Not available"
"admin_notifications_manage","Admin Notifications — Create","notify","Receive Notifications","Unavailable","","","No observed implemented action","Not available"
"admin_ldo_tools","LDO Backfill & Reconciliation Tools","view","View","Available in current map","client/src/App.tsx:324 gatedEither path=""/plant/ldo-backfill"" component={gatedEither(PlantLdoBackfill, ""admin_ldo_tools"", ""admin_settings"")} | client/src/App.tsx:325 gatedEither path=""/plant/ldo-dip-backfill"" component={gatedEither(PlantLdoDipBackfill, ""admin_ldo_tools"", ""admin_settings"")}","","Observed reference; per-operation enforcement must be checked","Open LDO Backfill & Reconciliation Tools. Other action switches do not grant page access. Shared pages or actions also accept: Admin Settings (legacy) (View)."
"admin_ldo_tools","LDO Backfill & Reconciliation Tools","create","Create","Unavailable","","","No observed implemented action","Not available"
"admin_ldo_tools","LDO Backfill & Reconciliation Tools","edit","Edit","Unavailable","","","No observed implemented action","Not available"
"admin_ldo_tools","LDO Backfill & Reconciliation Tools","delete","Delete","Unavailable","","","No observed implemented action","Not available"
"admin_ldo_tools","LDO Backfill & Reconciliation Tools","view_reports","Reports","Unavailable","","","No observed implemented action","Not available"
"admin_ldo_tools","LDO Backfill & Reconciliation Tools","export","Export","Unavailable","","","No observed implemented action","Not available"
"admin_ldo_tools","LDO Backfill & Reconciliation Tools","approve","Approve","Unavailable","","","No observed implemented action","Not available"
"admin_ldo_tools","LDO Backfill & Reconciliation Tools","notify","Receive Notifications","Unavailable","","","No observed implemented action","Not available"
"admin_ledger_tools","Stock Ledger Rebuild / Reassign / Transfer","view","View","Available in current map","client/src/App.tsx:326 gatedEither path=""/plant/stock-reassign"" component={gatedEither(PlantStockReassign, ""admin_ledger_tools"", ""plant_stock"")} | client/src/App.tsx:327 gatedEither path=""/plant/stock-transfer"" component={gatedEither(PlantStockTransfer, ""admin_ledger_tools"", ""plant_stock"")} | client/src/App.tsx:329 gatedEither path=""/plant/ledger-rebuild"" component={gatedEither(PlantLedgerRebuild, ""admin_ledger_tools"", ""plant_stock"")}","","Observed reference; per-operation enforcement must be checked","Open Stock Ledger Rebuild / Reassign / Transfer. Other action switches do not grant page access. Shared pages or actions also accept: Material Stock Ledger (View)."
"admin_ledger_tools","Stock Ledger Rebuild / Reassign / Transfer","create","Create","Unavailable","","","No observed implemented action","Not available"
"admin_ledger_tools","Stock Ledger Rebuild / Reassign / Transfer","edit","Edit","Unavailable","","","No observed implemented action","Not available"
"admin_ledger_tools","Stock Ledger Rebuild / Reassign / Transfer","delete","Delete","Unavailable","","","No observed implemented action","Not available"
"admin_ledger_tools","Stock Ledger Rebuild / Reassign / Transfer","view_reports","Reports","Unavailable","","","No observed implemented action","Not available"
"admin_ledger_tools","Stock Ledger Rebuild / Reassign / Transfer","export","Export","Unavailable","","","No observed implemented action","Not available"
"admin_ledger_tools","Stock Ledger Rebuild / Reassign / Transfer","approve","Approve","Unavailable","","","No observed implemented action","Not available"
"admin_ledger_tools","Stock Ledger Rebuild / Reassign / Transfer","notify","Receive Notifications","Unavailable","","","No observed implemented action","Not available"
"data_sync","Data Export / Import (Admin Tool)","view","View","Available in current map","client/src/App.tsx:351 gatedEither path=""/plant/data-sync"" component={gatedEither(DataSync, ""data_sync"", ""admin_settings"")}","","Observed reference; per-operation enforcement must be checked","Open Data Export / Import (Admin Tool). Other action switches do not grant page access. Shared pages or actions also accept: Admin Settings (legacy) (View)."
"data_sync","Data Export / Import (Admin Tool)","create","Create","Unavailable","","","No observed implemented action","Not available"
"data_sync","Data Export / Import (Admin Tool)","edit","Edit","Unavailable","","","No observed implemented action","Not available"
"data_sync","Data Export / Import (Admin Tool)","delete","Delete","Unavailable","","","No observed implemented action","Not available"
"data_sync","Data Export / Import (Admin Tool)","view_reports","Reports","Unavailable","","","No observed implemented action","Not available"
"data_sync","Data Export / Import (Admin Tool)","export","Export","Available in current map","client/src/pages/DataSync.tsx:19 sectionCan shared helper/component (see caller inventory)","","Observed reference; per-operation enforcement must be checked","Export data where Data Export / Import (Admin Tool)'s Export permission is checked."
"data_sync","Data Export / Import (Admin Tool)","approve","Approve","Unavailable","","","No observed implemented action","Not available"
"data_sync","Data Export / Import (Admin Tool)","notify","Receive Notifications","Unavailable","","","No observed implemented action","Not available"
"user_management","User Management — View & Edit Profiles","view","View","Available in current map","client/src/App.tsx:390 gatedEither path=""/admin/users"" component={gatedEither(UserManagement, ""user_management"", ""permission_manager"")} | client/src/pages/UserManagement.tsx:129 direct matrix read shared helper/component (see caller inventory)","server/auth-routes.ts:438 requireUserMgmt GET ""/api/auth/users"" | server/auth-routes.ts:724 requireUserMgmt GET ""/api/auth/users/:id/permissions"" | server/auth-routes.ts:778 requireUserMgmt GET ""/api/auth/users/:id/site-access"" | server/auth-routes.ts:835 requireUserMgmt GET ""/api/auth/users/site-access-audit"" | server/routes.ts:1933 assertView GET ""/api/push/subscriptions""","Observed reference; per-operation enforcement must be checked","Open User Management — View & Edit Profiles. Other action switches do not grant page access. Shared pages or actions also accept: Manage Permissions for Other Users (View)."
"user_management","User Management — View & Edit Profiles","create","Create","Available in current map","client/src/pages/UserManagement.tsx:130 direct matrix read shared helper/component (see caller inventory)","server/auth-routes.ts:568 requireUserMgmt POST ""/api/auth/users"" | server/auth-routes.ts:613 requireUserMgmt POST ""/api/auth/users/:id/complete-setup""","Observed reference; per-operation enforcement must be checked","Create records in User Management — View & Edit Profiles."
"user_management","User Management — View & Edit Profiles","edit","Edit","Available in current map","client/src/pages/UserManagement.tsx:131 direct matrix read shared helper/component (see caller inventory)","server/auth-routes.ts:637 requireUserMgmt PATCH ""/api/auth/users/:id"" | server/auth-routes.ts:709 requireUserMgmt POST ""/api/auth/users/:id/password"" | server/auth-routes.ts:732 requireUserMgmt PUT ""/api/auth/users/:id/permissions"" | server/auth-routes.ts:795 requireUserMgmt PUT ""/api/auth/users/:id/site-access"" | server/auth-routes.ts:862 requireUserMgmt POST ""/api/auth/users/:id/copy-permissions""","Observed reference; per-operation enforcement must be checked","Edit records in User Management — View & Edit Profiles. This does not grant deletion or cancellation."
"user_management","User Management — View & Edit Profiles","delete","Delete","Unavailable","","","No observed implemented action","Not available"
"user_management","User Management — View & Edit Profiles","view_reports","Reports","Unavailable","","","No observed implemented action","Not available"
"user_management","User Management — View & Edit Profiles","export","Export","Unavailable","","","No observed implemented action","Not available"
"user_management","User Management — View & Edit Profiles","approve","Approve","Unavailable","","","No observed implemented action","Not available"
"user_management","User Management — View & Edit Profiles","notify","Receive Notifications","Unavailable","","","No observed implemented action","Not available"
"permission_manager","Manage Permissions for Other Users","view","View","Available in current map","client/src/App.tsx:390 gatedEither path=""/admin/users"" component={gatedEither(UserManagement, ""user_management"", ""permission_manager"")}","","Observed reference; per-operation enforcement must be checked","Open Manage Permissions for Other Users. Other action switches do not grant page access. Shared pages or actions also accept: User Management — View & Edit Profiles (View)."
"permission_manager","Manage Permissions for Other Users","create","Create","Unavailable","","","No observed implemented action","Not available"
"permission_manager","Manage Permissions for Other Users","edit","Edit","Unavailable","","","No observed implemented action","Not available"
"permission_manager","Manage Permissions for Other Users","delete","Delete","Unavailable","","","No observed implemented action","Not available"
"permission_manager","Manage Permissions for Other Users","view_reports","Reports","Unavailable","","","No observed implemented action","Not available"
"permission_manager","Manage Permissions for Other Users","export","Export","Unavailable","","","No observed implemented action","Not available"
"permission_manager","Manage Permissions for Other Users","approve","Approve","Unavailable","","","No observed implemented action","Not available"
"permission_manager","Manage Permissions for Other Users","notify","Receive Notifications","Unavailable","","","No observed implemented action","Not available"
"device_approval","Device Approval","view","View","Available in current map","client/src/App.tsx:391 gated path=""/admin/devices"" component={gated(DeviceApproval, ""device_approval"")} | client/src/pages/DeviceApproval.tsx:36 direct matrix read shared helper/component (see caller inventory)","server/auth-routes.ts:880 requireDeviceMgmt GET ""/api/auth/devices""","Observed reference; per-operation enforcement must be checked","Open Device Approval. Other action switches do not grant page access."
"device_approval","Device Approval","create","Create","Unavailable","","","No observed implemented action","Not available"
"device_approval","Device Approval","edit","Edit","Available in current map","client/src/pages/DeviceApproval.tsx:37 direct matrix read shared helper/component (see caller inventory)","server/auth-routes.ts:903 requireDeviceMgmt POST ""/api/auth/devices/:id/approve"" | server/auth-routes.ts:916 requireDeviceMgmt POST ""/api/auth/devices/:id/revoke""","Observed reference; per-operation enforcement must be checked","Edit records in Device Approval. This does not grant deletion or cancellation."
"device_approval","Device Approval","delete","Delete","Unavailable","","","No observed implemented action","Not available"
"device_approval","Device Approval","view_reports","Reports","Unavailable","","","No observed implemented action","Not available"
"device_approval","Device Approval","export","Export","Unavailable","","","No observed implemented action","Not available"
"device_approval","Device Approval","approve","Approve","Unavailable","","","No observed implemented action","Not available"
"device_approval","Device Approval","notify","Receive Notifications","Unavailable","","","No observed implemented action","Not available"
"push_notifications","Push Notification Admin","view","View","Available in current map","","","Retained unwired control","No implemented page is controlled by this legacy switch. Retained unchanged under PERM-02 D3; it does not grant access."
"push_notifications","Push Notification Admin","create","Create","Unavailable","","","No observed implemented action","Not available"
"push_notifications","Push Notification Admin","edit","Edit","Unavailable","","","No observed implemented action","Not available"
"push_notifications","Push Notification Admin","delete","Delete","Unavailable","","","No observed implemented action","Not available"
"push_notifications","Push Notification Admin","view_reports","Reports","Unavailable","","","No observed implemented action","Not available"
"push_notifications","Push Notification Admin","export","Export","Unavailable","","","No observed implemented action","Not available"
"push_notifications","Push Notification Admin","approve","Approve","Unavailable","","","No observed implemented action","Not available"
"push_notifications","Push Notification Admin","notify","Receive Notifications","Unavailable","","","No observed implemented action","Not available"
"hmp_operations","HMP Operations (legacy)","view","View","Unavailable","","","No observed implemented action","Not available"
"hmp_operations","HMP Operations (legacy)","create","Create","Unavailable","","","No observed implemented action","Not available"
"hmp_operations","HMP Operations (legacy)","edit","Edit","Unavailable","","","No observed implemented action","Not available"
"hmp_operations","HMP Operations (legacy)","delete","Delete","Unavailable","","","No observed implemented action","Not available"
"hmp_operations","HMP Operations (legacy)","view_reports","Reports","Unavailable","","","No observed implemented action","Not available"
"hmp_operations","HMP Operations (legacy)","export","Export","Unavailable","","","No observed implemented action","Not available"
"hmp_operations","HMP Operations (legacy)","approve","Approve","Unavailable","","","No observed implemented action","Not available"
"hmp_operations","HMP Operations (legacy)","notify","Receive Notifications","Unavailable","","","No observed implemented action","Not available"
"reports_analysis","Reports & Analysis (legacy)","view","View","Unavailable","","","No observed implemented action","Not available"
"reports_analysis","Reports & Analysis (legacy)","create","Create","Unavailable","","","No observed implemented action","Not available"
"reports_analysis","Reports & Analysis (legacy)","edit","Edit","Unavailable","","","No observed implemented action","Not available"
"reports_analysis","Reports & Analysis (legacy)","delete","Delete","Unavailable","","","No observed implemented action","Not available"
"reports_analysis","Reports & Analysis (legacy)","view_reports","Reports","Unavailable","","","No observed implemented action","Not available"
"reports_analysis","Reports & Analysis (legacy)","export","Export","Unavailable","","","No observed implemented action","Not available"
"reports_analysis","Reports & Analysis (legacy)","approve","Approve","Unavailable","","","No observed implemented action","Not available"
"reports_analysis","Reports & Analysis (legacy)","notify","Receive Notifications","Unavailable","","","No observed implemented action","Not available"
"estimates_manager","Estimates Manager (legacy)","view","View","Unavailable","","","No observed implemented action","Not available"
"estimates_manager","Estimates Manager (legacy)","create","Create","Unavailable","","","No observed implemented action","Not available"
"estimates_manager","Estimates Manager (legacy)","edit","Edit","Unavailable","","","No observed implemented action","Not available"
"estimates_manager","Estimates Manager (legacy)","delete","Delete","Unavailable","","","No observed implemented action","Not available"
"estimates_manager","Estimates Manager (legacy)","view_reports","Reports","Unavailable","","","No observed implemented action","Not available"
"estimates_manager","Estimates Manager (legacy)","export","Export","Unavailable","","","No observed implemented action","Not available"
"estimates_manager","Estimates Manager (legacy)","approve","Approve","Unavailable","","","No observed implemented action","Not available"
"estimates_manager","Estimates Manager (legacy)","notify","Receive Notifications","Unavailable","","","No observed implemented action","Not available"
"app_management","App Management (legacy)","view","View","Unavailable","","","No observed implemented action","Not available"
"app_management","App Management (legacy)","create","Create","Unavailable","","","No observed implemented action","Not available"
"app_management","App Management (legacy)","edit","Edit","Unavailable","","","No observed implemented action","Not available"
"app_management","App Management (legacy)","delete","Delete","Unavailable","","","No observed implemented action","Not available"
"app_management","App Management (legacy)","view_reports","Reports","Unavailable","","","No observed implemented action","Not available"
"app_management","App Management (legacy)","export","Export","Unavailable","","","No observed implemented action","Not available"
"app_management","App Management (legacy)","approve","Approve","Unavailable","","","No observed implemented action","Not available"
"app_management","App Management (legacy)","notify","Receive Notifications","Unavailable","","","No observed implemented action","Not available"