file,source,name,call
client/src/pages/DieselRequirements.tsx,client/src/pages/DieselRequirements.tsx:239,useQuery,"useQuery<{ id: string; name: string; type: string }[]>({ queryKey: [""/api/vendor-bills/company-accounts""], queryFn: async () => { const res = await apiRequest(""GET"", ""/api/vendor-bills/company-accounts""); return res.json(); }, enabled: open && payer === ""company"", retry: false, })"
client/src/pages/DieselRequirements.tsx,client/src/pages/DieselRequirements.tsx:242,apiRequest,"apiRequest(""GET"", ""/api/vendor-bills/company-accounts"")"
client/src/pages/DieselRequirements.tsx,client/src/pages/DieselRequirements.tsx:249,useMutation,"useMutation({ mutationFn: async () => { const paidBy = payer === ""company"" ? ""company"" : payerName.trim(); const res = await apiRequest(""PATCH"", `/api/diesel-requirements/${requirement.id}/payment-status`, { paymentStatus: ""paid"", paymentMode: mode, paidBy, paymentAccountKey: payer === ""company"" ? paymentAccountKey : null, }); return res.json(); }, onSuccess: () => { queryClient.invalidateQueries({ queryKey: [""/api/diesel-requirements""] }); toast({ title: ""MARKED AS PAID"" }); onClose(); }, onError: (err: any) => toast({ title: ""COULD NOT MARK AS PAID"", description: err?.message, variant: ""destructive"" }), })"
client/src/pages/DieselRequirements.tsx,client/src/pages/DieselRequirements.tsx:252,apiRequest,"apiRequest(""PATCH"", `/api/diesel-requirements/${requirement.id}/payment-status`, { paymentStatus: ""paid"", paymentMode: mode, paidBy, paymentAccountKey: payer === ""company"" ? paymentAccountKey : null, })"
client/src/pages/DieselRequirements.tsx,client/src/pages/DieselRequirements.tsx:343,accountsQuery.refetch,accountsQuery.refetch()
client/src/pages/DieselRequirements.tsx,client/src/pages/DieselRequirements.tsx:376,useQuery,"useQuery<Attachment[]>({ queryKey: [""/api/attachments"", ""diesel_purchase"", requirement.id], queryFn: async () => { const params = new URLSearchParams({ moduleType: ""diesel_purchase"", linkedRecordId: String(requirement.id) }); const res = await apiRequest(""GET"", `/api/attachments?${params.toString()}`); return res.json(); }, })"
client/src/pages/DieselRequirements.tsx,client/src/pages/DieselRequirements.tsx:380,apiRequest,"apiRequest(""GET"", `/api/attachments?${params.toString()}`)"
client/src/pages/DieselRequirements.tsx,client/src/pages/DieselRequirements.tsx:565,useQuery,"useQuery<DieselRequirementWithItems[]>({ queryKey: [""/api/diesel-requirements"", queryString], queryFn: () => fetch(`/api/diesel-requirements${queryString}`).then(r => r.json()), })"
client/src/pages/DieselRequirements.tsx,client/src/pages/DieselRequirements.tsx:567,fetch(`/api/diesel-requirements${queryString}`).then,fetch(`/api/diesel-requirements${queryString}`).then(r => r.json())
client/src/pages/DieselRequirements.tsx,client/src/pages/DieselRequirements.tsx:567,fetch,fetch(`/api/diesel-requirements${queryString}`)
client/src/pages/DieselRequirements.tsx,client/src/pages/DieselRequirements.tsx:570,useQuery,"useQuery<{ total: number; pending: number; approved: number; rejected: number }>({ queryKey: [""/api/diesel-requirements/summary""], })"
client/src/pages/DieselRequirements.tsx,client/src/pages/DieselRequirements.tsx:574,useQuery,"useQuery<DieselRequirementWithItems>({ queryKey: [""/api/diesel-requirements"", selectedId], enabled: !!selectedId, })"
client/src/pages/DieselRequirements.tsx,client/src/pages/DieselRequirements.tsx:579,useQuery,"useQuery<EquipmentMasterType[]>({ queryKey: [""/api/plant-module/equipment""], })"
client/src/pages/DieselRequirements.tsx,client/src/pages/DieselRequirements.tsx:583,useQuery,"useQuery<number[]>({ queryKey: [""/api/diesel-requirements/recent-items""], })"
client/src/pages/DieselRequirements.tsx,client/src/pages/DieselRequirements.tsx:587,useQuery,"useQuery<{ id: number; name: string }[]>({ queryKey: [""/api/sites""], })"
client/src/pages/DieselRequirements.tsx,client/src/pages/DieselRequirements.tsx:594,useQuery,"useQuery<{ id: number; name: string; defaultUom: string | null }[]>({ queryKey: [""/api/plant-module/materials""], })"
client/src/pages/DieselRequirements.tsx,client/src/pages/DieselRequirements.tsx:609,useQuery,"useQuery<Record<number, DieselReceiptStatusEntry>>({ queryKey: [""/api/diesel-requirements/receipt-status"", receiptStatusKey], queryFn: async () => { const res = await apiRequest(""GET"", `/api/diesel-requirements/receipt-status?ids=${receiptStatusKey}`); return res.json(); }, enabled: purchasedIds.length > 0, })"
client/src/pages/DieselRequirements.tsx,client/src/pages/DieselRequirements.tsx:612,apiRequest,"apiRequest(""GET"", `/api/diesel-requirements/receipt-status?ids=${receiptStatusKey}`)"
client/src/pages/DieselRequirements.tsx,client/src/pages/DieselRequirements.tsx:634,useQuery,"useQuery<any>({ queryKey: [""/api/diesel-requirements/comparison?dateFrom="" + reportDateFrom + ""&dateTo="" + reportDateTo], enabled: reportGenerated && !!reportDateFrom && !!reportDateTo, })"
client/src/pages/DieselRequirements.tsx,client/src/pages/DieselRequirements.tsx:638,useQuery,"useQuery<any>({ queryKey: [""/api/diesel-requirements/comparison?dateFrom="" + reportDateFrom + ""&dateTo="" + reportDateTo + ""&scopeDate="" + drillDate], enabled: reportGenerated && !!drillDate && !!comparisonReport, })"
client/src/pages/DieselRequirements.tsx,client/src/pages/DieselRequirements.tsx:681,useMutation,"useMutation({ mutationFn: (data: any) => apiRequest(""POST"", ""/api/diesel-requirements"", data), onSuccess: () => { queryClient.invalidateQueries({ queryKey: [""/api/diesel-requirements""] }); queryClient.invalidateQueries({ queryKey: [""/api/diesel-requirements/summary""] }); toast({ title: ""Diesel requirement submitted for approval"" }); resetForm(); setView(""list""); }, onError: (err: any) => { toast({ title: ""Error"", description: err.message, variant: ""destructive"" }); }, })"
client/src/pages/DieselRequirements.tsx,client/src/pages/DieselRequirements.tsx:682,apiRequest,"apiRequest(""POST"", ""/api/diesel-requirements"", data)"
client/src/pages/DieselRequirements.tsx,client/src/pages/DieselRequirements.tsx:695,useMutation,"useMutation({ mutationFn: (data: { id: number; approvedItems: ApprovalItem[] }) => apiRequest(""PATCH"", `/api/diesel-requirements/${data.id}/approve`, { approvedItems: data.approvedItems, }), onSuccess: () => { queryClient.invalidateQueries({ queryKey: [""/api/diesel-requirements""] }); queryClient.invalidateQueries({ queryKey: [""/api/diesel-requirements/summary""] }); if (selectedId) queryClient.invalidateQueries({ queryKey: [""/api/diesel-requirements"", selectedId] }); toast({ title: ""Diesel requirement approved"" }); setView(""list""); }, onError: (err: any) => { toast({ title: ""Error"", description: err.message, variant: ""destructive"" }); }, })"
client/src/pages/DieselRequirements.tsx,client/src/pages/DieselRequirements.tsx:697,apiRequest,"apiRequest(""PATCH"", `/api/diesel-requirements/${data.id}/approve`, { approvedItems: data.approvedItems, })"
client/src/pages/DieselRequirements.tsx,client/src/pages/DieselRequirements.tsx:712,useMutation,"useMutation({ mutationFn: (data: { id: number; reason: string }) => apiRequest(""PATCH"", `/api/diesel-requirements/${data.id}/reject`, { reason: data.reason, }), onSuccess: () => { queryClient.invalidateQueries({ queryKey: [""/api/diesel-requirements""] }); queryClient.invalidateQueries({ queryKey: [""/api/diesel-requirements/summary""] }); if (selectedId) queryClient.invalidateQueries({ queryKey: [""/api/diesel-requirements"", selectedId] }); toast({ title: ""Diesel requirement rejected"" }); setView(""list""); }, onError: (err: any) => { toast({ title: ""Error"", description: err.message, variant: ""destructive"" }); }, })"
client/src/pages/DieselRequirements.tsx,client/src/pages/DieselRequirements.tsx:714,apiRequest,"apiRequest(""PATCH"", `/api/diesel-requirements/${data.id}/reject`, { reason: data.reason, })"
client/src/pages/DieselRequirements.tsx,client/src/pages/DieselRequirements.tsx:729,useMutation,"useMutation({ mutationFn: (data: { id: number; purchaseData: any }) => apiRequest(""PATCH"", `/api/diesel-requirements/${data.id}/purchase-update`, data.purchaseData), onSuccess: (_res, vars) => { queryClient.invalidateQueries({ queryKey: [""/api/diesel-requirements""] }); queryClient.invalidateQueries({ queryKey: [""/api/diesel-requirements/summary""] }); if (selectedId) queryClient.invalidateQueries({ queryKey: [""/api/diesel-requirements"", selectedId] }); toast({ title: ""Purchase details updated"" }); setView(""list""); // 06M-C: purchase does NOT add stock — prompt for the physical receipt. if (vars.purchaseData?.qtyPurchased > 0) { setPostPurchase({ id: vars.id, qty: vars.purchaseData.qtyPurchased, supplier: vars.purchaseData.supplier || """" }); } }, onError: (err: any) => { toast({ title: ""Error"", description: err.message, variant: ""destructive"" }); }, })"
client/src/pages/DieselRequirements.tsx,client/src/pages/DieselRequirements.tsx:731,apiRequest,"apiRequest(""PATCH"", `/api/diesel-requirements/${data.id}/purchase-update`, data.purchaseData)"
client/src/pages/DieselRequirements.tsx,client/src/pages/DieselRequirements.tsx:748,useMutation,"useMutation({ mutationFn: ({ id, data }: { id: number; data: any }) => apiRequest(""PUT"", `/api/diesel-requirements/${id}`, data), onSuccess: () => { queryClient.invalidateQueries({ queryKey: [""/api/diesel-requirements""] }); queryClient.invalidateQueries({ queryKey: [""/api/diesel-requirements/summary""] }); toast({ title: ""Diesel requirement updated successfully"" }); resetForm(); setEditId(null); setView(""list""); }, onError: (err: any) => { toast({ title: ""Error"", description: err.message, variant: ""destructive"" }); }, })"
client/src/pages/DieselRequirements.tsx,client/src/pages/DieselRequirements.tsx:750,apiRequest,"apiRequest(""PUT"", `/api/diesel-requirements/${id}`, data)"
client/src/pages/DieselRequirements.tsx,client/src/pages/DieselRequirements.tsx:764,useMutation,"useMutation({ mutationFn: ({ id }: { id: number }) => apiRequest(""DELETE"", `/api/diesel-requirements/${id}`), onSuccess: () => { queryClient.invalidateQueries({ queryKey: [""/api/diesel-requirements""] }); queryClient.invalidateQueries({ queryKey: [""/api/diesel-requirements/summary""] }); toast({ title: ""Diesel requirement deleted successfully"" }); setShowDeleteConfirm(false); setSelectedId(null); setView(""list""); }, onError: (err: any) => { toast({ title: ""Error"", description: err.message, variant: ""destructive"" }); }, })"
client/src/pages/DieselRequirements.tsx,client/src/pages/DieselRequirements.tsx:766,apiRequest,"apiRequest(""DELETE"", `/api/diesel-requirements/${id}`)"
client/src/pages/DieselRequirements.tsx,client/src/pages/DieselRequirements.tsx:819,apiRequest,"apiRequest(""PATCH"", `/api/diesel-requirements/equipment/${item.equipmentId}/consumption-norm`, { consumptionNorm: value })"
client/src/pages/DieselRequirements.tsx,client/src/pages/DieselRequirements.tsx:2112,exportComparison,exportComparison(false)
client/src/pages/DieselRequirements.tsx,client/src/pages/DieselRequirements.tsx:2243,exportComparison,exportComparison(true)
client/src/pages/PlantMaintenance.tsx,client/src/pages/PlantMaintenance.tsx:212,apiRequest,"apiRequest(""POST"", ""/api/attachments"", { moduleType: logEventType === ""breakdown"" ? ""equipment_breakdown"" : ""equipment_maintenance"", linkedRecordId: logId, equipmentId: equipmentId ? Number(equipmentId) : null, fileName: file.name, objectPath: uploadResponse.objectPath, mimeType: file.type || ""application/octet-stream"", fileSize: file.size, })"
client/src/pages/PlantMaintenance.tsx,client/src/pages/PlantMaintenance.tsx:227,useMutation,"useMutation({ mutationFn: async (body: any) => { const res = await apiRequest(""POST"", ""/api/maintenance/logs"", body); return res.json(); }, onSuccess: async (log: any) => { if (stagedPhotos.length > 0 && log?.id) { await uploadStagedPhotos(log.id, eventType); queryClient.invalidateQueries({ queryKey: [""/api/attachments"", eventType === ""breakdown"" ? ""equipment_breakdown"" : ""equipment_maintenance"", log.id] }); } queryClient.invalidateQueries({ queryKey: [""/api/maintenance/logs""] }); queryClient.invalidateQueries({ queryKey: [""/api/maintenance/health-summary""] }); queryClient.invalidateQueries({ queryKey: [""/api/maintenance/open-count""] }); toast({ title: ""Maintenance log created"" }); onSaved(); }, onError: (err: any) => toast({ title: ""Error"", description: err.message, variant: ""destructive"" }), })"
client/src/pages/PlantMaintenance.tsx,client/src/pages/PlantMaintenance.tsx:229,apiRequest,"apiRequest(""POST"", ""/api/maintenance/logs"", body)"
client/src/pages/PlantMaintenance.tsx,client/src/pages/PlantMaintenance.tsx:465,useMutation,"useMutation({ mutationFn: async (body: any) => { const res = await apiRequest(""PATCH"", `/api/maintenance/logs/${log.id}`, body); return res.json(); }, onSuccess: () => { queryClient.invalidateQueries({ queryKey: [""/api/maintenance/logs""] }); queryClient.invalidateQueries({ queryKey: [""/api/maintenance/health-summary""] }); queryClient.invalidateQueries({ queryKey: [""/api/maintenance/open-count""] }); toast({ title: ""Log updated"" }); onSaved(); }, onError: (err: any) => toast({ title: ""Error"", description: err.message, variant: ""destructive"" }), })"
client/src/pages/PlantMaintenance.tsx,client/src/pages/PlantMaintenance.tsx:467,apiRequest,"apiRequest(""PATCH"", `/api/maintenance/logs/${log.id}`, body)"
client/src/pages/PlantMaintenance.tsx,client/src/pages/PlantMaintenance.tsx:606,useMutation,"useMutation({ mutationFn: async () => { await apiRequest(""DELETE"", `/api/maintenance/logs/${log.id}`); }, onSuccess: () => { queryClient.invalidateQueries({ queryKey: [""/api/maintenance/logs""] }); queryClient.invalidateQueries({ queryKey: [""/api/maintenance/health-summary""] }); queryClient.invalidateQueries({ queryKey: [""/api/maintenance/open-count""] }); toast({ title: ""Log deleted"" }); onRefresh(); }, onError: (err: any) => toast({ title: ""Error"", description: err.message, variant: ""destructive"" }), })"
client/src/pages/PlantMaintenance.tsx,client/src/pages/PlantMaintenance.tsx:607,apiRequest,"apiRequest(""DELETE"", `/api/maintenance/logs/${log.id}`)"
client/src/pages/PlantMaintenance.tsx,client/src/pages/PlantMaintenance.tsx:618,useMutation,"useMutation({ mutationFn: async () => { const newStatus = log.status === ""open"" ? ""resolved"" : ""open""; const res = await apiRequest(""PATCH"", `/api/maintenance/logs/${log.id}`, { status: newStatus, resolvedAt: newStatus === ""resolved"" ? TODAY : null, }); return res.json(); }, onSuccess: () => { queryClient.invalidateQueries({ queryKey: [""/api/maintenance/logs""] }); queryClient.invalidateQueries({ queryKey: [""/api/maintenance/health-summary""] }); queryClient.invalidateQueries({ queryKey: [""/api/maintenance/open-count""] }); toast({ title: log.status === ""open"" ? ""Marked as resolved"" : ""Re-opened"" }); }, onError: (err: any) => toast({ title: ""Error"", description: err.message, variant: ""destructive"" }), })"
client/src/pages/PlantMaintenance.tsx,client/src/pages/PlantMaintenance.tsx:621,apiRequest,"apiRequest(""PATCH"", `/api/maintenance/logs/${log.id}`, { status: newStatus, resolvedAt: newStatus === ""resolved"" ? TODAY : null, })"
client/src/pages/PlantMaintenance.tsx,client/src/pages/PlantMaintenance.tsx:636,useMutation,"useMutation({ mutationFn: async () => { const selectedItem = storeItems.find(s => s.id === Number(partItemId)); const res = await apiRequest(""POST"", `/api/maintenance/logs/${log.id}/parts`, { parts: [{ storeItemId: Number(partItemId), qty: Number(partQty), uom: partUom || selectedItem?.uom || """" }], }); return res.json(); }, onSuccess: () => { queryClient.invalidateQueries({ queryKey: [""/api/maintenance/logs""] }); toast({ title: ""Part added and issued from stores"" }); setAddPartOpen(false); setPartItemId(""""); setPartQty(""""); setPartUom(""""); }, onError: (err: any) => toast({ title: ""Error"", description: err.message, variant: ""destructive"" }), })"
client/src/pages/PlantMaintenance.tsx,client/src/pages/PlantMaintenance.tsx:639,apiRequest,"apiRequest(""POST"", `/api/maintenance/logs/${log.id}/parts`, { parts: [{ storeItemId: Number(partItemId), qty: Number(partQty), uom: partUom || selectedItem?.uom || """" }], })"
client/src/pages/PlantMaintenance.tsx,client/src/pages/PlantMaintenance.tsx:653,useMutation,"useMutation({ mutationFn: async (partId: number) => { await apiRequest(""DELETE"", `/api/maintenance/parts/${partId}`); }, onSuccess: () => { queryClient.invalidateQueries({ queryKey: [""/api/maintenance/logs""] }); toast({ title: ""Part removed"" }); }, onError: (err: any) => toast({ title: ""Error"", description: err.message, variant: ""destructive"" }), })"
client/src/pages/PlantMaintenance.tsx,client/src/pages/PlantMaintenance.tsx:654,apiRequest,"apiRequest(""DELETE"", `/api/maintenance/parts/${partId}`)"
client/src/pages/PlantMaintenance.tsx,client/src/pages/PlantMaintenance.tsx:928,useQuery,"useQuery<EquipmentMasterType[]>({ queryKey: [""/api/plant-module/equipment""], })"
client/src/pages/PlantMaintenance.tsx,client/src/pages/PlantMaintenance.tsx:932,useQuery,"useQuery<StoreItem[]>({ queryKey: [""/api/stores/items""], })"
client/src/pages/PlantMaintenance.tsx,client/src/pages/PlantMaintenance.tsx:936,useQuery,"useQuery<StoreStockBalance[]>({ queryKey: [""/api/stores/stock-summary""], })"
client/src/pages/PlantMaintenance.tsx,client/src/pages/PlantMaintenance.tsx:949,useQuery,"useQuery<MaintenanceLog[]>({ queryKey: [""/api/maintenance/logs"", activeTab, filterEquipmentId, filterStatus, filterDateFrom, filterDateTo], queryFn: async () => { const res = await fetch(`/api/maintenance/logs?${params.toString()}`, { credentials: ""include"" }); if (!res.ok) throw new Error(""Failed to fetch""); return res.json(); }, enabled: activeTab !== ""health"", })"
client/src/pages/PlantMaintenance.tsx,client/src/pages/PlantMaintenance.tsx:952,fetch,"fetch(`/api/maintenance/logs?${params.toString()}`, { credentials: ""include"" })"
client/src/pages/PlantMaintenance.tsx,client/src/pages/PlantMaintenance.tsx:959,useQuery,"useQuery<HealthSummary[]>({ queryKey: [""/api/maintenance/health-summary""], enabled: activeTab === ""health"", })"
client/src/pages/PurchaseIndents.tsx,client/src/pages/PurchaseIndents.tsx:356,useQuery,"useQuery<PurchaseIndentItemHistoryEntry[]>({ queryKey: [""/api/purchase-indent-items"", itemId, ""history""], queryFn: () => fetch(`/api/purchase-indent-items/${itemId}/history`).then(r => r.json()), })"
client/src/pages/PurchaseIndents.tsx,client/src/pages/PurchaseIndents.tsx:358,fetch(`/api/purchase-indent-items/${itemId}/history`).then,fetch(`/api/purchase-indent-items/${itemId}/history`).then(r => r.json())
client/src/pages/PurchaseIndents.tsx,client/src/pages/PurchaseIndents.tsx:358,fetch,fetch(`/api/purchase-indent-items/${itemId}/history`)
client/src/pages/PurchaseIndents.tsx,client/src/pages/PurchaseIndents.tsx:789,useQuery,"useQuery<{ id: number; name: string; siteId: number | null }>({ queryKey: [""/api/boq/projects"", prefillBoqProjectId], queryFn: async () => { const res = await fetch(`/api/boq/projects/${prefillBoqProjectId}`, { credentials: ""include"" }); if (!res.ok) throw new Error(""Project not found""); return res.json(); }, enabled: !!prefillBoqProjectId, })"
client/src/pages/PurchaseIndents.tsx,client/src/pages/PurchaseIndents.tsx:792,fetch,"fetch(`/api/boq/projects/${prefillBoqProjectId}`, { credentials: ""include"" })"
client/src/pages/PurchaseIndents.tsx,client/src/pages/PurchaseIndents.tsx:891,fetch,"fetch(`/api/purchase-indents/${indentId}/items/${itemId}/purchase-order.pdf?preview=1`, { credentials: ""include"" })"
client/src/pages/PurchaseIndents.tsx,client/src/pages/PurchaseIndents.tsx:939,useMutation,"useMutation({ mutationFn: async (data: any) => { const res = await apiRequest(""POST"", ""/api/plant-module/materials"", data); return res.json(); }, onSuccess: (newItem: any) => { queryClient.invalidateQueries({ queryKey: [""/api/plant-module/materials""] }); toast({ title: `""${newItem.name}"" added to materials catalogue` }); if (addStoreItemFromGrn && addStoreItemTargetIdx !== null) { // Link the new catalogue item directly into the GRN line setGrnLines(prev => prev.map((l, i) => i === addStoreItemTargetIdx ? { ...l, storeItemId: String(newItem.id), itemSearch: newItem.name, uom: (newItem.defaultUom || l.uom || ""NOS"").toUpperCase(), autoLinked: false, } : l)); } else if (addStoreItemTargetIdx !== null) { const updated = [...formItems]; updated[addStoreItemTargetIdx] = { ...updated[addStoreItemTargetIdx], description: newItem.name.toUpperCase(), uom: (newItem.defaultUom || ""NOS"").toUpperCase(), materialId: newItem.id, }; setFormItems(updated); } setAddStoreItemOpen(false); setAddStoreItemForm({ name: """", category: ""Aggregate"", uom: ""NOS"" }); setAddStoreItemTargetIdx(null); setAddStoreItemFromGrn(false); }, onError: () => toast({ title: ""Error adding material"", variant: ""destructive"" }), })"
client/src/pages/PurchaseIndents.tsx,client/src/pages/PurchaseIndents.tsx:940,apiRequest,"apiRequest(""POST"", ""/api/plant-module/materials"", data)"
client/src/pages/PurchaseIndents.tsx,client/src/pages/PurchaseIndents.tsx:978,useQuery,"useQuery<PurchaseIndentWithItems[]>({ queryKey: [""/api/purchase-indents""], })"
client/src/pages/PurchaseIndents.tsx,client/src/pages/PurchaseIndents.tsx:981,useQuery,"useQuery<{ id: number; itemId: number; indentId: number; indentNo: string; description: string }[]>({ queryKey: [""/api/purchase-orders/pending""], enabled: isApprover, queryFn: async () => { const response = await fetch(""/api/purchase-orders/pending"", { credentials: ""include"" }); if (!response.ok) throw new Error((await response.json()).message || ""Failed to load pending Purchase Orders""); return response.json(); }, })"
client/src/pages/PurchaseIndents.tsx,client/src/pages/PurchaseIndents.tsx:985,fetch,"fetch(""/api/purchase-orders/pending"", { credentials: ""include"" })"
client/src/pages/PurchaseIndents.tsx,client/src/pages/PurchaseIndents.tsx:991,useQuery,"useQuery<{ id: number; name: string }[]>({ queryKey: [""/api/sites""], })"
client/src/pages/PurchaseIndents.tsx,client/src/pages/PurchaseIndents.tsx:995,useQuery,"useQuery<any[]>({ queryKey: [""/api/pending-plant-receipts"", { indentId: selectedIndentId, status: ""pending"" }], queryFn: async () => { const res = await fetch(`/api/pending-plant-receipts?indentId=${selectedIndentId}&status=pending`, { credentials: ""include"" }); if (!res.ok) return []; return res.json(); }, enabled: !!selectedIndentId, })"
client/src/pages/PurchaseIndents.tsx,client/src/pages/PurchaseIndents.tsx:998,fetch,"fetch(`/api/pending-plant-receipts?indentId=${selectedIndentId}&status=pending`, { credentials: ""include"" })"
client/src/pages/PurchaseIndents.tsx,client/src/pages/PurchaseIndents.tsx:1005,useQuery,"useQuery<any[]>({ queryKey: [""/api/service-completions"", { indentId: selectedIndentId }], queryFn: async () => { const res = await fetch(`/api/service-completions?indentId=${selectedIndentId}`, { credentials: ""include"" }); if (!res.ok) return []; return res.json(); }, enabled: !!selectedIndentId, })"
client/src/pages/PurchaseIndents.tsx,client/src/pages/PurchaseIndents.tsx:1008,fetch,"fetch(`/api/service-completions?indentId=${selectedIndentId}`, { credentials: ""include"" })"
client/src/pages/PurchaseIndents.tsx,client/src/pages/PurchaseIndents.tsx:1016,useQuery,"useQuery<InternalRequisitionWithItems>({ queryKey: [""/api/irn"", fromIrnId], queryFn: async () => { const res = await fetch(`/api/irn/${fromIrnId}`, { credentials: ""include"" }); if (!res.ok) throw new Error(""IRN not found""); return res.json(); }, enabled: !!fromIrnId, })"
client/src/pages/PurchaseIndents.tsx,client/src/pages/PurchaseIndents.tsx:1019,fetch,"fetch(`/api/irn/${fromIrnId}`, { credentials: ""include"" })"
client/src/pages/PurchaseIndents.tsx,client/src/pages/PurchaseIndents.tsx:1050,useQuery,"useQuery<{ storesCheck?: number; total: number; pending: number; approved: number; rejected: number; completed: number; }>({ queryKey: [""/api/purchase-indents/summary""], })"
client/src/pages/PurchaseIndents.tsx,client/src/pages/PurchaseIndents.tsx:1064,useQuery,"useQuery<RouteCorrectionRow[]>({ queryKey: [""/api/purchase-indents/route-corrections""], enabled: showRouteCorrections, })"
client/src/pages/PurchaseIndents.tsx,client/src/pages/PurchaseIndents.tsx:1069,useMutation,"useMutation({ mutationFn: async () => { const items = routeCorrections .filter(row => row.canApply && selectedRouteCorrections.has(row.itemId)) .map(row => ({ itemId: row.itemId, expectedProcurementRoute: row.currentProcurementRoute, })); const response = await apiRequest(""POST"", ""/api/purchase-indents/route-corrections/apply"", { items }); return response.json() as Promise<{ corrected: RouteCorrectionRow[] }>; }, onSuccess: async (result) => { setSelectedRouteCorrections(new Set()); await Promise.all([ queryClient.invalidateQueries({ queryKey: [""/api/purchase-indents""] }), queryClient.invalidateQueries({ queryKey: [""/api/purchase-indents/route-corrections""] }), ]); toast({ title: ""ROUTES CORRECTED"", description: `${result.corrected.length} selected item${result.corrected.length === 1 ? """" : ""s""} updated to the material route.`, }); }, onError: async (error: Error) => { setSelectedRouteCorrections(new Set()); await refetchRouteCorrections(); toast({ title: ""CORRECTION NOT APPLIED"", description: error.message.includes(""409"") ? ""One or more items changed or now have Stores history. Review the refreshed list and try again."" : error.message, variant: ""destructive"", }); }, })"
client/src/pages/PurchaseIndents.tsx,client/src/pages/PurchaseIndents.tsx:1077,apiRequest,"apiRequest(""POST"", ""/api/purchase-indents/route-corrections/apply"", { items })"
client/src/pages/PurchaseIndents.tsx,client/src/pages/PurchaseIndents.tsx:1093,refetchRouteCorrections,refetchRouteCorrections()
client/src/pages/PurchaseIndents.tsx,client/src/pages/PurchaseIndents.tsx:1104,useQuery,"useQuery<PurchaseIndentWithItems>({ queryKey: [""/api/purchase-indents"", selectedIndentId], enabled: !!selectedIndentId, })"
client/src/pages/PurchaseIndents.tsx,client/src/pages/PurchaseIndents.tsx:1109,useQuery,"useQuery<any[]>({ queryKey: [""/api/purchase-indents"", selectedIndentId, ""transactions""], queryFn: () => fetch(`/api/purchase-indents/${selectedIndentId}/transactions`).then(r => r.json()), enabled: !!selectedIndentId && (view === ""purchase"" || view === ""procurement""), })"
client/src/pages/PurchaseIndents.tsx,client/src/pages/PurchaseIndents.tsx:1111,fetch(`/api/purchase-indents/${selectedIndentId}/transactions`).then,fetch(`/api/purchase-indents/${selectedIndentId}/transactions`).then(r => r.json())
client/src/pages/PurchaseIndents.tsx,client/src/pages/PurchaseIndents.tsx:1111,fetch,fetch(`/api/purchase-indents/${selectedIndentId}/transactions`)
client/src/pages/PurchaseIndents.tsx,client/src/pages/PurchaseIndents.tsx:1115,useQuery,"useQuery<any[]>({ queryKey: [""/api/plant-module/materials""], })"
client/src/pages/PurchaseIndents.tsx,client/src/pages/PurchaseIndents.tsx:1119,useQuery,"useQuery<number[]>({ queryKey: [""/api/purchase-indent-items/recent-items""], })"
client/src/pages/PurchaseIndents.tsx,client/src/pages/PurchaseIndents.tsx:1123,useQuery,"useQuery<{ id: number; name: string }[]>({ queryKey: [""/api/sites""], })"
client/src/pages/PurchaseIndents.tsx,client/src/pages/PurchaseIndents.tsx:1127,useQuery,"useQuery<Array<{ id: number; name: string; uom: string; category: string; balance: number }>>({ queryKey: [""/api/stores/stock-balance""], enabled: canCreateStores, })"
client/src/pages/PurchaseIndents.tsx,client/src/pages/PurchaseIndents.tsx:1133,useQuery,"useQuery<Array<{ id: number; name: string; uom: string; category: string }>>({ queryKey: [""/api/stores/items""], enabled: canCreateStores && showGrnDialog, })"
client/src/pages/PurchaseIndents.tsx,client/src/pages/PurchaseIndents.tsx:1138,useQuery,"useQuery<Array<{ id: number; name: string; defaultUom: string; category: string }>>({ queryKey: [""/api/plant-module/materials""], enabled: canCreateStores && showGrnDialog, })"
client/src/pages/PurchaseIndents.tsx,client/src/pages/PurchaseIndents.tsx:1154,useQuery,"useQuery<string[]>({ queryKey: [""/api/stores/grns/supplier-history"", linkedStoreItemIds.join("","")], queryFn: async () => { if (linkedStoreItemIds.length === 0) return []; const res = await fetch( `/api/stores/grns/supplier-history?itemIds=${linkedStoreItemIds.join("","")}`, { credentials: ""include"" } ); if (!res.ok) return []; return res.json() as Promise<string[]>; }, enabled: showGrnDialog && linkedStoreItemIds.length > 0, staleTime: 60_000, })"
client/src/pages/PurchaseIndents.tsx,client/src/pages/PurchaseIndents.tsx:1158,fetch,"fetch( `/api/stores/grns/supplier-history?itemIds=${linkedStoreItemIds.join("","")}`, { credentials: ""include"" } )"
client/src/pages/PurchaseIndents.tsx,client/src/pages/PurchaseIndents.tsx:1215,useQuery,"useQuery<Record<string, number>>({ queryKey: [""/api/stores/indent-grn-counts""], enabled: canViewStores, })"
client/src/pages/PurchaseIndents.tsx,client/src/pages/PurchaseIndents.tsx:1220,useQuery,"useQuery<Record<string, boolean>>({ queryKey: [""/api/stores/indent-fulfilment-status""], enabled: canViewStores, })"
client/src/pages/PurchaseIndents.tsx,client/src/pages/PurchaseIndents.tsx:1225,useQuery,"useQuery<Record<number, number>>({ queryKey: [""/api/stores/indent-received-per-item"", selectedIndent?.id], enabled: showGrnDialog && !!selectedIndent?.id, queryFn: async () => { if (!selectedIndent?.id) return {}; const res = await fetch(`/api/stores/indent-received-per-item?indentId=${selectedIndent.id}`, { credentials: ""include"" }); if (!res.ok) return {}; return res.json(); }, })"
client/src/pages/PurchaseIndents.tsx,client/src/pages/PurchaseIndents.tsx:1230,fetch,"fetch(`/api/stores/indent-received-per-item?indentId=${selectedIndent.id}`, { credentials: ""include"" })"
client/src/pages/PurchaseIndents.tsx,client/src/pages/PurchaseIndents.tsx:1237,useQuery,"useQuery<any[]>({ queryKey: [""/api/site-material-trips"", { indentId: selectedIndentId }], queryFn: () => fetch(`/api/site-material-trips?indentId=${selectedIndentId}`, { credentials: ""include"" }).then(r => r.json()), enabled: !!selectedIndentId && (view === ""purchase"" || view === ""procurement""), })"
client/src/pages/PurchaseIndents.tsx,client/src/pages/PurchaseIndents.tsx:1239,"fetch(`/api/site-material-trips?indentId=${selectedIndentId}`, { credentials: ""include"" }).then","fetch(`/api/site-material-trips?indentId=${selectedIndentId}`, { credentials: ""include"" }).then(r => r.json())"
client/src/pages/PurchaseIndents.tsx,client/src/pages/PurchaseIndents.tsx:1239,fetch,"fetch(`/api/site-material-trips?indentId=${selectedIndentId}`, { credentials: ""include"" })"
client/src/pages/PurchaseIndents.tsx,client/src/pages/PurchaseIndents.tsx:1244,useQuery,"useQuery<{ id: number; grnNumber: string; date: string; supplier: string; acceptanceStatus: string; itemCount: number }[]>({ queryKey: [""/api/stores/grns"", ""linked"", indentRefForGrns ?? """"], queryFn: () => fetch(`/api/stores/grns?indentRef=${encodeURIComponent(indentRefForGrns!)}`, { credentials: ""include"" }) .then(r => r.json()) .then((grns: any[]) => grns.map(g => ({ id: g.id, grnNumber: g.grnNumber, date: g.date, supplier: g.supplier, acceptanceStatus: g.acceptanceStatus, itemCount: (g.items ?? []).length }))), enabled: canViewStores && !!indentRefForGrns, })"
client/src/pages/PurchaseIndents.tsx,client/src/pages/PurchaseIndents.tsx:1246,"fetch(`/api/stores/grns?indentRef=${encodeURIComponent(indentRefForGrns!)}`, { credentials: ""include"" })
      .then(r => r.json())
      .then","fetch(`/api/stores/grns?indentRef=${encodeURIComponent(indentRefForGrns!)}`, { credentials: ""include"" }) .then(r => r.json()) .then((grns: any[]) => grns.map(g => ({ id: g.id, grnNumber: g.grnNumber, date: g.date, supplier: g.supplier, acceptanceStatus: g.acceptanceStatus, itemCount: (g.items ?? []).length })))"
client/src/pages/PurchaseIndents.tsx,client/src/pages/PurchaseIndents.tsx:1246,"fetch(`/api/stores/grns?indentRef=${encodeURIComponent(indentRefForGrns!)}`, { credentials: ""include"" })
      .then","fetch(`/api/stores/grns?indentRef=${encodeURIComponent(indentRefForGrns!)}`, { credentials: ""include"" }) .then(r => r.json())"
client/src/pages/PurchaseIndents.tsx,client/src/pages/PurchaseIndents.tsx:1246,fetch,"fetch(`/api/stores/grns?indentRef=${encodeURIComponent(indentRefForGrns!)}`, { credentials: ""include"" })"
client/src/pages/PurchaseIndents.tsx,client/src/pages/PurchaseIndents.tsx:1252,useMutation,"useMutation({ mutationFn: (data: any) => apiRequest(""POST"", ""/api/purchase-indents"", data), onSuccess: () => { queryClient.invalidateQueries({ queryKey: [""/api/purchase-indents""] }); toast({ title: ""Indent submitted for approval"" }); resetForm(); setView(""list""); }, onError: (err: Error) => { toast({ title: ""Failed to create indent"", description: err.message, variant: ""destructive"" }); }, })"
client/src/pages/PurchaseIndents.tsx,client/src/pages/PurchaseIndents.tsx:1253,apiRequest,"apiRequest(""POST"", ""/api/purchase-indents"", data)"
client/src/pages/PurchaseIndents.tsx,client/src/pages/PurchaseIndents.tsx:1265,useMutation,"useMutation({ mutationFn: (data: any) => apiRequest(""PATCH"", `/api/purchase-indents/${selectedIndentId}/approve`, data), onSuccess: () => { queryClient.invalidateQueries({ queryKey: [""/api/purchase-indents""] }); toast({ title: ""Indent approved successfully"" }); setView(""list""); setSelectedIndentId(null); }, onError: (err: Error) => { toast({ title: ""Failed to approve indent"", description: err.message, variant: ""destructive"" }); }, })"
client/src/pages/PurchaseIndents.tsx,client/src/pages/PurchaseIndents.tsx:1266,apiRequest,"apiRequest(""PATCH"", `/api/purchase-indents/${selectedIndentId}/approve`, data)"
client/src/pages/PurchaseIndents.tsx,client/src/pages/PurchaseIndents.tsx:1278,useMutation,"useMutation({ mutationFn: (data: any) => apiRequest(""PATCH"", `/api/purchase-indents/${selectedIndentId}/reject`, data), onSuccess: () => { queryClient.invalidateQueries({ queryKey: [""/api/purchase-indents""] }); toast({ title: ""Indent rejected"" }); setView(""list""); setSelectedIndentId(null); }, onError: (err: Error) => { toast({ title: ""Failed to reject indent"", description: err.message, variant: ""destructive"" }); }, })"
client/src/pages/PurchaseIndents.tsx,client/src/pages/PurchaseIndents.tsx:1279,apiRequest,"apiRequest(""PATCH"", `/api/purchase-indents/${selectedIndentId}/reject`, data)"
client/src/pages/PurchaseIndents.tsx,client/src/pages/PurchaseIndents.tsx:1291,useMutation,"useMutation({ mutationFn: ({ itemId, data }: { itemId: number; data: any }) => apiRequest(""PATCH"", `/api/purchase-indent-items/${itemId}/purchase-update`, data), onSuccess: () => { queryClient.invalidateQueries({ queryKey: [""/api/purchase-indents""] }); if (selectedIndentId) { queryClient.invalidateQueries({ queryKey: [""/api/purchase-indents"", selectedIndentId] }); } toast({ title: ""Purchase status updated"" }); }, onError: (err: Error) => { toast({ title: ""Failed to update purchase status"", description: err.message, variant: ""destructive"" }); }, })"
client/src/pages/PurchaseIndents.tsx,client/src/pages/PurchaseIndents.tsx:1293,apiRequest,"apiRequest(""PATCH"", `/api/purchase-indent-items/${itemId}/purchase-update`, data)"
client/src/pages/PurchaseIndents.tsx,client/src/pages/PurchaseIndents.tsx:1306,useMutation,"useMutation({ mutationFn: ({ itemId, data }: { itemId: number; data: any }) => apiRequest(""PATCH"", `/api/purchase-indent-items/${itemId}/cancel`, data), onSuccess: () => { queryClient.invalidateQueries({ queryKey: [""/api/purchase-indents""] }); if (selectedIndentId) { queryClient.invalidateQueries({ queryKey: [""/api/purchase-indents"", selectedIndentId] }); } setShowCancelConfirm(false); setCancelItemId(null); setCancelReason(""""); toast({ title: ""Item cancelled successfully"" }); }, onError: (err: Error) => { toast({ title: ""Failed to cancel item"", description: err.message, variant: ""destructive"" }); }, })"
client/src/pages/PurchaseIndents.tsx,client/src/pages/PurchaseIndents.tsx:1308,apiRequest,"apiRequest(""PATCH"", `/api/purchase-indent-items/${itemId}/cancel`, data)"
client/src/pages/PurchaseIndents.tsx,client/src/pages/PurchaseIndents.tsx:1324,useMutation,"useMutation({ mutationFn: (data: any) => apiRequest(""PATCH"", `/api/purchase-indents/${selectedIndentId}/force-close`, data), onSuccess: () => { queryClient.invalidateQueries({ queryKey: [""/api/purchase-indents""] }); if (selectedIndentId) { queryClient.invalidateQueries({ queryKey: [""/api/purchase-indents"", selectedIndentId] }); } setShowForceCloseConfirm(false); setForceCloseReason(""""); toast({ title: ""Indent force closed successfully"" }); }, onError: (err: Error) => { toast({ title: ""Failed to force close indent"", description: err.message, variant: ""destructive"" }); }, })"
client/src/pages/PurchaseIndents.tsx,client/src/pages/PurchaseIndents.tsx:1326,apiRequest,"apiRequest(""PATCH"", `/api/purchase-indents/${selectedIndentId}/force-close`, data)"
client/src/pages/PurchaseIndents.tsx,client/src/pages/PurchaseIndents.tsx:1341,useMutation,"useMutation({ mutationFn: ({ id, data }: { id: number; data: any }) => apiRequest(""PUT"", `/api/purchase-indents/${id}`, data), onSuccess: () => { queryClient.invalidateQueries({ queryKey: [""/api/purchase-indents""] }); toast({ title: ""Indent updated successfully"" }); resetForm(); setEditIndentId(null); setView(""list""); }, onError: (err: Error) => { toast({ title: ""Failed to update indent"", description: err.message, variant: ""destructive"" }); }, })"
client/src/pages/PurchaseIndents.tsx,client/src/pages/PurchaseIndents.tsx:1343,apiRequest,"apiRequest(""PUT"", `/api/purchase-indents/${id}`, data)"
client/src/pages/PurchaseIndents.tsx,client/src/pages/PurchaseIndents.tsx:1356,useMutation,"useMutation({ mutationFn: ({ id }: { id: number }) => apiRequest(""DELETE"", `/api/purchase-indents/${id}`), onSuccess: () => { queryClient.invalidateQueries({ queryKey: [""/api/purchase-indents""] }); toast({ title: ""Indent deleted successfully"" }); setShowDeleteConfirm(false); setSelectedIndentId(null); setView(""list""); }, onError: (err: Error) => { toast({ title: ""Failed to delete indent"", description: err.message, variant: ""destructive"" }); }, })"
client/src/pages/PurchaseIndents.tsx,client/src/pages/PurchaseIndents.tsx:1358,apiRequest,"apiRequest(""DELETE"", `/api/purchase-indents/${id}`)"
client/src/pages/PurchaseIndents.tsx,client/src/pages/PurchaseIndents.tsx:1373,useMutation,"useMutation({ mutationFn: (id: number) => apiRequest(""POST"", `/api/purchase-indents/${id}/notify`, {}), onSuccess: () => { queryClient.invalidateQueries({ queryKey: [""/api/purchase-indents""] }); toast({ title: ""Stakeholders notified"", description: ""Push notification sent to all subscribed devices."" }); }, onError: (err: Error) => { toast({ title: ""Failed to send notification"", description: err.message, variant: ""destructive"" }); }, })"
client/src/pages/PurchaseIndents.tsx,client/src/pages/PurchaseIndents.tsx:1374,apiRequest,"apiRequest(""POST"", `/api/purchase-indents/${id}/notify`, {})"
client/src/pages/PurchaseIndents.tsx,client/src/pages/PurchaseIndents.tsx:1384,useMutation,"useMutation({ mutationFn: ({ itemId, note }: { itemId: number; note: string }) => apiRequest(""PATCH"", `/api/purchase-indent-items/${itemId}/reviewer-note`, { note }), })"
client/src/pages/PurchaseIndents.tsx,client/src/pages/PurchaseIndents.tsx:1386,apiRequest,"apiRequest(""PATCH"", `/api/purchase-indent-items/${itemId}/reviewer-note`, { note })"
client/src/pages/PurchaseIndents.tsx,client/src/pages/PurchaseIndents.tsx:1389,useMutation,"useMutation({ mutationFn: (data: any) => apiRequest(""PATCH"", `/api/purchase-indents/${selectedIndentId}/stores-verify`, data), onSuccess: () => { queryClient.invalidateQueries({ queryKey: [""/api/purchase-indents""] }); if (selectedIndentId) queryClient.invalidateQueries({ queryKey: [""/api/purchase-indents"", selectedIndentId] }); toast({ title: ""Stores verification submitted"", description: ""Indent is now awaiting manager approval."" }); setView(""list""); setSelectedIndentId(null); }, onError: (err: Error) => { toast({ title: ""Failed to submit verification"", description: err.message, variant: ""destructive"" }); }, })"
client/src/pages/PurchaseIndents.tsx,client/src/pages/PurchaseIndents.tsx:1390,apiRequest,"apiRequest(""PATCH"", `/api/purchase-indents/${selectedIndentId}/stores-verify`, data)"
client/src/pages/PurchaseIndents.tsx,client/src/pages/PurchaseIndents.tsx:1404,useMutation,"useMutation({ mutationFn: ({ itemId, data }: { itemId: number; data: any }) => apiRequest(""PATCH"", `/api/purchase-indent-items/${itemId}/procure`, data), onSuccess: () => { queryClient.invalidateQueries({ queryKey: [""/api/purchase-indents""] }); if (selectedIndentId) queryClient.invalidateQueries({ queryKey: [""/api/purchase-indents"", selectedIndentId] }); toast({ title: ""Procurement status updated"" }); }, onError: (err: Error) => { toast({ title: ""Failed to update procurement status"", description: err.message, variant: ""destructive"" }); }, })"
client/src/pages/PurchaseIndents.tsx,client/src/pages/PurchaseIndents.tsx:1406,apiRequest,"apiRequest(""PATCH"", `/api/purchase-indent-items/${itemId}/procure`, data)"
client/src/pages/PurchaseIndents.tsx,client/src/pages/PurchaseIndents.tsx:1417,useMutation,"useMutation({ mutationFn: async (data: any) => { const res = await apiRequest(""POST"", `/api/purchase-indents/${selectedIndentId}/purchaser-action`, data); return res.json() as Promise<{ indent: any; txnIdsByItemId: Record<number, number>; grnIdsByItemId: Record<number, number>; routeWarnings?: { itemId: number; message: string }[] }>; }, onSuccess: async (result) => { // Upload per-item invoice photos — tag to PI transaction AND draft GRN (Batch 17) const { txnIdsByItemId = {}, grnIdsByItemId = {} } = result ?? {}; const allItemIds = new Set([ ...Object.keys(txnIdsByItemId).map(Number), ...Object.keys(paPhotos).map(Number), ]); for (const itemId of allItemIds) { const files = paPhotos[itemId] || []; if (files.length === 0) continue; const txnId = txnIdsByItemId[itemId]; const grnId = grnIdsByItemId[itemId]; for (const file of files) { const up = await uploadFile(file); if (!up) continue; const base = { fileName: file.name, objectPath: up.objectPath, mimeType: file.type || ""application/octet-stream"", fileSize: file.size }; // Tag to the PI purchaser-action transaction (for PI history) if (txnId) { apiRequest(""POST"", ""/api/attachments"", { ...base, moduleType: ""pi_purchaser_action"", linkedRecordId: txnId }).catch(() => {}); } // Also tag to the draft GRN so Stores sees it without re-uploading if (grnId) { apiRequest(""POST"", ""/api/attachments"", { ...base, moduleType: ""store_grn"", linkedRecordId: grnId }).catch(() => {}); } } } setPaPhotos({}); queryClient.invalidateQueries({ queryKey: [""/api/purchase-indents""] }); if (selectedIndentId) { queryClient.invalidateQueries({ queryKey: [""/api/purchase-indents"", selectedIndentId] }); queryClient.invalidateQueries({ queryKey: [""/api/purchase-indents"", selectedIndentId, ""transactions""] }); } queryClient.invalidateQueries({ predicate: q => String(q.queryKey[0]).startsWith(""/api/stores"") }); setPurchaserActionOpen(false); setPurchaserActionData({}); toast({ title: ""Purchaser action recorded"" }); // 06S §1: unconfigured-route items skipped auto-GRN — surface each warning. for (const w of result?.routeWarnings ?? []) { toast({ title: ""Procurement route not configured"", description: w.message, variant: ""destructive"" }); } }, onError: (err: Error) => { toast({ title: ""Failed to record purchaser action"", description: err.message, variant: ""destructive"" }); }, })"
client/src/pages/PurchaseIndents.tsx,client/src/pages/PurchaseIndents.tsx:1419,apiRequest,"apiRequest(""POST"", `/api/purchase-indents/${selectedIndentId}/purchaser-action`, data)"
client/src/pages/PurchaseIndents.tsx,client/src/pages/PurchaseIndents.tsx:1440,"apiRequest(""POST"", ""/api/attachments"", { ...base, moduleType: ""pi_purchaser_action"", linkedRecordId: txnId }).catch","apiRequest(""POST"", ""/api/attachments"", { ...base, moduleType: ""pi_purchaser_action"", linkedRecordId: txnId }).catch(() => {})"
client/src/pages/PurchaseIndents.tsx,client/src/pages/PurchaseIndents.tsx:1440,apiRequest,"apiRequest(""POST"", ""/api/attachments"", { ...base, moduleType: ""pi_purchaser_action"", linkedRecordId: txnId })"
client/src/pages/PurchaseIndents.tsx,client/src/pages/PurchaseIndents.tsx:1444,"apiRequest(""POST"", ""/api/attachments"", { ...base, moduleType: ""store_grn"", linkedRecordId: grnId }).catch","apiRequest(""POST"", ""/api/attachments"", { ...base, moduleType: ""store_grn"", linkedRecordId: grnId }).catch(() => {})"
client/src/pages/PurchaseIndents.tsx,client/src/pages/PurchaseIndents.tsx:1444,apiRequest,"apiRequest(""POST"", ""/api/attachments"", { ...base, moduleType: ""store_grn"", linkedRecordId: grnId })"
client/src/pages/PurchaseIndents.tsx,client/src/pages/PurchaseIndents.tsx:1468,useMutation,"useMutation({ mutationFn: (data: any) => apiRequest(""POST"", `/api/purchase-indents/${selectedIndentId}/service-completion`, data), onSuccess: () => { queryClient.invalidateQueries({ queryKey: [""/api/purchase-indents""] }); queryClient.invalidateQueries({ queryKey: [""/api/service-completions"", { indentId: selectedIndentId }] }); if (selectedIndentId) { queryClient.invalidateQueries({ queryKey: [""/api/purchase-indents"", selectedIndentId] }); } setServiceCompletionItemId(null); toast({ title: ""Service completion recorded"" }); }, onError: (err: Error) => { toast({ title: ""Verification failed"", description: err.message, variant: ""destructive"" }); }, })"
client/src/pages/PurchaseIndents.tsx,client/src/pages/PurchaseIndents.tsx:1469,apiRequest,"apiRequest(""POST"", `/api/purchase-indents/${selectedIndentId}/service-completion`, data)"
client/src/pages/PurchaseIndents.tsx,client/src/pages/PurchaseIndents.tsx:1484,useMutation,"useMutation({ mutationFn: (data: any) => apiRequest(""POST"", `/api/purchase-indents/${selectedIndentId}/bulk-receipt`, data), onSuccess: () => { queryClient.invalidateQueries({ queryKey: [""/api/purchase-indents""] }); queryClient.invalidateQueries({ queryKey: [""/api/pending-plant-receipts""] }); if (selectedIndentId) { queryClient.invalidateQueries({ queryKey: [""/api/purchase-indents"", selectedIndentId] }); queryClient.invalidateQueries({ queryKey: [""/api/purchase-indents"", selectedIndentId, ""transactions""] }); } setBulkReceiptOpen(false); setBulkReceiptData({}); toast({ title: ""Receipt submitted"", description: ""For plant destinations it will appear in the Pending Plant Receipts queue. For site destinations, use 'Log Site Delivery' to record each truckload."" }); }, onError: (err: Error) => { toast({ title: ""Failed to submit plant receipt"", description: err.message, variant: ""destructive"" }); }, })"
client/src/pages/PurchaseIndents.tsx,client/src/pages/PurchaseIndents.tsx:1485,apiRequest,"apiRequest(""POST"", `/api/purchase-indents/${selectedIndentId}/bulk-receipt`, data)"
client/src/pages/PurchaseIndents.tsx,client/src/pages/PurchaseIndents.tsx:1502,useMutation,"useMutation({ mutationFn: ({ itemId, data }: { itemId: number; data: any }) => apiRequest(""POST"", `/api/purchase-indent-items/${itemId}/record-delivery`, data), onSuccess: (_result, { itemId }) => { queryClient.invalidateQueries({ queryKey: [""/api/purchase-indents""] }); if (selectedIndentId) { queryClient.invalidateQueries({ queryKey: [""/api/purchase-indents"", selectedIndentId] }); queryClient.invalidateQueries({ queryKey: [""/api/purchase-indents"", selectedIndentId, ""transactions""] }); } queryClient.invalidateQueries({ predicate: q => String(q.queryKey[0]).startsWith(""/api/stores"") }); setDeliveryExpanded(prev => { const next = new Set(prev); next.delete(itemId); return next; }); setDeliveryForms(prev => { const next = { ...prev }; delete next[itemId]; return next; }); toast({ title: ""Delivery recorded"", description: ""Item status and GRN updated."" }); }, onError: (err: Error) => { toast({ title: ""Failed to record delivery"", description: err.message, variant: ""destructive"" }); }, })"
client/src/pages/PurchaseIndents.tsx,client/src/pages/PurchaseIndents.tsx:1504,apiRequest,"apiRequest(""POST"", `/api/purchase-indent-items/${itemId}/record-delivery`, data)"
client/src/pages/PurchaseIndents.tsx,client/src/pages/PurchaseIndents.tsx:1521,useMutation,"useMutation({ mutationFn: (data: any) => apiRequest(""POST"", `/api/purchase-indents/${selectedIndentId}/record-material-receipt`, data), onSuccess: () => { queryClient.invalidateQueries({ queryKey: [""/api/purchase-indents""] }); if (selectedIndentId) queryClient.invalidateQueries({ queryKey: [""/api/purchase-indents"", selectedIndentId] }); queryClient.invalidateQueries({ queryKey: [""/api/plant-module/material-receipts""] }); setMatReceiptForms({}); setMatReceiptExpanded(new Set()); toast({ title: ""Material receipt recorded — stock updated"" }); }, onError: (err: Error) => { toast({ title: ""Failed to record receipt"", description: err.message, variant: ""destructive"" }); }, })"
client/src/pages/PurchaseIndents.tsx,client/src/pages/PurchaseIndents.tsx:1522,apiRequest,"apiRequest(""POST"", `/api/purchase-indents/${selectedIndentId}/record-material-receipt`, data)"
client/src/pages/PurchaseIndents.tsx,client/src/pages/PurchaseIndents.tsx:1560,useMutation,"useMutation({ mutationFn: (data: any) => apiRequest(""POST"", ""/api/stores/grns"", data), onSuccess: () => { saveGrnMappings(grnLines); queryClient.invalidateQueries({ predicate: q => String(q.queryKey[0]).startsWith(""/api/stores"") }); queryClient.invalidateQueries({ queryKey: [""/api/purchase-indents""] }); toast({ title: ""GRN created — items added to stock"" }); setShowGrnDialog(false); }, onError: (err: any) => { try { const msg: string = err?.message ?? """"; if (msg.startsWith(""422:"")) { const jsonPart = msg.slice(msg.indexOf(""{"")); const body = JSON.parse(jsonPart); if (body?.details?.length) { toast({ title: ""Over-receipt blocked"", description: body.details.join(""; ""), variant: ""destructive"" }); return; } } } catch {} toast({ title: ""Error creating GRN"", variant: ""destructive"" }); }, })"
client/src/pages/PurchaseIndents.tsx,client/src/pages/PurchaseIndents.tsx:1561,apiRequest,"apiRequest(""POST"", ""/api/stores/grns"", data)"
client/src/pages/PurchaseIndents.tsx,client/src/pages/PurchaseIndents.tsx:1682,apiRequest,"apiRequest(""POST"", ""/api/stores/items"", { name: pm.name.toUpperCase(), category: pm.category || ""Aggregate"", defaultUom: pm.defaultUom || l.uom || ""CFT"", isActive: 1, })"
client/src/pages/PurchaseIndents.tsx,client/src/pages/PurchaseIndents.tsx:1735,useQuery,"useQuery<{ items: Array<{ itemId: number; indentId: number; indentNo: string; indentDate: string; description: string; purpose: string; priority: string; qty: number; approvedQty: number | null; qtyPurchased: number | null; purchaseStatus: string | null; vendor: string | null; amount: number | null; uom: string; cancelledBy: string | null; cancelledAt: string | null; expectedDelivery: string | null; paymentMode: string | null; }>; summary: { totalItems: number; fulfillmentRate: number; totalSpend: number; pending: number; purchased: number; partial: number; cancelled: number; notPurchased: number; }; }>({ queryKey: [""/api/purchase-indents/report"", reportQueryParams], queryFn: () => fetch(`/api/purchase-indents/report?${reportQueryParams}`).then(r => r.json()), enabled: view === ""report"", })"
client/src/pages/PurchaseIndents.tsx,client/src/pages/PurchaseIndents.tsx:1768,fetch(`/api/purchase-indents/report?${reportQueryParams}`).then,fetch(`/api/purchase-indents/report?${reportQueryParams}`).then(r => r.json())
client/src/pages/PurchaseIndents.tsx,client/src/pages/PurchaseIndents.tsx:1768,fetch,fetch(`/api/purchase-indents/report?${reportQueryParams}`)
client/src/pages/PurchaseIndents.tsx,client/src/pages/PurchaseIndents.tsx:2309,win.print,win.print()
client/src/pages/PurchaseIndents.tsx,client/src/pages/PurchaseIndents.tsx:2651,apiRequest,"apiRequest(""PATCH"", `/api/purchase-indents/${selectedIndent.id}/items/${itemId}/destination`, { receivingLocation, receivingSiteId })"
client/src/pages/PurchaseIndents.tsx,client/src/pages/PurchaseIndents.tsx:3512,handlePrintIndent,handlePrintIndent(selectedIndent)
client/src/pages/PurchaseIndents.tsx,client/src/pages/PurchaseIndents.tsx:4010,handlePrintIndent,handlePrintIndent(selectedIndent)
client/src/pages/SiteMaterialTrips.tsx,client/src/pages/SiteMaterialTrips.tsx:75,useQuery,"useQuery<Site[]>({ queryKey: [""/api/sites""], })"
client/src/pages/SiteMaterialTrips.tsx,client/src/pages/SiteMaterialTrips.tsx:123,useQuery,"useQuery<ExistingTripVendor[]>({ queryKey: [canEdit ? `/api/site-material-trips/vendor-options?site=${encodeURIComponent(vendorSite)}` : ""/api/vendor-master""], enabled: !canEdit || !!vendorSite, })"
client/src/pages/SiteMaterialTrips.tsx,client/src/pages/SiteMaterialTrips.tsx:185,useQuery,"useQuery<any[]>({ queryKey: [""/api/site-requirements"", ""receipt-suggest"", tripSiteId, newTrip.date], queryFn: async () => { const res = await fetch(`/api/site-requirements?siteId=${tripSiteId}&dateFrom=${newTrip.date}&dateTo=${newTrip.date}`, { credentials: ""include"" }); return res.ok ? res.json() : []; }, enabled: !isPILinked && tripSiteId != null && !!newTrip.date, staleTime: 30_000, })"
client/src/pages/SiteMaterialTrips.tsx,client/src/pages/SiteMaterialTrips.tsx:188,fetch,"fetch(`/api/site-requirements?siteId=${tripSiteId}&dateFrom=${newTrip.date}&dateTo=${newTrip.date}`, { credentials: ""include"" })"
client/src/pages/SiteMaterialTrips.tsx,client/src/pages/SiteMaterialTrips.tsx:236,apiRequest,"apiRequest(""POST"", ""/api/attachments"", { moduleType: ""site_material_trip"", linkedRecordId: tripId, fileName: file.name, objectPath: uploadResponse.objectPath, mimeType: file.type || ""application/octet-stream"", fileSize: file.size, })"
client/src/pages/SiteMaterialTrips.tsx,client/src/pages/SiteMaterialTrips.tsx:264,useQuery,"useQuery<SiteMaterialTrip[]>({ queryKey: [buildTripsUrl()], })"
client/src/pages/SiteMaterialTrips.tsx,client/src/pages/SiteMaterialTrips.tsx:269,useQuery,"useQuery<EquipmentMasterType[]>({ queryKey: [""/api/plant-module/equipment""], })"
client/src/pages/SiteMaterialTrips.tsx,client/src/pages/SiteMaterialTrips.tsx:292,useMutation,"useMutation({ mutationFn: async (data: typeof newTrip) => { const payload: Record<string, any> = { ...data, ...buildRolePayload(data), quantity: parseFloat(data.quantity) || 0, // 06S: yard label only meaningful for yard receipts. yardLabel: data.unloadedAt === ""yard"" ? data.yardLabel : undefined, }; if (isPILinked) { payload.indentId = piParams.piIndentId; payload.indentItemId = piParams.piItemId; payload.pendingReceiptId = piParams.pendingReceiptId || undefined; } // 06E-F: optional work-context linkage (additive; server validates). if (workCtx.boqProjectId != null) payload.boqProjectId = workCtx.boqProjectId; if (workCtx.boqItemId != null) payload.boqItemId = workCtx.boqItemId; if (workCtx.programmeBarId != null) payload.programmeBarId = workCtx.programmeBarId; if (workCtx.earthworkArrangementId != null) payload.earthworkArrangementId = workCtx.earthworkArrangementId; const res = await apiRequest(""POST"", ""/api/site-material-trips"", payload); return res.json(); }, onSuccess: async (trip: any) => { if (stagedPhotos.length > 0 && trip?.id) { await uploadStagedPhotos(trip.id); queryClient.invalidateQueries({ queryKey: [""/api/attachments"", ""site_material_trip"", trip.id] }); } setStagedPhotos([]); queryClient.invalidateQueries({ predicate: (q) => typeof q.queryKey[0] === ""string"" && q.queryKey[0].startsWith(""/api/site-material-trips"") }); // The submitted site is captured in the mutation payload; invalidate // all scoped entries so a quick site switch while saving cannot leave // either the old or new site's list stale. invalidateSiteMaterialSuggestions(); queryClient.invalidateQueries({ predicate: (q) => typeof q.queryKey[0] === ""string"" && q.queryKey[0].startsWith(""/api/materials-received"") }); if (isPILinked) { queryClient.invalidateQueries({ queryKey: [""/api/purchase-indents""] }); queryClient.invalidateQueries({ predicate: (q) => typeof q.queryKey[0] === ""string"" && q.queryKey[0].startsWith(""/api/purchase-indents"") }); } toast({ title: ""Trip Logged"", description: ""Material trip has been recorded successfully."" }); if (isPILinked) { // In PI-linked mode reset material/qty but keep site + PI context for next truckload setNewTrip(prev => ({ ...prev, vehicleNumber: """", internalEquipmentId: null, quantity: """", receiptNumber: """", notes: """", workType: """", })); } else if (keepContext) { // 06G rapid repeat-trip: keep site/material/supplier/location/UoM + // work context between trucks; clear only truck-specific fields. setNewTrip(prev => ({ ...prev, time: format(new Date(), ""HH:mm""), vehicleNumber: """", quantity: """", receiptNumber: """", notes: """", })); } else { setNewTrip({ date: today, time: format(new Date(), ""HH:mm""), site: newTrip.site, material: """", supplier: """", materialSourceSupplier: """", materialSourceType: ""vendor"", materialSourceLabel: """", vehicleNumber: """", transportType: ""agency_vendor"", internalEquipmentId: null, quantity: """", uom: ""CFT"", location: """", receiptNumber: """", enteredBy: newTrip.enteredBy, notes: """", workType: """", unloadedAt: ""stretch"", yardLabel: """", }); setWorkCtx(EMPTY_WORK_CONTEXT); setRoleChoice(""same_party""); setLastPrefill({ material: """", supplier: """" }); } }, onError: (error) => { toast({ title: ""Failed to log material trip"", description: error instanceof Error ? error.message : ""The trip could not be saved."", variant: ""destructive"" }); console.error(""Error creating trip:"", error); }, })"
client/src/pages/SiteMaterialTrips.tsx,client/src/pages/SiteMaterialTrips.tsx:311,apiRequest,"apiRequest(""POST"", ""/api/site-material-trips"", payload)"
client/src/pages/SiteMaterialTrips.tsx,client/src/pages/SiteMaterialTrips.tsx:393,useMutation,"useMutation({ mutationFn: async (id: number) => { return apiRequest(""DELETE"", `/api/site-material-trips/${id}`); }, onSuccess: () => { queryClient.invalidateQueries({ queryKey: [""/api/site-material-trips""] }); invalidateSiteMaterialSuggestions(); toast({ title: ""Deleted"", description: ""Trip entry has been removed."" }); }, onError: () => { toast({ title: ""Error"", description: ""Failed to delete trip."", variant: ""destructive"" }); }, })"
client/src/pages/SiteMaterialTrips.tsx,client/src/pages/SiteMaterialTrips.tsx:395,apiRequest,"apiRequest(""DELETE"", `/api/site-material-trips/${id}`)"
client/src/pages/SiteMaterialTrips.tsx,client/src/pages/SiteMaterialTrips.tsx:407,useMutation,"useMutation({ mutationFn: async () => { if (onlyWithoutArrangement) throw new Error(""Clear the no-arrangement filter before using the material-source tool.""); if (roleFilter !== ""all"") { throw new Error(""Select All in the transport/source role filter before using the bulk material-source tool.""); } const payload = { dateFrom: dateFromFilter || undefined, dateTo: dateToFilter || undefined, site: siteFilter && siteFilter !== ""all"" ? siteFilter : undefined, material: materialFilter && materialFilter !== ""all"" ? materialFilter : undefined, vehicleNumber: vehicleFilter.trim() || undefined, supplier: supplierFilter.trim() || undefined, onlyUnassigned, materialSourceSupplier: bulkMaterialSourceSupplier.trim(), }; const response = await apiRequest(""POST"", ""/api/site-material-trips/material-source/bulk"", payload); const result: unknown = await response.json(); const updatedCount = (result as { updatedCount?: unknown } | null)?.updatedCount; if (!Number.isSafeInteger(updatedCount) || (updatedCount as number) < 0 || (updatedCount as number) > bulkEligibleCount) { throw new Error(""The server returned an invalid updated-trip count. Reload the trips before trying again.""); } return { updatedCount: updatedCount as number }; }, onSuccess: ({ updatedCount }) => { setBulkConfirmOpen(false); queryClient.invalidateQueries({ predicate: (query) => typeof query.queryKey[0] === ""string"" && query.queryKey[0].startsWith(""/api/site-material-trips"") }); invalidateSiteMaterialSuggestions(siteFilter); if (updatedCount === 0) { toast({ title: ""No trips updated"", description: ""Nothing was changed. Check the filters and edit permission, then reload the trips before trying again."", variant: ""destructive"", }); return; } toast({ title: ""Material source assigned"", description: `${updatedCount} trip${updatedCount === 1 ? """" : ""s""} updated.`, }); }, onError: (error) => { setBulkConfirmOpen(false); toast({ title: ""Bulk assignment failed"", description: error instanceof Error ? error.message : ""The material source could not be assigned."", variant: ""destructive"", }); }, })"
client/src/pages/SiteMaterialTrips.tsx,client/src/pages/SiteMaterialTrips.tsx:423,apiRequest,"apiRequest(""POST"", ""/api/site-material-trips/material-source/bulk"", payload)"
client/src/pages/SiteMaterialTrips.tsx,client/src/pages/SiteMaterialTrips.tsx:612,vendorQuery.refetch,vendorQuery.refetch()
client/src/pages/SiteMaterialTrips.tsx,client/src/pages/SiteMaterialTrips.tsx:1089,vendorQuery.refetch,vendorQuery.refetch()
client/src/pages/VendorBills.tsx,client/src/pages/VendorBills.tsx:395,useQuery,"useQuery<{ id: string; name: string; type: string }[]>({ queryKey: [""/api/vendor-bills/company-accounts""], queryFn: () => fetch(""/api/vendor-bills/company-accounts"", { credentials: ""include"" }).then(async response => { if (!response.ok) throw new Error((await response.text()) || ""Could not load company accounts""); return response.json(); }), enabled, })"
client/src/pages/VendorBills.tsx,client/src/pages/VendorBills.tsx:397,"fetch(""/api/vendor-bills/company-accounts"", { credentials: ""include"" }).then","fetch(""/api/vendor-bills/company-accounts"", { credentials: ""include"" }).then(async response => { if (!response.ok) throw new Error((await response.text()) || ""Could not load company accounts""); return response.json(); })"
client/src/pages/VendorBills.tsx,client/src/pages/VendorBills.tsx:397,fetch,"fetch(""/api/vendor-bills/company-accounts"", { credentials: ""include"" })"
client/src/pages/VendorBills.tsx,client/src/pages/VendorBills.tsx:434,useMutation,"useMutation({ mutationFn: () => apiRequest(""PATCH"", `/api/vendor-bills/${bill.id}/payment-details`, { paymentMode: mode || null, paidBy: paidByKind === """" ? null : paidByKind === ""company"" ? ""company"" : (payerName.trim() ? payerName.trim().toUpperCase() : ""PERSONAL""), ...(isEquipmentHire ? { amountPaid: amountPaid === """" ? 0 : Number(amountPaid) } : {}), ...(isEquipmentHire ? { paymentAccountKey: paidByKind === ""company"" ? paymentAccountKey || null : null } : {}), }), onSuccess: () => { queryClient.invalidateQueries({ queryKey: [""/api/vendor-bills""] }); queryClient.invalidateQueries({ queryKey: [`/api/vendor-bills/${bill.id}`] }); toast({ title: ""Payment details saved"" }); setEditing(false); }, onError: (err: any) => { toast({ title: ""Failed to save payment details"", description: isForbiddenError(err) ? NO_PERMISSION_DESCRIPTION : err.message, variant: ""destructive"", }); }, })"
client/src/pages/VendorBills.tsx,client/src/pages/VendorBills.tsx:435,apiRequest,"apiRequest(""PATCH"", `/api/vendor-bills/${bill.id}/payment-details`, { paymentMode: mode || null, paidBy: paidByKind === """" ? null : paidByKind === ""company"" ? ""company"" : (payerName.trim() ? payerName.trim().toUpperCase() : ""PERSONAL""), ...(isEquipmentHire ? { amountPaid: amountPaid === """" ? 0 : Number(amountPaid) } : {}), ...(isEquipmentHire ? { paymentAccountKey: paidByKind === ""company"" ? paymentAccountKey || null : null } : {}), })"
client/src/pages/VendorBills.tsx,client/src/pages/VendorBills.tsx:727,useQuery,"useQuery<VendorBillWithItems[]>({ queryKey: [""/api/vendor-bills""], })"
client/src/pages/VendorBills.tsx,client/src/pages/VendorBills.tsx:731,useQuery,"useQuery<{ total: number; totalAmount: number; draft: number; draftAmount: number; verified: number; verifiedAmount: number; approved: number; approvedAmount: number; paid: number; paidAmount: number; gstByCategory: { equipment: number; material: number; transport: number; labour: number; other: number }; totalGst: number; }>({ queryKey: [""/api/vendor-bills/summary""], })"
client/src/pages/VendorBills.tsx,client/src/pages/VendorBills.tsx:748,useQuery,"useQuery<VendorBillWithItems>({ queryKey: [""/api/vendor-bills"", selectedBillId], enabled: !!selectedBillId, })"
client/src/pages/VendorBills.tsx,client/src/pages/VendorBills.tsx:753,useQuery,"useQuery<string[]>({ queryKey: [""/api/vendor-bills/vendor-names""], })"
client/src/pages/VendorBills.tsx,client/src/pages/VendorBills.tsx:758,useQuery,"useQuery<Site[]>({ queryKey: [""/api/sites""] })"
client/src/pages/VendorBills.tsx,client/src/pages/VendorBills.tsx:760,useQuery,"useQuery<VendorAlias[]>({ queryKey: [""/api/vendor-aliases""], })"
client/src/pages/VendorBills.tsx,client/src/pages/VendorBills.tsx:764,useMutation,"useMutation({ mutationFn: (data: { canonicalName: string; alias: string }) => apiRequest(""POST"", ""/api/vendor-aliases"", data), onSuccess: () => { queryClient.invalidateQueries({ queryKey: [""/api/vendor-aliases""] }); queryClient.invalidateQueries({ queryKey: [""/api/vendor-bills/vendor-names""] }); toast({ title: ""Vendor alias added"" }); setAliasCanonical(""""); setAliasValue(""""); }, onError: (err: Error) => { toast({ title: ""Failed to add alias"", description: err.message, variant: ""destructive"" }); }, })"
client/src/pages/VendorBills.tsx,client/src/pages/VendorBills.tsx:766,apiRequest,"apiRequest(""POST"", ""/api/vendor-aliases"", data)"
client/src/pages/VendorBills.tsx,client/src/pages/VendorBills.tsx:779,useMutation,"useMutation({ mutationFn: (id: number) => apiRequest(""DELETE"", `/api/vendor-aliases/${id}`), onSuccess: () => { queryClient.invalidateQueries({ queryKey: [""/api/vendor-aliases""] }); queryClient.invalidateQueries({ queryKey: [""/api/vendor-bills/vendor-names""] }); toast({ title: ""Alias removed"" }); }, onError: (error: any) => { if (isForbiddenError(error)) { toast({ title: ""Permission denied"", description: NO_PERMISSION_DESCRIPTION, variant: ""destructive"" }); } else { toast({ title: ""Error"", description: error.message, variant: ""destructive"" }); } }, })"
client/src/pages/VendorBills.tsx,client/src/pages/VendorBills.tsx:780,apiRequest,"apiRequest(""DELETE"", `/api/vendor-aliases/${id}`)"
client/src/pages/VendorBills.tsx,client/src/pages/VendorBills.tsx:826,useQuery,"useQuery<DiscoveredVendor[]>({ queryKey: [isHistoricalHireEdit ? ""/api/vendor-bills/equipment-hire-discovery"" : ""/api/vendor-bills/discover-vendors"", billType, periodFrom, periodTo], queryFn: () => discoverUrl ? fetch(discoverUrl).then(r => r.json()) : Promise.resolve([]), enabled: !!discoverUrl && (showVendorDiscovery || isHistoricalHireEdit), })"
client/src/pages/VendorBills.tsx,client/src/pages/VendorBills.tsx:828,fetch(discoverUrl).then,fetch(discoverUrl).then(r => r.json())
client/src/pages/VendorBills.tsx,client/src/pages/VendorBills.tsx:828,fetch,fetch(discoverUrl)
client/src/pages/VendorBills.tsx,client/src/pages/VendorBills.tsx:836,useQuery,"useQuery<any[]>({ queryKey: [""/api/vendor-bills/auto-items"", vendorName, billType, periodFrom, periodTo, selectedSiteId], queryFn: () => autoItemsUrl ? fetch(autoItemsUrl).then(r => r.json()) : Promise.resolve([]), enabled: !!autoItemsUrl, })"
client/src/pages/VendorBills.tsx,client/src/pages/VendorBills.tsx:838,fetch(autoItemsUrl).then,fetch(autoItemsUrl).then(r => r.json())
client/src/pages/VendorBills.tsx,client/src/pages/VendorBills.tsx:838,fetch,fetch(autoItemsUrl)
client/src/pages/VendorBills.tsx,client/src/pages/VendorBills.tsx:848,useQuery,"useQuery<any[]>({ queryKey: [""/api/vendor-bills/hire-activities"", vendorName, periodFrom, periodTo], queryFn: () => fetch(hireActivitiesUrl).then(r => r.ok ? r.json() : []), // Monthly lines are generated in the shared itemized bill flow too. This // feed is evidence only; the server re-reads it before saving. enabled: !!hireActivitiesUrl && (isHistoricalHireEdit || billType === ""equipment"" || billType === ""all""), })"
client/src/pages/VendorBills.tsx,client/src/pages/VendorBills.tsx:850,fetch(hireActivitiesUrl).then,fetch(hireActivitiesUrl).then(r => r.ok ? r.json() : [])
client/src/pages/VendorBills.tsx,client/src/pages/VendorBills.tsx:850,fetch,fetch(hireActivitiesUrl)
client/src/pages/VendorBills.tsx,client/src/pages/VendorBills.tsx:872,fetch,"fetch(url, { credentials: ""include"" })"
client/src/pages/VendorBills.tsx,client/src/pages/VendorBills.tsx:997,useMutation,"useMutation({ mutationFn: (data: any) => apiRequest(""POST"", ""/api/vendor-bills"", data), onSuccess: () => { queryClient.invalidateQueries({ queryKey: [""/api/vendor-bills""] }); toast({ title: ""Vendor bill created successfully"" }); resetForm(); setView(""list""); }, onError: (err: Error) => { toast({ title: ""Failed to create bill"", description: err.message, variant: ""destructive"" }); }, })"
client/src/pages/VendorBills.tsx,client/src/pages/VendorBills.tsx:998,apiRequest,"apiRequest(""POST"", ""/api/vendor-bills"", data)"
client/src/pages/VendorBills.tsx,client/src/pages/VendorBills.tsx:1010,useMutation,"useMutation({ mutationFn: ({ id, data }: { id: number; data: any }) => apiRequest(""PUT"", `/api/vendor-bills/${id}`, data), onSuccess: () => { queryClient.invalidateQueries({ queryKey: [""/api/vendor-bills""] }); toast({ title: ""Vendor bill updated successfully"" }); resetForm(); setEditingBillId(null); setView(""list""); }, onError: (err: Error) => { toast({ title: ""Failed to update bill"", description: err.message, variant: ""destructive"" }); }, })"
client/src/pages/VendorBills.tsx,client/src/pages/VendorBills.tsx:1011,apiRequest,"apiRequest(""PUT"", `/api/vendor-bills/${id}`, data)"
client/src/pages/VendorBills.tsx,client/src/pages/VendorBills.tsx:1024,useMutation,"useMutation({ mutationFn: ({ id, status }: { id: number; status: string }) => apiRequest(""PATCH"", `/api/vendor-bills/${id}/status`, { status }), onSuccess: () => { queryClient.invalidateQueries({ queryKey: [""/api/vendor-bills""] }); if (selectedBillId) { queryClient.invalidateQueries({ queryKey: [""/api/vendor-bills"", selectedBillId] }); } toast({ title: ""Bill status updated"" }); }, onError: (err: Error) => { toast({ ...vendorBillStatusError(err), variant: ""destructive"" }); }, })"
client/src/pages/VendorBills.tsx,client/src/pages/VendorBills.tsx:1026,apiRequest,"apiRequest(""PATCH"", `/api/vendor-bills/${id}/status`, { status })"
client/src/pages/VendorBills.tsx,client/src/pages/VendorBills.tsx:1039,useMutation,"useMutation({ mutationFn: ({ id }: { id: number }) => apiRequest(""DELETE"", `/api/vendor-bills/${id}`), onSuccess: () => { queryClient.invalidateQueries({ queryKey: [""/api/vendor-bills""] }); toast({ title: ""Bill deleted"" }); setSelectedBillId(null); setShowDeleteConfirm(false); setPendingDeleteAction(null); setView(""list""); }, onError: (err: Error) => { toast({ title: ""Failed to delete bill"", description: err.message, variant: ""destructive"" }); }, })"
client/src/pages/VendorBills.tsx,client/src/pages/VendorBills.tsx:1040,apiRequest,"apiRequest(""DELETE"", `/api/vendor-bills/${id}`)"
client/src/pages/VendorBills.tsx,client/src/pages/VendorBills.tsx:1229,fetch,"fetch(`/api/vendor-rate-cards?vendorName=${encodeURIComponent(vendorName)}`, { signal: pullToken.controller.signal, })"
client/src/pages/VendorBills.tsx,client/src/pages/VendorBills.tsx:1313,fetch,"fetch(""/api/vendor-bills/check-duplicates"", { method: ""POST"", headers: { ""Content-Type"": ""application/json"" }, signal: pullToken.controller.signal, body: JSON.stringify({ vendorName, excludeBillId: editingBillId || undefined, items: duplicatePayload, }), })"
client/src/pages/VendorBills.tsx,client/src/pages/VendorBills.tsx:1521,useQuery,"useQuery<DuplicateBillItemMatch[]>({ // Include the exact candidate payload and bill identity in the key. A // changed vendor/period/edit target must never reuse an old preflight. queryKey: [ ""/api/vendor-bills/check-duplicates"", ""preflight"", view, billType, selectedSiteId, vendorName, periodFrom, periodTo, editingBillId ?? null, duplicatePreflightItems, ], queryFn: async () => { const response = await fetch(""/api/vendor-bills/check-duplicates"", { method: ""POST"", headers: { ""Content-Type"": ""application/json"" }, body: JSON.stringify({ vendorName, excludeBillId: editingBillId || undefined, items: duplicatePreflightItems, }), }); if (!response.ok) { throw new Error((await response.text()) || ""Could not check duplicate billed items""); } const body: unknown = await response.json(); if (!Array.isArray(body) || body.some((match: any) => !match || !Number.isInteger(match.index) || match.index < 0 || match.index >= duplicatePreflightItems.length || typeof match.billNo !== ""string"" || typeof match.billStatus !== ""string"" )) { throw new Error(""Duplicate check returned an invalid response""); } return uniqueDuplicateBillMatches(body as DuplicateBillItemMatch[]); }, enabled: view === ""form"" && billType !== ""other"" && !!vendorName && !!periodFrom && !!periodTo && availableOtherItems.length > 0, retry: false, refetchOnWindowFocus: false, })"
client/src/pages/VendorBills.tsx,client/src/pages/VendorBills.tsx:1537,fetch,"fetch(""/api/vendor-bills/check-duplicates"", { method: ""POST"", headers: { ""Content-Type"": ""application/json"" }, body: JSON.stringify({ vendorName, excludeBillId: editingBillId || undefined, items: duplicatePreflightItems, }), })"
client/src/pages/VendorBills.tsx,client/src/pages/VendorBills.tsx:1674,"(async () => {
        try {
          const response = await fetch(`/api/vendor-rate-cards?vendorName=${encodeURIComponent(selectedVendor)}`);
          if (!response.ok) throw new Error(`Rate-card lookup failed (${response.status})`);
          const cards: VendorRateCardRecord[] = await response.json();
          const matches = matchingRateCardsForGroup(group, value, cards, selectedVendor, { allowVendorAliases: true })
            .filter(card => Number(card.rate) > 0);
          if (matches.length !== 1) return;
          // Use VB-22/VB-25's conversion gate: one source trip can be
          // billed as one commercial trip; hours→days and CFT→MT cannot
          // be inferred. Returning to the physical unit restores its qty.
          const conversion = selectAutoMaterialRateConversion(
            { category: before.category, unit: physicalUnit, sourceType: before.sourceType },
            group, [matches[0]], selectedVendor,
          );
          const restoringPhysical = !isDifferentBillingUnit(physicalUnit, value);
          if (!restoringPhysical && (conversion.status !== ""converted"" || conversion.targetUnit !== normalizeRateCardPart(value))) return;
          if (generation !== unitEditGeneration.current || contextAtEdit !== unitEditContextRef.current) return;
          setLineItems(prev => prev.map((item, i) => {
            if (i !== index || item.unit !== value || item.source !== before.source ||
                item.sourceId !== before.sourceId || item.description !== before.description) return item;
            const next = {
              ...item,
              qty: restoringPhysical ? (item.physicalQuantity ?? before.qty) : defaultConvertedQuantity(value),
              rate: Number(matches[0].rate),
              unitRateWarning: undefined,
            };
            return { ...next, amount: calcAmount(next) };
          }));
        } catch {
          // Keep the explicit row warning when the advisory lookup fails.
        }
      })","(async () => { try { const response = await fetch(`/api/vendor-rate-cards?vendorName=${encodeURIComponent(selectedVendor)}`); if (!response.ok) throw new Error(`Rate-card lookup failed (${response.status})`); const cards: VendorRateCardRecord[] = await response.json(); const matches = matchingRateCardsForGroup(group, value, cards, selectedVendor, { allowVendorAliases: true }) .filter(card => Number(card.rate) > 0); if (matches.length !== 1) return; // Use VB-22/VB-25's conversion gate: one source trip can be // billed as one commercial trip; hours→days and CFT→MT cannot // be inferred. Returning to the physical unit restores its qty. const conversion = selectAutoMaterialRateConversion( { category: before.category, unit: physicalUnit, sourceType: before.sourceType }, group, [matches[0]], selectedVendor, ); const restoringPhysical = !isDifferentBillingUnit(physicalUnit, value); if (!restoringPhysical && (conversion.status !== ""converted"" || conversion.targetUnit !== normalizeRateCardPart(value))) return; if (generation !== unitEditGeneration.current || contextAtEdit !== unitEditContextRef.current) return; setLineItems(prev => prev.map((item, i) => { if (i !== index || item.unit !== value || item.source !== before.source || item.sourceId !== before.sourceId || item.description !== before.description) return item; const next = { ...item, qty: restoringPhysical ? (item.physicalQuantity ?? before.qty) : defaultConvertedQuantity(value), rate: Number(matches[0].rate), unitRateWarning: undefined, }; return { ...next, amount: calcAmount(next) }; })); } catch { // Keep the explicit row warning when the advisory lookup fails. } })()"
client/src/pages/VendorBills.tsx,client/src/pages/VendorBills.tsx:1676,fetch,fetch(`/api/vendor-rate-cards?vendorName=${encodeURIComponent(selectedVendor)}`)
client/src/pages/VendorBills.tsx,client/src/pages/VendorBills.tsx:1918,fetch,fetch(`/api/vendor-rate-cards?vendorName=${encodeURIComponent(vendorName)}`)
client/src/pages/VendorBills.tsx,client/src/pages/VendorBills.tsx:2232,"fetch(""/api/vendor-rate-cards/bulk-upsert"", {
        method: ""POST"",
        headers: { ""Content-Type"": ""application/json"" },
        body: JSON.stringify({ items: rateCardItems }),
      }).then(() => {
        queryClient.invalidateQueries({ queryKey: [""/api/vendor-rate-cards""] });
      }).catch","fetch(""/api/vendor-rate-cards/bulk-upsert"", { method: ""POST"", headers: { ""Content-Type"": ""application/json"" }, body: JSON.stringify({ items: rateCardItems }), }).then(() => { queryClient.invalidateQueries({ queryKey: [""/api/vendor-rate-cards""] }); }).catch(() => {})"
client/src/pages/VendorBills.tsx,client/src/pages/VendorBills.tsx:2232,"fetch(""/api/vendor-rate-cards/bulk-upsert"", {
        method: ""POST"",
        headers: { ""Content-Type"": ""application/json"" },
        body: JSON.stringify({ items: rateCardItems }),
      }).then","fetch(""/api/vendor-rate-cards/bulk-upsert"", { method: ""POST"", headers: { ""Content-Type"": ""application/json"" }, body: JSON.stringify({ items: rateCardItems }), }).then(() => { queryClient.invalidateQueries({ queryKey: [""/api/vendor-rate-cards""] }); })"
client/src/pages/VendorBills.tsx,client/src/pages/VendorBills.tsx:2232,fetch,"fetch(""/api/vendor-rate-cards/bulk-upsert"", { method: ""POST"", headers: { ""Content-Type"": ""application/json"" }, body: JSON.stringify({ items: rateCardItems }), })"
client/src/pages/VendorBills.tsx,client/src/pages/VendorBills.tsx:2331,fetch,"fetch(`/api/vendor-bills/export?${params.toString()}`, { credentials: ""include"" })"
client/src/pages/VendorBills.tsx,client/src/pages/VendorBills.tsx:2407,"catItems.map(({ item, origIdx }: any) => renderPrintRow(item, origIdx)).join","catItems.map(({ item, origIdx }: any) => renderPrintRow(item, origIdx)).join("""")"
client/src/pages/VendorBills.tsx,client/src/pages/VendorBills.tsx:2407,renderPrintRow,"renderPrintRow(item, origIdx)"
client/src/pages/VendorBills.tsx,client/src/pages/VendorBills.tsx:2425,"bill.items.map((item: any, i: number) => renderPrintRow(item, i)).join","bill.items.map((item: any, i: number) => renderPrintRow(item, i)).join("""")"
client/src/pages/VendorBills.tsx,client/src/pages/VendorBills.tsx:2425,renderPrintRow,"renderPrintRow(item, i)"
client/src/pages/VendorBills.tsx,client/src/pages/VendorBills.tsx:3009,exportEquipmentHireBill,"exportEquipmentHireBill(exportData, dailyRows, ""pdf"")"
client/src/pages/VendorBills.tsx,client/src/pages/VendorBills.tsx:3010,exportEquipmentHireBill,"exportEquipmentHireBill(exportData, dailyRows, ""xlsx"")"
client/src/pages/VendorBills.tsx,client/src/pages/VendorBills.tsx:3419,duplicatePreflight.refetch,duplicatePreflight.refetch()
client/src/pages/VendorBills.tsx,client/src/pages/VendorBills.tsx:4481,handlePrint,handlePrint(bill)
client/src/pages/VendorBills.tsx,client/src/pages/VendorBills.tsx:5044,handleGstRegisterExport,"handleGstRegisterExport(""pdf"")"
client/src/pages/VendorBills.tsx,client/src/pages/VendorBills.tsx:5055,handleGstRegisterExport,"handleGstRegisterExport(""xlsx"")"
client/src/pages/irn/IrnDetailPage.tsx,client/src/pages/irn/IrnDetailPage.tsx:84,useQuery,"useQuery<InternalRequisitionWithItems>({ queryKey: [""/api/irn"", id], queryFn: async () => { const res = await fetch(`/api/irn/${id}`, { credentials: ""include"" }); if (!res.ok) throw new Error(""IRN not found""); return res.json(); }, })"
client/src/pages/irn/IrnDetailPage.tsx,client/src/pages/irn/IrnDetailPage.tsx:87,fetch,"fetch(`/api/irn/${id}`, { credentials: ""include"" })"
client/src/pages/irn/IrnDetailPage.tsx,client/src/pages/irn/IrnDetailPage.tsx:94,useQuery,"useQuery<{ materialName: string; balance: number; uom: string | null; partyId: number | null; conversionFactor?: number | null; conversionFromUom?: string | null; conversionToUom?: string | null; }[]>({ queryKey: [""/api/irn/stock-lookup""], enabled: (canVerify && irn?.status === ""pending_stores"") || (canApprove && irn?.status === ""stores_verified"") || isAdmin, })"
client/src/pages/irn/IrnDetailPage.tsx,client/src/pages/irn/IrnDetailPage.tsx:103,useQuery,"useQuery<{ id: number; name: string; category: string; uom: string }[]>({ queryKey: [""/api/stores/items""], enabled: !!irn && (irn.status === ""approved"" || irn.status === ""partially_issued""), })"
client/src/pages/irn/IrnDetailPage.tsx,client/src/pages/irn/IrnDetailPage.tsx:109,useQuery,"useQuery<{ id: number; name: string }[]>({ queryKey: [""/api/sites""], queryFn: async () => { const res = await fetch(""/api/sites"", { credentials: ""include"" }); if (!res.ok) return []; return res.json(); }, })"
client/src/pages/irn/IrnDetailPage.tsx,client/src/pages/irn/IrnDetailPage.tsx:112,fetch,"fetch(""/api/sites"", { credentials: ""include"" })"
client/src/pages/irn/IrnDetailPage.tsx,client/src/pages/irn/IrnDetailPage.tsx:120,useQuery,"useQuery<{ id: number; name: string }[]>({ queryKey: [""/api/plant-module/parties""], queryFn: async () => { const res = await fetch(""/api/plant-module/parties"", { credentials: ""include"" }); if (!res.ok) return []; return res.json(); }, enabled: !!irn && (irn.status === ""approved"" || irn.status === ""partially_issued""), })"
client/src/pages/irn/IrnDetailPage.tsx,client/src/pages/irn/IrnDetailPage.tsx:123,fetch,"fetch(""/api/plant-module/parties"", { credentials: ""include"" })"
client/src/pages/irn/IrnDetailPage.tsx,client/src/pages/irn/IrnDetailPage.tsx:131,useQuery,"useQuery<StoreIssueWithItems[]>({ queryKey: [`/api/irn/${id}/issue-vouchers`], enabled: !!irn && [""approved"", ""issued"", ""partially_issued""].includes(irn.status ?? """"), })"
client/src/pages/irn/IrnDetailPage.tsx,client/src/pages/irn/IrnDetailPage.tsx:137,useQuery,"useQuery<IrnAuditLog[]>({ queryKey: [""/api/irn"", id, ""audit-logs""], queryFn: async () => { const res = await fetch(`/api/irn/${id}/audit-logs`, { credentials: ""include"" }); if (!res.ok) return []; return res.json(); }, enabled: !!irn && [""approved"", ""issued"", ""partially_issued"", ""closed"", ""rejected"", ""stores_verified""].includes(irn.status ?? """"), })"
client/src/pages/irn/IrnDetailPage.tsx,client/src/pages/irn/IrnDetailPage.tsx:140,fetch,"fetch(`/api/irn/${id}/audit-logs`, { credentials: ""include"" })"
client/src/pages/irn/IrnDetailPage.tsx,client/src/pages/irn/IrnDetailPage.tsx:385,useMutation,"useMutation({ mutationFn: async () => { const issueItems = irn!.items.filter((i) => (i.issueQty ?? 0) > 0); const payload = { date: ivDate, issuedBy: ivIssuedBy, receivedBy: ivReceivedBy, receiverDesignation: ivReceiverDesig || undefined, deliveryMode: ivDeliveryMode, vehicleType: ivDeliveryMode === ""vehicle"" ? ivVehicleType : undefined, vehicleNo: ivDeliveryMode === ""vehicle"" ? ivVehicleNo : undefined, driverName: ivDeliveryMode === ""vehicle"" ? ivDriverName : undefined, movementRemarks: ivRemarks || undefined, items: issueItems .map((item) => ({ irnItemId: item.id, storeItemId: item.materialId ? null : (ivItemStoreIds[item.id] ?? null), materialId: item.materialId ?? null, partyId: item.materialId ? (ivItemPartyIds[item.id] ?? null) : null, actualIssuedQty: parseFloat(ivItemQtys[item.id] ?? String(item.issueQty ?? 0)) || 0, uom: item.uom, materialText: item.material, })) .filter(it => it.actualIssuedQty > 0), }; const res = await apiRequest(""POST"", `/api/irn/${id}/record-issue`, payload); if (!res.ok) { const body = await res.json().catch(() => ({})); throw new Error(body.message ?? ""Failed to record issue""); } return res.json(); }, onSuccess: (data: any) => { queryClient.invalidateQueries({ queryKey: [""/api/irn""] }); queryClient.invalidateQueries({ queryKey: [""/api/irn"", id] }); queryClient.invalidateQueries({ queryKey: [`/api/irn/${id}/issue-vouchers`] }); queryClient.invalidateQueries({ queryKey: [""/api/stores/issues""] }); queryClient.invalidateQueries({ queryKey: [""/api/stores/stock-summary""] }); setShowIssueForm(false); setShowIssueHistory(true); toast({ title: `Issue Voucher ${data.issueNumber} recorded`, description: ""Stock has been updated."" }); }, onError: (err: any) => { toast({ title: ""Failed to record issue"", description: err.message, variant: ""destructive"" }); }, })"
client/src/pages/irn/IrnDetailPage.tsx,client/src/pages/irn/IrnDetailPage.tsx:410,apiRequest,"apiRequest(""POST"", `/api/irn/${id}/record-issue`, payload)"
client/src/pages/irn/IrnDetailPage.tsx,client/src/pages/irn/IrnDetailPage.tsx:432,useMutation,"useMutation({ mutationFn: async () => { const res = await apiRequest(""PATCH"", `/api/irn/${id}/stores-verify`, { storesRemarks, items: verifications, }); return res.json() as Promise<InternalRequisitionWithItems>; }, onSuccess: () => { queryClient.invalidateQueries({ queryKey: [""/api/irn""] }); queryClient.invalidateQueries({ queryKey: [""/api/irn"", id] }); setVerified(true); toast({ title: ""Stores verification saved"", description: ""IRN has been verified by stores"" }); }, onError: (err: any) => { toast({ title: ""Verification failed"", description: err.message, variant: ""destructive"" }); }, })"
client/src/pages/irn/IrnDetailPage.tsx,client/src/pages/irn/IrnDetailPage.tsx:434,apiRequest,"apiRequest(""PATCH"", `/api/irn/${id}/stores-verify`, { storesRemarks, items: verifications, })"
client/src/pages/irn/IrnDetailPage.tsx,client/src/pages/irn/IrnDetailPage.tsx:451,useMutation,"useMutation({ mutationFn: async (action: ""approve"" | ""reject"") => { const res = await apiRequest(""PATCH"", `/api/irn/${id}/approve`, { action, remarks: approvalRemarks || undefined, }); if (!res.ok) { const body = await res.json().catch(() => ({})); throw new Error(body.message ?? ""Request failed""); } return res.json() as Promise<InternalRequisitionWithItems>; }, onSuccess: (data) => { queryClient.invalidateQueries({ queryKey: [""/api/irn""] }); queryClient.invalidateQueries({ queryKey: [""/api/irn"", id] }); toast({ title: data.status === ""approved"" ? ""IRN Approved"" : ""IRN Rejected"", description: data.status === ""approved"" ? ""The requisition has been approved."" : ""The requisition has been rejected."", }); }, onError: (err: any) => { toast({ title: ""Action failed"", description: err.message, variant: ""destructive"" }); }, })"
client/src/pages/irn/IrnDetailPage.tsx,client/src/pages/irn/IrnDetailPage.tsx:453,apiRequest,"apiRequest(""PATCH"", `/api/irn/${id}/approve`, { action, remarks: approvalRemarks || undefined, })"
client/src/pages/irn/IrnDetailPage.tsx,client/src/pages/irn/IrnDetailPage.tsx:478,useMutation,"useMutation({ mutationFn: async () => { const res = await apiRequest(""PATCH"", `/api/irn/${id}/close`, {}); if (!res.ok) { const body = await res.json().catch(() => ({})); throw new Error(body.message ?? ""Request failed""); } return res.json() as Promise<InternalRequisitionWithItems>; }, onSuccess: () => { queryClient.invalidateQueries({ queryKey: [""/api/irn""] }); queryClient.invalidateQueries({ queryKey: [""/api/irn"", id] }); queryClient.invalidateQueries({ queryKey: [""/api/irn"", id, ""audit-logs""] }); toast({ title: ""IRN Closed"", description: ""Requisition marked as fulfilled and closed."" }); }, onError: (err: any) => { toast({ title: ""Close failed"", description: err.message, variant: ""destructive"" }); }, })"
client/src/pages/irn/IrnDetailPage.tsx,client/src/pages/irn/IrnDetailPage.tsx:480,apiRequest,"apiRequest(""PATCH"", `/api/irn/${id}/close`, {})"
client/src/pages/irn/IrnDetailPage.tsx,client/src/pages/irn/IrnDetailPage.tsx:498,useMutation,"useMutation({ mutationFn: async () => { const res = await apiRequest(""PATCH"", `/api/irn/${id}/reopen`, {}); if (!res.ok) { const body = await res.json().catch(() => ({})); throw new Error(body.message ?? ""Request failed""); } return res.json() as Promise<InternalRequisitionWithItems>; }, onSuccess: () => { queryClient.invalidateQueries({ queryKey: [""/api/irn""] }); queryClient.invalidateQueries({ queryKey: [""/api/irn"", id] }); queryClient.invalidateQueries({ queryKey: [""/api/irn"", id, ""audit-logs""] }); toast({ title: ""IRN Reopened"", description: ""Requisition has been returned to Approved status."" }); }, onError: (err: any) => { toast({ title: ""Reopen failed"", description: err.message, variant: ""destructive"" }); }, })"
client/src/pages/irn/IrnDetailPage.tsx,client/src/pages/irn/IrnDetailPage.tsx:500,apiRequest,"apiRequest(""PATCH"", `/api/irn/${id}/reopen`, {})"
client/src/pages/irn/IrnDetailPage.tsx,client/src/pages/irn/IrnDetailPage.tsx:518,useMutation,"useMutation({ mutationFn: async () => { const res = await apiRequest(""DELETE"", `/api/irn/${id}`); if (!res.ok) { const body = await res.json().catch(() => ({})); throw new Error(body.message ?? ""Failed to delete""); } return res.json(); }, onSuccess: () => { queryClient.invalidateQueries({ queryKey: [""/api/irn""] }); toast({ title: ""IRN deleted"", description: ""The requisition has been permanently deleted."" }); navigate(""/irn""); }, onError: (err: any) => { toast({ title: ""Delete failed"", description: err.message, variant: ""destructive"" }); setDeleteConfirm(false); }, })"
client/src/pages/irn/IrnDetailPage.tsx,client/src/pages/irn/IrnDetailPage.tsx:520,apiRequest,"apiRequest(""DELETE"", `/api/irn/${id}`)"
client/src/pages/irn/IrnDetailPage.tsx,client/src/pages/irn/IrnDetailPage.tsx:1042,"(() => {
            // Compute per-item totals from all recorded vouchers
            const itemSummary = issueItems.map(item => {
              const totalIssued = irnVouchers.reduce((sum, v) => {
                const match = v.items.find(vi => vi.materialText === item.material);
                return sum + (match?.qty ?? 0);
              }, 0);
              const approvedQty = item.issueQty ?? 0;
              const balance = Math.max(0, approvedQty - totalIssued);
              return { item, totalIssued, approvedQty, balance };
            });
            const hasBalance = itemSummary.some(s => s.balance > 0.001);
            const voucherCount = irnVouchers.length;
            // Items with balance that have no stock link (store item OR plant party)
            const unlinkedActiveCount = itemSummary.filter(s => {
              if (s.balance < 0.001) return false;
              if (s.item.materialId) return ivItemPartyIds[s.item.id] == null;
              return ivItemStoreIds[s.item.id] == null;
            }).length;

            return (
              <div className=""space-y-3"">
                {/* ── Summary card ── */}
                <div className=""bg-white border rounded-lg p-4"">
                  <div className=""flex items-center gap-2 mb-3"">
                    <PackageCheck className=""h-4 w-4 text-green-600"" />
                    <span className=""text-sm font-semibold text-gray-800"">Issue Voucher Status</span>
                    {voucherCount > 0 && (
                      <span className=""ml-auto text-sm bg-blue-50 text-blue-700 border border-blue-200 px-2 py-0.5 rounded font-medium"">
                        {voucherCount} voucher{voucherCount > 1 ? ""s"" : """"} raised
                      </span>
                    )}
                  </div>
                  <div className=""space-y-1.5"">
                    {itemSummary.map(({ item, totalIssued, approvedQty, balance }) => (
                      <div key={item.id} className=""flex justify-between items-center text-sm border-t pt-1.5 text-gray-700"">
                        <span className=""font-medium text-gray-800"">{item.material}</span>
                        <span className=""flex gap-4"">
                          <span className=""text-gray-500"">Approved: <strong className=""text-gray-700"">{approvedQty} {item.uom}</strong></span>
                          <span className=""text-gray-500"">Issued: <strong className=""text-gray-700"">{totalIssued.toFixed(2)} {item.uom}</strong></span>
                          <span className={`font-semibold ${balance > 0.001 ? ""text-amber-700"" : ""text-emerald-700""}`}>
                            Bal: {balance.toFixed(2)} {item.uom}
                          </span>
                        </span>
                      </div>
                    ))}
                  </div>
                </div>

                {/* ── Issue History ── */}
                {voucherCount > 0 && (
                  <div className=""bg-white border rounded-lg overflow-hidden"">
                    <button
                      className=""w-full p-4 flex items-center justify-between text-sm hover:bg-gray-50 transition-colors""
                      onClick={() => setShowIssueHistory(h => !h)}
                      data-testid=""button-toggle-issue-history""
                    >
                      <span className=""flex items-center gap-2 font-medium text-gray-800"">
                        <FileText className=""h-4 w-4 text-blue-600"" />
                        Issue History ({voucherCount} voucher{voucherCount > 1 ? ""s"" : """"})
                      </span>
                      <ChevronDown className={`h-4 w-4 text-gray-500 transition-transform ${showIssueHistory ? ""rotate-180"" : """"}`} />
                    </button>
                    {showIssueHistory && (
                      <div className=""border-t divide-y"">
                        {irnVouchers.map(v => (
                          <div key={v.id} className=""p-4 space-y-2"" data-testid={`card-voucher-${v.id}`}>
                            <div className=""flex items-center justify-between flex-wrap gap-2"">
                              <div className=""flex items-center gap-2"">
                                <span className=""font-mono text-sm font-semibold text-blue-700 bg-blue-50 px-2 py-0.5 rounded border border-blue-200"" data-testid={`text-voucher-no-${v.id}`}>
                                  {v.issueNumber}
                                </span>
                                <span className=""text-sm text-gray-500"">{v.date}</span>
                              </div>
                              <Button
                                variant=""outline"" size=""sm""
                                onClick={() => window.open(`/api/irn/${irn.id}/issue-voucher?voucherId=${v.id}`, ""_blank"")}
                                className=""gap-1.5 text-sm h-7 border-gray-300""
                                data-testid={`button-print-voucher-${v.id}`}
                              >
                                <Printer className=""h-3 w-3"" /> Print
                              </Button>
                            </div>
                            <div className=""text-sm text-gray-600 flex flex-wrap gap-3"">
                              {v.issuedBy && <span>Issued by: <strong className=""text-gray-800"">{v.issuedBy}</strong></span>}
                              {v.receivedBy && <span>Received by: <strong className=""text-gray-800"">{v.receivedBy}</strong></span>}
                              {v.receiverDesignation && <span>Desig: <strong className=""text-gray-800"">{v.receiverDesignation}</strong></span>}
                              {v.vehicleNo && <span>Vehicle: <strong className=""text-gray-800"">{v.vehicleNo}</strong></span>}
                              {v.driverName && <span>Driver: <strong className=""text-gray-800"">{v.driverName}</strong></span>}
                            </div>
                            <div className=""space-y-0.5"">
                              {v.items.map(vi => (
                                <div key={vi.id} className=""flex justify-between text-sm text-gray-700"">
                                  <span>{vi.materialText ?? vi.itemName ?? ""—""}</span>
                                  <span className=""font-semibold"">{vi.qty} {vi.uom}</span>
                                </div>
                              ))}
                            </div>
                          </div>
                        ))}
                      </div>
                    )}
                  </div>
                )}

                {/* ── Record next Issue Voucher — only when balance remains ── */}
                {hasBalance && (
                  <div className=""bg-white border rounded-lg overflow-hidden"">
                    <div className=""p-4 flex items-center justify-between"">
                      <div className=""flex items-center gap-2"">
                        <PackageCheck className=""h-4 w-4 text-green-600 shrink-0"" />
                        <span className=""text-sm text-gray-700 font-medium"">
                          {voucherCount === 0
                            ? `${issueItems.length} item(s) — Issue Voucher authorised`
                            : ""Balance remaining — record next Issue Voucher""}
                        </span>
                      </div>
                      {!showIssueForm ? (
                        <Button
                          size=""sm""
                          onClick={() => {
                            const qtys: Record<number, string> = {};
                            for (const { item, balance } of itemSummary) qtys[item.id] = balance > 0.001 ? String(Math.round(balance * 1000) / 1000) : ""0"";
                            setIvItemQtys(qtys);
                            const storeMap: Record<number, number | null> = {};
                            for (const item of issueItems) {
                              const n = item.material.toLowerCase().trim();
                              const found =
                                storeItems.find(s => s.name.toLowerCase().trim() === n) ??
                                storeItems.find(s => s.name.toLowerCase().trim().startsWith(n) || n.startsWith(s.name.toLowerCase().trim())) ??
                                storeItems.find(s => s.name.toLowerCase().includes(n) || n.includes(s.name.toLowerCase().trim())) ??
                                null;
                              storeMap[item.id] = found ? found.id : null;
                            }
                            setIvItemStoreIds(storeMap);
                            setShowIssueForm(true);
                          }}
                          className=""bg-green-700 hover:bg-green-800 text-white gap-2 text-sm h-8""
                          data-testid=""button-record-issue-voucher""
                        >
                          <PackageCheck className=""h-4 w-4"" /> {voucherCount === 0 ? ""Record Issue"" : ""Record Next Issue""}
                        </Button>
                      ) : (
                        <Button variant=""ghost"" size=""sm"" onClick={() => setShowIssueForm(false)} className=""text-sm text-gray-500"">
                          Cancel
                        </Button>
                      )}
                    </div>

                    {showIssueForm && (
                      <div className=""border-t bg-gray-50 p-4 space-y-4"">
                        {/* Header fields */}
                        <div className=""grid grid-cols-2 gap-3"">
                          <div>
                            <Label className=""text-sm text-gray-600"">Issue Date *</Label>
                            <Input type=""date"" value={ivDate} onChange={e => setIvDate(e.target.value)}
                              className=""h-8 text-sm mt-1"" data-testid=""input-iv-date"" />
                          </div>
                          <div>
                            <Label className=""text-sm text-gray-600"">Issued By *</Label>
                            <Input value={ivIssuedBy} onChange={e => setIvIssuedBy(e.target.value)}
                              placeholder=""Name of person issuing"" className=""h-8 text-sm mt-1"" data-testid=""input-iv-issued-by"" />
                          </div>
                          <div>
                            <Label className=""text-sm text-gray-600"">Received By *</Label>
                            <Input value={ivReceivedBy} onChange={e => setIvReceivedBy(e.target.value)}
                              placeholder=""Name of recipient"" className=""h-8 text-sm mt-1"" data-testid=""input-iv-received-by"" />
                          </div>
                          <div>
                            <Label className=""text-sm text-gray-600"">Receiver Designation</Label>
                            <Input value={ivReceiverDesig} onChange={e => setIvReceiverDesig(e.target.value)}
                              placeholder=""e.g. Site Engineer"" className=""h-8 text-sm mt-1"" data-testid=""input-iv-receiver-desig"" />
                          </div>
                        </div>

                        {/* Delivery mode */}
                        <div>
                          <Label className=""text-sm text-gray-600 mb-1 block"">Delivery Mode *</Label>
                          <div className=""flex gap-2"">
                            <Button
                              variant={ivDeliveryMode === ""vehicle"" ? ""default"" : ""outline""}
                              size=""sm""
                              onClick={() => setIvDeliveryMode(""vehicle"")}
                              className={`gap-1.5 text-sm h-8 ${ivDeliveryMode === ""vehicle"" ? ""bg-amber-700 hover:bg-amber-800"" : """"}`}
                              data-testid=""button-iv-mode-vehicle""
                            >
                              <Truck className=""h-3.5 w-3.5"" /> Vehicle
                            </Button>
                            <Button
                              variant={ivDeliveryMode === ""hand_carried"" ? ""default"" : ""outline""}
                              size=""sm""
                              onClick={() => setIvDeliveryMode(""hand_carried"")}
                              className={`gap-1.5 text-sm h-8 ${ivDeliveryMode === ""hand_carried"" ? ""bg-blue-700 hover:bg-blue-800"" : """"}`}
                              data-testid=""button-iv-mode-hand""
                            >
                              Hand-carried
                            </Button>
                          </div>
                        </div>

                        {ivDeliveryMode === ""vehicle"" && (
                          <div className=""grid grid-cols-3 gap-3 bg-amber-50 border border-amber-200 rounded p-3"">
                            <div>
                              <Label className=""text-sm text-gray-600"">Vehicle Type *</Label>
                              <Select value={ivVehicleType} onValueChange={setIvVehicleType}>
                                <SelectTrigger className=""h-8 text-sm mt-1"" data-testid=""select-iv-vehicle-type"">
                                  <SelectValue placeholder=""Select type"" />
                                </SelectTrigger>
                                <SelectContent>
                                  {[""Two Wheeler"", ""Three Wheeler"", ""Light Vehicle"", ""Medium Vehicle"", ""Heavy Vehicle"", ""Tractor"", ""Other""].map(v => (
                                    <SelectItem key={v} value={v}>{v}</SelectItem>
                                  ))}
                                </SelectContent>
                              </Select>
                            </div>
                            <div>
                              <Label className=""text-sm text-gray-600"">Vehicle No. *</Label>
                              <Input value={ivVehicleNo} onChange={e => setIvVehicleNo(e.target.value)}
                                placeholder=""e.g. TN 01 AA 1234"" className=""h-8 text-sm mt-1"" data-testid=""input-iv-vehicle-no"" />
                            </div>
                            <div>
                              <Label className=""text-sm text-gray-600"">Driver Name *</Label>
                              <Input value={ivDriverName} onChange={e => setIvDriverName(e.target.value)}
                                placeholder=""Driver name"" className=""h-8 text-sm mt-1"" data-testid=""input-iv-driver-name"" />
                            </div>
                          </div>
                        )}

                        <div>
                          <Label className=""text-sm text-gray-600"">Movement Remarks</Label>
                          <Textarea value={ivRemarks} onChange={e => setIvRemarks(e.target.value)}
                            placeholder=""Any remarks about the movement"" rows={2}
                            className=""text-sm mt-1 resize-none"" data-testid=""textarea-iv-remarks"" />
                        </div>

                        {/* Items table — shows remaining qty as the cap */}
                        <div>
                          <Label className=""text-sm text-gray-700 font-semibold mb-2 block"">Items to Issue (this voucher)</Label>
                          <div className=""border rounded overflow-hidden bg-white"">
                            <table className=""w-full text-sm"">
                              <thead className=""bg-gray-100 border-b"">
                                <tr>
                                  <th className=""text-left p-2 font-semibold text-gray-600"">Material</th>
                                  <th className=""text-center p-2 font-semibold text-gray-600"">Remaining Qty</th>
                                  <th className=""text-center p-2 font-semibold text-gray-600"">Issue Qty (this voucher)</th>
                                  <th className=""text-left p-2 font-semibold text-gray-600"">Stock Deduction</th>
                                </tr>
                              </thead>
                              <tbody>
                                {issueItems.map((item) => {
                                  const summary = itemSummary.find(s => s.item.id === item.id)!;
                                  const maxQty = summary.balance;
                                  const currentQty = parseFloat(ivItemQtys[item.id] ?? String(maxQty)) || 0;
                                  const isBulk = !!item.materialId;
                                  const storeMatch = ivItemStoreIds[item.id];
                                  const partyMatch = ivItemPartyIds[item.id];
                                  return (
                                    <tr key={item.id} className={`border-t ${maxQty < 0.001 ? ""opacity-50"" : """"}`}>
                                      <td className=""p-2 font-medium text-gray-800"">
                                        {item.material}
                                        {isBulk && (
                                          <span className=""ml-1 text-xs bg-green-100 text-green-700 border border-green-200 px-1 py-0.5 rounded font-semibold"">PLANT</span>
                                        )}
                                      </td>
                                      <td className=""p-2 text-center text-gray-600"">{maxQty.toFixed(2)} {item.uom}</td>
                                      <td className=""p-2"">
                                        <div className=""flex items-center gap-1 justify-center"">
                                          <Input
                                            type=""number""
                                            min={0}
                                            max={maxQty}
                                            step={0.01}
                                            value={ivItemQtys[item.id] ?? String(maxQty)}
                                            disabled={maxQty < 0.001}
                                            onChange={e => {
                                              const v = e.target.value;
                                              setIvItemQtys(prev => ({ ...prev, [item.id]: v }));
                                            }}
                                            className={`h-7 w-24 text-center text-sm ${currentQty > maxQty + 0.001 ? ""border-red-400 bg-red-50"" : """"}`}
                                            data-testid={`input-iv-qty-${item.id}`}
                                          />
                                          <span className=""text-gray-500"">{item.uom}</span>
                                        </div>
                                        {currentQty > maxQty + 0.001 && (
                                          <p className=""text-red-600 text-[12px] text-center"">Exceeds balance {maxQty.toFixed(2)}</p>
                                        )}
                                      </td>
                                      <td className=""p-2"">
                                        {isBulk ? (
                                          <>
                                            <Select
                                              value={partyMatch != null ? String(partyMatch) : ""__none__""}
                                              onValueChange={v => setIvItemPartyIds(prev => ({ ...prev, [item.id]: v === ""__none__"" ? null : parseInt(v) }))}
                                              disabled={maxQty < 0.001}
                                            >
                                              <SelectTrigger className=""h-7 text-sm"" data-testid={`select-iv-party-${item.id}`}>
                                                <SelectValue placeholder=""Select party"" />
                                              </SelectTrigger>
                                              <SelectContent>
                                                <SelectItem value=""__none__"">— No party —</SelectItem>
                                                {parties.map(p => (
                                                  <SelectItem key={p.id} value={String(p.id)}>{p.name}</SelectItem>
                                                ))}
                                              </SelectContent>
                                            </Select>
                                            {partyMatch == null && maxQty > 0.001 && (
                                              <p className=""text-amber-600 font-semibold text-[12px] mt-0.5"">⚠ Select party for plant stock</p>
                                            )}
                                          </>
                                        ) : (
                                          <>
                                            <Select
                                              value={storeMatch != null ? String(storeMatch) : ""__none__""}
                                              onValueChange={v => setIvItemStoreIds(prev => ({ ...prev, [item.id]: v === ""__none__"" ? null : parseInt(v) }))}
                                              disabled={maxQty < 0.001}
                                            >
                                              <SelectTrigger className=""h-7 text-sm"" data-testid={`select-iv-store-item-${item.id}`}>
                                                <SelectValue placeholder=""None (text only)"" />
                                              </SelectTrigger>
                                              <SelectContent>
                                                <SelectItem value=""__none__"">— None (text only) —</SelectItem>
                                                {storeItems.map(si => (
                                                  <SelectItem key={si.id} value={String(si.id)}>{si.name} ({si.category})</SelectItem>
                                                ))}
                                              </SelectContent>
                                            </Select>
                                            {storeMatch == null && maxQty > 0.001 && (
                                              <p className=""text-red-600 font-semibold text-[12px] mt-0.5"">⚠ No stock deduction</p>
                                            )}
                                          </>
                                        )}
                                      </td>
                                    </tr>
                                  );
                                })}
                              </tbody>
                            </table>
                          </div>
                        </div>

                        {/* Submit */}
                        {unlinkedActiveCount > 0 && (
                          <div className=""bg-amber-50 border border-amber-300 rounded p-3 text-sm text-amber-800 flex items-start gap-2"">
                            <span className=""text-amber-600 mt-0.5 shrink-0"">⚠</span>
                            <span>
                              <strong>{unlinkedActiveCount} item{unlinkedActiveCount > 1 ? ""s"" : """"}</strong> {unlinkedActiveCount > 1 ? ""have"" : ""has""} no stock link — select the party (PLANT items) or store item (spare/consumable items) above to enable stock deduction.
                            </span>
                          </div>
                        )}
                        <div className=""flex justify-end gap-2 pt-1"">
                          <Button variant=""outline"" size=""sm"" onClick={() => setShowIssueForm(false)} className=""text-sm"">
                            Cancel
                          </Button>
                          <Button
                            size=""sm""
                            disabled={recordIssueMutation.isPending || !ivIssuedBy.trim() || !ivReceivedBy.trim() || !ivDate}
                            onClick={() => recordIssueMutation.mutate()}
                            className=""bg-green-700 hover:bg-green-800 text-white gap-2 text-sm""
                            data-testid=""button-submit-record-issue""
                          >
                            {recordIssueMutation.isPending ? ""Recording…"" : <><FileCheck className=""h-4 w-4"" /> Record Issue Voucher</>}
                          </Button>
                        </div>
                      </div>
                    )}
                  </div>
                )}
              </div>
            );
          })","(() => { // Compute per-item totals from all recorded vouchers const itemSummary = issueItems.map(item => { const totalIssued = irnVouchers.reduce((sum, v) => { const match = v.items.find(vi => vi.materialText === item.material); return sum + (match?.qty ?? 0); }, 0); const approvedQty = item.issueQty ?? 0; const balance = Math.max(0, approvedQty - totalIssued); return { item, totalIssued, approvedQty, balance }; }); const hasBalance = itemSummary.some(s => s.balance > 0.001); const voucherCount = irnVouchers.length; // Items with balance that have no stock link (store item OR plant party) const unlinkedActiveCount = itemSummary.filter(s => { if (s.balance < 0.001) return false; if (s.item.materialId) return ivItemPartyIds[s.item.id] == null; return ivItemStoreIds[s.item.id] == null; }).length; return ( <div className=""space-y-3""> {/* ── Summary card ── */} <div className=""bg-white border rounded-lg p-4""> <div className=""flex items-center gap-2 mb-3""> <PackageCheck className=""h-4 w-4 text-green-600"" /> <span className=""text-sm font-semibold text-gray-800"">Issue Voucher Status</span> {voucherCount > 0 && ( <span className=""ml-auto text-sm bg-blue-50 text-blue-700 border border-blue-200 px-2 py-0.5 rounded font-medium""> {voucherCount} voucher{voucherCount > 1 ? ""s"" : """"} raised </span> )} </div> <div className=""space-y-1.5""> {itemSummary.map(({ item, totalIssued, approvedQty, balance }) => ( <div key={item.id} className=""flex justify-between items-center text-sm border-t pt-1.5 text-gray-700""> <span className=""font-medium text-gray-800"">{item.material}</span> <span className=""flex gap-4""> <span className=""text-gray-500"">Approved: <strong className=""text-gray-700"">{approvedQty} {item.uom}</strong></span> <span className=""text-gray-500"">Issued: <strong className=""text-gray-700"">{totalIssued.toFixed(2)} {item.uom}</strong></span> <span className={`font-semibold ${balance > 0.001 ? ""text-amber-700"" : ""text-emerald-700""}`}> Bal: {balance.toFixed(2)} {item.uom} </span> </span> </div> ))} </div> </div> {/* ── Issue History ── */} {voucherCount > 0 && ( <div className=""bg-white border rounded-lg overflow-hidden""> <button className=""w-full p-4 flex items-center justify-between text-sm hover:bg-gray-50 transition-colors"" onClick={() => setShowIssueHistory(h => !h)} data-testid=""button-toggle-issue-history"" > <span className=""flex items-center gap-2 font-medium text-gray-800""> <FileText className=""h-4 w-4 text-blue-600"" /> Issue History ({voucherCount} voucher{voucherCount > 1 ? ""s"" : """"}) </span> <ChevronDown className={`h-4 w-4 text-gray-500 transition-transform ${showIssueHistory ? ""rotate-180"" : """"}`} /> </button> {showIssueHistory && ( <div className=""border-t divide-y""> {irnVouchers.map(v => ( <div key={v.id} className=""p-4 space-y-2"" data-testid={`card-voucher-${v.id}`}> <div className=""flex items-center justify-between flex-wrap gap-2""> <div className=""flex items-center gap-2""> <span className=""font-mono text-sm font-semibold text-blue-700 bg-blue-50 px-2 py-0.5 rounded border border-blue-200"" data-testid={`text-voucher-no-${v.id}`}> {v.issueNumber} </span> <span className=""text-sm text-gray-500"">{v.date}</span> </div> <Button variant=""outline"" size=""sm"" onClick={() => window.open(`/api/irn/${irn.id}/issue-voucher?voucherId=${v.id}`, ""_blank"")} className=""gap-1.5 text-sm h-7 border-gray-300"" data-testid={`button-print-voucher-${v.id}`} > <Printer className=""h-3 w-3"" /> Print </Button> </div> <div className=""text-sm text-gray-600 flex flex-wrap gap-3""> {v.issuedBy && <span>Issued by: <strong className=""text-gray-800"">{v.issuedBy}</strong></span>} {v.receivedBy && <span>Received by: <strong className=""text-gray-800"">{v.receivedBy}</strong></span>} {v.receiverDesignation && <span>Desig: <strong className=""text-gray-800"">{v.receiverDesignation}</strong></span>} {v.vehicleNo && <span>Vehicle: <strong className=""text-gray-800"">{v.vehicleNo}</strong></span>} {v.driverName && <span>Driver: <strong className=""text-gray-800"">{v.driverName}</strong></span>} </div> <div className=""space-y-0.5""> {v.items.map(vi => ( <div key={vi.id} className=""flex justify-between text-sm text-gray-700""> <span>{vi.materialText ?? vi.itemName ?? ""—""}</span> <span className=""font-semibold"">{vi.qty} {vi.uom}</span> </div> ))} </div> </div> ))} </div> )} </div> )} {/* ── Record next Issue Voucher — only when balance remains ── */} {hasBalance && ( <div className=""bg-white border rounded-lg overflow-hidden""> <div className=""p-4 flex items-center justify-between""> <div className=""flex items-center gap-2""> <PackageCheck className=""h-4 w-4 text-green-600 shrink-0"" /> <span className=""text-sm text-gray-700 font-medium""> {voucherCount === 0 ? `${issueItems.length} item(s) — Issue Voucher authorised` : ""Balance remaining — record next Issue Voucher""} </span> </div> {!showIssueForm ? ( <Button size=""sm"" onClick={() => { const qtys: Record<number, string> = {}; for (const { item, balance } of itemSummary) qtys[item.id] = balance > 0.001 ? String(Math.round(balance * 1000) / 1000) : ""0""; setIvItemQtys(qtys); const storeMap: Record<number, number | null> = {}; for (const item of issueItems) { const n = item.material.toLowerCase().trim(); const found = storeItems.find(s => s.name.toLowerCase().trim() === n) ?? storeItems.find(s => s.name.toLowerCase().trim().startsWith(n) || n.startsWith(s.name.toLowerCase().trim())) ?? storeItems.find(s => s.name.toLowerCase().includes(n) || n.includes(s.name.toLowerCase().trim())) ?? null; storeMap[item.id] = found ? found.id : null; } setIvItemStoreIds(storeMap); setShowIssueForm(true); }} className=""bg-green-700 hover:bg-green-800 text-white gap-2 text-sm h-8"" data-testid=""button-record-issue-voucher"" > <PackageCheck className=""h-4 w-4"" /> {voucherCount === 0 ? ""Record Issue"" : ""Record Next Issue""} </Button> ) : ( <Button variant=""ghost"" size=""sm"" onClick={() => setShowIssueForm(false)} className=""text-sm text-gray-500""> Cancel </Button> )} </div> {showIssueForm && ( <div className=""border-t bg-gray-50 p-4 space-y-4""> {/* Header fields */} <div className=""grid grid-cols-2 gap-3""> <div> <Label className=""text-sm text-gray-600"">Issue Date *</Label> <Input type=""date"" value={ivDate} onChange={e => setIvDate(e.target.value)} className=""h-8 text-sm mt-1"" data-testid=""input-iv-date"" /> </div> <div> <Label className=""text-sm text-gray-600"">Issued By *</Label> <Input value={ivIssuedBy} onChange={e => setIvIssuedBy(e.target.value)} placeholder=""Name of person issuing"" className=""h-8 text-sm mt-1"" data-testid=""input-iv-issued-by"" /> </div> <div> <Label className=""text-sm text-gray-600"">Received By *</Label> <Input value={ivReceivedBy} onChange={e => setIvReceivedBy(e.target.value)} placeholder=""Name of recipient"" className=""h-8 text-sm mt-1"" data-testid=""input-iv-received-by"" /> </div> <div> <Label className=""text-sm text-gray-600"">Receiver Designation</Label> <Input value={ivReceiverDesig} onChange={e => setIvReceiverDesig(e.target.value)} placeholder=""e.g. Site Engineer"" className=""h-8 text-sm mt-1"" data-testid=""input-iv-receiver-desig"" /> </div> </div> {/* Delivery mode */} <div> <Label className=""text-sm text-gray-600 mb-1 block"">Delivery Mode *</Label> <div className=""flex gap-2""> <Button variant={ivDeliveryMode === ""vehicle"" ? ""default"" : ""outline""} size=""sm"" onClick={() => setIvDeliveryMode(""vehicle"")} className={`gap-1.5 text-sm h-8 ${ivDeliveryMode === ""vehicle"" ? ""bg-amber-700 hover:bg-amber-800"" : """"}`} data-testid=""button-iv-mode-vehicle"" > <Truck className=""h-3.5 w-3.5"" /> Vehicle </Button> <Button variant={ivDeliveryMode === ""hand_carried"" ? ""default"" : ""outline""} size=""sm"" onClick={() => setIvDeliveryMode(""hand_carried"")} className={`gap-1.5 text-sm h-8 ${ivDeliveryMode === ""hand_carried"" ? ""bg-blue-700 hover:bg-blue-800"" : """"}`} data-testid=""button-iv-mode-hand"" > Hand-carried </Button> </div> </div> {ivDeliveryMode === ""vehicle"" && ( <div className=""grid grid-cols-3 gap-3 bg-amber-50 border border-amber-200 rounded p-3""> <div> <Label className=""text-sm text-gray-600"">Vehicle Type *</Label> <Select value={ivVehicleType} onValueChange={setIvVehicleType}> <SelectTrigger className=""h-8 text-sm mt-1"" data-testid=""select-iv-vehicle-type""> <SelectValue placeholder=""Select type"" /> </SelectTrigger> <SelectContent> {[""Two Wheeler"", ""Three Wheeler"", ""Light Vehicle"", ""Medium Vehicle"", ""Heavy Vehicle"", ""Tractor"", ""Other""].map(v => ( <SelectItem key={v} value={v}>{v}</SelectItem> ))} </SelectContent> </Select> </div> <div> <Label className=""text-sm text-gray-600"">Vehicle No. *</Label> <Input value={ivVehicleNo} onChange={e => setIvVehicleNo(e.target.value)} placeholder=""e.g. TN 01 AA 1234"" className=""h-8 text-sm mt-1"" data-testid=""input-iv-vehicle-no"" /> </div> <div> <Label className=""text-sm text-gray-600"">Driver Name *</Label> <Input value={ivDriverName} onChange={e => setIvDriverName(e.target.value)} placeholder=""Driver name"" className=""h-8 text-sm mt-1"" data-testid=""input-iv-driver-name"" /> </div> </div> )} <div> <Label className=""text-sm text-gray-600"">Movement Remarks</Label> <Textarea value={ivRemarks} onChange={e => setIvRemarks(e.target.value)} placeholder=""Any remarks about the movement"" rows={2} className=""text-sm mt-1 resize-none"" data-testid=""textarea-iv-remarks"" /> </div> {/* Items table — shows remaining qty as the cap */} <div> <Label className=""text-sm text-gray-700 font-semibold mb-2 block"">Items to Issue (this voucher)</Label> <div className=""border rounded overflow-hidden bg-white""> <table className=""w-full text-sm""> <thead className=""bg-gray-100 border-b""> <tr> <th className=""text-left p-2 font-semibold text-gray-600"">Material</th> <th className=""text-center p-2 font-semibold text-gray-600"">Remaining Qty</th> <th className=""text-center p-2 font-semibold text-gray-600"">Issue Qty (this voucher)</th> <th className=""text-left p-2 font-semibold text-gray-600"">Stock Deduction</th> </tr> </thead> <tbody> {issueItems.map((item) => { const summary = itemSummary.find(s => s.item.id === item.id)!; const maxQty = summary.balance; const currentQty = parseFloat(ivItemQtys[item.id] ?? String(maxQty)) || 0; const isBulk = !!item.materialId; const storeMatch = ivItemStoreIds[item.id]; const partyMatch = ivItemPartyIds[item.id]; return ( <tr key={item.id} className={`border-t ${maxQty < 0.001 ? ""opacity-50"" : """"}`}> <td className=""p-2 font-medium text-gray-800""> {item.material} {isBulk && ( <span className=""ml-1 text-xs bg-green-100 text-green-700 border border-green-200 px-1 py-0.5 rounded font-semibold"">PLANT</span> )} </td> <td className=""p-2 text-center text-gray-600"">{maxQty.toFixed(2)} {item.uom}</td> <td className=""p-2""> <div className=""flex items-center gap-1 justify-center""> <Input type=""number"" min={0} max={maxQty} step={0.01} value={ivItemQtys[item.id] ?? String(maxQty)} disabled={maxQty < 0.001} onChange={e => { const v = e.target.value; setIvItemQtys(prev => ({ ...prev, [item.id]: v })); }} className={`h-7 w-24 text-center text-sm ${currentQty > maxQty + 0.001 ? ""border-red-400 bg-red-50"" : """"}`} data-testid={`input-iv-qty-${item.id}`} /> <span className=""text-gray-500"">{item.uom}</span> </div> {currentQty > maxQty + 0.001 && ( <p className=""text-red-600 text-[12px] text-center"">Exceeds balance {maxQty.toFixed(2)}</p> )} </td> <td className=""p-2""> {isBulk ? ( <> <Select value={partyMatch != null ? String(partyMatch) : ""__none__""} onValueChange={v => setIvItemPartyIds(prev => ({ ...prev, [item.id]: v === ""__none__"" ? null : parseInt(v) }))} disabled={maxQty < 0.001} > <SelectTrigger className=""h-7 text-sm"" data-testid={`select-iv-party-${item.id}`}> <SelectValue placeholder=""Select party"" /> </SelectTrigger> <SelectContent> <SelectItem value=""__none__"">— No party —</SelectItem> {parties.map(p => ( <SelectItem key={p.id} value={String(p.id)}>{p.name}</SelectItem> ))} </SelectContent> </Select> {partyMatch == null && maxQty > 0.001 && ( <p className=""text-amber-600 font-semibold text-[12px] mt-0.5"">⚠ Select party for plant stock</p> )} </> ) : ( <> <Select value={storeMatch != null ? String(storeMatch) : ""__none__""} onValueChange={v => setIvItemStoreIds(prev => ({ ...prev, [item.id]: v === ""__none__"" ? null : parseInt(v) }))} disabled={maxQty < 0.001} > <SelectTrigger className=""h-7 text-sm"" data-testid={`select-iv-store-item-${item.id}`}> <SelectValue placeholder=""None (text only)"" /> </SelectTrigger> <SelectContent> <SelectItem value=""__none__"">— None (text only) —</SelectItem> {storeItems.map(si => ( <SelectItem key={si.id} value={String(si.id)}>{si.name} ({si.category})</SelectItem> ))} </SelectContent> </Select> {storeMatch == null && maxQty > 0.001 && ( <p className=""text-red-600 font-semibold text-[12px] mt-0.5"">⚠ No stock deduction</p> )} </> )} </td> </tr> ); })} </tbody> </table> </div> </div> {/* Submit */} {unlinkedActiveCount > 0 && ( <div className=""bg-amber-50 border border-amber-300 rounded p-3 text-sm text-amber-800 flex items-start gap-2""> <span className=""text-amber-600 mt-0.5 shrink-0"">⚠</span> <span> <strong>{unlinkedActiveCount} item{unlinkedActiveCount > 1 ? ""s"" : """"}</strong> {unlinkedActiveCount > 1 ? ""have"" : ""has""} no stock link — select the party (PLANT items) or store item (spare/consumable items) above to enable stock deduction. </span> </div> )} <div className=""flex justify-end gap-2 pt-1""> <Button variant=""outline"" size=""sm"" onClick={() => setShowIssueForm(false)} className=""text-sm""> Cancel </Button> <Button size=""sm"" disabled={recordIssueMutation.isPending || !ivIssuedBy.trim() || !ivReceivedBy.trim() || !ivDate} onClick={() => recordIssueMutation.mutate()} className=""bg-green-700 hover:bg-green-800 text-white gap-2 text-sm"" data-testid=""button-submit-record-issue"" > {recordIssueMutation.isPending ? ""Recording…"" : <><FileCheck className=""h-4 w-4"" /> Record Issue Voucher</>} </Button> </div> </div> )} </div> )} </div> ); })()"
client/src/pages/irn/IrnListPage.tsx,client/src/pages/irn/IrnListPage.tsx:88,useQuery,"useQuery<ProcurementQueueItem[]>({ queryKey: [""/api/irn/procurement-queue""], })"
client/src/pages/irn/IrnListPage.tsx,client/src/pages/irn/IrnListPage.tsx:92,useMutation,"useMutation({ mutationFn: (irnId: number) => apiRequest(""POST"", `/api/irn/${irnId}/raise-pi`).then(r => r.json()), onSuccess: (pi) => { queryClient.invalidateQueries({ queryKey: [""/api/irn/procurement-queue""] }); queryClient.invalidateQueries({ queryKey: [""/api/irn""] }); toast({ title: ""PI Raised"", description: `${pi.indentNo} created from IRN queue` }); navigate(`/plant/purchase-indents`); }, onError: (err: any) => { toast({ title: ""Failed to raise PI"", description: err.message, variant: ""destructive"" }); }, })"
client/src/pages/irn/IrnListPage.tsx,client/src/pages/irn/IrnListPage.tsx:94,"apiRequest(""POST"", `/api/irn/${irnId}/raise-pi`).then","apiRequest(""POST"", `/api/irn/${irnId}/raise-pi`).then(r => r.json())"
client/src/pages/irn/IrnListPage.tsx,client/src/pages/irn/IrnListPage.tsx:94,apiRequest,"apiRequest(""POST"", `/api/irn/${irnId}/raise-pi`)"
client/src/pages/irn/IrnListPage.tsx,client/src/pages/irn/IrnListPage.tsx:257,useQuery,"useQuery<InternalRequisitionWithItems[]>({ queryKey: [""/api/irn"", statusFilter, dateFrom, dateTo], queryFn: async () => { const qs = apiParams ? `?${apiParams}` : """"; const res = await fetch(`/api/irn${qs}`, { credentials: ""include"" }); if (!res.ok) throw new Error(""Failed to fetch IRNs""); return res.json(); }, enabled: statusFilter !== ""procurement_queue"", })"
client/src/pages/irn/IrnListPage.tsx,client/src/pages/irn/IrnListPage.tsx:261,fetch,"fetch(`/api/irn${qs}`, { credentials: ""include"" })"
client/src/pages/irn/IrnRaisePage.tsx,client/src/pages/irn/IrnRaisePage.tsx:198,useQuery,"useQuery<InternalRequisitionWithItems>({ queryKey: [""/api/irn"", editId], queryFn: async () => { const res = await fetch(`/api/irn/${editId}`, { credentials: ""include"" }); if (!res.ok) throw new Error(""IRN not found""); return res.json(); }, enabled: !!editId, })"
client/src/pages/irn/IrnRaisePage.tsx,client/src/pages/irn/IrnRaisePage.tsx:201,fetch,"fetch(`/api/irn/${editId}`, { credentials: ""include"" })"
client/src/pages/irn/IrnRaisePage.tsx,client/src/pages/irn/IrnRaisePage.tsx:248,useQuery,"useQuery<{ id: number; name: string; isActive?: boolean }[]>({ queryKey: [""/api/sites""], queryFn: async () => { const res = await fetch(""/api/sites""); if (!res.ok) return []; return res.json(); }, })"
client/src/pages/irn/IrnRaisePage.tsx,client/src/pages/irn/IrnRaisePage.tsx:251,fetch,"fetch(""/api/sites"")"
client/src/pages/irn/IrnRaisePage.tsx,client/src/pages/irn/IrnRaisePage.tsx:262,useQuery,"useQuery<{ id: number; name: string; siteId: number | null }>({ queryKey: [""/api/boq/projects"", prefillBoqProjectId], queryFn: async () => { const res = await fetch(`/api/boq/projects/${prefillBoqProjectId}`, { credentials: ""include"" }); if (!res.ok) throw new Error(""Project not found""); return res.json(); }, enabled: !!prefillBoqProjectId, })"
client/src/pages/irn/IrnRaisePage.tsx,client/src/pages/irn/IrnRaisePage.tsx:265,fetch,"fetch(`/api/boq/projects/${prefillBoqProjectId}`, { credentials: ""include"" })"
client/src/pages/irn/IrnRaisePage.tsx,client/src/pages/irn/IrnRaisePage.tsx:281,useQuery,"useQuery<PlantMat[]>({ queryKey: [""/api/plant-module/materials""], queryFn: async () => { const res = await fetch(""/api/plant-module/materials"", { credentials: ""include"" }); if (!res.ok) return []; return res.json(); }, })"
client/src/pages/irn/IrnRaisePage.tsx,client/src/pages/irn/IrnRaisePage.tsx:284,fetch,"fetch(""/api/plant-module/materials"", { credentials: ""include"" })"
client/src/pages/irn/IrnRaisePage.tsx,client/src/pages/irn/IrnRaisePage.tsx:295,useMutation,"useMutation({ mutationFn: async (data: FormValues) => { const body = { date: editIrn?.date ?? today, raisedFrom: data.raisedFrom, siteId: data.siteId ?? null, raisedBy: data.raisedBy || user?.fullName || user?.email || ""Unknown"", raisedByUserId: editIrn?.raisedByUserId ?? user?.id, ...(prefillRequirementId ? { requirementId: prefillRequirementId } : {}), ...(prefillAllocationId ? { allocationId: prefillAllocationId } : {}), remarks: data.remarks, items: data.items.map((item) => ({ ...item, qty: Number(item.qty), })), }; if (editId) { const res = await apiRequest(""PATCH"", `/api/irn/${editId}`, body); return res.json() as Promise<InternalRequisitionWithItems>; } const res = await apiRequest(""POST"", ""/api/irn"", body); return res.json() as Promise<InternalRequisitionWithItems>; }, onSuccess: (irn) => { queryClient.invalidateQueries({ queryKey: [""/api/irn""] }); queryClient.invalidateQueries({ queryKey: [""/api/irn"", editId ?? irn.id] }); if (editId) { toast({ title: ""IRN updated"", description: `${irn.irnNo} has been updated` }); navigate(returnTo || `/irn/${editId}`); } else { toast({ title: ""IRN raised"", description: `${irn.irnNo} submitted to stores` }); navigate(returnTo || `/irn/${irn.id}`); } }, onError: (err: any) => { toast({ title: editId ? ""Failed to update IRN"" : ""Failed to raise IRN"", description: err.message, variant: ""destructive"" }); }, })"
client/src/pages/irn/IrnRaisePage.tsx,client/src/pages/irn/IrnRaisePage.tsx:312,apiRequest,"apiRequest(""PATCH"", `/api/irn/${editId}`, body)"
client/src/pages/irn/IrnRaisePage.tsx,client/src/pages/irn/IrnRaisePage.tsx:315,apiRequest,"apiRequest(""POST"", ""/api/irn"", body)"
