file,source,tag,label,title,value,event,disabled,conditions
client/src/pages/DieselRequirements.tsx,client/src/pages/DieselRequirements.tsx:196,Button,"{showReceipts ? ""HIDE RECEIPTS"" : `VIEW RECEIPTS (${state.receipts.length})`}",button-view-receipts,,{() => setShowReceipts((v) => !v)},,state.receipts.length > 0
client/src/pages/DieselRequirements.tsx,client/src/pages/DieselRequirements.tsx:201,Button,"{state.status === ""partly_received"" ? ""RECORD BALANCE RECEIPT"" : ""RECORD MATERIAL RECEIPT""}",button-record-receipt,,{onRecordReceipt},,"canRecordReceipt && state.status !== ""fully_received"""
client/src/pages/DieselRequirements.tsx,client/src/pages/DieselRequirements.tsx:280,AlertDialogTitle,MARK PAYMENT AS PAID,,,,,
client/src/pages/DieselRequirements.tsx,client/src/pages/DieselRequirements.tsx:293,SelectItem,CASH,,cash,,,
client/src/pages/DieselRequirements.tsx,client/src/pages/DieselRequirements.tsx:294,SelectItem,CREDIT,,credit,,,
client/src/pages/DieselRequirements.tsx,client/src/pages/DieselRequirements.tsx:295,SelectItem,ADVANCE,,advance,,,
client/src/pages/DieselRequirements.tsx,client/src/pages/DieselRequirements.tsx:296,SelectItem,UPI,,upi,,,
client/src/pages/DieselRequirements.tsx,client/src/pages/DieselRequirements.tsx:297,SelectItem,CHEQUE,,cheque,,,
client/src/pages/DieselRequirements.tsx,client/src/pages/DieselRequirements.tsx:298,SelectItem,RTGS / NEFT,,rtgs,,,
client/src/pages/DieselRequirements.tsx,client/src/pages/DieselRequirements.tsx:313,SelectItem,COMPANY ACCOUNT,,company,,,
client/src/pages/DieselRequirements.tsx,client/src/pages/DieselRequirements.tsx:314,SelectItem,PERSONAL,,personal,,,
client/src/pages/DieselRequirements.tsx,client/src/pages/DieselRequirements.tsx:331,SelectItem,{account.name} · {account.type},,{account.id},,,"payer === ""company"""
client/src/pages/DieselRequirements.tsx,client/src/pages/DieselRequirements.tsx:343,Button,RETRY,button-retry-markpaid-accounts,,{() => accountsQuery.refetch()},,"accountsQuery.isError / payer === ""company"""
client/src/pages/DieselRequirements.tsx,client/src/pages/DieselRequirements.tsx:454,Button,MARK AS PAID,button-mark-paid,,{() => setShowMarkPaid(true)},,"paymentStatus !== ""paid"" && canEditDiesel"
client/src/pages/DieselRequirements.tsx,client/src/pages/DieselRequirements.tsx:1087,AlertDialogTitle,PURCHASE RECORDED,,,,,
client/src/pages/DieselRequirements.tsx,client/src/pages/DieselRequirements.tsx:1122,Button,CANCEL,button-delete-dismiss,,{() => setShowDeleteConfirm(false)},,showDeleteConfirm
client/src/pages/DieselRequirements.tsx,client/src/pages/DieselRequirements.tsx:1125,Button,"{deleteMutation.isPending ? <Loader2 className=""w-4 h-4 animate-spin mr-1"" /> : <Trash2 className=""w-4 h-4 mr-1"" />} DELETE PERMANENTLY",button-confirm-delete,,{handleDeleteClick},{deleteMutation.isPending},showDeleteConfirm
client/src/pages/DieselRequirements.tsx,client/src/pages/DieselRequirements.tsx:1146,Button,,button-back,,,,"view === ""list"""
client/src/pages/DieselRequirements.tsx,client/src/pages/DieselRequirements.tsx:1160,Button,DAILY REPORT,button-daily-report,,"{() => setView(""daily-report"")}",,"isAdmin || sectionCan(""site_diesel"", ""view"") || sectionCan(""stores_inventory"", ""view"") || sectionCan(""site_diesel"", ""create"") || sectionCan(""site_diesel"", ""edit"") || sectionCan(""diesel_req_raise"", ""view"") || sectionCan(""diesel_req_raise"", ""create"") || sectionCan(""diesel_req_raise"", ""edit"") / view === ""list"""
client/src/pages/DieselRequirements.tsx,client/src/pages/DieselRequirements.tsx:1163,Button,COMPARISON REPORT,button-comparison-report,,"{() => { setView(""report""); setReportGenerated(false); }}",,"sectionCan(""site_diesel"", ""export"") / view === ""list"""
client/src/pages/DieselRequirements.tsx,client/src/pages/DieselRequirements.tsx:1168,Button,RAISE REQUIREMENT,button-raise-requirement,,"{() => { resetForm(); setView(""form""); }}",,"canCreate / view === ""list"""
client/src/pages/DieselRequirements.tsx,client/src/pages/DieselRequirements.tsx:1228,SelectItem,ALL STATUS,,all,,,"view === ""list"""
client/src/pages/DieselRequirements.tsx,client/src/pages/DieselRequirements.tsx:1229,SelectItem,PENDING,,pending,,,"view === ""list"""
client/src/pages/DieselRequirements.tsx,client/src/pages/DieselRequirements.tsx:1230,SelectItem,APPROVED,,approved,,,"view === ""list"""
client/src/pages/DieselRequirements.tsx,client/src/pages/DieselRequirements.tsx:1231,SelectItem,PURCHASED,,purchased,,,"view === ""list"""
client/src/pages/DieselRequirements.tsx,client/src/pages/DieselRequirements.tsx:1232,SelectItem,REJECTED,,rejected,,,"view === ""list"""
client/src/pages/DieselRequirements.tsx,client/src/pages/DieselRequirements.tsx:1243,SelectItem,ALL LOCATIONS,,all,,,"view === ""list"""
client/src/pages/DieselRequirements.tsx,client/src/pages/DieselRequirements.tsx:1245,SelectItem,{s.name},,{s.name},,,"view === ""list"""
client/src/pages/DieselRequirements.tsx,client/src/pages/DieselRequirements.tsx:1248,SelectItem,{o.label},,{o.value},,,"view === ""list"""
client/src/pages/DieselRequirements.tsx,client/src/pages/DieselRequirements.tsx:1345,Button,,button-back-form,,"{() => { setView(""list""); setEditId(null); }}",,"view === ""form"""
client/src/pages/DieselRequirements.tsx,client/src/pages/DieselRequirements.tsx:1391,Button,ADD ROW,button-add-row,,{addFormRow},,"view === ""form"""
client/src/pages/DieselRequirements.tsx,client/src/pages/DieselRequirements.tsx:1435,SelectItem,"{eq.name} {eq.registrationNumber ? ` (${eq.registrationNumber})` : """"} | {(eq as any).ownership === ""hired"" ? `HIRED: ${(eq as any).vendorName || ""—""}` : ""HLC OWN""}",{`option-equipment-${eq.id}`},{String(eq.id)},,,"view === ""form"""
client/src/pages/DieselRequirements.tsx,client/src/pages/DieselRequirements.tsx:1497,Button,"{savingNormRow === item.rowId ? ""Saving…"" : ""Save to equipment master""}",{`save-norm-${i}`},,{() => saveEquipmentNorm(item)},{savingNormRow !== null},"item.equipmentId / normVal > 0 / view === ""form"""
client/src/pages/DieselRequirements.tsx,client/src/pages/DieselRequirements.tsx:1523,Button,,{`button-remove-row-${i}`},,{() => removeFormRow(i)},{formItems.length <= 1},"view === ""form"""
client/src/pages/DieselRequirements.tsx,client/src/pages/DieselRequirements.tsx:1549,Button,CANCEL,button-cancel,,"{() => { setView(""list""); setEditId(null); }}",,"view === ""form"""
client/src/pages/DieselRequirements.tsx,client/src/pages/DieselRequirements.tsx:1550,Button,"{(createMutation.isPending || editMutation.isPending) ? <Loader2 className=""w-4 h-4 animate-spin mr-2"" /> : null} {editId ? ""UPDATE REQUIREMENT"" : ""SUBMIT FOR APPROVAL""}",button-submit,,{handleSubmit},{createMutation.isPending || editMutation.isPending || !formRaisedBy || formItems.every((i) => !i.equipmentName)},"view === ""form"""
client/src/pages/DieselRequirements.tsx,client/src/pages/DieselRequirements.tsx:1566,Button,,button-back-detail,,"{() => setView(""list"")}",,"view === ""detail"""
client/src/pages/DieselRequirements.tsx,client/src/pages/DieselRequirements.tsx:1583,EditPermissionButton,,,,,,"(selectedRequirement.status === ""purchased"" || selectedRequirement.status === ""rejected"") / selectedRequirement / detailLoading / view === ""detail"""
client/src/pages/DieselRequirements.tsx,client/src/pages/DieselRequirements.tsx:1591,Button,EDIT,button-edit-requirement,,{handleEditClick},,"canEdit && selectedRequirement.status !== ""purchased"" && selectedRequirement.status !== ""rejected"" / selectedRequirement / detailLoading / view === ""detail"""
client/src/pages/DieselRequirements.tsx,client/src/pages/DieselRequirements.tsx:1602,Button,DELETE,button-delete-requirement,,{() => setShowDeleteConfirm(true)},,"canDelete / selectedRequirement / detailLoading / view === ""detail"""
client/src/pages/DieselRequirements.tsx,client/src/pages/DieselRequirements.tsx:1692,Button,EDIT PURCHASE DETAILS,button-edit-purchase-details,,{() => openPurchaseForm(selectedRequirement)},,"canEdit / selectedRequirement.status === ""purchased"" / selectedRequirement / detailLoading / view === ""detail"""
client/src/pages/DieselRequirements.tsx,client/src/pages/DieselRequirements.tsx:1818,Button,"{rejectMutation.isPending ? <Loader2 className=""w-4 h-4 animate-spin mr-1"" /> : <X className=""w-4 h-4 mr-1"" />} REJECT",button-reject,,{handleRejectClick},{rejectMutation.isPending},"selectedRequirement.status === ""pending"" && canApprove / selectedRequirement / detailLoading / view === ""detail"""
client/src/pages/DieselRequirements.tsx,client/src/pages/DieselRequirements.tsx:1829,Button,"{approveMutation.isPending ? <Loader2 className=""w-4 h-4 animate-spin mr-1"" /> : <Check className=""w-4 h-4 mr-1"" />} APPROVE",button-approve,,{handleApproveClick},{approveMutation.isPending},"selectedRequirement.status === ""pending"" && canApprove / selectedRequirement / detailLoading / view === ""detail"""
client/src/pages/DieselRequirements.tsx,client/src/pages/DieselRequirements.tsx:1852,Button,,button-back-update,,"{() => setView(""list"")}",,"view === ""update"""
client/src/pages/DieselRequirements.tsx,client/src/pages/DieselRequirements.tsx:1869,Button,EDIT,button-edit-requirement-update,,{handleEditClick},,"canEdit / selectedRequirement / detailLoading / view === ""update"""
client/src/pages/DieselRequirements.tsx,client/src/pages/DieselRequirements.tsx:1880,Button,DELETE,button-delete-requirement-update,,{() => setShowDeleteConfirm(true)},,"canDelete / selectedRequirement / detailLoading / view === ""update"""
client/src/pages/DieselRequirements.tsx,client/src/pages/DieselRequirements.tsx:1992,SelectItem,CASH,,cash,,,"selectedRequirement / detailLoading / view === ""update"""
client/src/pages/DieselRequirements.tsx,client/src/pages/DieselRequirements.tsx:1993,SelectItem,CREDIT,,credit,,,"selectedRequirement / detailLoading / view === ""update"""
client/src/pages/DieselRequirements.tsx,client/src/pages/DieselRequirements.tsx:1994,SelectItem,ADVANCE,,advance,,,"selectedRequirement / detailLoading / view === ""update"""
client/src/pages/DieselRequirements.tsx,client/src/pages/DieselRequirements.tsx:1995,SelectItem,UPI,,upi,,,"selectedRequirement / detailLoading / view === ""update"""
client/src/pages/DieselRequirements.tsx,client/src/pages/DieselRequirements.tsx:1996,SelectItem,CHEQUE,,cheque,,,"selectedRequirement / detailLoading / view === ""update"""
client/src/pages/DieselRequirements.tsx,client/src/pages/DieselRequirements.tsx:1997,SelectItem,RTGS / NEFT,,rtgs,,,"selectedRequirement / detailLoading / view === ""update"""
client/src/pages/DieselRequirements.tsx,client/src/pages/DieselRequirements.tsx:2008,SelectItem,COMPANY ACCOUNT,,company,,,"selectedRequirement / detailLoading / view === ""update"""
client/src/pages/DieselRequirements.tsx,client/src/pages/DieselRequirements.tsx:2009,SelectItem,PERSONAL,,personal,,,"selectedRequirement / detailLoading / view === ""update"""
client/src/pages/DieselRequirements.tsx,client/src/pages/DieselRequirements.tsx:2056,Button,CANCEL,button-cancel-purchase,,"{() => setView(""list"")}",,"selectedRequirement / detailLoading / view === ""update"""
client/src/pages/DieselRequirements.tsx,client/src/pages/DieselRequirements.tsx:2057,Button,"{purchaseMutation.isPending ? <Loader2 className=""w-4 h-4 animate-spin mr-2"" /> : null} SAVE PURCHASE UPDATE",button-save-purchase,,{handlePurchaseSubmit},{purchaseMutation.isPending},"selectedRequirement / detailLoading / view === ""update"""
client/src/pages/DieselRequirements.tsx,client/src/pages/DieselRequirements.tsx:2075,Button,,button-back-report,,"{() => setView(""list"")}",,"view === ""report"""
client/src/pages/DieselRequirements.tsx,client/src/pages/DieselRequirements.tsx:2093,Button,GENERATE REPORT,button-generate-report,,{() => setReportGenerated(true)},{!reportDateFrom || !reportDateTo || reportDateFrom > reportDateTo},"view === ""report"""
client/src/pages/DieselRequirements.tsx,client/src/pages/DieselRequirements.tsx:2112,Button,EXPORT EXCEL,button-export-comparison,,{() => exportComparison(false)},,"comparisonReport && reportGenerated / reportLoading && reportGenerated / view === ""report"""
client/src/pages/DieselRequirements.tsx,client/src/pages/DieselRequirements.tsx:2170,button,"{row.actual != null ? Math.round(row.actual) : ""\u2014""}",{`button-report-actual-${row.date}`},,{() => setDrillDate(row.date)},,"comparisonReport && reportGenerated / reportLoading && reportGenerated / view === ""report"""
client/src/pages/DieselRequirements.tsx,client/src/pages/DieselRequirements.tsx:2206,DialogTitle,EQUIPMENT-WISE DIESEL BREAKDOWN,,,,,"comparisonReport && reportGenerated / reportLoading && reportGenerated / view === ""report"""
client/src/pages/DieselRequirements.tsx,client/src/pages/DieselRequirements.tsx:2243,Button,EXPORT REPORT + EQUIPMENT EXCEL,button-export-comparison-equipment,,{() => exportComparison(true)},{!!drillDate && (!datedBreakdown || breakdownLoading || breakdownError)},"comparisonReport && reportGenerated / reportLoading && reportGenerated / view === ""report"""
client/src/pages/PlantMaintenance.tsx,client/src/pages/PlantMaintenance.tsx:119,SelectItem,,,{String(s.id)},,,
client/src/pages/PlantMaintenance.tsx,client/src/pages/PlantMaintenance.tsx:141,Button,{addLabel},button-add-part,,{onAdd},{!partItemId || !partQty || exceeds},
client/src/pages/PlantMaintenance.tsx,client/src/pages/PlantMaintenance.tsx:280,form,"{storeItems.length > 0 && ( <div className=""space-y-2 border rounded-lg p-3 bg-muted/30""> <h4 className=""font-medium text-sm flex items-center gap-2""><Package className=""w-4 h-4"" /> Parts Used (auto-deducted from Stores)</h4> {parts.map((p, idx) => { const item = storeItems.find(s => s.id === p.storeItemId); return ( <div key={idx} className=""flex items-center gap-2 text-sm bg-background rounded p-2""> <span className=""flex-1"">{item?.name ?? `Item #${p.storeItemId}`}</span> <span className=""text-muted-foreground"">{p.qty} {p.uom}</span> <Button type=""button"" variant=""ghost"" size=""icon"" className=""h-6 w-6"" onClick={() => removePart(idx)} data-testid={`button-remove-part-${idx}`}><X className=""w-3 h-3"" /></Button> </div> ); })} <PartSelector storeItems={storeItems} stockMap={stockMap} partItemId={partItemId} setPartItemId={setPartItemId} partQty={partQty} setPartQty={setPartQty} partUom={partUom} setPartUom={setPartUom} onAdd={addPart} /> </div> )}",,,{handleSubmit},,
client/src/pages/PlantMaintenance.tsx,client/src/pages/PlantMaintenance.tsx:291,SelectItem,Breakdown,,breakdown,,,
client/src/pages/PlantMaintenance.tsx,client/src/pages/PlantMaintenance.tsx:292,SelectItem,Scheduled Service,,service,,,
client/src/pages/PlantMaintenance.tsx,client/src/pages/PlantMaintenance.tsx:293,SelectItem,Preventive Maintenance,,pm,,,
client/src/pages/PlantMaintenance.tsx,client/src/pages/PlantMaintenance.tsx:304,SelectItem,"{e.name} {e.registrationNumber ? ` (${e.registrationNumber})` : """"}",,{String(e.id)},,,
client/src/pages/PlantMaintenance.tsx,client/src/pages/PlantMaintenance.tsx:319,SelectItem,Open,,open,,,
client/src/pages/PlantMaintenance.tsx,client/src/pages/PlantMaintenance.tsx:320,SelectItem,Resolved,,resolved,,,
client/src/pages/PlantMaintenance.tsx,client/src/pages/PlantMaintenance.tsx:378,Button,Camera,button-maint-photo-camera,,"{() => document.getElementById(""maint-photo-camera"")?.click()}",,
client/src/pages/PlantMaintenance.tsx,client/src/pages/PlantMaintenance.tsx:381,Button,Gallery,button-maint-photo-gallery,,"{() => document.getElementById(""maint-photo-gallery"")?.click()}",,
client/src/pages/PlantMaintenance.tsx,client/src/pages/PlantMaintenance.tsx:394,button,,{`button-remove-staged-maint-photo-${idx}`},,{() => removeStagedPhoto(idx)},,stagedPhotos.length > 0
client/src/pages/PlantMaintenance.tsx,client/src/pages/PlantMaintenance.tsx:417,Button,,{`button-remove-part-${idx}`},,{() => removePart(idx)},,storeItems.length > 0
client/src/pages/PlantMaintenance.tsx,client/src/pages/PlantMaintenance.tsx:435,Button,Cancel,,,{onClose},,
client/src/pages/PlantMaintenance.tsx,client/src/pages/PlantMaintenance.tsx:436,Button,"{createMutation.isPending ? ""Saving..."" : ""Save Log""}",button-submit-maint-log,,,{createMutation.isPending},
client/src/pages/PlantMaintenance.tsx,client/src/pages/PlantMaintenance.tsx:501,form,,,,{handleSubmit},,
client/src/pages/PlantMaintenance.tsx,client/src/pages/PlantMaintenance.tsx:512,SelectItem,Breakdown,,breakdown,,,
client/src/pages/PlantMaintenance.tsx,client/src/pages/PlantMaintenance.tsx:513,SelectItem,Scheduled Service,,service,,,
client/src/pages/PlantMaintenance.tsx,client/src/pages/PlantMaintenance.tsx:514,SelectItem,Preventive Maintenance,,pm,,,
client/src/pages/PlantMaintenance.tsx,client/src/pages/PlantMaintenance.tsx:532,SelectItem,Open,,open,,,
client/src/pages/PlantMaintenance.tsx,client/src/pages/PlantMaintenance.tsx:533,SelectItem,Resolved,,resolved,,,
client/src/pages/PlantMaintenance.tsx,client/src/pages/PlantMaintenance.tsx:571,Button,Cancel,,,{onClose},,
client/src/pages/PlantMaintenance.tsx,client/src/pages/PlantMaintenance.tsx:572,Button,"{editMutation.isPending ? ""Saving..."" : ""Update Log""}",button-submit-edit-log,,,{editMutation.isPending},
client/src/pages/PlantMaintenance.tsx,client/src/pages/PlantMaintenance.tsx:700,Button,"{log.status === ""open"" ? ""Resolve"" : ""Re-open""}",{`button-toggle-status-${log.id}`},,{() => resolveToggleMutation.mutate()},{resolveToggleMutation.isPending},canEdit
client/src/pages/PlantMaintenance.tsx,client/src/pages/PlantMaintenance.tsx:704,Button,"{expanded ? <ChevronUp className=""w-4 h-4"" /> : <ChevronDown className=""w-4 h-4"" />}",{`button-expand-log-${log.id}`},,{() => setExpanded(p => !p)},,
client/src/pages/PlantMaintenance.tsx,client/src/pages/PlantMaintenance.tsx:725,Button,,{`button-remove-used-part-${p.id}`},,{() => removePartMutation.mutate(p.id)},,log.parts.length > 0 / expanded
client/src/pages/PlantMaintenance.tsx,client/src/pages/PlantMaintenance.tsx:737,Button,Edit,{`button-edit-log-${log.id}`},,{() => setEditOpen(true)},,canEdit / expanded
client/src/pages/PlantMaintenance.tsx,client/src/pages/PlantMaintenance.tsx:742,Button,Add Part,{`button-add-part-toggle-${log.id}`},,{() => setAddPartOpen(p => !p)},,canEdit / expanded
client/src/pages/PlantMaintenance.tsx,client/src/pages/PlantMaintenance.tsx:746,Button,History,{`button-history-log-${log.id}`},,{() => setHistoryOpen(true)},,expanded
client/src/pages/PlantMaintenance.tsx,client/src/pages/PlantMaintenance.tsx:750,Button,Cancel,{`button-cancel-log-${log.id}`},,{() => setCancelOpen(true)},,expanded
client/src/pages/PlantMaintenance.tsx,client/src/pages/PlantMaintenance.tsx:755,Button,Delete,{`button-delete-log-${log.id}`},,{() => setDeleteOpen(true)},,canDelete / expanded
client/src/pages/PlantMaintenance.tsx,client/src/pages/PlantMaintenance.tsx:799,DialogTitle,Edit Maintenance Log # {log.id},,,,,
client/src/pages/PlantMaintenance.tsx,client/src/pages/PlantMaintenance.tsx:808,AlertDialogTitle,Delete this log?,,,,,
client/src/pages/PlantMaintenance.tsx,client/src/pages/PlantMaintenance.tsx:980,Button,,button-back-maintenance,,,,
client/src/pages/PlantMaintenance.tsx,client/src/pages/PlantMaintenance.tsx:989,Button,Log Breakdown,button-new-breakdown,,"{() => { setNewFormEventType(""breakdown""); setShowNewForm(true); }}",,"sectionCan(""plant_equipment"", ""create"")"
client/src/pages/PlantMaintenance.tsx,client/src/pages/PlantMaintenance.tsx:992,Button,Log Service / PM,button-new-service,,"{() => { setNewFormEventType(""service""); setShowNewForm(true); }}",,"sectionCan(""plant_equipment"", ""create"")"
client/src/pages/PlantMaintenance.tsx,client/src/pages/PlantMaintenance.tsx:1004,SelectItem,All equipment,,all,,,"activeTab !== ""health"""
client/src/pages/PlantMaintenance.tsx,client/src/pages/PlantMaintenance.tsx:1005,SelectItem,{e.name},,{String(e.id)},,,"activeTab !== ""health"""
client/src/pages/PlantMaintenance.tsx,client/src/pages/PlantMaintenance.tsx:1011,SelectItem,All status,,all,,,"activeTab !== ""health"""
client/src/pages/PlantMaintenance.tsx,client/src/pages/PlantMaintenance.tsx:1012,SelectItem,Open,,open,,,"activeTab !== ""health"""
client/src/pages/PlantMaintenance.tsx,client/src/pages/PlantMaintenance.tsx:1013,SelectItem,Resolved,,resolved,,,"activeTab !== ""health"""
client/src/pages/PlantMaintenance.tsx,client/src/pages/PlantMaintenance.tsx:1019,Button,Clear,button-clear-filters,,"{() => { setFilterEquipmentId(""all""); setFilterStatus(""all""); setFilterDateFrom(""""); setFilterDateTo(""""); }}",,"(filterEquipmentId !== ""all"" || filterStatus !== ""all"" || filterDateFrom || filterDateTo) / activeTab !== ""health"""
client/src/pages/PlantMaintenance.tsx,client/src/pages/PlantMaintenance.tsx:1026,TabsTrigger,All,tab-all-logs,all,,,
client/src/pages/PlantMaintenance.tsx,client/src/pages/PlantMaintenance.tsx:1027,TabsTrigger,"Breakdowns {openBreakdownCount > 0 && activeTab !== ""breakdown"" && <Badge variant=""destructive"" className=""text-sm h-4 px-1 ml-1"">{openBreakdownCount}</Badge>}",tab-breakdowns,breakdown,,,
client/src/pages/PlantMaintenance.tsx,client/src/pages/PlantMaintenance.tsx:1031,TabsTrigger,Services,tab-services,service,,,
client/src/pages/PlantMaintenance.tsx,client/src/pages/PlantMaintenance.tsx:1032,TabsTrigger,,tab-health,health,,,
client/src/pages/PlantMaintenance.tsx,client/src/pages/PlantMaintenance.tsx:1044,Button,Create First Log,button-new-from-empty,,"{() => { setNewFormEventType(tab === ""service"" ? ""service"" : ""breakdown""); setShowNewForm(true); }}",,"sectionCan(""plant_equipment"", ""create"") / logs.length === 0 / isLoading"
client/src/pages/PlantMaintenance.tsx,client/src/pages/PlantMaintenance.tsx:1075,DialogTitle,"{newFormEventType === ""breakdown"" ? ""Log Breakdown"" : newFormEventType === ""service"" ? ""Log Scheduled Service"" : ""Log PM Event""}",,,,,
client/src/pages/PurchaseIndents.tsx,client/src/pages/PurchaseIndents.tsx:624,button,"{open ? <ChevronUp className=""w-4 h-4 text-gray-500"" /> : <ChevronDown className=""w-4 h-4 text-gray-500"" />}",button-toggle-audit-trail,,{() => setOpen(o => !o)},,
client/src/pages/PurchaseIndents.tsx,client/src/pages/PurchaseIndents.tsx:2388,Button,DISMISS,button-cancel-dismiss,,"{() => { setShowCancelConfirm(false); setCancelItemId(null); setCancelReason(""""); }}",,showCancelConfirm
client/src/pages/PurchaseIndents.tsx,client/src/pages/PurchaseIndents.tsx:2391,Button,"{cancelItemMutation.isPending ? <Loader2 className=""w-4 h-4 animate-spin mr-1"" /> : <Ban className=""w-4 h-4 mr-1"" />} CONFIRM CANCEL",button-confirm-cancel,,{handleCancelItem},{!cancelReason.trim() || cancelItemMutation.isPending},showCancelConfirm
client/src/pages/PurchaseIndents.tsx,client/src/pages/PurchaseIndents.tsx:2426,Button,DISMISS,button-force-close-dismiss,,"{() => { setShowForceCloseConfirm(false); setForceCloseReason(""""); }}",,showForceCloseConfirm
client/src/pages/PurchaseIndents.tsx,client/src/pages/PurchaseIndents.tsx:2429,Button,"{forceCloseMutation.isPending ? <Loader2 className=""w-4 h-4 animate-spin mr-1"" /> : <Lock className=""w-4 h-4 mr-1"" />} FORCE CLOSE",button-confirm-force-close,,{handleForceClose},{!forceCloseReason.trim() || forceCloseMutation.isPending},showForceCloseConfirm
client/src/pages/PurchaseIndents.tsx,client/src/pages/PurchaseIndents.tsx:2452,Button,CANCEL,button-delete-dismiss,,{() => setShowDeleteConfirm(false)},,showDeleteConfirm
client/src/pages/PurchaseIndents.tsx,client/src/pages/PurchaseIndents.tsx:2455,Button,"{deleteMutation.isPending ? <Loader2 className=""w-4 h-4 animate-spin mr-1"" /> : <Trash2 className=""w-4 h-4 mr-1"" />} DELETE PERMANENTLY",button-confirm-delete,,{handleDeleteIndent},{deleteMutation.isPending},showDeleteConfirm
client/src/pages/PurchaseIndents.tsx,client/src/pages/PurchaseIndents.tsx:2472,Button,,button-back,,,,
client/src/pages/PurchaseIndents.tsx,client/src/pages/PurchaseIndents.tsx:2485,Button,"PO approvals {pendingPurchaseOrders.length > 0 && <Badge className=""ml-2"">{pendingPurchaseOrders.length}</Badge>}",button-po-pending,,"{() => document.getElementById(""pending-purchase-orders"")?.scrollIntoView({ behavior: ""smooth"" })}",,"isApprover / view === ""list"""
client/src/pages/PurchaseIndents.tsx,client/src/pages/PurchaseIndents.tsx:2488,Button,REVIEW ROUTES,button-review-route-corrections,,{() => { setSelectedRouteCorrections(new Set()); setShowRouteCorrections(true); }},,"view === ""list"""
client/src/pages/PurchaseIndents.tsx,client/src/pages/PurchaseIndents.tsx:2498,Button,REPORT,button-report,,"{() => setView(""report"")}",,"view === ""list"""
client/src/pages/PurchaseIndents.tsx,client/src/pages/PurchaseIndents.tsx:2504,Button,RAISE INDENT,button-raise-indent,,,,"canCreate / view === ""list"""
client/src/pages/PurchaseIndents.tsx,client/src/pages/PurchaseIndents.tsx:2509,DropdownMenuItem,,menu-item-store-indent,,"{() => openIndentForm(""stores"")}",,"canCreate / view === ""list"""
client/src/pages/PurchaseIndents.tsx,client/src/pages/PurchaseIndents.tsx:2516,DropdownMenuItem,,menu-item-bulk-indent,,"{() => openIndentForm(""material"")}",,"canCreate / view === ""list"""
client/src/pages/PurchaseIndents.tsx,client/src/pages/PurchaseIndents.tsx:2529,Button,BACK TO LIST,button-back-to-list,,"{() => { setView(""list""); setSelectedIndentId(null); setEditIndentId(null); setExpandedHistoryItems(new Set()); setShowDeleteConfirm(false); }}",,"view !== ""list"""
client/src/pages/PurchaseIndents.tsx,client/src/pages/PurchaseIndents.tsx:2544,DialogTitle,Review Bulk Material routes,,,,,
client/src/pages/PurchaseIndents.tsx,client/src/pages/PurchaseIndents.tsx:2628,Button,Close,,,{() => setShowRouteCorrections(false)},,
client/src/pages/PurchaseIndents.tsx,client/src/pages/PurchaseIndents.tsx:2630,Button,"{applyRouteCorrectionsMutation.isPending && <Loader2 className=""w-4 h-4 mr-1 animate-spin"" />} Apply selected corrections ( {selectedRouteCorrections.size} )",button-apply-route-corrections,,{() => applyRouteCorrectionsMutation.mutate()},{selectedRouteCorrections.size === 0 || applyRouteCorrectionsMutation.isPending},canEdit
client/src/pages/PurchaseIndents.tsx,client/src/pages/PurchaseIndents.tsx:2665,Button,{po.indentNo} · {po.description},{`po-pending-${po.id}`},,"{() => { setSelectedIndentId(po.indentId); setView(""procurement""); }}",,"isApprover / view === ""list"""
client/src/pages/PurchaseIndents.tsx,client/src/pages/PurchaseIndents.tsx:2722,SelectItem,ALL STATUS,,all,,,"view === ""list"""
client/src/pages/PurchaseIndents.tsx,client/src/pages/PurchaseIndents.tsx:2723,SelectItem,PENDING STORES,,pending,,,"view === ""list"""
client/src/pages/PurchaseIndents.tsx,client/src/pages/PurchaseIndents.tsx:2724,SelectItem,AWAITING APPROVAL,,stores_check,,,"view === ""list"""
client/src/pages/PurchaseIndents.tsx,client/src/pages/PurchaseIndents.tsx:2725,SelectItem,APPROVED,,approved,,,"view === ""list"""
client/src/pages/PurchaseIndents.tsx,client/src/pages/PurchaseIndents.tsx:2726,SelectItem,COMPLETED,,completed,,,"view === ""list"""
client/src/pages/PurchaseIndents.tsx,client/src/pages/PurchaseIndents.tsx:2727,SelectItem,REJECTED,,rejected,,,"view === ""list"""
client/src/pages/PurchaseIndents.tsx,client/src/pages/PurchaseIndents.tsx:2738,SelectItem,ALL PRIORITY,,all,,,"view === ""list"""
client/src/pages/PurchaseIndents.tsx,client/src/pages/PurchaseIndents.tsx:2739,SelectItem,URGENT,,urgent,,,"view === ""list"""
client/src/pages/PurchaseIndents.tsx,client/src/pages/PurchaseIndents.tsx:2740,SelectItem,NORMAL,,normal,,,"view === ""list"""
client/src/pages/PurchaseIndents.tsx,client/src/pages/PurchaseIndents.tsx:2741,SelectItem,LOW,,low,,,"view === ""list"""
client/src/pages/PurchaseIndents.tsx,client/src/pages/PurchaseIndents.tsx:2752,SelectItem,ALL LOCATIONS,,all,,,"view === ""list"""
client/src/pages/PurchaseIndents.tsx,client/src/pages/PurchaseIndents.tsx:2754,SelectItem,{s.name},,{s.name},,,"view === ""list"""
client/src/pages/PurchaseIndents.tsx,client/src/pages/PurchaseIndents.tsx:2757,SelectItem,{o.label},,{o.value},,,"view === ""list"""
client/src/pages/PurchaseIndents.tsx,client/src/pages/PurchaseIndents.tsx:2884,button,VERIFY STOCK →,{`button-verify-stock-${indent.id}`},,{(e) => { e.stopPropagation(); openDetail(indent); }},,"filteredIndents.length === 0 / isLoading / view === ""list"""
client/src/pages/PurchaseIndents.tsx,client/src/pages/PurchaseIndents.tsx:3059,button,Change,button-change-pi-type,,"{() => { const next = formPiType === ""material"" ? ""stores"" : ""material""; setFormPiType(next); const defaultRoute = next === ""material"" ? ""material"" : ""stores""; setFormItems(prev => prev.map(it => ({ ...it, procurementRoute: defaultRoute }))); }}",,"isAdmin / view === ""form"""
client/src/pages/PurchaseIndents.tsx,client/src/pages/PurchaseIndents.tsx:3095,Button,ADD ITEM,button-add-item,,{addItemRow},,"view === ""form"""
client/src/pages/PurchaseIndents.tsx,client/src/pages/PurchaseIndents.tsx:3203,SelectItem,URGENT,,urgent,,,"view === ""form"""
client/src/pages/PurchaseIndents.tsx,client/src/pages/PurchaseIndents.tsx:3204,SelectItem,NORMAL,,normal,,,"view === ""form"""
client/src/pages/PurchaseIndents.tsx,client/src/pages/PurchaseIndents.tsx:3205,SelectItem,LOW,,low,,,"view === ""form"""
client/src/pages/PurchaseIndents.tsx,client/src/pages/PurchaseIndents.tsx:3238,SelectItem,STORES,,stores,,,"view === ""form"""
client/src/pages/PurchaseIndents.tsx,client/src/pages/PurchaseIndents.tsx:3239,SelectItem,BULK MATERIAL,,material,,,"view === ""form"""
client/src/pages/PurchaseIndents.tsx,client/src/pages/PurchaseIndents.tsx:3240,SelectItem,SERVICE / HIRE,,service,,,"view === ""form"""
client/src/pages/PurchaseIndents.tsx,client/src/pages/PurchaseIndents.tsx:3286,Button,,{`button-remove-item-${index}`},,{() => removeItemRow(index)},,"formItems.length > 1 / view === ""form"""
client/src/pages/PurchaseIndents.tsx,client/src/pages/PurchaseIndents.tsx:3301,Button,CANCEL,button-cancel,,"{() => { resetForm(); setEditIndentId(null); setView(""list""); }}",,"view === ""form"""
client/src/pages/PurchaseIndents.tsx,client/src/pages/PurchaseIndents.tsx:3304,Button,"{(createMutation.isPending || editMutation.isPending) ? <Loader2 className=""w-4 h-4 animate-spin mr-1"" /> : null} {editIndentId ? ""UPDATE INDENT"" : ""SUBMIT INDENT""}",button-submit-indent,,{handleSubmitIndent},{createMutation.isPending || editMutation.isPending},"view === ""form"""
client/src/pages/PurchaseIndents.tsx,client/src/pages/PurchaseIndents.tsx:3412,Button,"{s === ""in_stock"" ? ""✓ In Stock"" : s === ""short"" ? ""⚠ Short"" : ""✗ Out""}",{`button-stock-${item.id}-${s}`},,"{() => updateStoreVerification(item.id, ""stockStatus"", s)}",,"selectedIndent / isLoadingDetail / view === ""stores"""
client/src/pages/PurchaseIndents.tsx,client/src/pages/PurchaseIndents.tsx:3444,Button,+ Add stores note,{`button-add-note-${item.id}`},,"{() => updateStoreVerification(item.id, ""showNote"", true)}",,"!v.showNote / selectedIndent / isLoadingDetail / view === ""stores"""
client/src/pages/PurchaseIndents.tsx,client/src/pages/PurchaseIndents.tsx:3472,Button,"{storesVerifyMutation.isPending ? <Loader2 className=""w-4 h-4 animate-spin mr-2"" /> : <PackageCheck className=""w-4 h-4 mr-2"" />} Submit Verification",button-submit-stores-verify,,{handleSubmitStoresVerify},{!allVerified || storesVerifyMutation.isPending},"selectedIndent / isLoadingDetail / view === ""stores"""
client/src/pages/PurchaseIndents.tsx,client/src/pages/PurchaseIndents.tsx:3480,Button,Cancel,button-cancel-stores,,"{() => { setView(""list""); setSelectedIndentId(null); }}",,"selectedIndent / isLoadingDetail / view === ""stores"""
client/src/pages/PurchaseIndents.tsx,client/src/pages/PurchaseIndents.tsx:3508,Button,PRINT,button-print-indent,,{() => handlePrintIndent(selectedIndent)},,"selectedIndent / isLoadingDetail / view === ""detail"""
client/src/pages/PurchaseIndents.tsx,client/src/pages/PurchaseIndents.tsx:3518,EditPermissionButton,,,,,,"selectedIndent.status === ""completed"" / selectedIndent / isLoadingDetail / view === ""detail"""
client/src/pages/PurchaseIndents.tsx,client/src/pages/PurchaseIndents.tsx:3526,Button,EDIT,button-edit-indent,,{handleEditIndent},,"(selectedIndent.status !== ""completed"" || isAdmin) && canEdit / selectedIndent / isLoadingDetail / view === ""detail"""
client/src/pages/PurchaseIndents.tsx,client/src/pages/PurchaseIndents.tsx:3537,Button,DELETE,button-delete-indent,,{() => setShowDeleteConfirm(true)},,"canDelete / selectedIndent / isLoadingDetail / view === ""detail"""
client/src/pages/PurchaseIndents.tsx,client/src/pages/PurchaseIndents.tsx:3637,Button,Verify Now,button-stores-verify-now,,{() => openDetail(selectedIndent)},,"(selectedIndent.status === ""stores_check"" || selectedIndent.status === ""pending"") / selectedIndent / isLoadingDetail / view === ""detail"""
client/src/pages/PurchaseIndents.tsx,client/src/pages/PurchaseIndents.tsx:3684,Button,Approve All Available,button-approve-all-available,,{approveAll},,"hasAvail / (selectedIndent.status === ""stores_check"" || selectedIndent.status === ""pending"") / selectedIndent / isLoadingDetail / view === ""detail"""
client/src/pages/PurchaseIndents.tsx,client/src/pages/PurchaseIndents.tsx:3688,Button,"{notifyMutation.isPending ? <Loader2 className=""w-4 h-4 animate-spin"" /> : <span>🔔</span>}",button-notify-stakeholders,,{() => selectedIndentId && notifyMutation.mutate(selectedIndentId)},{notifyMutation.isPending},"(selectedIndent.status === ""stores_check"" || selectedIndent.status === ""pending"") / selectedIndent / isLoadingDetail / view === ""detail"""
client/src/pages/PurchaseIndents.tsx,client/src/pages/PurchaseIndents.tsx:3751,button,Undo,,,{() => updateState({ action: 'pending' })},,"isActioned / (selectedIndent.status === ""stores_check"" || selectedIndent.status === ""pending"") / selectedIndent / isLoadingDetail / view === ""detail"""
client/src/pages/PurchaseIndents.tsx,client/src/pages/PurchaseIndents.tsx:3783,button,,{`button-approve-item-${item.id}`},,"{() => updateState({ action:'approved', approvedQty:item.qty })}",,"st.action === 'pending' / (selectedIndent.status === ""stores_check"" || selectedIndent.status === ""pending"") / selectedIndent / isLoadingDetail / view === ""detail"""
client/src/pages/PurchaseIndents.tsx,client/src/pages/PurchaseIndents.tsx:3786,button,,{`button-modify-item-${item.id}`},,"{() => updateState({ action:'modifying', modQty:item.qty.toString() })}",,"st.action === 'pending' / (selectedIndent.status === ""stores_check"" || selectedIndent.status === ""pending"") / selectedIndent / isLoadingDetail / view === ""detail"""
client/src/pages/PurchaseIndents.tsx,client/src/pages/PurchaseIndents.tsx:3789,button,,{`button-reject-item-${item.id}`},,"{() => updateState({ action:'rejecting', rejectReason:'' })}",,"st.action === 'pending' / (selectedIndent.status === ""stores_check"" || selectedIndent.status === ""pending"") / selectedIndent / isLoadingDetail / view === ""detail"""
client/src/pages/PurchaseIndents.tsx,client/src/pages/PurchaseIndents.tsx:3800,Button,Save,{`button-save-modify-${item.id}`},,"{() => { const q=parseFloat(st.modQty); if(!isNaN(q)&&q>=0) updateState({action:'modified',approvedQty:q}); }}",,"st.action === 'modifying' / (selectedIndent.status === ""stores_check"" || selectedIndent.status === ""pending"") / selectedIndent / isLoadingDetail / view === ""detail"""
client/src/pages/PurchaseIndents.tsx,client/src/pages/PurchaseIndents.tsx:3802,button,Cancel,,,{() => updateState({action:'pending'})},,"st.action === 'modifying' / (selectedIndent.status === ""stores_check"" || selectedIndent.status === ""pending"") / selectedIndent / isLoadingDetail / view === ""detail"""
client/src/pages/PurchaseIndents.tsx,client/src/pages/PurchaseIndents.tsx:3810,button,Cancel,,,{() => updateState({action:'pending'})},,"st.action === 'rejecting' / (selectedIndent.status === ""stores_check"" || selectedIndent.status === ""pending"") / selectedIndent / isLoadingDetail / view === ""detail"""
client/src/pages/PurchaseIndents.tsx,client/src/pages/PurchaseIndents.tsx:3811,Button,Confirm Reject,{`button-confirm-reject-${item.id}`},,{() => updateState({action:'rejected'})},{!st.rejectReason.trim()},"st.action === 'rejecting' / (selectedIndent.status === ""stores_check"" || selectedIndent.status === ""pending"") / selectedIndent / isLoadingDetail / view === ""detail"""
client/src/pages/PurchaseIndents.tsx,client/src/pages/PurchaseIndents.tsx:3836,Button,"{approveMutation.isPending ? <Loader2 className=""w-5 h-5 animate-spin"" /> : allActioned ? <CheckCircle2 className=""w-5 h-5"" /> : null} Finalise Approval",button-finalise-approval,,{handleFinaliseApproval},{!allActioned || approveMutation.isPending},"(selectedIndent.status === ""stores_check"" || selectedIndent.status === ""pending"") / selectedIndent / isLoadingDetail / view === ""detail"""
client/src/pages/PurchaseIndents.tsx,client/src/pages/PurchaseIndents.tsx:3911,Button,"{expandedHistoryItems.has(item.id) ? <ChevronUp className=""w-3 h-3 mr-1"" /> : <ChevronDown className=""w-3 h-3 mr-1"" />} HISTORY",{`button-detail-toggle-history-${item.id}`},,{() => toggleHistoryItem(item.id)},,"(selectedIndent.status === ""stores_check"" || selectedIndent.status === ""pending"") / selectedIndent / isLoadingDetail / view === ""detail"""
client/src/pages/PurchaseIndents.tsx,client/src/pages/PurchaseIndents.tsx:4005,button,+ Create GRN,button-create-grn,,{openGrnDialog},,"isIndentFullyReceived / canCreateStores && selectedIndent.items.some(i => [""purchased"",""partial""].includes((i.purchaseStatus || """").toLowerCase())) / selectedIndent / isLoadingDetail / (view === ""purchase"" || view === ""procurement"")"
client/src/pages/PurchaseIndents.tsx,client/src/pages/PurchaseIndents.tsx:4010,button,Print,button-print-indent-purchase,,{() => handlePrintIndent(selectedIndent)},,"selectedIndent / isLoadingDetail / (view === ""purchase"" || view === ""procurement"")"
client/src/pages/PurchaseIndents.tsx,client/src/pages/PurchaseIndents.tsx:4012,button,Edit,button-edit-indent-purchase,,{handleEditIndent},,"(selectedIndent.status !== ""completed"" || isAdmin) && canEdit / selectedIndent / isLoadingDetail / (view === ""purchase"" || view === ""procurement"")"
client/src/pages/PurchaseIndents.tsx,client/src/pages/PurchaseIndents.tsx:4015,button,Delete,button-delete-indent-purchase,,{() => setShowDeleteConfirm(true)},,"canDelete / selectedIndent / isLoadingDetail / (view === ""purchase"" || view === ""procurement"")"
client/src/pages/PurchaseIndents.tsx,client/src/pages/PurchaseIndents.tsx:4062,Button,FORCE CLOSE INDENT,button-force-close,,{() => setShowForceCloseConfirm(true)},,"selectedIndent.status === ""approved"" && hasUnfulfilledItems(selectedIndent.items) / selectedIndent / isLoadingDetail / (view === ""purchase"" || view === ""procurement"")"
client/src/pages/PurchaseIndents.tsx,client/src/pages/PurchaseIndents.tsx:4133,SelectItem,✓ Already Purchased / Paid,,already_purchased,,,"selectedIndent.status === ""approved"" / [""approved"", ""purchaser_actioned"", ""awaiting_delivery"", ""partially_received""].includes(selectedIndent.status) && canCreate / selectedIndent / isLoadingDetail / (view === ""purchase"" || view === ""procurement"")"
client/src/pages/PurchaseIndents.tsx,client/src/pages/PurchaseIndents.tsx:4134,SelectItem,📦 Ordered — Awaiting Delivery,,ordered,,,"selectedIndent.status === ""approved"" / [""approved"", ""purchaser_actioned"", ""awaiting_delivery"", ""partially_received""].includes(selectedIndent.status) && canCreate / selectedIndent / isLoadingDetail / (view === ""purchase"" || view === ""procurement"")"
client/src/pages/PurchaseIndents.tsx,client/src/pages/PurchaseIndents.tsx:4135,SelectItem,✗ Not Available in Market,,not_available,,,"selectedIndent.status === ""approved"" / [""approved"", ""purchaser_actioned"", ""awaiting_delivery"", ""partially_received""].includes(selectedIndent.status) && canCreate / selectedIndent / isLoadingDetail / (view === ""purchase"" || view === ""procurement"")"
client/src/pages/PurchaseIndents.tsx,client/src/pages/PurchaseIndents.tsx:4136,SelectItem,⚠ Recommend Cancellation (PM to decide),,recommend_cancellation,,,"selectedIndent.status === ""approved"" / [""approved"", ""purchaser_actioned"", ""awaiting_delivery"", ""partially_received""].includes(selectedIndent.status) && canCreate / selectedIndent / isLoadingDetail / (view === ""purchase"" || view === ""procurement"")"
client/src/pages/PurchaseIndents.tsx,client/src/pages/PurchaseIndents.tsx:4163,SelectItem,Cash,,cash,,,"isOrdered / selectedIndent.status === ""approved"" / [""approved"", ""purchaser_actioned"", ""awaiting_delivery"", ""partially_received""].includes(selectedIndent.status) && canCreate / selectedIndent / isLoadingDetail / (view === ""purchase"" || view === ""procurement"")"
client/src/pages/PurchaseIndents.tsx,client/src/pages/PurchaseIndents.tsx:4163,SelectItem,Credit,,credit,,,"isOrdered / selectedIndent.status === ""approved"" / [""approved"", ""purchaser_actioned"", ""awaiting_delivery"", ""partially_received""].includes(selectedIndent.status) && canCreate / selectedIndent / isLoadingDetail / (view === ""purchase"" || view === ""procurement"")"
client/src/pages/PurchaseIndents.tsx,client/src/pages/PurchaseIndents.tsx:4163,SelectItem,Advance,,advance,,,"isOrdered / selectedIndent.status === ""approved"" / [""approved"", ""purchaser_actioned"", ""awaiting_delivery"", ""partially_received""].includes(selectedIndent.status) && canCreate / selectedIndent / isLoadingDetail / (view === ""purchase"" || view === ""procurement"")"
client/src/pages/PurchaseIndents.tsx,client/src/pages/PurchaseIndents.tsx:4163,SelectItem,UPI,,upi,,,"isOrdered / selectedIndent.status === ""approved"" / [""approved"", ""purchaser_actioned"", ""awaiting_delivery"", ""partially_received""].includes(selectedIndent.status) && canCreate / selectedIndent / isLoadingDetail / (view === ""purchase"" || view === ""procurement"")"
client/src/pages/PurchaseIndents.tsx,client/src/pages/PurchaseIndents.tsx:4163,SelectItem,Cheque,,cheque,,,"isOrdered / selectedIndent.status === ""approved"" / [""approved"", ""purchaser_actioned"", ""awaiting_delivery"", ""partially_received""].includes(selectedIndent.status) && canCreate / selectedIndent / isLoadingDetail / (view === ""purchase"" || view === ""procurement"")"
client/src/pages/PurchaseIndents.tsx,client/src/pages/PurchaseIndents.tsx:4163,SelectItem,RTGS / NEFT,,rtgs,,,"isOrdered / selectedIndent.status === ""approved"" / [""approved"", ""purchaser_actioned"", ""awaiting_delivery"", ""partially_received""].includes(selectedIndent.status) && canCreate / selectedIndent / isLoadingDetail / (view === ""purchase"" || view === ""procurement"")"
client/src/pages/PurchaseIndents.tsx,client/src/pages/PurchaseIndents.tsx:4192,SelectItem,Cash,,cash,,,"isPurchased / selectedIndent.status === ""approved"" / [""approved"", ""purchaser_actioned"", ""awaiting_delivery"", ""partially_received""].includes(selectedIndent.status) && canCreate / selectedIndent / isLoadingDetail / (view === ""purchase"" || view === ""procurement"")"
client/src/pages/PurchaseIndents.tsx,client/src/pages/PurchaseIndents.tsx:4192,SelectItem,Credit,,credit,,,"isPurchased / selectedIndent.status === ""approved"" / [""approved"", ""purchaser_actioned"", ""awaiting_delivery"", ""partially_received""].includes(selectedIndent.status) && canCreate / selectedIndent / isLoadingDetail / (view === ""purchase"" || view === ""procurement"")"
client/src/pages/PurchaseIndents.tsx,client/src/pages/PurchaseIndents.tsx:4192,SelectItem,UPI,,upi,,,"isPurchased / selectedIndent.status === ""approved"" / [""approved"", ""purchaser_actioned"", ""awaiting_delivery"", ""partially_received""].includes(selectedIndent.status) && canCreate / selectedIndent / isLoadingDetail / (view === ""purchase"" || view === ""procurement"")"
client/src/pages/PurchaseIndents.tsx,client/src/pages/PurchaseIndents.tsx:4192,SelectItem,Cheque,,cheque,,,"isPurchased / selectedIndent.status === ""approved"" / [""approved"", ""purchaser_actioned"", ""awaiting_delivery"", ""partially_received""].includes(selectedIndent.status) && canCreate / selectedIndent / isLoadingDetail / (view === ""purchase"" || view === ""procurement"")"
client/src/pages/PurchaseIndents.tsx,client/src/pages/PurchaseIndents.tsx:4192,SelectItem,RTGS / NEFT,,rtgs,,,"isPurchased / selectedIndent.status === ""approved"" / [""approved"", ""purchaser_actioned"", ""awaiting_delivery"", ""partially_received""].includes(selectedIndent.status) && canCreate / selectedIndent / isLoadingDetail / (view === ""purchase"" || view === ""procurement"")"
client/src/pages/PurchaseIndents.tsx,client/src/pages/PurchaseIndents.tsx:4199,SelectItem,Company Account,,company,,,"isPurchased / selectedIndent.status === ""approved"" / [""approved"", ""purchaser_actioned"", ""awaiting_delivery"", ""partially_received""].includes(selectedIndent.status) && canCreate / selectedIndent / isLoadingDetail / (view === ""purchase"" || view === ""procurement"")"
client/src/pages/PurchaseIndents.tsx,client/src/pages/PurchaseIndents.tsx:4199,SelectItem,Personal (Reimbursement),,personal,,,"isPurchased / selectedIndent.status === ""approved"" / [""approved"", ""purchaser_actioned"", ""awaiting_delivery"", ""partially_received""].includes(selectedIndent.status) && canCreate / selectedIndent / isLoadingDetail / (view === ""purchase"" || view === ""procurement"")"
client/src/pages/PurchaseIndents.tsx,client/src/pages/PurchaseIndents.tsx:4218,Button,Take Photo,{`button-pa-cam-${item.id}`},,{() => (document.getElementById(`pa-cam-${item.id}`) as HTMLInputElement)?.click()},,"isPurchased / selectedIndent.status === ""approved"" / [""approved"", ""purchaser_actioned"", ""awaiting_delivery"", ""partially_received""].includes(selectedIndent.status) && canCreate / selectedIndent / isLoadingDetail / (view === ""purchase"" || view === ""procurement"")"
client/src/pages/PurchaseIndents.tsx,client/src/pages/PurchaseIndents.tsx:4219,Button,Gallery,{`button-pa-gal-${item.id}`},,{() => (document.getElementById(`pa-gal-${item.id}`) as HTMLInputElement)?.click()},,"isPurchased / selectedIndent.status === ""approved"" / [""approved"", ""purchaser_actioned"", ""awaiting_delivery"", ""partially_received""].includes(selectedIndent.status) && canCreate / selectedIndent / isLoadingDetail / (view === ""purchase"" || view === ""procurement"")"
client/src/pages/PurchaseIndents.tsx,client/src/pages/PurchaseIndents.tsx:4220,Button,PDF / File,{`button-pa-pdf-${item.id}`},,{() => (document.getElementById(`pa-pdf-${item.id}`) as HTMLInputElement)?.click()},,"isPurchased / selectedIndent.status === ""approved"" / [""approved"", ""purchaser_actioned"", ""awaiting_delivery"", ""partially_received""].includes(selectedIndent.status) && canCreate / selectedIndent / isLoadingDetail / (view === ""purchase"" || view === ""procurement"")"
client/src/pages/PurchaseIndents.tsx,client/src/pages/PurchaseIndents.tsx:4228,button,,,,"{() => removePaPhoto(item.id, i)}",,"(paPhotos[item.id] || []).length > 0 / isPurchased / selectedIndent.status === ""approved"" / [""approved"", ""purchaser_actioned"", ""awaiting_delivery"", ""partially_received""].includes(selectedIndent.status) && canCreate / selectedIndent / isLoadingDetail / (view === ""purchase"" || view === ""procurement"")"
client/src/pages/PurchaseIndents.tsx,client/src/pages/PurchaseIndents.tsx:4256,Button,"{purchaserActionMutation.isPending ? <Loader2 className=""w-4 h-4 animate-spin mr-1"" /> : <ClipboardList className=""w-4 h-4 mr-1"" />} RECORD PURCHASE ACTION",button-submit-purchaser-action,,"{() => { const activeItems = selectedIndent.items.filter(i => ![""cancelled"", ""closed""].includes((i as any).status || """") && (i.approvedQty ?? i.qty) > 0); const isMat = (selectedIndent as any).piType === ""material""; for (const aItem of activeItems) { const defaultAt = (isMat || (aItem as any).procurementRoute === ""bulk_plant"") ? ""ordered"" : ""already_purchased""; const pd = purchaserActionData[aItem.id] ?? { purchaseActionType: defaultAt, qty: String(aItem.approvedQty ?? aItem.qty), orderNo: """", orderedByName: """", vendor: """", rate: """", paymentMode: ""cash"", paidBy: ""company"", payerName: """", purchaseDate: format(new Date(), ""yyyy-MM-dd""), expectedDeliveryDate: """", billNo: """", remarks: """" }; const at = pd.purchaseActionType; if (at === ""not_available"") continue; if ((isMat || [""material"", ""bulk_plant""].includes((aItem as any).procurementRoute)) && at === ""ordered"" && (!purchaserActionData[aItem.id]?.receivingLocation || (purchaserActionData[aItem.id]?.receivingLocation === ""site"" && !purchaserActionData[aItem.id]?.receivingSiteId))) { toast({ title: ""Destination required"", description: `Select Plant or Site (and receiving site) for ${aItem.description}`, variant: ""destructive"" }); return; } if (at === ""recommend_cancellation"") { if (!pd.remarks.trim()) { toast({ title: ""Reason required"", description: `Enter reason for recommending cancellation: ${aItem.description}`, variant: ""destructive"" }); return; } continue; } if (!parseFloat(pd.qty) || parseFloat(pd.qty) <= 0) { toast({ title: ""Invalid quantity"", description: `Enter a valid quantity for: ${aItem.description}`, variant: ""destructive"" }); return; } if (!parseFloat(pd.rate) || parseFloat(pd.rate) <= 0) { toast({ title: ""Rate required"", description: `Enter rate for: ${aItem.description}`, variant: ""destructive"" }); return; } if (at === ""already_purchased"" && !pd.vendor.trim()) { toast({ title: ""Vendor required"", description: `Enter vendor/supplier for: ${aItem.description}`, variant: ""destructive"" }); return; } if (at === ""already_purchased"" && pd.paidBy === ""personal"" && !pd.payerName.trim()) { toast({ title: ""Payer name required"", description: `Enter the person who paid for: ${aItem.description}`, variant: ""destructive"" }); return; } if (at === ""ordered"" && !pd.expectedDeliveryDate) { toast({ title: ""Expected delivery required"", description: `Enter expected delivery date for: ${aItem.description}`, variant: ""destructive"" }); return; } } const items = activeItems.map(item => { const defaultAt = (isMat || (item as any).procurementRoute === ""bulk_plant"") ? ""ordered"" : ""already_purchased""; const pd = purchaserActionData[item.id] ?? { purchaseActionType: defaultAt, qty: String(item.approvedQty ?? item.qty), orderNo: """", orderedByName: """", vendor: """", rate: """", paymentMode: ""cash"", paidBy: ""company"", payerName: """", purchaseDate: format(new Date(), ""yyyy-MM-dd""), expectedDeliveryDate: """", billNo: """", remarks: """" }; const at = pd.purchaseActionType; const paidByEncoded = pd.paidBy === ""personal"" ? (pd.payerName.trim() || ""PERSONAL"") : ""company""; return { itemId: item.id, purchaseActionType: at, receivingLocation: purchaserActionData[item.id]?.receivingLocation || null, receivingSiteId: Number(purchaserActionData[item.id]?.receivingSiteId) || null, qty: (at === ""not_available"" || at === ""recommend_cancellation"") ? 0 : (parseFloat(pd.qty) || (item.approvedQty ?? item.qty)), orderNo: pd.orderNo || null, orderedByName: pd.orderedByName || currentUser?.fullName || null, vendor: pd.vendor || null, rate: parseFloat(pd.rate) || null, paymentMode: pd.paymentMode, paidBy: at === ""already_purchased"" ? paidByEncoded : null, expectedDeliveryDate: at === ""ordered"" ? (pd.expectedDeliveryDate || null) : (at === ""already_purchased"" ? (pd.purchaseDate || null) : null), billNo: pd.billNo || null, remarks: pd.remarks || null, procurementRoute: ((item as any).procurementRoute as string) || ""stores"", }; }); purchaserActionMutation.mutate({ items }); }}",{purchaserActionMutation.isPending},"selectedIndent.status === ""approved"" / [""approved"", ""purchaser_actioned"", ""awaiting_delivery"", ""partially_received""].includes(selectedIndent.status) && canCreate / selectedIndent / isLoadingDetail / (view === ""purchase"" || view === ""procurement"")"
client/src/pages/PurchaseIndents.tsx,client/src/pages/PurchaseIndents.tsx:4359,Button,Record Receipt →,{`button-record-mat-receipt-${item.id}`},,"{() => navigate(`/plant/material-receipts?autoOpen=1&piRef=${encodeURIComponent(selectedIndent.indentNo)}&piItemId=${item.id}&materialId=${item.materialId}&qty=${item.orderedQty ?? item.approvedQty ?? """"}&supplier=${encodeURIComponent((item as any).vendor ?? """")}`)}",{!item.materialId},"(selectedIndent as any).piType === ""material"" && selectedIndent.status === ""ordered"" && canCreate / selectedIndent / isLoadingDetail / (view === ""purchase"" || view === ""procurement"")"
client/src/pages/PurchaseIndents.tsx,client/src/pages/PurchaseIndents.tsx:4383,button,"{grnPanelOpen ? <ChevronUp className=""w-4 h-4 text-emerald-600"" /> : <ChevronDown className=""w-4 h-4 text-emerald-600"" />}",button-toggle-grn-panel,,{() => setGrnPanelOpen(o => !o)},,"canViewStores && linkedGrns.length > 0 / selectedIndent / isLoadingDetail / (view === ""purchase"" || view === ""procurement"")"
client/src/pages/PurchaseIndents.tsx,client/src/pages/PurchaseIndents.tsx:4564,Button,"{expandedHistoryItems.has(item.id) ? <ChevronUp className=""w-3 h-3 mr-1"" /> : <ChevronDown className=""w-3 h-3 mr-1"" />} HISTORY",{`button-toggle-history-${item.id}`},,{() => toggleHistoryItem(item.id)},,"isPurchased / selectedIndent / isLoadingDetail / (view === ""purchase"" || view === ""procurement"")"
client/src/pages/PurchaseIndents.tsx,client/src/pages/PurchaseIndents.tsx:4636,Button,"{deliveryExpanded.has(item.id) ? ""Cancel"" : ""Record Delivery""} {deliveryExpanded.has(item.id) ? <ChevronUp className=""w-3 h-3 ml-auto"" /> : <ChevronDown className=""w-3 h-3 ml-auto"" />}",{`button-expand-delivery-${item.id}`},,{() => setDeliveryExpanded(prev => { const next = new Set(prev); next.has(item.id) ? next.delete(item.id) : next.add(item.id); return next; })},,"canCreate && !isBulkPiDeliveryItem(item) / isOrdered / selectedIndent / isLoadingDetail / (view === ""purchase"" || view === ""procurement"")"
client/src/pages/PurchaseIndents.tsx,client/src/pages/PurchaseIndents.tsx:4670,SelectItem,Cash,,cash,,,"deliveryExpanded.has(item.id) / canCreate && !isBulkPiDeliveryItem(item) / isOrdered / selectedIndent / isLoadingDetail / (view === ""purchase"" || view === ""procurement"")"
client/src/pages/PurchaseIndents.tsx,client/src/pages/PurchaseIndents.tsx:4670,SelectItem,Credit,,credit,,,"deliveryExpanded.has(item.id) / canCreate && !isBulkPiDeliveryItem(item) / isOrdered / selectedIndent / isLoadingDetail / (view === ""purchase"" || view === ""procurement"")"
client/src/pages/PurchaseIndents.tsx,client/src/pages/PurchaseIndents.tsx:4670,SelectItem,Advance,,advance,,,"deliveryExpanded.has(item.id) / canCreate && !isBulkPiDeliveryItem(item) / isOrdered / selectedIndent / isLoadingDetail / (view === ""purchase"" || view === ""procurement"")"
client/src/pages/PurchaseIndents.tsx,client/src/pages/PurchaseIndents.tsx:4670,SelectItem,UPI,,upi,,,"deliveryExpanded.has(item.id) / canCreate && !isBulkPiDeliveryItem(item) / isOrdered / selectedIndent / isLoadingDetail / (view === ""purchase"" || view === ""procurement"")"
client/src/pages/PurchaseIndents.tsx,client/src/pages/PurchaseIndents.tsx:4670,SelectItem,Cheque,,cheque,,,"deliveryExpanded.has(item.id) / canCreate && !isBulkPiDeliveryItem(item) / isOrdered / selectedIndent / isLoadingDetail / (view === ""purchase"" || view === ""procurement"")"
client/src/pages/PurchaseIndents.tsx,client/src/pages/PurchaseIndents.tsx:4670,SelectItem,RTGS / NEFT,,rtgs,,,"deliveryExpanded.has(item.id) / canCreate && !isBulkPiDeliveryItem(item) / isOrdered / selectedIndent / isLoadingDetail / (view === ""purchase"" || view === ""procurement"")"
client/src/pages/PurchaseIndents.tsx,client/src/pages/PurchaseIndents.tsx:4678,Button,"{recordDeliveryMutation.isPending ? <Loader2 className=""w-3.5 h-3.5 animate-spin mr-1.5"" /> : <PackageCheck className=""w-3.5 h-3.5 mr-1.5"" />} Confirm Delivery &amp; Create GRN",{`button-submit-delivery-${item.id}`},,"{() => { if (!parseFloat(df.deliveredQty) || parseFloat(df.deliveredQty) <= 0) { toast({ title: ""Invalid quantity"", description: ""Enter a valid delivered quantity"", variant: ""destructive"" }); return; } recordDeliveryMutation.mutate({ itemId: item.id, data: { deliveredQty: parseFloat(df.deliveredQty), deliveryDate: df.deliveryDate || null, challanNo: df.challanNo || null, paymentMode: df.paymentMode || null, remarks: df.remarks || null } }); }}",{recordDeliveryMutation.isPending},"deliveryExpanded.has(item.id) / canCreate && !isBulkPiDeliveryItem(item) / isOrdered / selectedIndent / isLoadingDetail / (view === ""purchase"" || view === ""procurement"")"
client/src/pages/PurchaseIndents.tsx,client/src/pages/PurchaseIndents.tsx:4699,Button,"{expandedHistoryItems.has(item.id) ? <ChevronUp className=""w-3 h-3 mr-1"" /> : <ChevronDown className=""w-3 h-3 mr-1"" />} HISTORY",{`button-toggle-history-${item.id}`},,{() => toggleHistoryItem(item.id)},,"isOrdered / selectedIndent / isLoadingDetail / (view === ""purchase"" || view === ""procurement"")"
client/src/pages/PurchaseIndents.tsx,client/src/pages/PurchaseIndents.tsx:4760,Button,"{expandedHistoryItems.has(item.id) ? <ChevronUp className=""w-3 h-3 mr-1"" /> : <ChevronDown className=""w-3 h-3 mr-1"" />} HISTORY",{`button-toggle-history-${item.id}`},,{() => toggleHistoryItem(item.id)},,"paTx / selectedIndent.status === ""purchaser_actioned"" / selectedIndent / isLoadingDetail / (view === ""purchase"" || view === ""procurement"")"
client/src/pages/PurchaseIndents.tsx,client/src/pages/PurchaseIndents.tsx:4846,SelectItem,Cash,,cash,,,"selectedIndent.status === ""approved"" / selectedIndent / isLoadingDetail / (view === ""purchase"" || view === ""procurement"")"
client/src/pages/PurchaseIndents.tsx,client/src/pages/PurchaseIndents.tsx:4847,SelectItem,Credit,,credit,,,"selectedIndent.status === ""approved"" / selectedIndent / isLoadingDetail / (view === ""purchase"" || view === ""procurement"")"
client/src/pages/PurchaseIndents.tsx,client/src/pages/PurchaseIndents.tsx:4848,SelectItem,UPI,,upi,,,"selectedIndent.status === ""approved"" / selectedIndent / isLoadingDetail / (view === ""purchase"" || view === ""procurement"")"
client/src/pages/PurchaseIndents.tsx,client/src/pages/PurchaseIndents.tsx:4849,SelectItem,Cheque,,cheque,,,"selectedIndent.status === ""approved"" / selectedIndent / isLoadingDetail / (view === ""purchase"" || view === ""procurement"")"
client/src/pages/PurchaseIndents.tsx,client/src/pages/PurchaseIndents.tsx:4850,SelectItem,RTGS / NEFT,,rtgs,,,"selectedIndent.status === ""approved"" / selectedIndent / isLoadingDetail / (view === ""purchase"" || view === ""procurement"")"
client/src/pages/PurchaseIndents.tsx,client/src/pages/PurchaseIndents.tsx:4900,Button,Record Service Completion,{`button-verify-service-${item.id}`},,"{() => { setServiceCompletionItemId(item.id); setServiceCompletionForm({ completionStatus: ""completed"", completionDate: format(new Date(), ""yyyy-MM-dd""), qty: String((item as any).orderedQty ?? (item as any).totalPurchasedQty ?? item.qty ?? """"), hours: """", remarks: (item as any).vendor ? `Service by: ${(item as any).vendor}` : """", documentUrl: """", }); }}",,"ps === ""AWAITING_SERVICE_VERIFICATION"" / (item as any).procurementRoute === ""service"" && selectedIndent.status === ""purchaser_actioned"" / !isBulkPiDeliveryItem(item) && (((item as any).procurementRoute === ""stores"" || !(item as any).procurementRoute)) && selectedIndent.status === ""purchaser_actioned"" / selectedIndent.status === ""approved"" / selectedIndent / isLoadingDetail / (view === ""purchase"" || view === ""procurement"")"
client/src/pages/PurchaseIndents.tsx,client/src/pages/PurchaseIndents.tsx:4945,Button,Log Site Delivery ( {balance} {item.uom} remaining),{`button-log-site-delivery-${item.id}`},,"{() => { const url = `/site/material-trips?piIndentId=${selectedIndentId}&piItemId=${item.id}&pendingReceiptId=${ppr?.id ?? """"}&material=${encodeURIComponent(item.description)}&supplier=${encodeURIComponent(ppr?.vendor || """")}&qty=${balance}&uom=${encodeURIComponent(item.uom)}&site=${encodeURIComponent(receivingSite?.name ?? """")}`; navigate(url); }}",,"balance > 0 / isSite / (item.purchaseStatus || """").toLowerCase() === ""pending_plant_receipt"" / isBulkPiDeliveryItem(item) && selectedIndent.status === ""purchaser_actioned"" / (item as any).procurementRoute === ""service"" && selectedIndent.status === ""purchaser_actioned"" / !isBulkPiDeliveryItem(item) && (((item as any).procurementRoute === ""stores"" || !(item as any).procurementRoute)) && selectedIndent.status === ""purchaser_actioned"" / selectedIndent.status === ""approved"" / selectedIndent / isLoadingDetail / (view === ""purchase"" || view === ""procurement"")"
client/src/pages/PurchaseIndents.tsx,client/src/pages/PurchaseIndents.tsx:4970,Button,Submit Material Receipt,{`button-bulk-receipt-${item.id}`},,"{() => { const paTx = piTxns.filter((t: any) => t.indentItemId === item.id && t.transactionType === ""purchaser_action"").slice(-1)[0] as any; setBulkReceiptData(prev => ({ ...prev, [item.id]: { qty: paTx?.qty?.toString() || (item.approvedQty ?? item.qty).toString(), uom: item.uom, vendor: paTx?.vendor || """", rate: paTx?.rate?.toString() || """", receiptDate: format(new Date(), ""yyyy-MM-dd""), remarks: """", partyId: """" } })); setBulkReceivingLocation(""""); setBulkReceivingSiteId(null); setBulkReceiptOpen(true); }}",,"(item.purchaseStatus || """").toLowerCase() === ""pending_plant_receipt"" / isBulkPiDeliveryItem(item) && selectedIndent.status === ""purchaser_actioned"" / (item as any).procurementRoute === ""service"" && selectedIndent.status === ""purchaser_actioned"" / !isBulkPiDeliveryItem(item) && (((item as any).procurementRoute === ""stores"" || !(item as any).procurementRoute)) && selectedIndent.status === ""purchaser_actioned"" / selectedIndent.status === ""approved"" / selectedIndent / isLoadingDetail / (view === ""purchase"" || view === ""procurement"")"
client/src/pages/PurchaseIndents.tsx,client/src/pages/PurchaseIndents.tsx:4988,Button,"{procureMutation.isPending ? <Loader2 className=""w-3.5 h-3.5 animate-spin mr-1"" /> : <ClipboardList className=""w-3.5 h-3.5 mr-1.5"" />} Mark Ordered",{`button-mark-ordered-${item.id}`},,"{() => procureMutation.mutate({ itemId: item.id, data: { ...procData, action: ""ordered"" } })}",{procureMutation.isPending},"isBulkPiDeliveryItem(item) && selectedIndent.status === ""purchaser_actioned"" / (item as any).procurementRoute === ""service"" && selectedIndent.status === ""purchaser_actioned"" / !isBulkPiDeliveryItem(item) && (((item as any).procurementRoute === ""stores"" || !(item as any).procurementRoute)) && selectedIndent.status === ""purchaser_actioned"" / selectedIndent.status === ""approved"" / selectedIndent / isLoadingDetail / (view === ""purchase"" || view === ""procurement"")"
client/src/pages/PurchaseIndents.tsx,client/src/pages/PurchaseIndents.tsx:4998,Button,"{procureMutation.isPending ? <Loader2 className=""w-3.5 h-3.5 animate-spin mr-1"" /> : <PackageCheck className=""w-3.5 h-3.5 mr-1.5"" />} Received → GRN",{`button-received-grn-${item.id}`},,"{() => procureMutation.mutate({ itemId: item.id, data: { ...procData, action: ""received"" } })}",{procureMutation.isPending},"isBulkPiDeliveryItem(item) && selectedIndent.status === ""purchaser_actioned"" / (item as any).procurementRoute === ""service"" && selectedIndent.status === ""purchaser_actioned"" / !isBulkPiDeliveryItem(item) && (((item as any).procurementRoute === ""stores"" || !(item as any).procurementRoute)) && selectedIndent.status === ""purchaser_actioned"" / selectedIndent.status === ""approved"" / selectedIndent / isLoadingDetail / (view === ""purchase"" || view === ""procurement"")"
client/src/pages/PurchaseIndents.tsx,client/src/pages/PurchaseIndents.tsx:5011,Button,Cancel Item,{`button-cancel-item-${item.id}`},,{(e) => { e.stopPropagation(); setCancelItemId(item.id); setShowCancelConfirm(true); }},,"canCancel / selectedIndent.status === ""approved"" / selectedIndent / isLoadingDetail / (view === ""purchase"" || view === ""procurement"")"
client/src/pages/PurchaseIndents.tsx,client/src/pages/PurchaseIndents.tsx:5019,Button,"{expandedHistoryItems.has(item.id) ? <ChevronUp className=""w-3 h-3 mr-1"" /> : <ChevronDown className=""w-3 h-3 mr-1"" />} HISTORY",{`button-toggle-history-${item.id}`},,{() => toggleHistoryItem(item.id)},,"selectedIndent / isLoadingDetail / (view === ""purchase"" || view === ""procurement"")"
client/src/pages/PurchaseIndents.tsx,client/src/pages/PurchaseIndents.tsx:5049,DialogTitle,SUBMIT PLANT MATERIAL RECEIPT,,,,,
client/src/pages/PurchaseIndents.tsx,client/src/pages/PurchaseIndents.tsx:5061,button,{label},{`button-rl-${val}`},,"{() => { setBulkReceivingLocation(val); if (val !== ""site"") setBulkReceivingSiteId(null); }}",,selectedIndent
client/src/pages/PurchaseIndents.tsx,client/src/pages/PurchaseIndents.tsx:5088,SelectItem,{site.name},,{site.id.toString()},,,"bulkReceivingLocation === ""site"" / selectedIndent"
client/src/pages/PurchaseIndents.tsx,client/src/pages/PurchaseIndents.tsx:5135,Button,Cancel,button-cancel-bulk-receipt,,{() => setBulkReceiptOpen(false)},,selectedIndent
client/src/pages/PurchaseIndents.tsx,client/src/pages/PurchaseIndents.tsx:5136,Button,"{bulkReceiptMutation.isPending ? <Loader2 className=""w-4 h-4 animate-spin mr-1"" /> : <Warehouse className=""w-4 h-4 mr-1"" />} SUBMIT FOR CONFIRMATION",button-submit-bulk-receipt,,"{() => bulkReceiptMutation.mutate({ receivingLocation: bulkReceivingLocation, receivingSiteId: bulkReceivingSiteId, items: bulkItems.map(item => { const rd = bulkReceiptData[item.id] ?? { qty: (item.approvedQty ?? item.qty).toString(), uom: item.uom, vendor: """", rate: """", receiptDate: format(new Date(), ""yyyy-MM-dd""), remarks: """", partyId: """" }; return { itemId: item.id, materialId: item.materialId, materialName: item.description, qty: parseFloat(rd.qty) || 0, uom: rd.uom, vendor: rd.vendor || null, rate: parseFloat(rd.rate) || null, purchaseDate: rd.receiptDate, remarks: rd.remarks || null, }; }), })}","{bulkReceiptMutation.isPending || !bulkReceivingLocation || (bulkReceivingLocation === ""site"" && !bulkReceivingSiteId)}",selectedIndent
client/src/pages/PurchaseIndents.tsx,client/src/pages/PurchaseIndents.tsx:5190,SelectItem,ALL STATUS,,all,,,"view === ""report"""
client/src/pages/PurchaseIndents.tsx,client/src/pages/PurchaseIndents.tsx:5191,SelectItem,PURCHASED,,purchased,,,"view === ""report"""
client/src/pages/PurchaseIndents.tsx,client/src/pages/PurchaseIndents.tsx:5192,SelectItem,PARTIAL,,partial,,,"view === ""report"""
client/src/pages/PurchaseIndents.tsx,client/src/pages/PurchaseIndents.tsx:5193,SelectItem,CANCELLED,,cancelled,,,"view === ""report"""
client/src/pages/PurchaseIndents.tsx,client/src/pages/PurchaseIndents.tsx:5194,SelectItem,NOT PURCHASED,,not_purchased,,,"view === ""report"""
client/src/pages/PurchaseIndents.tsx,client/src/pages/PurchaseIndents.tsx:5195,SelectItem,PENDING,,pending,,,"view === ""report"""
client/src/pages/PurchaseIndents.tsx,client/src/pages/PurchaseIndents.tsx:5206,SelectItem,ALL PURPOSE,,all,,,"view === ""report"""
client/src/pages/PurchaseIndents.tsx,client/src/pages/PurchaseIndents.tsx:5208,SelectItem,{p},,{p},,,"view === ""report"""
client/src/pages/PurchaseIndents.tsx,client/src/pages/PurchaseIndents.tsx:5231,SelectItem,ALL MODES,,all,,,"view === ""report"""
client/src/pages/PurchaseIndents.tsx,client/src/pages/PurchaseIndents.tsx:5232,SelectItem,Cash,,cash,,,"view === ""report"""
client/src/pages/PurchaseIndents.tsx,client/src/pages/PurchaseIndents.tsx:5233,SelectItem,Credit,,credit,,,"view === ""report"""
client/src/pages/PurchaseIndents.tsx,client/src/pages/PurchaseIndents.tsx:5234,SelectItem,UPI,,upi,,,"view === ""report"""
client/src/pages/PurchaseIndents.tsx,client/src/pages/PurchaseIndents.tsx:5235,SelectItem,Cheque,,cheque,,,"view === ""report"""
client/src/pages/PurchaseIndents.tsx,client/src/pages/PurchaseIndents.tsx:5236,SelectItem,RTGS / NEFT,,rtgs,,,"view === ""report"""
client/src/pages/PurchaseIndents.tsx,client/src/pages/PurchaseIndents.tsx:5363,DialogTitle,Create GRN — {selectedIndent?.indentNo},,,,,
client/src/pages/PurchaseIndents.tsx,client/src/pages/PurchaseIndents.tsx:5481,button,"+ Add "" {line.itemSearch || line.description} "" to Store Catalogue",{`button-grn-add-catalogue-${idx}`},,,,filteredItems.length === 0 / grnOpenDropdownIdx === idx / grnLines.length === 0
client/src/pages/PurchaseIndents.tsx,client/src/pages/PurchaseIndents.tsx:5604,Button,Cancel,button-grn-cancel,,{() => setShowGrnDialog(false)},,
client/src/pages/PurchaseIndents.tsx,client/src/pages/PurchaseIndents.tsx:5607,Button,"{createGrnMutation.isPending ? <Loader2 className=""w-3.5 h-3.5 animate-spin mr-1.5"" /> : <Package className=""w-3.5 h-3.5 mr-1.5"" />} Create GRN",button-grn-submit,,{handleGrnSubmit},{createGrnMutation.isPending || grnLines.every(l => !l.storeItemId) || grnLines.filter(l => l.storeItemId && parseFloat(l.qty) > 0).some(l => { const alreadyRcvd = grnReceivedByItem[l.indentItemId] ?? 0; const remaining = l.approvedQty - alreadyRcvd; const entered = parseFloat(l.qty); return !isNaN(entered) && entered > remaining; })},
client/src/pages/PurchaseIndents.tsx,client/src/pages/PurchaseIndents.tsx:5625,DialogTitle,Save as New Material,,,,,
client/src/pages/PurchaseIndents.tsx,client/src/pages/PurchaseIndents.tsx:5646,SelectItem,{c},,{c},,,
client/src/pages/PurchaseIndents.tsx,client/src/pages/PurchaseIndents.tsx:5657,SelectItem,{u},,{u},,,
client/src/pages/PurchaseIndents.tsx,client/src/pages/PurchaseIndents.tsx:5665,Button,Cancel,,,{() => setAddStoreItemOpen(false)},,
client/src/pages/PurchaseIndents.tsx,client/src/pages/PurchaseIndents.tsx:5666,Button,"{addStoreItemMutation.isPending ? <Loader2 className=""w-3 h-3 animate-spin"" /> : ""Save as New Item""}",button-save-new-store-item,,"{() => addStoreItemMutation.mutate({ name: addStoreItemForm.name.trim().toUpperCase(), category: addStoreItemForm.category, defaultUom: addStoreItemForm.uom, isActive: 1 })}",{!addStoreItemForm.name.trim() || addStoreItemMutation.isPending},
client/src/pages/PurchaseIndents.tsx,client/src/pages/PurchaseIndents.tsx:5684,DialogTitle,Record Service Completion,,,,,
client/src/pages/PurchaseIndents.tsx,client/src/pages/PurchaseIndents.tsx:5695,SelectItem,Fully Completed,,completed,,,
client/src/pages/PurchaseIndents.tsx,client/src/pages/PurchaseIndents.tsx:5696,SelectItem,Partly Completed,,partly_completed,,,
client/src/pages/PurchaseIndents.tsx,client/src/pages/PurchaseIndents.tsx:5723,Button,Cancel,,,{() => setServiceCompletionItemId(null)},,
client/src/pages/PurchaseIndents.tsx,client/src/pages/PurchaseIndents.tsx:5724,Button,"{serviceCompletionMutation.isPending ? <Loader2 className=""w-4 h-4 animate-spin mr-1"" /> : <CheckCircle2 className=""w-4 h-4 mr-1"" />} Confirm Completion",button-submit-service-completion,,"{() => { if (!serviceCompletionItemId) return; const activeItem = selectedIndent?.items?.find((i: any) => i.id === serviceCompletionItemId); serviceCompletionMutation.mutate({ indentItemId: serviceCompletionItemId, itemDescription: activeItem?.description, completionStatus: serviceCompletionForm.completionStatus, completionDate: serviceCompletionForm.completionDate || undefined, qty: serviceCompletionForm.qty ? Number(serviceCompletionForm.qty) : undefined, hours: serviceCompletionForm.hours ? Number(serviceCompletionForm.hours) : undefined, remarks: serviceCompletionForm.remarks || undefined, documentUrl: serviceCompletionForm.documentUrl || undefined, }); }}",{!serviceCompletionForm.completionStatus || serviceCompletionMutation.isPending},
client/src/pages/PurchaseIndents.tsx,client/src/pages/PurchaseIndents.tsx:5753,DialogTitle,Review Purchase Order,,,,,
client/src/pages/SiteMaterialTrips.tsx,client/src/pages/SiteMaterialTrips.tsx:516,Button,Back,button-back,,,,
client/src/pages/SiteMaterialTrips.tsx,client/src/pages/SiteMaterialTrips.tsx:539,button,← Back to PI,,,{() => navigate(returnTo)},,isPILinked
client/src/pages/SiteMaterialTrips.tsx,client/src/pages/SiteMaterialTrips.tsx:542,form,"{/* 06F: daily-allocation suggestion (informational; apply is optional) */} {!isPILinked && fulfilmentSuggestion && ( <div className=""rounded border border-indigo-200 bg-indigo-50 dark:bg-indigo-900/20 px-3 py-2 text-xs space-y-1"" data-testid=""receipt-fulfilment-suggestion""> <p className=""font-semibold text-indigo-800 dark:text-indigo-200""> Tomorrow's Requirement allocation: {fulfilmentLabel(fulfilmentSuggestion.entry)} </p> <p className=""text-indigo-700 dark:text-indigo-300"">{fulfilmentSuggestion.suggestion.note} ({fulfilmentSuggestion.materialName})</p> <div className=""flex items-center gap-3 flex-wrap""> {newTrip.materialSourceType !== ""own_source"" && fulfilmentSuggestion.suggestion.supplierSuggestion && ( <button type=""button"" className=""text-[11px] font-medium text-indigo-700 underline"" onClick={() => setNewTrip(prev => ({ ...prev, materialSourceSupplier: prev.materialSourceSupplier || fulfilmentSuggestion.suggestion.supplierSuggestion || """" }))} data-testid=""button-apply-fulfilment-supplier"" > Use ""{fulfilmentSuggestion.suggestion.supplierSuggestion}"" as supplier </button> )} {/* Only 'arrangement' fulfilments carry an arrangementId — other_agency never links to an arrangement. */} {fulfilmentSuggestion.suggestion.arrangementId != null && ( <button type=""button"" className=""text-[11px] font-medium text-indigo-700 underline"" onClick={() => setWorkCtx(prev => ({ ...prev, earthworkArrangementId: prev.earthworkArrangementId ?? fulfilmentSuggestion.suggestion.arrangementId }))} data-testid=""button-apply-fulfilment-arrangement"" > Link this arrangement to the receipt </button> )} </div> </div> )} {/* DPR-02: every standalone trip, including a PI-linked delivery, identifies the BOQ activity it is intended for. */} {newTrip.site && ( <ReceiptWorkContext siteName={newTrip.site} operationalDate={newTrip.date} sitesList={sitesList} value={workCtx} onChange={setWorkCtx} onArrangementPrefill={applyArrangementPrefill} required testIdPrefix=""trip-work-ctx"" /> )}",,,{handleSubmit},,
client/src/pages/SiteMaterialTrips.tsx,client/src/pages/SiteMaterialTrips.tsx:573,SelectItem,{s.name},,{s.name},,,
client/src/pages/SiteMaterialTrips.tsx,client/src/pages/SiteMaterialTrips.tsx:589,SelectItem,{mat},,{mat},,,
client/src/pages/SiteMaterialTrips.tsx,client/src/pages/SiteMaterialTrips.tsx:655,SelectItem,{uom},,{uom},,,
client/src/pages/SiteMaterialTrips.tsx,client/src/pages/SiteMaterialTrips.tsx:668,SelectItem,Road,,road,,,
client/src/pages/SiteMaterialTrips.tsx,client/src/pages/SiteMaterialTrips.tsx:669,SelectItem,Structure,,structure,,,
client/src/pages/SiteMaterialTrips.tsx,client/src/pages/SiteMaterialTrips.tsx:678,SelectItem,Work Stretch,,stretch,,,
client/src/pages/SiteMaterialTrips.tsx,client/src/pages/SiteMaterialTrips.tsx:679,SelectItem,Temporary Yard,,yard,,,
client/src/pages/SiteMaterialTrips.tsx,client/src/pages/SiteMaterialTrips.tsx:735,Button,"{createMutation.isPending ? ( <Loader2 className=""w-4 h-4 animate-spin"" /> ) : ( <> <Plus className=""w-4 h-4 mr-1"" /> Add Trip </> )}",button-submit-trip,,,{createMutation.isPending || !hasRequiredWorkContext(workCtx)},
client/src/pages/SiteMaterialTrips.tsx,client/src/pages/SiteMaterialTrips.tsx:761,button,"Use "" {fulfilmentSuggestion.suggestion.supplierSuggestion} "" as supplier",button-apply-fulfilment-supplier,,"{() => setNewTrip(prev => ({ ...prev, materialSourceSupplier: prev.materialSourceSupplier || fulfilmentSuggestion.suggestion.supplierSuggestion || """" }))}",,"newTrip.materialSourceType !== ""own_source"" && fulfilmentSuggestion.suggestion.supplierSuggestion / !isPILinked && fulfilmentSuggestion"
client/src/pages/SiteMaterialTrips.tsx,client/src/pages/SiteMaterialTrips.tsx:773,button,Link this arrangement to the receipt,button-apply-fulfilment-arrangement,,"{() => setWorkCtx(prev => ({ ...prev, earthworkArrangementId: prev.earthworkArrangementId ?? fulfilmentSuggestion.suggestion.arrangementId }))}",,fulfilmentSuggestion.suggestion.arrangementId != null / !isPILinked && fulfilmentSuggestion
client/src/pages/SiteMaterialTrips.tsx,client/src/pages/SiteMaterialTrips.tsx:822,Button,Camera,button-trip-photo-camera,,"{() => document.getElementById(""trip-photo-camera"")?.click()}",,
client/src/pages/SiteMaterialTrips.tsx,client/src/pages/SiteMaterialTrips.tsx:825,Button,Gallery,button-trip-photo-gallery,,"{() => document.getElementById(""trip-photo-gallery"")?.click()}",,
client/src/pages/SiteMaterialTrips.tsx,client/src/pages/SiteMaterialTrips.tsx:838,button,,{`button-remove-staged-trip-photo-${idx}`},,{() => removeStagedPhoto(idx)},,stagedPhotos.length > 0
client/src/pages/SiteMaterialTrips.tsx,client/src/pages/SiteMaterialTrips.tsx:892,SelectItem,All Sites,,all,,,
client/src/pages/SiteMaterialTrips.tsx,client/src/pages/SiteMaterialTrips.tsx:893,SelectItem,{s.name},,{s.name},,,
client/src/pages/SiteMaterialTrips.tsx,client/src/pages/SiteMaterialTrips.tsx:902,SelectItem,All Materials,,all,,,
client/src/pages/SiteMaterialTrips.tsx,client/src/pages/SiteMaterialTrips.tsx:903,SelectItem,{material},,{material},,,
client/src/pages/SiteMaterialTrips.tsx,client/src/pages/SiteMaterialTrips.tsx:928,SelectItem,All,,all,,,
client/src/pages/SiteMaterialTrips.tsx,client/src/pages/SiteMaterialTrips.tsx:929,SelectItem,Same party,,same_party,,,
client/src/pages/SiteMaterialTrips.tsx,client/src/pages/SiteMaterialTrips.tsx:930,SelectItem,Different parties,,different_parties,,,
client/src/pages/SiteMaterialTrips.tsx,client/src/pages/SiteMaterialTrips.tsx:931,SelectItem,Our own vehicle,,in_house,,,
client/src/pages/SiteMaterialTrips.tsx,client/src/pages/SiteMaterialTrips.tsx:932,SelectItem,Our own source · Another transporter,,own_source_agency,,,
client/src/pages/SiteMaterialTrips.tsx,client/src/pages/SiteMaterialTrips.tsx:933,SelectItem,Our own source · Our own vehicle,,own_source_in_house,,,
client/src/pages/SiteMaterialTrips.tsx,client/src/pages/SiteMaterialTrips.tsx:934,SelectItem,Roles not confirmed,,unresolved,,,
client/src/pages/SiteMaterialTrips.tsx,client/src/pages/SiteMaterialTrips.tsx:966,Button,"Assign to {bulkEligibleCount} matching trip {bulkEligibleCount === 1 ? """" : ""s""}",button-bulk-assign-material-source,,{() => setBulkConfirmOpen(true)},"{roleFilter !== ""all"" || !bulkMaterialSourceSupplier.trim() || !bulkEligibleCount || !siteFilter || siteFilter === ""all"" || onlyWithoutArrangement}",canEdit && hasUnassignedFilteredTrips
client/src/pages/SiteMaterialTrips.tsx,client/src/pages/SiteMaterialTrips.tsx:1049,Button,"{classifyTripRoles(trip) === ""unresolved"" ? ""Set roles"" : ""Change roles""}",{`button-edit-trip-roles-${trip.id}`},,{() => setEditingRoleTrip(trip)},,canEdit / !roleFilteredTrips.length / isLoading
client/src/pages/SiteMaterialTrips.tsx,client/src/pages/SiteMaterialTrips.tsx:1050,Button,,History,,{() => setHistoryTripId(trip.id)},,!roleFilteredTrips.length / isLoading
client/src/pages/SiteMaterialTrips.tsx,client/src/pages/SiteMaterialTrips.tsx:1059,Button,,Cancel,,{() => setCancelTripId(trip.id)},,"sectionCan(""site_materials"", ""delete"") / !roleFilteredTrips.length / isLoading"
client/src/pages/SiteMaterialTrips.tsx,client/src/pages/SiteMaterialTrips.tsx:1068,Button,,{`button-delete-trip-${trip.id}`},,{() => deleteMutation.mutate(trip.id)},{deleteMutation.isPending},(isAdmin || isOwner) / !roleFilteredTrips.length / isLoading
client/src/pages/SiteMaterialTrips.tsx,client/src/pages/SiteMaterialTrips.tsx:1108,AlertDialogTitle,"Assign material source to {bulkEligibleCount} trip {bulkEligibleCount === 1 ? """" : ""s""} ?",,,,,
client/src/pages/VendorBills.tsx,client/src/pages/VendorBills.tsx:461,Button,"{bill.paymentMode || bill.paidBy ? ""EDIT"" : ""ADD""}",button-edit-payment-details,,{() => setEditing(true)},,canEditPayment && !editing
client/src/pages/VendorBills.tsx,client/src/pages/VendorBills.tsx:487,SelectItem,{l},,{v},,,!editing
client/src/pages/VendorBills.tsx,client/src/pages/VendorBills.tsx:496,SelectItem,COMPANY ACCOUNT,,company,,,!editing
client/src/pages/VendorBills.tsx,client/src/pages/VendorBills.tsx:497,SelectItem,PERSONAL,,personal,,,!editing
client/src/pages/VendorBills.tsx,client/src/pages/VendorBills.tsx:520,SelectItem,{account.name} · {account.type},,{account.id},,,"paidByKind === ""company"" && isEquipmentHire / !editing"
client/src/pages/VendorBills.tsx,client/src/pages/VendorBills.tsx:533,Button,CANCEL,button-cancel-payment-details,,{() => setEditing(false)},,!editing
client/src/pages/VendorBills.tsx,client/src/pages/VendorBills.tsx:534,Button,"{saveMutation.isPending && <Loader2 className=""w-3 h-3 animate-spin mr-1"" />} SAVE",button-save-payment-details,,{() => saveMutation.mutate()},{saveMutation.isPending},!editing
client/src/pages/VendorBills.tsx,client/src/pages/VendorBills.tsx:553,Button,"{open ? ""HIDE"" : ""VIEW""} HISTORICAL WORKING SHEET · {rows.length} DATES",,,{() => setOpen(v => !v)},,
client/src/pages/VendorBills.tsx,client/src/pages/VendorBills.tsx:2633,Button,,button-back-form,,"{() => { resetForm(); setView(""list""); }}",,"view === ""form"""
client/src/pages/VendorBills.tsx,client/src/pages/VendorBills.tsx:2682,SelectItem,{t.label},,{t.value},,,"view === ""form"""
client/src/pages/VendorBills.tsx,client/src/pages/VendorBills.tsx:2705,SelectItem,ALL SITES,,all,,,"view === ""form"""
client/src/pages/VendorBills.tsx,client/src/pages/VendorBills.tsx:2706,SelectItem,{site.name},,{String(site.id)},,,"view === ""form"""
client/src/pages/VendorBills.tsx,client/src/pages/VendorBills.tsx:2746,button,{name},{`vendor-option-${name}`},,,,"showVendorDropdown && filteredVendorNames.length > 0 && !vendorName / view === ""form"""
client/src/pages/VendorBills.tsx,client/src/pages/VendorBills.tsx:2789,Button,"{discoveryLoading ? <Loader2 className=""w-4 h-4 animate-spin mr-2"" /> : <Search className=""w-4 h-4 mr-2"" />} SHOW AVAILABLE VENDORS",button-show-vendors,,{() => setShowVendorDiscovery(true)},{discoveryLoading},"discoveryPeriodReady && billType !== ""other"" && !vendorName / view === ""form"""
client/src/pages/VendorBills.tsx,client/src/pages/VendorBills.tsx:2813,Button,,button-close-discovery,,{() => setShowVendorDiscovery(false)},,"showVendorDiscovery && discoveryPeriodReady && billType !== ""other"" / view === ""form"""
client/src/pages/VendorBills.tsx,client/src/pages/VendorBills.tsx:2865,Button,EDIT,{`button-edit-bill-${vendor.vendorName}`},,{() => handleEditExistingBill(vendor.existingBill!.id)},,"vendor.existingBill / !discoveredVendors || discoveredVendors.length === 0 / discoveryLoading / showVendorDiscovery && discoveryPeriodReady && billType !== ""other"" / view === ""form"""
client/src/pages/VendorBills.tsx,client/src/pages/VendorBills.tsx:2878,Button,SELECT &amp; CREATE,{`button-select-vendor-${vendor.vendorName}`},,{() => handleSelectDiscoveredVendor(vendor)},,"vendor.existingBill / !discoveredVendors || discoveredVendors.length === 0 / discoveryLoading / showVendorDiscovery && discoveryPeriodReady && billType !== ""other"" / view === ""form"""
client/src/pages/VendorBills.tsx,client/src/pages/VendorBills.tsx:2919,SelectItem,{formatEquipmentOptionLabel(equipment)},,{String(equipment.id)},,,"!vendorName || !periodFrom || !periodTo / isHistoricalHireEdit && [""equipment"", ""all""].includes(billType) / view === ""form"""
client/src/pages/VendorBills.tsx,client/src/pages/VendorBills.tsx:2925,Button,Clear equipment,button-clear-equipment-hire,,"{() => { contractorAdvanceSeedRef.current = """"; setHireGroups([]); }}",,"hireGroups.length > 0 && !isHistoricalHireEdit / !vendorName || !periodFrom || !periodTo / isHistoricalHireEdit && [""equipment"", ""all""].includes(billType) / view === ""form"""
client/src/pages/VendorBills.tsx,client/src/pages/VendorBills.tsx:2982,SelectItem,All report sites,,__all__,,,"isHistoricalHireEdit && [""equipment"", ""all""].includes(billType) / view === ""form"""
client/src/pages/VendorBills.tsx,client/src/pages/VendorBills.tsx:2982,SelectItem,{projectSite},,{projectSite},,,"isHistoricalHireEdit && [""equipment"", ""all""].includes(billType) / view === ""form"""
client/src/pages/VendorBills.tsx,client/src/pages/VendorBills.tsx:2983,Button,Clear site,,,"{() => patchHireGroup(selection.id, { projectSite: undefined })}",,"selection.projectSite / isHistoricalHireEdit && [""equipment"", ""all""].includes(billType) / view === ""form"""
client/src/pages/VendorBills.tsx,client/src/pages/VendorBills.tsx:3008,Button,"{equipmentPerformance.isFetching ? ""Loading daily activity…"" : ""View Daily Activity""}",button-view-daily-activity,,{() => setShowEquipmentDailyActivity(true)},{equipmentPerformance.isFetching},"billType === ""equipment"" / isHistoricalHireEdit && [""equipment"", ""all""].includes(billType) / view === ""form"""
client/src/pages/VendorBills.tsx,client/src/pages/VendorBills.tsx:3009,Button,EXPORT PDF,button-export-equipment-hire-pdf,,"{() => exportEquipmentHireBill(exportData, dailyRows, ""pdf"")}",{equipmentPerformance.isFetching},"canExport / billType === ""equipment"" / isHistoricalHireEdit && [""equipment"", ""all""].includes(billType) / view === ""form"""
client/src/pages/VendorBills.tsx,client/src/pages/VendorBills.tsx:3010,Button,EXPORT EXCEL,button-export-equipment-hire-excel,,"{() => exportEquipmentHireBill(exportData, dailyRows, ""xlsx"")}",{equipmentPerformance.isFetching},"canExport / billType === ""equipment"" / isHistoricalHireEdit && [""equipment"", ""all""].includes(billType) / view === ""form"""
client/src/pages/VendorBills.tsx,client/src/pages/VendorBills.tsx:3029,Button,Exclude,,,{() => update({ selected: false })},{current?.selected === false},"selection.basis === ""trip"" / isHistoricalHireEdit && [""equipment"", ""all""].includes(billType) / view === ""form"""
client/src/pages/VendorBills.tsx,client/src/pages/VendorBills.tsx:3038,SelectItem,10 hours / day,,10,,,"equipment?.hireBreakdownDeductionEnabled / maintenance.length > 0 / isHistoricalHireEdit && [""equipment"", ""all""].includes(billType) / view === ""form"""
client/src/pages/VendorBills.tsx,client/src/pages/VendorBills.tsx:3038,SelectItem,11 hours / day,,11,,,"equipment?.hireBreakdownDeductionEnabled / maintenance.length > 0 / isHistoricalHireEdit && [""equipment"", ""all""].includes(billType) / view === ""form"""
client/src/pages/VendorBills.tsx,client/src/pages/VendorBills.tsx:3038,SelectItem,12 hours / day,,12,,,"equipment?.hireBreakdownDeductionEnabled / maintenance.length > 0 / isHistoricalHireEdit && [""equipment"", ""all""].includes(billType) / view === ""form"""
client/src/pages/VendorBills.tsx,client/src/pages/VendorBills.tsx:3044,SelectItem,No deduction,,none,,,"maintenance.length > 0 / isHistoricalHireEdit && [""equipment"", ""all""].includes(billType) / view === ""form"""
client/src/pages/VendorBills.tsx,client/src/pages/VendorBills.tsx:3044,SelectItem,Actual downtime,,hours,,{!selection.breakdownHoursPerDay},"maintenance.length > 0 / isHistoricalHireEdit && [""equipment"", ""all""].includes(billType) / view === ""form"""
client/src/pages/VendorBills.tsx,client/src/pages/VendorBills.tsx:3044,SelectItem,Half day,,half_day,,,"maintenance.length > 0 / isHistoricalHireEdit && [""equipment"", ""all""].includes(billType) / view === ""form"""
client/src/pages/VendorBills.tsx,client/src/pages/VendorBills.tsx:3044,SelectItem,Full day,,full_day,,,"maintenance.length > 0 / isHistoricalHireEdit && [""equipment"", ""all""].includes(billType) / view === ""form"""
client/src/pages/VendorBills.tsx,client/src/pages/VendorBills.tsx:3044,SelectItem,Manual amount,,manual,,,"maintenance.length > 0 / isHistoricalHireEdit && [""equipment"", ""all""].includes(billType) / view === ""form"""
client/src/pages/VendorBills.tsx,client/src/pages/VendorBills.tsx:3059,Button,Accept Suggested,,,"{() => patchHireGroup(selection.id, { dieselRecoveryDecision: ""accept"", dieselRecoveryFinalAmount: Number(diesel?.suggestedRecoveryAmount || 0) })}",{recoveryAcceptUnavailable || !diesel?.suggestedRecoveryAmount},"String(equipment?.hireDieselResponsibility || """").toLowerCase() === ""hlc"" / isHistoricalHireEdit && [""equipment"", ""all""].includes(billType) / view === ""form"""
client/src/pages/VendorBills.tsx,client/src/pages/VendorBills.tsx:3060,Button,Edit,,,"{() => patchHireGroup(selection.id, { dieselRecoveryDecision: ""edit"" })}",,"String(equipment?.hireDieselResponsibility || """").toLowerCase() === ""hlc"" / isHistoricalHireEdit && [""equipment"", ""all""].includes(billType) / view === ""form"""
client/src/pages/VendorBills.tsx,client/src/pages/VendorBills.tsx:3061,Button,No Recovery,,,"{() => patchHireGroup(selection.id, { dieselRecoveryDecision: ""ignore"", dieselRecoveryFinalAmount: 0 })}",,"String(equipment?.hireDieselResponsibility || """").toLowerCase() === ""hlc"" / isHistoricalHireEdit && [""equipment"", ""all""].includes(billType) / view === ""form"""
client/src/pages/VendorBills.tsx,client/src/pages/VendorBills.tsx:3266,Button,Accept Suggested,,,"{() => patchHireGroup(group.id, { dieselRecoveryDecision: ""accept"", dieselRecoveryFinalAmount: Number(diesel?.suggestedRecoveryAmount || 0) })}",{diesel?.rateUnavailable || diesel?.expectedDieselAvailable === false || !diesel?.suggestedRecoveryAmount},"String(equipment?.hireDieselResponsibility || """").toLowerCase() === ""hlc"" / !isHistoricalHireEdit && hireGroups.length > 0 / view === ""form"""
client/src/pages/VendorBills.tsx,client/src/pages/VendorBills.tsx:3269,Button,Edit,,,"{() => patchHireGroup(group.id, { dieselRecoveryDecision: ""edit"" })}",,"String(equipment?.hireDieselResponsibility || """").toLowerCase() === ""hlc"" / !isHistoricalHireEdit && hireGroups.length > 0 / view === ""form"""
client/src/pages/VendorBills.tsx,client/src/pages/VendorBills.tsx:3271,Button,No Recovery,,,"{() => patchHireGroup(group.id, { dieselRecoveryDecision: ""ignore"", dieselRecoveryFinalAmount: 0 })}",,"String(equipment?.hireDieselResponsibility || """").toLowerCase() === ""hlc"" / !isHistoricalHireEdit && hireGroups.length > 0 / view === ""form"""
client/src/pages/VendorBills.tsx,client/src/pages/VendorBills.tsx:3320,SelectItem,Automatic after grace,,__automatic__,,,"maintenance.length > 0 / billType === ""equipment"" / !isHistoricalHireEdit && hireGroups.length > 0 / view === ""form"""
client/src/pages/VendorBills.tsx,client/src/pages/VendorBills.tsx:3321,SelectItem,No deduction,,none,,,"maintenance.length > 0 / billType === ""equipment"" / !isHistoricalHireEdit && hireGroups.length > 0 / view === ""form"""
client/src/pages/VendorBills.tsx,client/src/pages/VendorBills.tsx:3322,SelectItem,Half day,,half_day,,,"maintenance.length > 0 / billType === ""equipment"" / !isHistoricalHireEdit && hireGroups.length > 0 / view === ""form"""
client/src/pages/VendorBills.tsx,client/src/pages/VendorBills.tsx:3323,SelectItem,Full day,,full_day,,,"maintenance.length > 0 / billType === ""equipment"" / !isHistoricalHireEdit && hireGroups.length > 0 / view === ""form"""
client/src/pages/VendorBills.tsx,client/src/pages/VendorBills.tsx:3360,SelectItem,Automatic after grace,,__automatic__,,,"maintenance.some((row: any) => String(row.eventType).toLowerCase() === ""breakdown"") / billType === ""equipment"" / !isHistoricalHireEdit && hireGroups.length > 0 / view === ""form"""
client/src/pages/VendorBills.tsx,client/src/pages/VendorBills.tsx:3361,SelectItem,No deduction,,none,,,"maintenance.some((row: any) => String(row.eventType).toLowerCase() === ""breakdown"") / billType === ""equipment"" / !isHistoricalHireEdit && hireGroups.length > 0 / view === ""form"""
client/src/pages/VendorBills.tsx,client/src/pages/VendorBills.tsx:3362,SelectItem,Half day,,half_day,,,"maintenance.some((row: any) => String(row.eventType).toLowerCase() === ""breakdown"") / billType === ""equipment"" / !isHistoricalHireEdit && hireGroups.length > 0 / view === ""form"""
client/src/pages/VendorBills.tsx,client/src/pages/VendorBills.tsx:3363,SelectItem,Full day,,full_day,,,"maintenance.some((row: any) => String(row.eventType).toLowerCase() === ""breakdown"") / billType === ""equipment"" / !isHistoricalHireEdit && hireGroups.length > 0 / view === ""form"""
client/src/pages/VendorBills.tsx,client/src/pages/VendorBills.tsx:3400,Button,PREPARE MATERIAL TRIP BACKLOG,link-material-trip-backlog,,,,"(billType === ""material"" || billType === ""all"") / vendorName && periodFrom && periodTo && billType !== ""other"" && !isHistoricalHireEdit / view === ""form"""
client/src/pages/VendorBills.tsx,client/src/pages/VendorBills.tsx:3415,Button,RETRY DUPLICATE CHECK,button-retry-duplicate-preflight,,{() => duplicatePreflight.refetch()},{duplicatePreflight.isFetching || pullInFlight},"duplicatePreflight.error && !duplicatePreflight.isFetching / availableOtherItems.length > 0 / vendorName && periodFrom && periodTo && billType !== ""other"" && !isHistoricalHireEdit / view === ""form"""
client/src/pages/VendorBills.tsx,client/src/pages/VendorBills.tsx:3441,Button,"{group.pendingItems.length ? `PULL ${group.pendingItems.length}` : ""✓ ADDED""}",{`button-pull-group-${group.key}`},,{() => handleAutoPopulate(group.pendingItems)},{autoItemsLoading || pullInFlight || duplicatePreflightBlocked || group.pendingItems.length === 0},"vendorName && periodFrom && periodTo && billType !== ""other"" && !isHistoricalHireEdit / view === ""form"""
client/src/pages/VendorBills.tsx,client/src/pages/VendorBills.tsx:3456,Button,"{autoItemsLoading || duplicatePreflight.isFetching || pullInFlight ? <Loader2 className=""mr-1 h-3 w-3 animate-spin"" /> : null} {`PULL ALL ${availableOtherItems.length} ITEM${availableOtherItems.length === 1 ? """" : ""S""}`}",button-auto-populate,,{() => handleAutoPopulate()},{autoItemsLoading || pullInFlight || duplicatePreflightBlocked},"candidatePullGroups.length > 0 && availableOtherItems.length > 0 / vendorName && periodFrom && periodTo && billType !== ""other"" && !isHistoricalHireEdit / view === ""form"""
client/src/pages/VendorBills.tsx,client/src/pages/VendorBills.tsx:3477,Button,RATE CARDS,button-manage-rate-cards,,"{() => { draftScrollRef.current = window.scrollY; setShowDraftRateCards(true); window.scrollTo(0, 0); }}","{!isAdmin && !sectionVisible(""rate_cards"") && !sectionVisible(""vendor_masters_manage"") && !sectionVisible(""admin_settings"")}","!isHistoricalHireEdit / view === ""form"""
client/src/pages/VendorBills.tsx,client/src/pages/VendorBills.tsx:3485,Button,SET RATES,button-set-rates,,{openSetRatesDialog},,"uniqueRateGroups.length > 0 / !isHistoricalHireEdit / view === ""form"""
client/src/pages/VendorBills.tsx,client/src/pages/VendorBills.tsx:3490,Button,ADD ITEM,button-add-item,,{addLineItem},,"isAdmin / !isHistoricalHireEdit / view === ""form"""
client/src/pages/VendorBills.tsx,client/src/pages/VendorBills.tsx:3495,Button,EXCLUDE ALREADY-BILLED ROWS ( {billedLineItemCount} ),button-exclude-already-billed,,{() => setLineItems(prev => prev.filter(item => !item.billedIn))},{pullInFlight},"billedLineItemCount > 0 / !isHistoricalHireEdit / view === ""form"""
client/src/pages/VendorBills.tsx,client/src/pages/VendorBills.tsx:3541,button,Remove group from this bill,,,{() => { const group = arrangementGroups.find(group => group.items.includes(item))!; setLineItems(prev => prev.filter(row => !group.items.includes(row))); }},,"arrangementGroups.find(group => group.items.includes(item))?.items[0] !== item / item.arrangementPricing / !isHistoricalHireEdit / view === ""form"""
client/src/pages/VendorBills.tsx,client/src/pages/VendorBills.tsx:3578,SelectItem,EQUIP,,equipment,,,"isGeneratedEvidenceLine(item.source) / item.arrangementPricing / !isHistoricalHireEdit / view === ""form"""
client/src/pages/VendorBills.tsx,client/src/pages/VendorBills.tsx:3579,SelectItem,MATL,,material,,,"isGeneratedEvidenceLine(item.source) / item.arrangementPricing / !isHistoricalHireEdit / view === ""form"""
client/src/pages/VendorBills.tsx,client/src/pages/VendorBills.tsx:3580,SelectItem,TRNS,,transport,,,"isGeneratedEvidenceLine(item.source) / item.arrangementPricing / !isHistoricalHireEdit / view === ""form"""
client/src/pages/VendorBills.tsx,client/src/pages/VendorBills.tsx:3581,SelectItem,LABOUR,,labour,,,"isGeneratedEvidenceLine(item.source) / item.arrangementPricing / !isHistoricalHireEdit / view === ""form"""
client/src/pages/VendorBills.tsx,client/src/pages/VendorBills.tsx:3582,SelectItem,OTHER,,other,,,"isGeneratedEvidenceLine(item.source) / item.arrangementPricing / !isHistoricalHireEdit / view === ""form"""
client/src/pages/VendorBills.tsx,client/src/pages/VendorBills.tsx:3682,SelectItem,{u},,{u},,,"item.arrangementPricing / !isHistoricalHireEdit / view === ""form"""
client/src/pages/VendorBills.tsx,client/src/pages/VendorBills.tsx:3724,Button,,Apply rate to similar equipment rows,,{() => applyRateToSimilar(idx)},,"item.rate > 0 && item.equipmentId && isAutoLineSource(item.source) / item.arrangementPricing / !isHistoricalHireEdit / view === ""form"""
client/src/pages/VendorBills.tsx,client/src/pages/VendorBills.tsx:3741,Button,,{`button-remove-item-${idx}`},,{() => removeLineItem(idx)},"{[""hire_group"", ""hire_statement""].includes(item.source)}","item.arrangementPricing / !isHistoricalHireEdit / view === ""form"""
client/src/pages/VendorBills.tsx,client/src/pages/VendorBills.tsx:3756,Button,{chip.label},{`button-labour-filter-${chip.key}`},,{() => setLabourFilter(chip.key)},,"showLabourFilter / !isHistoricalHireEdit / view === ""form"""
client/src/pages/VendorBills.tsx,client/src/pages/VendorBills.tsx:3848,Button,Remove Group,{`button-remove-labour-source-${grp.key}`},,"{() => removeItemGroup(grp.items, grp.label)}",,"labourSubGroups / shouldGroup / !isHistoricalHireEdit / view === ""form"""
client/src/pages/VendorBills.tsx,client/src/pages/VendorBills.tsx:4023,Button,ADD DEDUCTION / CREDIT,button-add-adjustment,,"{() => setAdditionalAdjustments(previous => [...previous, { label: """", amount: 0 }])}",,"!isHistoricalHireEdit / view === ""form"""
client/src/pages/VendorBills.tsx,client/src/pages/VendorBills.tsx:4064,Button,,{`Remove additional adjustment ${index + 1}`},,"{() => setAdditionalAdjustments(previous => previous.filter((_, entryIndex) => entryIndex !== index))}",,"!isHistoricalHireEdit / view === ""form"""
client/src/pages/VendorBills.tsx,client/src/pages/VendorBills.tsx:4154,Button,CANCEL,button-cancel,,"{() => { resetForm(); setView(""list""); }}",,"!isHistoricalHireEdit / view === ""form"""
client/src/pages/VendorBills.tsx,client/src/pages/VendorBills.tsx:4157,Button,"{(createMutation.isPending || updateMutation.isPending) && <Loader2 className=""w-4 h-4 animate-spin mr-1"" />} {editingBillId ? ""UPDATE BILL"" : ""SAVE BILL""}",button-save-bill,,{handleSubmit},{createMutation.isPending || updateMutation.isPending},"!isHistoricalHireEdit / view === ""form"""
client/src/pages/VendorBills.tsx,client/src/pages/VendorBills.tsx:4186,Button,CANCEL,button-cancel,,"{() => { resetForm(); setView(""list""); }}",,"isHistoricalHireEdit / view === ""form"""
client/src/pages/VendorBills.tsx,client/src/pages/VendorBills.tsx:4189,Button,"{(createMutation.isPending || updateMutation.isPending) && <Loader2 className=""w-4 h-4 animate-spin mr-1"" />} UPDATE BILL",button-save-bill,,{handleSubmit},{createMutation.isPending || updateMutation.isPending},"isHistoricalHireEdit / view === ""form"""
client/src/pages/VendorBills.tsx,client/src/pages/VendorBills.tsx:4212,DialogTitle,SET RATES,,,,,"!showBulkRateConfirmation / view === ""form"""
client/src/pages/VendorBills.tsx,client/src/pages/VendorBills.tsx:4267,SelectItem,"{option.unit} {option.rate > 0 ? ` · ₹${formatCurrency(option.rate)}` : """"}",,{option.unit},,,"bulkRates[group.key]?.unitOptions?.length > 1 / !showBulkRateConfirmation / view === ""form"""
client/src/pages/VendorBills.tsx,client/src/pages/VendorBills.tsx:4305,Button,CANCEL,button-cancel-rates,,{() => setShowSetRatesDialog(false)},,"!showBulkRateConfirmation / view === ""form"""
client/src/pages/VendorBills.tsx,client/src/pages/VendorBills.tsx:4308,Button,APPLY RATES,button-apply-rates,,{applyBulkRates},,"!showBulkRateConfirmation / view === ""form"""
client/src/pages/VendorBills.tsx,client/src/pages/VendorBills.tsx:4315,DialogTitle,CONFIRM BILLING UNIT CONVERSION,,,,,"!showBulkRateConfirmation / view === ""form"""
client/src/pages/VendorBills.tsx,client/src/pages/VendorBills.tsx:4342,Button,CANCEL,button-cancel-unit-conversion,,{() => setShowBulkRateConfirmation(false)},,"!showBulkRateConfirmation / view === ""form"""
client/src/pages/VendorBills.tsx,client/src/pages/VendorBills.tsx:4345,Button,APPLY CONVERSION,button-confirm-unit-conversion,,{confirmBulkRateApplication},,"!showBulkRateConfirmation / view === ""form"""
client/src/pages/VendorBills.tsx,client/src/pages/VendorBills.tsx:4443,Button,,button-back-detail,,"{() => { setSelectedBillId(null); setView(""list""); }}",,"view === ""detail"" && (billDetail || selectedBillId)"
client/src/pages/VendorBills.tsx,client/src/pages/VendorBills.tsx:4454,Button,EXPORT PDF,button-export-pdf,,"{() => { const link = document.createElement(""a""); link.href = `/api/vendor-bills/${bill.id}/pdf`; link.download = `VendorBill-${bill.billNo}.pdf`; link.click(); }}",,"canExport && String(bill.billType || """").toLowerCase() !== ""equipment"" && [""verified"", ""approved"", ""paid""].includes(bill.status) / view === ""detail"" && (billDetail || selectedBillId)"
client/src/pages/VendorBills.tsx,client/src/pages/VendorBills.tsx:4481,Button,PRINT,button-print,,{() => handlePrint(bill)},,"canExport / view === ""detail"" && (billDetail || selectedBillId)"
client/src/pages/VendorBills.tsx,client/src/pages/VendorBills.tsx:4485,Button,EDIT,button-edit-bill,,{() => handleEditBill(bill)},,"canEdit && (!bill.hireStatements?.length || (bill.status === ""draft"" && bill.hireStatements.every((statement: any) => statement.status === ""draft""))) / view === ""detail"" && (billDetail || selectedBillId)"
client/src/pages/VendorBills.tsx,client/src/pages/VendorBills.tsx:4585,Button,"{statusMutation.isPending && <Loader2 className=""w-3 h-3 animate-spin mr-1"" />} MARK AS {nextStatus.toUpperCase()}",button-advance-status,,"{() => handleStatusChange(bill.id, nextStatus)}",{statusMutation.isPending},"canEdit && nextStatus / view === ""detail"" && (billDetail || selectedBillId)"
client/src/pages/VendorBills.tsx,client/src/pages/VendorBills.tsx:4596,Button,"{deleteMutation.isPending && <Loader2 className=""w-3 h-3 animate-spin mr-1"" />} DELETE BILL",button-delete-bill,,{() => handleDeleteBill(bill)},{deleteMutation.isPending},"canDelete / view === ""detail"" && (billDetail || selectedBillId)"
client/src/pages/VendorBills.tsx,client/src/pages/VendorBills.tsx:4921,DialogTitle,DELETE VENDOR BILL,,,,,"showDeleteConfirm / view === ""detail"" && (billDetail || selectedBillId)"
client/src/pages/VendorBills.tsx,client/src/pages/VendorBills.tsx:4933,Button,CANCEL,button-delete-dismiss,,{() => { setShowDeleteConfirm(false); setPendingDeleteAction(null); }},,"showDeleteConfirm / view === ""detail"" && (billDetail || selectedBillId)"
client/src/pages/VendorBills.tsx,client/src/pages/VendorBills.tsx:4936,Button,"{deleteMutation.isPending ? <Loader2 className=""w-4 h-4 animate-spin mr-1"" /> : <Trash2 className=""w-4 h-4 mr-1"" />} DELETE PERMANENTLY",button-confirm-delete,,{() => { if (pendingDeleteAction) { deleteMutation.mutate({ id: pendingDeleteAction.billId }); } }},{deleteMutation.isPending || !pendingDeleteAction},"showDeleteConfirm / view === ""detail"" && (billDetail || selectedBillId)"
client/src/pages/VendorBills.tsx,client/src/pages/VendorBills.tsx:4962,Button,,button-back,,,,
client/src/pages/VendorBills.tsx,client/src/pages/VendorBills.tsx:4976,Button,,Vendor Aliases,,{() => setShowAliasDialog(true)},,canEdit
client/src/pages/VendorBills.tsx,client/src/pages/VendorBills.tsx:4981,Button,NEW BILL,button-new-bill,,"{() => { resetForm(); setView(""form""); }}",,canCreate
client/src/pages/VendorBills.tsx,client/src/pages/VendorBills.tsx:5040,Button,Export PDF,button-export-gst-pdf,,"{() => handleGstRegisterExport(""pdf"")}",{!filteredBills.length},canExport
client/src/pages/VendorBills.tsx,client/src/pages/VendorBills.tsx:5051,Button,Export Excel,button-export-gst-excel,,"{() => handleGstRegisterExport(""xlsx"")}",{!filteredBills.length},canExport
client/src/pages/VendorBills.tsx,client/src/pages/VendorBills.tsx:5133,Button,,button-clear-date-from,,"{() => setFilterDateFrom("""")}",,filterDateFrom
client/src/pages/VendorBills.tsx,client/src/pages/VendorBills.tsx:5144,Button,,button-clear-date-to,,"{() => setFilterDateTo("""")}",,filterDateTo
client/src/pages/VendorBills.tsx,client/src/pages/VendorBills.tsx:5158,SelectItem,ALL VENDORS,,all,,,
client/src/pages/VendorBills.tsx,client/src/pages/VendorBills.tsx:5160,SelectItem,{name},,{name},,,
client/src/pages/VendorBills.tsx,client/src/pages/VendorBills.tsx:5165,Button,,button-clear-vendor,,"{() => setFilterVendor(""all"")}",,"filterVendor !== ""all"""
client/src/pages/VendorBills.tsx,client/src/pages/VendorBills.tsx:5179,SelectItem,ALL STATUS,,all,,,
client/src/pages/VendorBills.tsx,client/src/pages/VendorBills.tsx:5180,SelectItem,DRAFT,,draft,,,
client/src/pages/VendorBills.tsx,client/src/pages/VendorBills.tsx:5181,SelectItem,VERIFIED,,verified,,,
client/src/pages/VendorBills.tsx,client/src/pages/VendorBills.tsx:5182,SelectItem,APPROVED,,approved,,,
client/src/pages/VendorBills.tsx,client/src/pages/VendorBills.tsx:5183,SelectItem,PAID,,paid,,,
client/src/pages/VendorBills.tsx,client/src/pages/VendorBills.tsx:5187,Button,,button-clear-status,,"{() => setFilterStatus(""all"")}",,"filterStatus !== ""all"""
client/src/pages/VendorBills.tsx,client/src/pages/VendorBills.tsx:5201,SelectItem,ALL CATEGORIES,,all,,,
client/src/pages/VendorBills.tsx,client/src/pages/VendorBills.tsx:5202,SelectItem,EQUIPMENT,,equipment,,,
client/src/pages/VendorBills.tsx,client/src/pages/VendorBills.tsx:5203,SelectItem,MATERIAL,,material,,,
client/src/pages/VendorBills.tsx,client/src/pages/VendorBills.tsx:5204,SelectItem,TRANSPORT,,transport,,,
client/src/pages/VendorBills.tsx,client/src/pages/VendorBills.tsx:5205,SelectItem,LABOUR,,labour,,,
client/src/pages/VendorBills.tsx,client/src/pages/VendorBills.tsx:5206,SelectItem,ALL TYPES (COMBINED),,combined,,,
client/src/pages/VendorBills.tsx,client/src/pages/VendorBills.tsx:5207,SelectItem,OTHER,,other,,,
client/src/pages/VendorBills.tsx,client/src/pages/VendorBills.tsx:5211,Button,,button-clear-category,,"{() => setFilterCategory(""all"")}",,"filterCategory !== ""all"""
client/src/pages/VendorBills.tsx,client/src/pages/VendorBills.tsx:5226,SelectItem,ALL PARTIES,,all,,,canViewBills && partyNames.length > 0
client/src/pages/VendorBills.tsx,client/src/pages/VendorBills.tsx:5228,SelectItem,{name},,{name},,,canViewBills && partyNames.length > 0
client/src/pages/VendorBills.tsx,client/src/pages/VendorBills.tsx:5233,Button,,button-clear-party,,"{() => setFilterParty(""all"")}",,"filterParty !== ""all"" / canViewBills && partyNames.length > 0"
client/src/pages/VendorBills.tsx,client/src/pages/VendorBills.tsx:5248,SelectItem,ALL SITES,,all,,,
client/src/pages/VendorBills.tsx,client/src/pages/VendorBills.tsx:5250,SelectItem,{filterSite},,{filterSite},,,"filterSite && !sites.some(site => siteMatchesPermitted(site.name, [filterSite]))"
client/src/pages/VendorBills.tsx,client/src/pages/VendorBills.tsx:5252,SelectItem,{site.name},,{site.name},,,
client/src/pages/VendorBills.tsx,client/src/pages/VendorBills.tsx:5256,Button,,button-clear-site,,"{() => setFilterSite("""")}",,filterSite
client/src/pages/VendorBills.tsx,client/src/pages/VendorBills.tsx:5265,Button,CLEAR FILTERS,button-clear-all-filters,,"{() => { setFilterDateFrom(""""); setFilterDateTo(""""); setFilterVendor(""all""); setFilterStatus(""all""); setFilterCategory(""all""); setFilterParty(""all""); setFilterSite(""""); }}",,"(filterDateFrom || filterDateTo || filterVendor !== ""all"" || filterStatus !== ""all"" || filterCategory !== ""all"" || filterParty !== ""all"" || filterSite)"
client/src/pages/VendorBills.tsx,client/src/pages/VendorBills.tsx:5367,DialogTitle,VENDOR ALIASES,,,,,
client/src/pages/VendorBills.tsx,client/src/pages/VendorBills.tsx:5382,SelectItem,{name},,{name},,,
client/src/pages/VendorBills.tsx,client/src/pages/VendorBills.tsx:5398,Button,"{addAliasMutation.isPending ? <Loader2 className=""w-3 h-3 animate-spin"" /> : <Plus className=""w-3 h-3"" />}",button-add-alias,,"{() => addAliasMutation.mutate({ canonicalName: aliasCanonical, alias: aliasValue })}",{!aliasCanonical || !aliasValue || addAliasMutation.isPending},
client/src/pages/VendorBills.tsx,client/src/pages/VendorBills.tsx:5421,Button,,{`button-delete-alias-${a.id}`},,{() => deleteAliasMutation.mutate(a.id)},,(!vendorAliasesData || vendorAliasesData.length === 0)
client/src/pages/irn/IrnDetailPage.tsx,client/src/pages/irn/IrnDetailPage.tsx:554,Button,← Back to list,,,"{() => navigate(""/irn"")}",,!irn
client/src/pages/irn/IrnDetailPage.tsx,client/src/pages/irn/IrnDetailPage.tsx:571,button,Edit,button-edit-irn,,{() => navigate(`/irn/raise?editId=${id}&returnTo=/irn/${id}`)},,!deleteConfirm / isAdmin
client/src/pages/irn/IrnDetailPage.tsx,client/src/pages/irn/IrnDetailPage.tsx:580,button,Delete,button-delete-irn,,{() => setDeleteConfirm(true)},,!deleteConfirm / isAdmin
client/src/pages/irn/IrnDetailPage.tsx,client/src/pages/irn/IrnDetailPage.tsx:590,button,"{deleteMutation.isPending ? ""Deleting…"" : ""Yes, delete""}",button-confirm-delete-irn,,{() => deleteMutation.mutate()},{deleteMutation.isPending},!deleteConfirm / isAdmin
client/src/pages/irn/IrnDetailPage.tsx,client/src/pages/irn/IrnDetailPage.tsx:598,button,Cancel,,,{() => setDeleteConfirm(false)},,!deleteConfirm / isAdmin
client/src/pages/irn/IrnDetailPage.tsx,client/src/pages/irn/IrnDetailPage.tsx:613,button,Requisitions,,,"{() => navigate(""/irn"")}",,verified || (isStoresVerified && irn.storesVerifiedBy)
client/src/pages/irn/IrnDetailPage.tsx,client/src/pages/irn/IrnDetailPage.tsx:733,Button,"{approveMutation.isPending ? ""Processing…"" : ""Reject""}",,,"{() => approveMutation.mutate(""reject"")}",{approveMutation.isPending},"canApprove && irn.status === ""stores_verified"" / verified || (isStoresVerified && irn.storesVerifiedBy)"
client/src/pages/irn/IrnDetailPage.tsx,client/src/pages/irn/IrnDetailPage.tsx:742,Button,"{approveMutation.isPending ? ""Processing…"" : ""Approve""}",,,"{() => approveMutation.mutate(""approve"")}",{approveMutation.isPending},"canApprove && irn.status === ""stores_verified"" / verified || (isStoresVerified && irn.storesVerifiedBy)"
client/src/pages/irn/IrnDetailPage.tsx,client/src/pages/irn/IrnDetailPage.tsx:773,Button,"{closeMutation.isPending ? ""Closing…"" : ""Close / Mark Fulfilled""}",button-close-irn,,{() => closeMutation.mutate()},{closeMutation.isPending},"canClose && irn.status === ""stores_verified"" && allItemsIssued / verified || (isStoresVerified && irn.storesVerifiedBy)"
client/src/pages/irn/IrnDetailPage.tsx,client/src/pages/irn/IrnDetailPage.tsx:787,Button,← Back to IRN list,,,"{() => navigate(""/irn"")}",,verified || (isStoresVerified && irn.storesVerifiedBy)
client/src/pages/irn/IrnDetailPage.tsx,client/src/pages/irn/IrnDetailPage.tsx:812,button,Requisitions,,,"{() => navigate(""/irn"")}",,"isApproved || isIssued || irn.status === ""closed"" || isRejected"
client/src/pages/irn/IrnDetailPage.tsx,client/src/pages/irn/IrnDetailPage.tsx:1030,Button,Raise PI,button-raise-pi-from-irn,,{() => navigate(`/plant/purchase-indents?fromIrnId=${irn.id}`)},,"!isRejected / linkedPi / procureItems.length > 0 / isApproved || isIssued || irn.status === ""closed"" || isRejected"
client/src/pages/irn/IrnDetailPage.tsx,client/src/pages/irn/IrnDetailPage.tsx:1094,button,,button-toggle-issue-history,,{() => setShowIssueHistory(h => !h)},,"voucherCount > 0 / issueItems.length > 0 && !isClosed / isApproved || isIssued || irn.status === ""closed"" || isRejected"
client/src/pages/irn/IrnDetailPage.tsx,client/src/pages/irn/IrnDetailPage.tsx:1116,Button,Print,{`button-print-voucher-${v.id}`},,"{() => window.open(`/api/irn/${irn.id}/issue-voucher?voucherId=${v.id}`, ""_blank"")}",,"showIssueHistory / voucherCount > 0 / issueItems.length > 0 && !isClosed / isApproved || isIssued || irn.status === ""closed"" || isRejected"
client/src/pages/irn/IrnDetailPage.tsx,client/src/pages/irn/IrnDetailPage.tsx:1160,Button,"{voucherCount === 0 ? ""Record Issue"" : ""Record Next Issue""}",button-record-issue-voucher,,"{() => { const qtys: Record<number, string> = {}; for (const { item, balance } of itemSummary) qtys[item.id] = balance > 0.001 ? String(Math.round(balance * 1000) / 1000) : ""0""; setIvItemQtys(qtys); const storeMap: Record<number, number | null> = {}; for (const item of issueItems) { const n = item.material.toLowerCase().trim(); const found = storeItems.find(s => s.name.toLowerCase().trim() === n) ?? storeItems.find(s => s.name.toLowerCase().trim().startsWith(n) || n.startsWith(s.name.toLowerCase().trim())) ?? storeItems.find(s => s.name.toLowerCase().includes(n) || n.includes(s.name.toLowerCase().trim())) ?? null; storeMap[item.id] = found ? found.id : null; } setIvItemStoreIds(storeMap); setShowIssueForm(true); }}",,"!showIssueForm / hasBalance / issueItems.length > 0 && !isClosed / isApproved || isIssued || irn.status === ""closed"" || isRejected"
client/src/pages/irn/IrnDetailPage.tsx,client/src/pages/irn/IrnDetailPage.tsx:1185,Button,Cancel,,,{() => setShowIssueForm(false)},,"!showIssueForm / hasBalance / issueItems.length > 0 && !isClosed / isApproved || isIssued || irn.status === ""closed"" || isRejected"
client/src/pages/irn/IrnDetailPage.tsx,client/src/pages/irn/IrnDetailPage.tsx:1221,Button,Vehicle,button-iv-mode-vehicle,,"{() => setIvDeliveryMode(""vehicle"")}",,"showIssueForm / hasBalance / issueItems.length > 0 && !isClosed / isApproved || isIssued || irn.status === ""closed"" || isRejected"
client/src/pages/irn/IrnDetailPage.tsx,client/src/pages/irn/IrnDetailPage.tsx:1230,Button,Hand-carried,button-iv-mode-hand,,"{() => setIvDeliveryMode(""hand_carried"")}",,"showIssueForm / hasBalance / issueItems.length > 0 && !isClosed / isApproved || isIssued || irn.status === ""closed"" || isRejected"
client/src/pages/irn/IrnDetailPage.tsx,client/src/pages/irn/IrnDetailPage.tsx:1252,SelectItem,{v},,{v},,,"ivDeliveryMode === ""vehicle"" / showIssueForm / hasBalance / issueItems.length > 0 && !isClosed / isApproved || isIssued || irn.status === ""closed"" || isRejected"
client/src/pages/irn/IrnDetailPage.tsx,client/src/pages/irn/IrnDetailPage.tsx:1341,SelectItem,— No party —,,__none__,,,"isBulk / showIssueForm / hasBalance / issueItems.length > 0 && !isClosed / isApproved || isIssued || irn.status === ""closed"" || isRejected"
client/src/pages/irn/IrnDetailPage.tsx,client/src/pages/irn/IrnDetailPage.tsx:1343,SelectItem,{p.name},,{String(p.id)},,,"isBulk / showIssueForm / hasBalance / issueItems.length > 0 && !isClosed / isApproved || isIssued || irn.status === ""closed"" || isRejected"
client/src/pages/irn/IrnDetailPage.tsx,client/src/pages/irn/IrnDetailPage.tsx:1362,SelectItem,— None (text only) —,,__none__,,,"isBulk / showIssueForm / hasBalance / issueItems.length > 0 && !isClosed / isApproved || isIssued || irn.status === ""closed"" || isRejected"
client/src/pages/irn/IrnDetailPage.tsx,client/src/pages/irn/IrnDetailPage.tsx:1364,SelectItem,{si.name} ( {si.category} ),,{String(si.id)},,,"isBulk / showIssueForm / hasBalance / issueItems.length > 0 && !isClosed / isApproved || isIssued || irn.status === ""closed"" || isRejected"
client/src/pages/irn/IrnDetailPage.tsx,client/src/pages/irn/IrnDetailPage.tsx:1392,Button,Cancel,,,{() => setShowIssueForm(false)},,"showIssueForm / hasBalance / issueItems.length > 0 && !isClosed / isApproved || isIssued || irn.status === ""closed"" || isRejected"
client/src/pages/irn/IrnDetailPage.tsx,client/src/pages/irn/IrnDetailPage.tsx:1395,Button,"{recordIssueMutation.isPending ? ""Recording…"" : <><FileCheck className=""h-4 w-4"" /> Record Issue Voucher</>}",button-submit-record-issue,,{() => recordIssueMutation.mutate()},{recordIssueMutation.isPending || !ivIssuedBy.trim() || !ivReceivedBy.trim() || !ivDate},"showIssueForm / hasBalance / issueItems.length > 0 && !isClosed / isApproved || isIssued || irn.status === ""closed"" || isRejected"
client/src/pages/irn/IrnDetailPage.tsx,client/src/pages/irn/IrnDetailPage.tsx:1424,Button,"{reopenMutation.isPending ? ""Reopening…"" : ""Reopen""}",button-reopen-irn,,{() => reopenMutation.mutate()},{reopenMutation.isPending},"(isAdmin || canClose) / isClosed / isApproved || isIssued || irn.status === ""closed"" || isRejected"
client/src/pages/irn/IrnDetailPage.tsx,client/src/pages/irn/IrnDetailPage.tsx:1479,Button,"{closeMutation.isPending ? ""Closing…"" : ""Close / Mark Fulfilled""}",button-close-irn-approved,,{() => closeMutation.mutate()},{closeMutation.isPending},"canClose && allItemsIssued / isApproved / isApproved || isIssued || irn.status === ""closed"" || isRejected"
client/src/pages/irn/IrnDetailPage.tsx,client/src/pages/irn/IrnDetailPage.tsx:1490,Button,← Back to IRN list,,,"{() => navigate(""/irn"")}",,"isApproved / isApproved || isIssued || irn.status === ""closed"" || isRejected"
client/src/pages/irn/IrnDetailPage.tsx,client/src/pages/irn/IrnDetailPage.tsx:1495,Button,← Back to IRN list,,,"{() => navigate(""/irn"")}",,"(isClosed || isRejected) / isApproved || isIssued || irn.status === ""closed"" || isRejected"
client/src/pages/irn/IrnDetailPage.tsx,client/src/pages/irn/IrnDetailPage.tsx:1508,button,Requisitions,,,"{() => navigate(""/irn"")}",,
client/src/pages/irn/IrnDetailPage.tsx,client/src/pages/irn/IrnDetailPage.tsx:1646,SelectItem,✅ Issue from Store,,issue,,,"canVerify && irn.status === ""pending_stores"""
client/src/pages/irn/IrnDetailPage.tsx,client/src/pages/irn/IrnDetailPage.tsx:1647,SelectItem,📋 Add to Procurement Queue,,procure,,,"canVerify && irn.status === ""pending_stores"""
client/src/pages/irn/IrnDetailPage.tsx,client/src/pages/irn/IrnDetailPage.tsx:1648,SelectItem,⚖️ Split — issue now + queue balance,,split,,,"canVerify && irn.status === ""pending_stores"""
client/src/pages/irn/IrnDetailPage.tsx,client/src/pages/irn/IrnDetailPage.tsx:1734,Button,Cancel,,,"{() => navigate(""/irn"")}",,"canVerify && irn.status === ""pending_stores"""
client/src/pages/irn/IrnDetailPage.tsx,client/src/pages/irn/IrnDetailPage.tsx:1735,Button,"{verifyMutation.isPending ? ""Saving…"" : ""Confirm Verification""}",,,{() => verifyMutation.mutate()},{verifyMutation.isPending},"canVerify && irn.status === ""pending_stores"""
client/src/pages/irn/IrnListPage.tsx,client/src/pages/irn/IrnListPage.tsx:140,button,{header.irnNo},,,{() => navigate(`/irn/${header.irnId}`)},,
client/src/pages/irn/IrnListPage.tsx,client/src/pages/irn/IrnListPage.tsx:152,button,PI # {piId} Raised,,,"{() => navigate(""/plant/purchase-indents"")}",,hasPi && piId
client/src/pages/irn/IrnListPage.tsx,client/src/pages/irn/IrnListPage.tsx:161,Button,"{isRaising ? ""Raising…"" : ""Raise PI""}",,,{() => raisePiMutation.mutate(header.irnId)},{isRaising},canProcure && !hasPi && hasProcureableItems
client/src/pages/irn/IrnListPage.tsx,client/src/pages/irn/IrnListPage.tsx:298,Button,Raise New IRN,button-raise-irn,,,,canRaise
client/src/pages/irn/IrnListPage.tsx,client/src/pages/irn/IrnListPage.tsx:310,button,{tab.label},{`tab-status-${tab.key}`},,{() => setStatusFilter(tab.key)},,
client/src/pages/irn/IrnListPage.tsx,client/src/pages/irn/IrnListPage.tsx:392,button,Clear filters,button-clear-filters,,{clearFilters},,"hasFilters / statusFilter !== ""procurement_queue"""
client/src/pages/irn/IrnRaisePage.tsx,client/src/pages/irn/IrnRaisePage.tsx:345,button,"{returnTo ? ""Back"" : ""Procurement & Billing""}",btn-back-irn,,{() => navigate(backHref)},,
client/src/pages/irn/IrnRaisePage.tsx,client/src/pages/irn/IrnRaisePage.tsx:372,form,,,,{form.handleSubmit((d) => mutation.mutate(d))},,
client/src/pages/irn/IrnRaisePage.tsx,client/src/pages/irn/IrnRaisePage.tsx:404,SelectItem,Site Operations,,Site Operations,,,isLocked
client/src/pages/irn/IrnRaisePage.tsx,client/src/pages/irn/IrnRaisePage.tsx:405,SelectItem,HMP Plant,,HMP Plant,,,isLocked
client/src/pages/irn/IrnRaisePage.tsx,client/src/pages/irn/IrnRaisePage.tsx:406,SelectItem,Equipment & Fleet,,Equipment & Fleet,,,isLocked
client/src/pages/irn/IrnRaisePage.tsx,client/src/pages/irn/IrnRaisePage.tsx:407,SelectItem,RMC Operations,,RMC Operations,,,isLocked
client/src/pages/irn/IrnRaisePage.tsx,client/src/pages/irn/IrnRaisePage.tsx:457,SelectItem,— None / General —,,__none__,,,
client/src/pages/irn/IrnRaisePage.tsx,client/src/pages/irn/IrnRaisePage.tsx:459,SelectItem,{s.name},,{String(s.id)},,,
client/src/pages/irn/IrnRaisePage.tsx,client/src/pages/irn/IrnRaisePage.tsx:495,Button,Add Item,btn-add-item,,"{() => append({ material: """", materialId: null, qty: 0, uom: ""MT"", urgency: ""normal"", purpose: """", needByDate: """" })}",,
client/src/pages/irn/IrnRaisePage.tsx,client/src/pages/irn/IrnRaisePage.tsx:521,button,,{`btn-remove-item-${idx}`},,{() => remove(idx)},,fields.length > 1
client/src/pages/irn/IrnRaisePage.tsx,client/src/pages/irn/IrnRaisePage.tsx:613,SelectItem,Normal,,normal,,,
client/src/pages/irn/IrnRaisePage.tsx,client/src/pages/irn/IrnRaisePage.tsx:614,SelectItem,🟠 High,,high,,,
client/src/pages/irn/IrnRaisePage.tsx,client/src/pages/irn/IrnRaisePage.tsx:615,SelectItem,🔴 Urgent,,urgent,,,
client/src/pages/irn/IrnRaisePage.tsx,client/src/pages/irn/IrnRaisePage.tsx:650,Button,Cancel,btn-cancel-irn,,{() => navigate(backHref)},,
client/src/pages/irn/IrnRaisePage.tsx,client/src/pages/irn/IrnRaisePage.tsx:659,Button,"{mutation.isPending ? ""Submitting…"" : ""Submit to Stores""}",btn-submit-irn,,,{mutation.isPending},
